date,PAYEMS,CE16OV,JTSJOL,UNRATE,ADPMNUSNERSA,PRS85006112,GACDISA066MSFRBNY,DTCDISA066MSFRBNY,GACDFSA066MSFRBPHI,DTCDFSA066MSFRBPHI,INDPRO,DGORDER,WHLSLRIMSA,TOTBUSIMNSA,AMDMVS,AMTMUO,RRSFS,PCE,HSN1F,HOUST,TTLCONS,PERMIT,BOPTEXP,BOPTIMP,IR,IQ,CPIAUCSL,CPILFESL,PCEPI,PCEPILFE,DSPIC96,WTISPLC,UMCSENT,TOTALSA,IHLIDXUS,ICSA,DFF,DGS10,gt_1003,gt_1010,gt_1011,gt_107,gt_1076,gt_1080,gt_1085,gt_1109,gt_1138,gt_1140,gt_1147,gt_1150,gt_1160,gt_1162,gt_1166,gt_1171,gt_1178,gt_1190,gt_1191,gt_1212,gt_1217,gt_1225,gt_1228,gt_123,gt_124,gt_1267,gt_1268,gt_1269,gt_1273,gt_1306,gt_1339,gt_1347,gt_1348,gt_1364,gt_137,gt_145,gt_146,gt_158,gt_179,gt_185,gt_203,gt_205,gt_206,gt_229,gt_236,gt_248,gt_249,gt_255,gt_263,gt_270,gt_301,gt_312,gt_340,gt_405,gt_406,gt_432,gt_458,gt_466,gt_468,gt_472,gt_530,gt_531,gt_551,gt_563,gt_566,gt_608,gt_614,gt_620,gt_650,gt_652,gt_659,gt_664,gt_665,gt_666,gt_667,gt_670,gt_671,gt_672,gt_673,gt_688,gt_696,gt_706,gt_708,gt_717,gt_718,gt_739,gt_744,gt_77,gt_806,gt_810,gt_811,gt_813,gt_814,gt_815,gt_882,gt_899,gt_906,gt_916,gt_918,gt_924,gt_954,gt_957,gt_983,gt_984,gt_988,gt_989,gt_991,gt_992,gt_993,gt_994,gt_995,gt_999
2004-01-01,130756,138472,3424,5.7,107167520.26929535,0.4,32.5,-1,36.1,-0.3,92.3268,226458.3254128173,391066.9251923101,1452765.9193260092,228626.64588323256,646549.8232140819,162100,10147.258234168472,1165,1911,1189376.3702492744,1952,114770.17830665702,171348.00846544755,99,101.5,186.3,194.6,78.909,79.671,11051.2,43.42977353660546,102.11594861368074,16.695,107.37811993842244,1801000,0.992,4.1659999999999995,-0.7510897584678543,-0.06985209822681554,0.4587231427281978,2.0657674996418067,-1.42103593338862,-1.6173191552092696,-0.2746033836931254,0.3400820174640051,-0.21011678938439812,-1.0509406815769091,0.4058284949494333,-1.788321420714591,0.43245627311635887,0.30074708865122746,0.17214786293517345,-1.7608028800409996,-1.2372675048875375,0.8894242378726148,-1.8634230734920747,-0.3196643864926968,0.44401635421613694,-0.792731783825292,-1.0910618686910531,0.31947227274893314,-0.6304504028659652,-0.2696190154349705,-0.5405552010286808,-0.7365326758580788,0.4512064804689293,-0.10377529778952639,-1.3694601775347632,-1.6383833356344077,0.06421651990621599,-1.087074177587967,0.14894095551498232,-0.3608491934031286,0.3689533335198168,-1.2169439201899699,-1.186119384702482,-1.102238030401876,-1.114333157531024,-1.7071718316693398,0.8046085416618738,0.621655481332941,0.8763840198277357,-1.177998610846761,-1.7847487977174907,-0.5601810466304444,-0.891621715469565,-0.6788940172362828,-0.40097027778644473,1.4491123578155602,-0.06590992051485267,-0.8675217146679224,-0.8919439622970283,0.9961125893268358,-1.0499567008053239,-0.39184139762506154,-1.7040095036532583,-0.12518404758865498,-0.2972991648175524,3.4895978532833567,-1.5862873105588544,-0.897251116372396,0.6234439821582757,1.1091121265328205,-0.5394707715679411,-1.2522215174856584,-0.42935234296911795,-0.6557153418375673,-0.6449557282694659,0.08724182189849686,0.08711037145184222,0.9395056848642612,0.23594675596449952,0.7974108999832217,0.7066200003450871,-0.757821131227367,0.8470414428927444,-1.0595617920419027,-0.4135031042718433,1.7936481763349488,0.06639521291812972,1.5765315422359156,0.19636799405912145,0.7644097388314697,0.4233195628413026,-1.965464507820947,0.630021358600686,0.50350698166379,-0.6470261728199755,-0.8435834600243357,-0.13867484631832985,-0.09669183581889668,-0.0998715829111472,0.18602023719430139,0.46192685958738233,-0.616927939281738,-1.1790444769406798,-2.154220881107043,0.9701926086039945,-0.42300991501676566,-0.39787708138165934,-1.9911725912865479,-0.16278363207678231,0.10098489408577158,1.823064167010979,-1.0271031278528686,-0.2971882179896788,0.28775579101803056,-0.08209843665505982,-0.9945383136444723
2004-02-01,130820,138542,3532,5.6,107254020.73528175,0.4,37,3.4,27.7,4.4,92.8995,229727.98664592736,395437.3585239703,1461935.842148215,231215.14473234946,650975.6313466622,162783,10167.811120806304,1159,1846,1185949.1381817723,1966,119037.14101445428,175377.16402999609,99.4,102.2,186.7,194.9,79.077,79.8,11071,43.93186387950985,93.67455368614452,17.032,107.54517185856191,1443000,1.0075,4.0825,-0.6730883948192463,0.06589790065682075,0.1784603627183484,0.879245355815714,-0.8035324085000832,-1.9922442562688627,-0.2840781716506094,0.20573043809197017,0.7488303622485222,-1.1326531178482202,0.5653684704990373,-0.8323040257280216,0.9088043652175584,0.8038352472809812,0.7081641881923681,-1.325339489469053,-1.0545587756628587,1.0583015466465489,-1.6071794625953733,-0.9896062056011868,-0.1590782528084779,-1.3785361013604633,-1.1196597248517703,0.4492411178854106,-0.38950402295371306,-0.9252602998600732,-0.5344305508515524,-0.008996132921335755,-0.04394262020951527,-0.37921209220086916,-0.9703116677575165,-1.3764886386424844,-0.6912352287015122,-0.9076335219636278,-0.5717634358357891,-1.0166922919184633,-0.30496381685820434,-1.1719261792465223,-0.3081725963697237,-0.19574692248998024,-0.9863501847131864,-1.4321731868201817,0.18624117382664668,-1.1427319852630848,0.8598439652604614,-0.09559486547230212,-1.1284792911528019,0.3034350910251356,-1.2173412156492252,-1.2808532811518227,-0.33066717525360145,0.5163549304635623,0.314436291146451,-1.1851242076756365,-0.721517970538369,0.2746778066341944,-0.8314827688218641,-0.041939395644036044,-1.2279649990963848,0.5029582080595728,-1.01619457267058,0.6532530801413841,-0.22194727281850776,0.2757426705067648,0.48696061441324406,0.832071333535011,-0.6180059643559962,-0.9957093061446973,-1.417219935220667,-0.03339654690710134,-0.851487417801837,1.1634909724182307,0.07522943676909491,1.1732790637839214,3.417365041499809e-5,0.5740433375200269,0.6893592533639581,-0.43279863329900004,0.2596373857579972,-0.6006286176848199,-0.9908771438580635,2.1279900318897025,0.06060641012706499,1.367705170566593,0.7581315011066336,0.3026530497287001,0.8693463848464889,0.5073093150727249,0.6198055091970329,-0.12240166955135771,-0.7279568964955416,-0.926536851421729,0.03241512888049589,0.009645997181815469,-0.8950250758331544,-0.4696412720777704,0.1526625887878383,-0.8957756211236672,0.23692425391388588,-3.1158628245144353,0.6590202432198877,-0.32879264535028235,-0.03968922795290389,-1.697438268283816,0.03398140095448502,-0.24789168244639143,2.380294327640045,-0.5347557526914258,-0.4184594541044812,-0.07792604496071717,0.7720060794307096,-0.7694009000435913
2004-03-01,131139,138453,3525,5.8,107325911.39539483,0.4,32.7,10.8,29.6,16.4,92.5368,240999.255041099,397333.29966287455,1474204.3702278996,238533.31481458098,659767.1687773835,165404,10225.886690488516,1276,1998,1213599.919190899,2066,122106.3397265117,181139.91338274474,100.2,103,187.1,195.5,79.199,79.934,11115.6,46.414727458680034,95.23397397599959,17.247,109.2719256096581,1368000,1.005,3.815,-0.7215347281910353,-0.8526245300081452,-0.55419426538122,-0.42792495194226376,-0.7891717076062382,-1.4207664102516784,0.38784370029590604,0.31748728617413535,0.15453558794802422,-0.4963842651915849,0.33351410892495487,-1.5441838175563314,0.32865758225041425,-0.08058364507220644,1.2091892863232725,-1.2244781043542181,-1.0057783830015747,0.7562503159735577,-0.23816660225657943,0.16946448178806017,0.7200879003177622,-0.7079778469599676,-0.4615753489273864,0.32287399877472445,-0.5962736296832485,-0.8973226009298719,-0.6613301406980882,0.10798940377117223,0.3067130671501104,-0.6513904401841102,-0.82525771984271,-1.3155335857429489,-0.5922714076865779,-0.6988093621098559,-0.15801547259186666,-0.2290683596611868,0.21293524670536867,-0.712681148093097,-0.6071926986482201,0.4415957357275767,-0.9759795594085252,-1.0587261530120684,-0.28328159827858307,-1.5809621761302226,0.6473792830767863,-0.51813852213244,-1.7067783850913418,0.11612279271924401,-0.4288946931338487,-1.243131946205599,-0.46849996526583143,-0.15487061841306066,0.5019300521165495,-0.9863507412192374,-1.9003427920234055,0.08776342215605351,-0.8649332612661937,0.9528637077470287,-0.8357737030010092,1.1351745614925879,0.17508190944511007,-0.32866840236094075,0.1788851171372161,0.34835263418401574,0.21008081506791454,0.726446167215014,-0.32107419461654263,-0.7596335714745439,-0.7446344840240852,0.10451529597222345,-0.6054659497146947,1.4851253350373907,-0.0334334054804558,0.7159682873166151,-0.10420831071059827,0.3487356485595684,-0.09352808584184567,-0.36900362151496535,0.3949042674287375,-0.5524695448734854,-0.9891752843770643,1.2456330025521702,-0.3570871279317511,1.1512761581326818,0.6599781427375357,0.2960433552533939,0.660127226161079,0.45630998766447983,1.3690249433830741,0.8854461711359424,-1.3276015575604119,-0.5442012371396829,0.4889836613897422,0.652125016276166,-1.2197439758312274,-0.9472428445239016,-3.5596019041603255e-4,-0.9284468116673403,-1.000402197854522,-2.6847084799820027,0.9047795808102773,-0.2629276249040463,-0.0755953952911925,-1.880118920715844,-0.11397373153986033,0.21378314661084757,0.8914223897867918,-0.6983381064685615,-0.3853697557141895,0.06409047148811543,0.917216754012355,0.28512986879435165
2004-04-01,131412,138680,3511,5.6,107373417.703116,3.5,39,9.3,32.3,-0.2,92.8957,232359.53923323168,396632.47044589516,1482671.0892926264,233996.67280014115,664387.6187835556,164012,10217.52829380183,1186,2003,1219471.6809921104,2070,121490.6863610012,181081.59201472034,100.4,103.7,187.4,195.9,79.346,80.142,11153.3,46.24051622009931,93.73189064266626,16.898,109.33252588214017,1393000,1.006,4.288,-0.5541762930632519,0.09941733653638946,-0.05859186353678755,0.6706913933497856,-0.3069655389405656,-1.2160872071945183,0.515045965583614,0.37776505840230057,1.275232714008284,0.016319398555302657,0.5862558926064497,-1.3546788693633083,1.123404868451607,0.1802381566592573,0.8696495616851757,-1.4625305628605456,-0.7455732468559271,0.16799093542273807,0.19413742630856617,0.7776358644912065,1.39523927960007,-0.9760793265570268,-0.8402778002063618,1.2534406418523483,-0.2497752370748193,-0.9447430332644443,-0.6891796589233429,-0.10048757742271952,0.6281817635465297,-0.18291145532052716,-1.0955528296605823,-0.6150666957194415,-0.4806195073654591,-1.0424853203331068,-0.3464446523237465,-1.248869066485413,0.6587155798514779,-0.1966708825484717,-1.1084167828088747,-0.13485366993956677,-0.6967733265944883,-0.21564431038261953,0.19665398752189456,-1.0535292989490554,0.1391939306612376,0.39174545438183206,-0.47595151284091314,0.8213659699446566,0.0188302321166015,-0.8756625293144903,-0.015929038459284103,-0.09896124218964117,0.6936418228080079,-0.8878713151123895,-0.6568997024348264,-0.12409786609925025,-0.3192998294972267,1.0939111612699377,-0.5800968760939188,0.015204323290867905,-0.11864752283333352,-0.7426267347440594,0.24632535402437455,0.8276129796519189,0.3828054843799567,0.9210958811001885,0.02098133017774602,0.4838925868688997,0.1704774253561794,-0.09250056424255843,-1.0210714310227142,0.9825241069790426,0.5839943441946294,1.787582875580953,0.07610771057125795,0.38019889091375714,-0.9892424532929269,0.7566281498937312,1.298320748060967,0.1684142401670057,-0.9369596093582014,1.5026503962941047,-0.001203694898159649,0.9219517706009783,1.7643651946932888,0.7773145580904969,0.8232114348324037,1.5887211187790313,1.5799149048521985,0.6020293803110099,-1.2556554284604315,-1.0939265334357382,0.7033441981917701,0.4971670710333176,-1.016770500962215,-0.993889906457941,-0.5303556050491538,-1.1985522134971827,-0.9050594037694164,-3.094331583802023,1.7429601407597874,-0.21804678173276465,1.116671097088969,-1.4304155729470258,-0.060435454002530295,-1.0261913312445494,1.2060369114898049,-0.404271680534096,-0.19796830548240046,0.06675254670281396,0.8121026227809127,-0.0353330313581732
2004-05-01,131697,138852,3710,5.6,107348671.31359704,3.5,37,12.5,28.9,8.9,93.5845,230464.54952012462,399827.89809557307,1489884.9214545884,233242.0481382845,667112.2054168133,165296,10271.468770413547,1241,1981,1224035.2243605847,2150,123356.86648912115,183093.81438118688,101.9,104.1,188.2,196.2,79.604,80.252,11208.9,50.600472338073466,89.87754281657931,18.186,109.45131750586525,1681000,1.0025,4.7125,-0.5640822812913151,-0.26640596185899756,0.23895401500062408,-0.5427381936124729,-0.969384275227368,-1.897465150761122,-0.6196328795212178,0.5645603813483951,0.9500651021151074,0.13672507720229463,-0.409875327125067,-2.1277495140483356,0.5079298460622664,-0.4420063720681658,6.525572708721672e-4,-2.099577841538242,-1.2263004393513488,-0.013597751885096387,-0.22129923174827143,2.068526234236272,-0.7934171758615264,-2.0236941743074666,-1.341630130966627,0.7394388277200762,-0.7038998238009173,-0.3177580874513723,-0.035937584461009475,0.28741924918441447,-0.5281970867451125,-0.723225190935308,-1.1922861624394978,-0.8373277262785545,-0.5772910447693128,-1.072826655814014,-0.799570760251509,-2.326067479152756,0.6492177246447072,-0.7165504988962215,-1.2726380608106291,-0.8756020982778209,-0.5301333281453822,0.5445299465310433,0.7394563524034277,-1.3725278524465903,0.22741745802172997,-0.565352268670242,-0.3089303469399601,-0.5271734275749024,-0.5339382133214983,-1.0795954216607195,-0.14061090973072085,-0.6359674028541344,-0.9080737115218838,-2.0728144221616875,-0.6480113266691434,-0.33118649735639355,-1.108403368646851,-0.053775035722231704,-0.6898460476995061,-1.041378584208926,-1.436388128622781,-0.6603250741032414,-0.6448439707300678,-0.12779975494692153,0.18268447917498037,0.5185740798095231,0.3966420229305315,-0.22866130352073985,0.06917721936638843,-0.774031327100264,-1.494528806811281,0.36564661264672726,-0.2143494801816902,0.7319049087662091,-0.01312858799776393,0.21461557078477342,-0.5185009129235923,-0.4220912347912601,-0.7319317630013054,0.3105891999920341,-1.1279084751649695,0.8866798835189001,-0.08144621092469242,-0.022544152222411604,0.5124359523446649,0.6384087160092092,0.5933729845202401,-0.30055524360095953,1.6408477638998364,1.0845782796861139,-1.0631889510851202,-1.4905529082889744,0.1839239295526814,0.39006176867698567,-1.2433824678294918,-1.200630892670321,-1.0475085258464012,-1.9110503494328497,-0.6143613420267586,-2.2691559606590523,0.5707742755584903,-0.7782288158183918,-0.3403956709768182,-1.6120544740169895,-0.21891551722057281,-0.9680655903147173,0.48469871193520025,-1.2180790984338432,-0.2802177369075743,-0.32641303714932507,0.23574976591758903,-1.2023172605194254
2004-06-01,131794,139174,3337,5.6,107331553.73713793,3.5,27,6,30.6,7.3,92.8651,232541.24337663312,402080.64536333,1503982.2708280124,234373.8647893675,670769.500569954,163646,10218.58676454009,1180,1828,1231460.2096929764,2020,119969.68596159386,187823.0261427265,101.7,103.4,188.9,196.6,79.831,80.379,11215.8,47.62560909922211,94.8818000629561,16.173,109.03390459966623,1396000,1.005,4.745,-0.24489454698984023,0.2969254636670192,0.6234060693034538,-0.6577823717794846,-0.3538303380473161,-1.9031412475055938,0.8885316726288782,0.7151738214111634,0.9052042480702374,0.6505315514344816,-0.38415069293491805,-0.36454056155429204,0.8979514712474123,-0.08980752817055732,0.35657641049261957,-1.8408163704909541,-0.8658978109546425,-0.16993848668406536,0.21241708507982474,3.032240845404005,0.24425916718508223,-1.4164308251986328,-0.23752511733086118,0.44003654862939806,-0.006803063853313615,-0.32668348684842446,-0.4599205570645504,-0.34452514717292587,-0.56012296928167,-0.19737496336036683,0.2608954330115496,0.10552340819495976,-0.2611187228007692,-0.2972826532235819,-0.21918511581850286,-1.7535315570439256,-0.6192762143882062,-0.7794925808351912,-0.6052739418793398,-0.8882348032472405,0.1401530142667627,-0.04500443392814511,0.4339503510753821,-0.6170076354424523,-0.6340183983774094,-0.14363516377611815,-0.0879295147785314,-0.10862202490577719,0.023232254874612522,0.07700955711519457,-0.25925698957769244,0.0880971085340728,-1.3173718424607375,-1.9253563140146157,-0.7779783559720093,-0.5918978780789466,-0.5160219049794184,-0.008461072028096484,-0.18841674074476578,-1.2159176252330504,-1.8384209419043112,-0.918332071664684,-0.7202065577623871,-0.18638600359820545,0.4904779588395182,0.838312455345979,0.5178247888072676,0.2555440226172164,-0.9430938903386195,0.028918710448936475,-1.1881267987956947,-0.22039071860480364,0.30875294499988337,0.21662716227940068,0.5718864035675798,-0.8757074071084806,0.24749570798916407,0.72195749812454,-0.43323425906985924,0.3934774503108341,-0.8633892283753939,0.9089525245642736,0.4965011259178246,0.23234579373525263,0.9833811940354713,0.5693851909036217,0.22833896911128776,0.5145898284089925,0.4847184237127721,-0.40246427905093074,-0.37615344932986805,-1.7465401785527965,0.2541666952426155,-0.7565799220778479,-0.7020214112345653,-0.9964611425707259,-1.1862875477631416,-1.0686688065540504,-0.7946700349049479,-1.495477892353947,-0.5165049228520546,-0.6073039963815173,-0.3583163833630585,-1.760799010785353,-0.14751608776746036,-1.0574244809650908,0.12177772361059222,-0.9442414435708738,-0.2095840822285049,-0.3561008977928439,-1.1083431404030228,-0.5188596664432271
2004-07-01,131853,139556,3814,5.5,107404330.33537011,5.7,35,6,34.7,15,93.5502,233821.4129278518,408926.8506351292,1512920.4743278963,231891.6213002941,679946.186095989,164823,10308.366184844503,1088,2002,1259225.3300794694,2112,121277.76734872661,185861.96107878105,102.1,103.9,189.1,196.8,79.905,80.474,11240.5,50.922971028095866,96.5402471027341,17.309,108.00920677452329,1715000,1.244,4.522,0.0012529651696449428,0.9487509754565335,-0.21066130144141193,-1.147507500023559,0.7225937498459694,-0.836532132397316,-0.710070329066593,0.4710501086810804,0.9285344670705895,0.7715550731546057,0.6227469479707528,-0.46157191716292956,0.4461721566150348,0.32955514585796564,-0.32835244218374876,-1.1776558080420028,-0.7706738115056773,-0.503293292447754,2.3434335230799888,3.347590743135839,-0.02701324592855272,-1.0487048854773962,-0.323888040276554,0.296020825888338,0.007948325442254921,-0.1214243155851075,-0.7225382428143943,-0.756741540768574,-0.712836971923496,-0.5648358077402604,0.5244660504899601,0.41959161693555397,0.41520531835218616,-0.4494054872378648,-0.09028654529970684,-0.9253913225950692,-0.7826691882731309,-0.8489223915455333,0.09928597533853029,-1.0295055271672031,0.0363209467378883,0.702440607071696,0.8767898228359773,-0.14016966805794123,-0.310875156098366,-0.16969227471272863,-0.1826610690415242,-0.5613509899439655,1.2559468031672445,0.566213428332077,0.08275804868297232,0.5006799579878018,-0.7091961448185709,-1.8581148970301622,-0.7774798786880653,-0.8019536779893944,2.1283643649737223,-0.3085541717569136,0.16795579829682955,-0.6694904044983865,-1.277531831327236,-1.3750779227839145,-0.41374698539700094,-0.27447329318258235,0.3950304602270325,0.7107722724384229,0.4285067495791038,0.18699550592817743,-0.9436186229970438,-0.5762469847215282,-1.8078666704283852,-0.07105033701787587,0.6007054084378486,-0.25863962118124223,0.307381682333968,-0.7037345523865752,0.20660361314332665,1.1348369246748584,-0.2566767400743528,0.36995367079111624,-0.6558987903366775,0.4931501248174071,0.4714685215573904,0.6756198618191266,0.504344085685129,0.6112762483787768,0.555471363882169,1.4196881947390518,-0.8659490200283435,-2.0202285680021865,-0.8138621807788577,-1.781322700758821,0.20178875942524155,-0.505639978263594,-0.5565738717762012,-0.6635752768720997,-1.1931919511308426,-0.918681740942068,-0.25134256850701425,0.3605291112867317,-0.8106899385807401,-0.42737397391438897,0.269046896040856,-1.6379883396318786,-0.5467591496174586,-1.3795617372876574,0.14703433233836433,-1.0265740502189342,-0.0650977052425831,-0.2993684578244361,-1.0656130192924407,-0.9776409230288327
2004-08-01,131940,139573,3541,5.4,107446100.18468322,5.7,15.2,3.2,25,-7.1,93.6301,229815.1252095164,412906.2116928927,1521890.4060260735,237213.86936181926,679886.4233357516,164478,10346.483876616718,1175,2024,1267875.8161759188,2056,121700.8981062217,188806.19418107223,103.6,103.4,189.2,196.9,79.946,80.505,11274.6,56.21294373702249,96.67180738642205,17.157,108.43576556070657,1363000,1.4125,4.2925,0.22790380486130507,0.6118629168732382,-0.33028091737913956,-1.397541706048041,0.9819866846410613,-0.5483817661905298,-0.4661458518025138,0.4355540277940714,1.7127166962059257,1.0202206636248683,0.06518436884100964,-0.19236707727575067,0.2921613024843501,-0.1927682223603399,-0.05538357668491257,-1.1216198378095759,-0.5223744797367657,0.0654590553509631,1.1177511832326563,2.7860011437853482,-0.5901601996195127,-0.43918640671508413,-0.5303450668683511,0.2620642852264709,-0.1346480182529125,0.05042999448842991,-1.2322589006537568,-0.3897559988097994,-0.3440017606601785,-1.1802418079912416,-0.32013494905896484,0.24987471769396435,0.41396421356163215,0.0805952009372628,-0.521237202619574,-0.8983588685931604,-0.475498827420015,-0.2779806800804594,-0.08378776397924528,-0.7843638350819927,0.17357641927322026,0.7491109559337795,0.8448961957893122,0.7525211238427549,-0.4176559782236844,0.09814350254640852,0.6904857749045861,-0.15441420522120156,0.6457223609332475,0.6553417262456356,-0.16250220735748266,0.5992493677904808,-0.536346181354431,-1.4050727974555153,-0.4459278464246197,-0.40300661512386377,0.22298099534095728,-0.3367191146254549,-0.20822056379988899,-1.1971576953857948,-1.1714895127010991,0.47314640195830265,-0.2969428665579313,-0.30704101902322783,0.051490165785255844,0.36762655844477654,0.1157602994975595,0.5924091081905454,-0.7733014835296141,-0.723151062660524,-1.8028467186920603,0.06184150584269259,1.2694783854431122,-0.347944533419179,0.591425763070709,-0.6092418788980791,0.15535832538746364,2.204221045546852,-0.04073308338850708,0.24205858912752687,-1.379143428059665,0.7169930293469889,0.2503529877046329,1.3115594593153967,0.5423252129499025,1.1690223634498476,0.4461936382217644,3.1967061814186577,-0.6019074185565407,-2.391485925505325,-0.5332725625405259,-1.6288220120328283,0.6587800414620211,-0.4818484703618199,-0.41093528561449577,-0.9299005068314941,-1.2022057328737188,-1.2603504748163736,-0.10814683977461365,2.386591724692135,-0.38670796557304615,-0.07287225639044585,0.14185066810353814,-1.171419296175584,-0.735751153534022,-1.3706059416133867,0.6155938967025425,-0.028930035159166975,0.2492745139622684,0.15011605918932763,-0.32455597263417185,-0.6581571546272349
2004-09-01,132091,139487,3821,5.4,107510388.37008105,5.7,28.4,4.9,19.6,4,93.7353,235249.17607110756,412021.8715669629,1517254.1492410416,237360.18176370717,684131.8785578747,167253,10413.337661040647,1214,1905,1263457.5052431838,2041,123317.18765604714,187840.80695096374,104.1,103.8,189.8,197.5,80.104,80.656,11279.6,57.36292819334865,94.69467972684757,17.875,108.73263262942281,1349000,1.555,4.145,0.30011721276725406,-0.21582426874929908,0.15237837101403923,-1.6711790237491986,0.8630285921668152,-1.382774334850322,-0.24980683475711432,0.3862965688183727,-0.7829600568015811,-0.1683513268900634,-0.4342700364688337,-0.7362771961734382,0.048860588736444145,0.02677914954219897,-0.0800005456205313,-1.5242878992328384,-0.7895234321124529,-0.23268219137603618,0.4266466174350507,0.5757122821133827,-0.8947826071897544,-1.2818534314085637,-0.7497231179891075,0.07581639232883361,-0.45099166066391766,-0.5784343085515731,-1.375232421673037,-0.577843071783512,-0.6465151969041733,-1.583144386610622,-1.3407232893490457,-0.4628381296828636,0.22648636808975905,0.17899635179644735,-0.9424672794974894,-1.662412978619098,-0.5025189655215433,-0.9072293212799214,-0.39362589983143464,-1.0941801578862922,-0.1964329077431067,-0.19445711037246605,0.07642356798442479,-0.09810265273524063,-0.6396762209751748,-0.23503429377077759,-0.45718338625156874,-0.6563976010439073,-0.7638139034180805,-0.33919699809301257,-0.16241445246225425,0.47905723180362664,-1.3462965679331913,-1.5787503024629832,-0.30753128256676093,-0.34105973327805533,-0.34861850477056094,-0.7074175831813965,-0.2925476176758288,-1.4920608164667573,-0.959101332330671,-0.18699765000626106,-0.35092891109020474,-0.6321335802737598,-0.23053559725411146,0.5944953528965464,-0.41186135848170236,0.4047323952116769,-0.3587791914012394,-0.6667718469084919,-1.3485699999589051,-0.49565390772264584,-0.02066780111665884,-0.18921654895769152,0.7346908656053592,-0.42487137477795217,-0.12334611537304278,1.254940905514049,-8.798612135482581e-4,-0.10241029862516188,-1.108877369489313,0.8030165173563029,-0.35634298124080976,0.8463438402305898,-0.8689739780415842,0.5836619881500467,0.33610260660758573,0.2641931926963562,-0.5095337976656784,-2.1894697625882324,-0.8604247175659119,-1.4654289797885574,-0.6309424722252659,-0.5026020673873303,-1.335198343650663,-0.9310669227082703,-1.0319067531929618,-1.7307201518772253,-0.7614535766180001,3.6203477705209455,0.10492518844293487,-0.30763174095402,-0.6338691923126942,-1.2317055862817146,-0.5551586430188,-0.5629217102859361,0.3979962355382004,-0.03452752304580198,-0.3958856697055854,-0.07665687507320139,-0.2969822507971352,-0.7053866800284075
2004-10-01,132431,139732,3943,5.5,107566069.81596759,-0.2,24.5,4.2,26.9,2,94.5695,230194.65990453464,416633.1046141608,1518651.8007746753,238009.645982498,681095.8631662689,166916,10437.92263325378,1305,2072,1262578.3114558472,2097,124917.95942720765,193357.19968178202,105.8,104.4,190.8,197.9,80.448,80.831,11282.5,66.04266109785203,93.18949933831843,17.514,109.62913378296335,1670000,1.762,4.092,-0.1141007614816475,-1.1486814029092123,0.12216877082394063,-1.7243095514204967,0.22076837359269708,-2.1043943027334504,-0.6561854677638583,0.4487619975262025,-0.31710226526995683,-1.2191769709193003,-0.30402030664881946,-1.1377942527447433,0.20877693848930864,-0.02004641901671263,-0.2908999351782755,-1.8102400026511518,-1.029488881848986,-0.5043750672424736,-0.796673656481494,-0.04161551260873071,-0.9494122775697721,-1.4529338799286031,-1.123261281265486,0.6225086607284782,-0.6871802204830644,-0.6164669178898342,-0.5853198378649694,-0.80882727737013,-0.7174310912646672,-1.2932432587082703,-1.7655199362541905,-1.1066655276319881,0.4160547270472151,-0.3071527917168631,-0.6853761757983678,-2.0460355618299166,-0.7684116719054318,-0.6408247161872578,-0.7788132676581783,-0.26939407159792994,-0.954607261471193,-0.7461142092136812,-1.5844285265239366,-0.03814279556304317,-0.6826554504209962,-0.42354852732462245,-1.0262755319607888,-0.6715820902560343,-1.0832217647740883,-0.26317155004933895,-0.25509929666988246,-0.012260550298660184,-1.3443776346026493,-1.6817031819901862,-0.034304353617474456,-0.2727650880339987,-0.2120011999801728,-1.100021444540094,-0.5305246829345892,-0.9062323869429403,-0.7371513529595815,-1.4716721083529771,-0.06828312641273106,-0.756365472728676,-0.17803801808663874,0.6655813225023336,0.019165908282165932,1.6085121225222982,-1.0568495971809668,-1.053454320435414,-0.6866317331822085,-1.417670397632628,-0.7102856120898144,-0.1930673384844301,-0.12973814707332437,-0.04612312830980139,-0.060217565772640175,-0.11475475511941495,-0.1339604658081418,-0.6680406740599638,-0.7856370883371647,0.6109367473360126,-0.570777077138446,0.5034067575077401,-0.15640113382874726,0.49398595985934757,0.32154329306466056,0.20101536171184559,-0.5084291917755016,-0.2731205778778187,-1.4786364721960397,-1.1464535411765349,-1.222177620756935,-0.3394786126524576,-1.08877771580587,-0.6195924348480003,-0.973931892210291,-1.2789297310753307,-0.9565629781779662,0.8132762231803929,0.8006892195237283,-0.35046927482196544,-0.3292288399101983,-0.7484913536713046,-0.06088936361564712,-0.7118339869870911,0.01850480236973344,-0.5895739782187693,-0.5018719055572046,-0.45939141907510045,-0.22456291129048223,-1.4263129152607477
2004-11-01,132504,140231,3472,5.4,107570240.79690735,-0.2,15.3,-5,19.1,-4.5,94.8015,238422.19965823818,420181.2823497363,1533440.1686078086,237788.2067411278,686928.8491542634,167199,10456.549196364447,1179,1782,1266740.1372000298,2079,123938.18569058174,196956.3386909037,105.5,104.7,191.7,198.3,80.758,81.005,11246.1,60.006438990564405,94.23605730933292,17.362,108.58373869432735,1315000,1.91,4.1775,0.12144508777438771,-1.0124088634151702,0.629679782585372,-0.7026362931873683,-0.15339111076393785,-1.7217868628275508,-0.5926289576888315,0.34080944809023245,-0.40296919499926676,-1.9820539671191462,-0.07139421543073156,-1.2344693054476892,-0.11316173121074971,-0.2123867182917236,-0.43238714209371953,-1.58103264715042,-1.331358976506932,-0.5607174040950068,-0.9604531347015137,0.1597229476422295,-0.8018370297788397,-1.789072135585846,-1.2032875686084825,0.7137010342032021,0.08024617575612909,-0.7425188590451939,-0.6307651348058206,-0.8400649719403482,-0.9205329937550819,-0.2879647319416454,-1.703487241277582,-1.7217714856062931,-0.07446098084445417,0.39519614463864705,-0.49052874376810185,-1.2575981019700961,-0.3796016700665799,-0.15317588592379916,-0.9771328594784456,0.21076969349278749,-0.9300623556649532,-1.2812931982577784,-1.3345406935072406,-0.6056783728053811,-0.09202893733017475,-0.495937930633931,-1.786413875224955,-0.27636489577323453,-1.2063322471816016,-0.57203597491467,-0.3878659436597285,0.5223108458297074,-1.49114821150311,-0.8726962471105266,-0.5058098352423592,-0.8239017233932493,-0.22568443019682138,-1.1868102891119172,-0.8174738528271199,-0.25241324589658426,-0.6619680035713347,-2.5666330867632623,-1.3550163062564577,-0.9660402687656412,0.16006575326929212,0.5354735430141775,-0.96979936102047,0.9894440904367308,-1.456236724764286,-0.7546356491567647,-0.679315924733511,-1.9266153523674696,-0.5807295765557362,0.22016474056438623,-0.20234852927389563,-0.19256095257351047,0.25364098303582644,-0.579543406329054,0.032592859627394624,-0.8330058002187284,0.30430877891570274,0.5168501826697021,-0.40401017897432906,-0.2247584481206648,0.12412089447110312,0.8694765835448857,0.3755030776934938,-1.8217828255029243,0.06657971098079048,-0.25232469523092854,-1.0965264301317337,-1.119297530574438,0.1793978867492224,-0.10777862549461303,-1.077976430057392,-1.158205207585667,-0.39978734679554984,-0.9306444745646805,-0.858491391743246,-0.004887277498468484,0.7196935702153735,-0.33822200454784623,-0.7783396535727121,-0.30206342588598944,-0.0971406150337794,-0.2548975096667387,-0.012410488827337585,0.42909577042865044,-0.10802555124563336,-0.37422592811908023,-0.011377245673071204,-0.5677540714225973
2004-12-01,132629,140125,4074,5.4,107591928.8996221,-0.2,21.6,2.9,25.5,1.3,95.5415,239573.76765139043,420945.2853306271,1538370.8727172855,242979.6660932414,691151.0996151038,169365,10525.117263400205,1242,2042,1283994.009975124,2082,127202.6336307719,195169.61423744756,104,104.8,191.7,198.6,80.801,81.109,11659,53.625573940916574,97.55199933831842,18.102,108.7485418948893,1301000,2.14,4.24,0.5552907709338483,-0.15261246236331327,0.6270866035033815,0.26362547039909545,0.07077653783590941,-1.6541428224224421,-0.400504870011426,0.9631867935578167,-0.1956553508840534,-1.727720654930136,0.012120374506262726,-0.8942044684654542,-0.27551643495419154,-0.32362662827505334,-0.40734918326897895,-2.522365166127856,-0.9362155998316055,-0.641456236093883,-0.8096348908444942,1.0434844383268087,-1.3571620390653707,-0.8925116988037962,-1.2022275863221779,0.85575420484464515,1.0501240106987073,-0.03907434939251478,-0.4870332026696675,-1.1574214110481107,-0.5311586371350546,-0.6167709222244098,-1.9071278512211802,-1.6862620299720212,-0.358198469721977,1.6281009799271116,-1.0337055411854223,-0.12193364365145778,-0.475021191223584,-0.2700743892719576,-0.8584584583798703,0.5372462085160721,-0.4479795976360995,-1.3398632175128347,-1.4137999575015998,0.5529537339713705,-0.6641558702735842,0.019257830328333725,-1.8436212689642004,-0.5962880105248798,-0.7813697511505624,-0.651062395665802,0.151390345020129,1.1676038503597321,-2.3214676863599824,1.3668157388353008,-1.6092569155504493,-0.09039970334567621,-0.2780332529838896,-0.9585918286736701,-0.27999180623825176,-0.13476707027410514,0.4194844393587238,-0.9700246257170374,-0.5797808146913772,-0.7614804816488702,0.1076694745926153,0.5921426366335341,-0.21807885572540175,0.31529183012219897,-1.3911733745491457,-0.5861047029275074,-0.7358987269042643,-1.2571268632563777,-0.06047395827216447,0.33426795901482675,-0.38197902060949906,1.7226174539892267,0.27692535581200306,-0.6252215926486153,0.26986028387863215,-0.7634375037496667,1.7977186675798529,0.2770487513271664,-0.2970668572741389,0.49240450780833667,0.044623842693211825,1.1408161656183375,-0.20992381245663572,-1.776343253301632,0.5936079513585409,-1.0438840812096886,-0.373293967765995,-1.3457588995772432,1.4479388101934434,-0.2824539089217729,-1.1218130545315854,-1.0133654203227098,1.4615285690359379,0.34186289731799385,-0.9118094970561047,1.4055987083863475,0.16144641897109419,-0.31423890422521594,-1.2089143526639385,-0.4785926439938838,-0.28418808926799327,-0.3664587671433,-0.9221272091772194,0.6794968467816471,-0.1256829993977559,-0.2059659880169695,0.15631760009435833,-0.4433164766620348
2005-01-01,132781,140245,3804,5.3,107607776.22077817,-1.8,15.6,-1.7,13.5,-2.1,95.8785,240862.9661215964,426719.5669101561,1543972.7826775936,246442.2114279358,691969.7924777832,167678,10503.046707948633,1203,2144,1292943.7502317475,2139,127561.27405539693,197010.1474532488,104.6,105.6,191.6,199,80.907,81.401,11226.5,57.893630959002316,93.81594861368075,16.889,108.68729765549132,1717000,2.2575,4.2275,0.5131038624664812,0.8081618312259395,0.5553901455167763,-0.45456431842050227,0.30388023129412384,-0.6201628742292148,-0.7343927604234458,1.4222114840549138,-0.35478424413763127,-0.38484734537631576,0.06426724155347216,-1.6011472701330691,-0.03230457518150882,-0.22715794010252766,-0.2297811660755327,-1.6841855364666232,-0.10320680788154939,-0.37783531854999597,-0.8608474163470067,-0.5763841197698127,-1.006688500685982,-0.09334993598519285,-0.5697344654233156,0.4154866098114108,0.5592718862210236,-0.06847598368646367,-0.3270502411147508,-0.9006813430735099,-0.7257792438964694,-0.5224833838472753,-1.618516375615143,-0.17281789293450714,-0.060274932500734145,1.1248360406561828,-0.5575372557726431,-0.23323738620460524,-0.3058362308330626,-0.22476968348006351,0.6543730373618624,0.5558232470171576,0.5616777816575133,-0.10724431545030842,0.3550660116348017,-0.2773384367785736,-0.8203284982875207,-0.08308378396042135,-1.3880210132506388,-0.3184346626061936,-0.9911256352291946,-0.006469616817254875,0.03764011195064074,0.6030175556058234,-1.8531397987485783,0.5245771055558519,-0.7239397883282048,-0.8488286091020981,-0.27757410601172605,-0.8100670034682479,-0.36020004713905224,-0.5738697553242728,1.041228867399971,0.35804457310453625,-0.3301491645444,-0.07539848330217408,0.1503538730821048,0.33930013840480705,0.01023541480883794,0.7593919634789337,0.2518478865608565,-0.19301490433800578,-0.5017558663768491,-0.12958016473390838,-0.40962050870616323,1.0378203048700454,-0.29105696453612195,0.2582622873132059,0.6955578563700762,0.38187461124011224,0.10277471830989893,-0.8606703616214681,0.026863073666302605,-0.20579790497621472,-0.00101829673849263,0.01008285149464545,0.02064327866155731,0.6597661565337758,0.4187312829726438,1.3750661468167815,-0.5113745815351868,-0.6905346908930395,-0.7949163773785825,-0.46261514746088866,0.6554873777990139,-0.29901249683697717,-0.23091930158351803,-1.0734726299557067,-0.3125659370178746,-0.25058755912761477,-0.34346806490595133,1.8908322655091303,-0.42535363509063917,0.24958929367380303,-0.5756167659064686,-0.8175690465949149,0.10626868762479547,-0.5109189754782483,-0.8642262901584542,0.41424511491897226,-0.27893467617130446,-0.09311072594710236,-0.19707634726804085,0.6720502648938804
2005-02-01,133033,140385,3965,5.4,107725346.11031699,-1.8,17.2,-1.6,21.1,4,96.5709,242167.08573682394,427815.1654094561,1550183.6586002365,243370.06360005916,696129.7638416408,169079,10549.59818567273,1319,2207,1314953.4092589852,2114,128198.49134743381,199802.7905142237,105.5,105.7,192.4,199.4,81.132,81.536,11229,59.1258689542967,93.37455368614451,16.886,111.31123398926267,1247000,2.495,4.16,0.6251421124294578,0.6929164724841095,0.7413379711180539,-0.03460634851560559,0.7859620812268011,-0.10787099247297874,-0.7616895466445648,1.1602014003240058,0.002102236639475452,0.2623985851165266,-0.08851802917598463,-1.280460087051139,-0.18201428121932767,-0.0302278716132079,0.21341509031386804,-0.6640355021031991,0.22542963897469434,-0.13122231182983785,0.10790354902323901,-0.8971068837727216,0.09179485478715645,0.16904468225097513,0.28323819065073186,0.6147695818767975,0.07726949084078405,-0.35030440411038,-0.22694451197181353,-0.22953215237425223,0.001259384120045985,-0.6997213871100005,-0.15534762715626554,0.027285462016883547,-0.12773562502876507,0.41795780408336536,-0.45421365625082755,1.0759071218130571,0.43397706210648795,0.39001786510170544,0.8524702841743643,0.5425400793400112,0.12544922756157903,0.030194447603110415,0.49722983651201286,-0.33371673174394134,-0.9723174542683899,0.7983730118526289,-0.34236594993172037,0.42876838924609667,-0.3810180328492202,-0.6242776846875995,0.43416563291914845,0.39825002692907413,-0.7630011931727686,0.6336379994651838,1.460380435038394,-0.8489706085225363,-0.08706720453144168,-0.33450132600243754,0.10452459296316072,-0.8690106308133365,0.752411289968177,-0.06157195681338273,1.3880765517473885,0.12964751618331105,-0.2099794790993156,0.345295319974947,0.46096045772748984,1.257030452903178,0.2633018232263591,0.06734385570744561,-0.05571975236406705,0.2768527643226982,-0.7780153825063036,0.7830529312384438,-0.13999794280390035,0.1386151776168904,0.18061963194837377,0.3112073233262538,0.7112414757651144,-0.4839786610523531,-0.9617555341951823,0.2394782838778893,-0.24669395550619236,-0.21549974344652884,0.010539948569304458,0.45348182211132404,0.3246991891994364,-0.318411476787541,-0.9035183250736515,-0.550545307678852,-1.0749614517558885,1.4062548681745088,0.7659710761448851,0.4085980089168838,0.007630219240367886,-0.7817515539665182,-0.07322042452490138,0.20981311119014912,0.2902564127937646,1.4739795080722724,1.1707043807919233,0.10911437572805144,-0.4999407660847566,-0.5514067511398875,-0.15623442831663079,-0.6629400191861513,-0.705486625327148,0.855012405174893,-0.14650542087302149,-0.07465849848216477,-0.06366733764421273,1.1809790510242446
2005-03-01,133152,140654,4044,5.2,107848978.11741902,-1.8,24.3,4.5,15.1,2.9,96.4345,229318.58678955454,428580.03072196624,1558140.8530590404,239995.08448540705,690919.8156682028,168917,10566.390168970815,1328,1864,1317044.5468509984,2062,129151.45929339479,194446.6973886329,107.8,106.4,193.1,200.1,81.375,81.737,11268.8,66.74039938556068,92.03397397599959,17.413,112.49339823513442,1328000,2.5825,4.48,0.4891783464531434,0.4560718845598166,1.2225804336487025,-0.2641684489697371,-0.1165832450106353,0.49458601640698985,-0.8179654747444458,0.7214193014068038,-0.3278141915885552,-0.3356716915305275,-0.658593935081236,-1.1940138559353102,-0.6521382646557161,0.09617355477677429,-0.02548642364233561,-0.20884606589776594,-0.022192179253889478,0.18610425081708,-0.3457534097087913,-0.9966087447218616,-0.6161913809105349,0.45859026872819686,0.4942527910184734,-0.09418923265136188,-0.33036212220795086,0.17146960997546412,-0.0677704856198959,0.1810679959315571,-0.16361123574429612,-0.29017209119884135,-0.22583185332832134,-0.15685421505527786,-0.48579689452458424,0.2232683161311862,-0.46991720857156877,0.08372875549288622,0.6662403409131903,-0.19261804712574898,1.3120611163154428,0.37200012827107054,0.2720671634340002,0.499709020464413,-0.5233969995781134,-0.2575124280610313,-0.4827281320875894,-0.10596773791497974,-0.7013109121921437,0.17666614286671542,-0.3442963152814511,0.24789251040409538,0.13480039337379512,0.018619228000288562,-1.699790550140594,0.3878138575977802,5.924324156504364,-0.5679914780094016,-0.27914177549278624,-0.4874577818615601,-0.557183981361925,-0.9167566981721988,0.4349876510528592,-0.2929209161310015,1.2524886378333622,0.1998895557397612,-0.23279578566995088,0.5507646884865731,0.24742344901575533,0.6068673358690793,-0.032628801060711685,0.0479507536612757,0.3689339193486505,-0.7070242215012987,-0.7179585713251094,0.39005416802930837,-0.027299796438622802,-0.1905820407586182,-0.547631683144371,-0.09082767203837486,0.6081101577687659,-0.14181173126013044,-0.6417087476539659,0.16389156523813017,-0.2841111138534573,-0.8908370807727133,-0.05628617957907997,0.353814797611628,0.23986692832552065,-0.5669199655746201,-0.9966004622728413,0.9200239893524558,-1.1873533867526218,1.351521467897929,0.7870806516083627,-0.635555815671368,-0.7143914940498683,-0.3148909355813069,0.08480427989807121,-0.8514792117678268,0.23352464504417608,1.79221527981149,0.32520151104809647,-0.15085285086738953,-0.8367592771297947,-0.35016712566796576,-0.13432967697350615,-0.22784492063697473,-0.8802648185637159,0.05699197075951859,-0.053816355471981644,-0.19651243872747556,-0.8734888846265855,0.2870161717116518
2005-04-01,133519,141254,4159,5.2,107848368.87570404,3.1,8.3,-2.4,25.2,3.7,96.6347,238774.30976802326,431386.1010011887,1562115.6115708093,246695.58717204028,688076.4187591143,169914,10634.903128561451,1260,2061,1324720.9048686936,2150,131451.04959376494,201683.7616264108,108.8,106.9,193.7,200.2,81.603,81.831,11304.2,64.99761038197124,87.23189064266626,17.756,111.45729046705019,1616000,2.784,4.38,0.18072315801499514,-0.09125001981214839,-0.02519755297648747,-1.2563788919121703,0.2700621609006046,0.4997460446925558,-0.41318284141238576,0.5469325086296148,-0.4611125188767389,0.3382813765446529,-0.33580892122205,-1.6777804204982647,-0.6676415487276125,0.0611992554807653,-0.22580834878783912,-0.6530162414336856,0.21376224049076156,0.2534204277949856,-0.037498490730270284,-0.6914442238039415,-0.8834960150131321,-0.45327794697444823,0.2230958390755798,-0.11905014582061696,-0.10977914085091692,-0.30439784069981,-0.04097746139599943,-0.0038531261252552048,0.07737259046289167,-0.644597691436322,-0.5890240118276636,-0.11576965823945243,-0.8787674877918171,0.9990300067163874,-0.6553234081856535,0.48026600885028525,1.3737874100232563,-0.5953737405840355,0.4881332822953802,0.026842134462593693,-0.3334377842519163,-0.7818357080346958,-0.603452918600138,-0.8760303453492154,-0.4480344075778297,-0.0760681736759749,-0.7688607765980766,-1.0607574437932163,-0.3544562666982384,-0.46347007912321936,-0.12030780409294828,-0.5296844249833738,-1.6306143245255103,-0.0980886935292469,4.072512109331342,-0.9680681487555608,-0.38954588685382985,-0.24465041620351025,-0.49890292223464316,-0.5440883719087434,-0.22407767867078365,-0.5333459175997143,0.04974338622854147,0.09334436732688053,-0.505425972372739,-0.04817623763506372,0.15765201217321193,0.24504486274166565,-1.1001807828636456,-0.3046120410367569,0.21286162379109166,-0.6024223741385802,-0.5705324767681024,-0.3553251136277517,-0.6491284462202428,0.3566498852724608,-0.46357550480180415,-0.15265767510452255,-1.245424305321112,-0.18521805920106527,-1.3157551680755435,0.13571908564838675,-0.47577808213992323,-1.5385606607192717,0.042840733221020666,-0.2768514922979249,-0.03561102010883215,-2.0449304949372857,-0.6731996840944553,1.8612888308272324,-1.0600689063490247,0.8052633999120103,-0.43690863314111356,-0.49745332618853644,-0.7785239633133887,0.8605772268761788,-0.44671984718177576,-0.84964229608626,0.6087217222692228,0.6897291613486365,0.8276584669487627,-0.17337260384271247,-0.536809429189019,-0.009117257528901511,-0.053368069675662634,0.02453754024839687,-1.522070638354506,-0.30309639359003204,0.05158203129586058,-0.560517564302832,-0.8501574837518867,-0.32142872001262596
2005-05-01,133689,141609,3797,5.1,107852409.71251927,3.1,-4.9,-7.9,9.3,0,96.7251,253062.49923452828,432215.9487562615,1565201.034764309,244240.59082168798,703891.045818075,169025,10620.58322820855,1286,2025,1339074.575316293,2085,131146.73786574238,199780.76890102756,107.9,106.7,193.6,200.5,81.649,81.999,11352.7,61.029528836850425,86.57754281657931,17.414,110.32289700867365,1308000,2.9975,4.1525,0.9657986816274544,0.8262983323156619,0.22052660330167498,-1.4042668985591167,0.35496947776500115,0.7624600736817432,0.06502741839383802,0.4870929695701404,-0.5983585808169021,0.05743310215129026,-0.6430522931638922,-1.5897911095626456,-0.7554655694413923,-0.013999930123256085,0.7295020994313189,-0.4423215114718007,0.5655737753195976,0.6704217658585554,-0.6617044078804774,-1.6693993404613277,-0.4235360813055288,0.48868230758789744,0.40142678286534544,0.1633780294801841,-0.41503998669113745,-0.46815484978677935,-0.6546603852090442,0.04581146314314302,0.388576814348996,-0.15341919760675882,0.26725232929042053,0.39756630959411843,-0.6362161439212172,0.36519871053497066,-0.5586123916985183,0.252093354694182,1.841550885300483,-0.43912988114219187,0.7974583959934853,0.9420346533007115,0.5728090793361484,-0.1670873767796429,-0.8540874175552549,-0.4406714711296229,0.42056292133133866,0.7183058292335918,-0.3835255722700072,-0.006479737690577525,-0.3800029441180053,-0.17069234307274536,0.22409045908857095,0.53581708578381,-0.7422294743428381,0.695331307409029,0.6255908269411703,-0.8691916138894956,-0.684037364414524,0.4104079393857352,-0.009035125512917033,0.5149796690229215,1.3458745442047255,-0.6889079755293446,0.41261954158841785,0.6191670304968813,-0.5834337269503074,0.09785453930202917,-0.18374549596904366,0.37415939518918045,-0.7049033907976897,-0.18308302813354438,-0.3222736728472234,-0.5505456213205753,1.0202729180969408,-0.42351963827329014,-0.28324955697189896,-0.2208137711773502,-0.22298930108137516,-0.0020923482726850906,0.0913544679230226,-0.19182893041079124,-0.24665774617872283,-0.058664930107556315,-0.04940952563769074,-0.713203058891982,0.011179375935915892,0.223805007255819,-0.17267117241140217,-0.8185240878643988,-1.3251818805162412,-1.6132923089309859,-0.4061362401374752,1.4845206343588084,0.2320263301614262,0.12037086194106894,-0.428145783024908,1.2818345959217783,-5.246202765019081e-5,-0.6200832072443851,0.5311229935398769,0.7730028619942597,1.472823502383474,-0.14800654679393335,-0.772756460508474,1.183751392880534,-0.11002440548202565,0.015130018497313217,-1.1749826749210346,-0.011492183894904653,0.1681140264305656,-0.39957770841441936,-1.0276793936224913,0.9032846418439165
2005-06-01,133947,141714,4062,5,107940294.45076261,3.1,7.8,-2,-1.3,-10.5,97.1483,257062.42350061197,433631.5789473684,1567625.5650241256,244947.3684210526,723301.1015911872,174093,10714.0758873929,1274,2068,1353605.8751529986,2178,131007.34394124847,202184.82252141982,109.2,106.7,193.7,200.6,81.7,82.056,11375.5,68.86168910648715,95.28180006295611,18.482,111.11613467355218,1303000,3.0075000000000003,4.005,0.30302162746098354,-0.1411672271350507,0.21838259188139986,-0.7142359277482037,0.07370017875956576,1.0187964348676133,-0.2814536995425106,0.5113818649931577,-0.4183840766611938,0.6638603859113479,-0.7692327950753438,-0.82559492677135915,-0.39841151093908245,-0.045146790611551316,0.44156805775548125,-0.4534642392749426,0.6451927423738426,0.42801283282556823,-0.3831143690479006,-1.9374371085108475,-0.30843322012070956,0.24029713646812229,0.28865028115623215,-0.8136059222808045,-0.5128543806440591,-0.19228263747546298,-0.4588820335450908,0.6954594855174416,0.23260129297886017,-0.40264608324920975,0.9190559271569632,0.10437136793093603,-0.7961732160297648,-0.1407887360852073,-0.21295905606775245,0.028948270111159375,0.45302498663903357,-0.1038437582657593,0.3588777957773794,1.3550259756015361,0.5211244565841425,0.800452742577419,-0.34280334261823375,-0.4031986851822465,0.11142368765059334,-0.13996697057351026,-0.17524021816405475,0.3003962662968885,-0.2903849093443586,-0.3843544159817216,0.25018205330949683,-0.25015375275079155,-0.7382793147588905,0.8777357146692853,-0.36936901337910444,-1.4782399863004456,-0.6026250632260535,0.9234473392164819,0.8213615126162788,0.3827859577893156,1.99889046071827,-0.6859904189913725,0.04787823081991971,-0.3188685108555872,-0.5460239793620301,0.0804829995888818,-0.4209919929834946,0.7988425257883165,0.9528999190821846,-0.2202417404836055,-0.2862710312362012,-0.3039970012790418,0.9079377372001437,-1.2230488365917087,-0.39042355545023033,-0.5862870498727553,-0.09821343387447994,0.5695003652606192,-0.204075535584146,0.116349160131757,-0.0646432097068653,-0.2113748682403615,-0.3711883334550924,0.13890601258579782,-0.21239871592359533,0.0062201754729254086,0.27091998939942985,-0.21201517531520553,-1.259384706328986,-2.463413129506083,-0.1632394369622249,3.5005374218774388,1.1716436786477162,0.17283073783005926,-0.4228409807955577,0.48806048533326807,-0.5887890809102567,-0.8024224249848864,0.00914292956677679,0.9439343672305138,-0.2560447233828494,-0.18215276201860095,-1.3331335818928634,1.014901490285545,-0.1600817376036739,0.015054811581259847,-1.1547414928390203,0.33859303137417196,0.3120066589545754,-0.30045751172145735,-0.41174762348856625,0.010114066009990735
2005-07-01,134300,142026,4256,5,108019231.85041495,2.6,23.8,-2,8.1,-2,96.8397,237031.66516344485,433414.18228798476,1553225.1481019252,239839.8459400824,724967.7010457548,174207,10791.263437583793,1389,2054,1363992.150744704,2203,130514.5893766911,201572.2887160861,110.5,106.8,194.9,200.9,82.046,82.176,11387.1,71.54523072422788,96.3402471027341,21.135,111.77401246066053,1622000,3.246,4.138,-0.3261106290496137,-0.15378977583633438,0.20638207908707834,-0.10363762974357121,0.32766180567504455,1.1482409095552584,-0.9200202537722555,-0.023063946767916753,-0.4262384868361013,0.8143663754841666,-0.7159894293217687,-0.20908802049505681,-0.38457195198507027,0.02430479563187491,0.6989819852039892,-0.2257362934266114,0.9844778349167692,0.3876807997501847,0.6145441731154125,-1.8501735788709026,0.8205781442823911,0.9750056155043759,0.4502856826677188,-0.3122542964380239,-0.3205630265785424,0.44247702196491456,-0.16436453347076327,0.6772031000803819,0.0333189689072159,0.5289246628465143,0.6379917221264878,0.5088159863217282,-1.055902457437324,0.42490708860810433,0.014183030707350266,0.8851534611280912,0.37278014578932345,0.6462892316115231,0.9340438371358594,0.8810363215777585,0.2652547087722364,0.8135484336419034,0.1166555183558667,-0.280783593928174,0.3253884211835053,0.1517745853896146,0.3524275570048738,1.2985085182154479,0.6469983939244032,0.1719182786975701,0.5330632153058412,0.4615866921091609,-0.2799464398293032,0.7814385049619103,-0.3360596596109219,-1.857760997299693,3.1585198166042012,0.9194663190807125,0.8199283664465957,0.1322125266100319,1.7728283050995688,0.19762526324385019,0.409264937592799,-0.2016866791178381,-0.3179878715539306,0.3716656807967528,-0.5408996115153697,0.9686720452992986,1.3987879869832833,-0.05544650838066018,0.5479509148481188,-0.3137237503183426,0.9654324635100179,-1.389880775337372,0.6829714704794494,-0.5539846375853144,0.6663202705592215,0.8293518938351108,0.16523446279551798,0.04722378502969278,-0.12536111419289128,-0.40880182230846013,-0.1925403373258081,-0.06786395181734522,0.30063212579153853,-0.29643803605638663,0.32201431725523205,0.7539967689955593,-0.796695927008613,-0.609136995103405,0.7167372277224257,1.6266595765224134,1.3213600978651399,0.6359977381043458,-0.12081839661675342,0.2240424598790088,-0.11978137461503638,-0.684314571062755,0.2643583265953366,1.689306416184922,-0.6155386942060599,0.1625307123891793,-1.1866382294807098,1.2837285877889522,-0.40154369764857356,0.9674150622084071,-1.1760818605848997,0.7251811819862207,0.19592227970615608,-0.38499868320718167,-0.5582769292188081,1.038206381409461
2005-08-01,134503,142434,4142,4.9,108096362.07627682,2.6,23.7,7,11.2,-1,97.1584,248660.4270609515,433831.0450732608,1550531.7066676435,244517.2803088241,734084.7566675164,171140,10743.411389101328,1255,2095,1370726.0521747575,2219,131681.17314298896,202993.5540260024,112.1,106.6,196.1,201.1,82.377,82.243,11405.3,78.8691018123991,89.87180738642203,17.418,112.25935582134588,1263000,3.475,4.285,-0.8713093494982511,-0.007362199378674328,-0.13032655203635732,0.6204849721976728,0.03720018350194632,1.5166210096321475,-0.4314188765098446,0.3990355662283138,-0.6535207317416192,1.1256789930815523,-0.8238561423753281,0.2510033991100714,-0.9399078112732413,0.1877507945675218,0.20757635207434644,0.5580204660467336,1.2523404941742982,0.47471913487347694,0.7628720604080358,-0.5800113666083301,1.560882487648985,1.1071249427316312,0.283920713159441,-0.4262796411173878,0.4960513840668699,1.4065174719092697,1.1674512467555378,1.4325708393677337,1.1949175877880966,0.38825695670032273,1.1557774249970947,0.9073806148947876,-0.7094816381737306,-0.282056972531762,0.05848079061128536,0.9099354176463001,-0.10459158752635639,0.9286909922112603,1.0828311244621927,0.7723364968989049,0.25300199396599604,0.5097498173829814,0.4775806291194714,0.027522481132681256,0.39563680714784677,-0.1320863065317911,0.308802686974483,0.2027288613096688,0.6207566944338441,0.2905650659688329,0.681732109149572,0.012762034399276617,0.37495101172347484,0.9454581691245966,-0.32094703475396663,-1.7004533304709193,-0.19280448432396702,1.055279739971109,1.3519087083571206,0.2653143599246922,1.5136127772223926,1.707627482164753,0.7651909333446947,-0.32824954623818,-0.19330517303069547,-0.00824006793555343,-0.7117997662896604,0.08419220349180084,1.9379045745180565,0.387491895234932,1.3109646652151463,-0.19056585538576273,1.5670021442891258,-1.4773127218494337,-0.3453423813172075,-0.20282877119532094,0.7744612157889955,0.28126641923129025,0.26287043622699346,0.5225282235877833,-0.47428289910109833,-0.12203026192444216,0.24920660775524722,-0.618568634830232,-0.09957786657244086,-0.004828532850077977,0.36113149834263253,0.48027644799376834,-1.0320905217046452,3.4539188418591102,0.4783279083120369,0.17217923486529493,0.5114895181956308,0.7120530555790826,0.4727437361573504,0.5983371619486455,0.13611419833875799,0.03437642697353929,0.2837404804135361,0.2452456761922345,-0.9969309295730794,0.16738166315391897,-0.8816823651058971,1.532611277739306,-0.7643924815755943,0.8782693321270212,-1.5752983512847658,0.8199762581583235,0.0770120223074335,-0.48128221660026604,0.01400038281546219,0.8055825041946374
2005-09-01,134554,142401,4352,5,108034133.97310431,2.6,16.9,3.4,7.1,-1.7,95.2764,245271.2451305728,431366.3252055981,1542866.906781181,245838.7438080123,734552.4936276631,169316,10701.197518395615,1244,2151,1380798.8265281585,2263,128836.62771124898,206847.2562881739,114.4,107.5,198.8,201.3,83.172,82.425,11365.2,78.83662771124898,77.39467972684757,16.927,111.11896634862043,1531000,3.614,4.188,-0.5520254543934208,-0.6657784792170236,-0.10006433442140178,0.1749761156547103,-1.187996921107481,-0.6275995068385078,-0.0951004243377391,-0.020302684682977728,-0.9289275718767014,0.010571269564297152,-1.4329712630018796,0.31877168538527106,-1.543377681256292,-0.020182488909175383,0.41054763695320257,-0.5746957483047557,0.14977779539800545,-0.1468596050823595,0.7766739455495317,1.4113465801595007,-0.6681646324220962,0.7845213984652839,0.16350678402799088,-0.2285956873458803,0.0483291626364824,0.5865556968134576,1.6266349508522244,2.092770129468091,1.6719356746279204,7.885604332145335e-4,1.1113208685242317,0.909507956692275,-1.3128799095745718,-0.9666969402444621,-0.407075964122701,-0.12740257336646776,-0.41675765289810773,0.3324821608483892,0.18825846480063918,0.7273475566403282,0.4229139621838086,0.05332820913870681,-0.3522060056834676,-0.10531818533598056,-0.47533183880338853,-0.15547210001824407,0.10477567782465924,0.41129302125514344,0.5792552409642235,-0.03404550287378941,0.3669933014117982,-0.4254819135786525,0.7050023708420364,0.4091930139731169,-0.0700670650985552,-1.5399133269464018,-0.08557435628941898,-0.21609857744561375,1.2449040380442713,0.043791371815128516,0.14103051124348992,0.5869844555951942,-0.29202001748676404,-0.21688588209538245,-0.6407917678552464,-0.1973964098768223,-0.5029280807890153,-0.19690174933145613,0.9180319899025159,0.3357112531577632,2.606357108361559,-0.4917293609538841,1.5300435394158498,-1.582404193541054,-0.8456518235216991,-0.5525631972044658,0.4015191058086167,-9.79399712741547e-4,0.1706115495322404,-0.7526557520703971,-0.6494053353287643,-0.1995022618303038,0.6577814630302115,-1.0766914635118898,-1.0324466663395924,0.049692978623189415,-0.12989549698717484,0.3987161863976171,-0.43308607769566865,4.741895336995862,0.5069554047923799,-0.4778518244028892,-0.2875663198748405,0.29695441324182564,1.7298788435535797,0.49986812778638073,-0.15046012481546123,-0.15570082682505298,-0.0633385557592494,-0.15321868517908907,-0.6400827493210048,0.1377479656874028,-0.7815354240079486,0.3064950412969632,-0.41975394985974174,-0.3789451278959227,-2.3384802764823327,0.7319752138044712,-0.6727764512079628,-0.5027884056028724,0.11256539248563217,-0.42682894904435725
2005-10-01,134643,142548,4184,5,108069274.62568282,2.3,12,-2.1,4.8,-0.5,96.4411,251966.86873537,434326.8711361863,1547896.2855617437,249009.06308144768,743576.0158453874,169138,10729.848148370445,1336,2065,1393470.9801332452,2170,131820.41894244042,212565.87239661484,114.5,108.3,199.1,202,83.305,82.662,11428.7,74.86945561490906,75.68949933831843,15.336,110.98684991721915,1761000,3.7625,4.4575,-0.18427283473181075,-0.20496946091082888,-0.5576784141838079,-0.8434742855883267,0.961465280876673,0.39844946597498815,0.13745409862453825,-0.08639612204619677,-0.7177707148733978,-0.08118621815995351,-0.98014908563334,0.3804383546165823,-1.1255139510298402,0.10971413088954227,0.08978219732941362,-0.6389203253505199,0.4286260695704031,0.20955906117553091,0.40469872605072826,0.0503584989806223,-0.30241881621221584,0.3808770300853511,0.2293378496841329,-0.20092189672587765,0.1182815392808902,-0.706742684737556,0.38164411429695455,1.6633801907758239,1.5350239639183754,0.8796812503955118,0.9505248885581261,0.519707567502276,-0.8632711010753445,-0.5004813070445912,0.22244471810788607,0.4360577954226975,0.3651201477708153,1.3476302191551768,0.05830122602893812,1.0426563220842266,0.34205290830676066,-0.2435955655586816,0.10521904364410646,0.045643905809667665,0.002279429295130743,-0.03281035221154111,0.2824112430790955,0.8814447882347696,0.2642392056373437,1.2055975871336366,0.3108945289158089,-0.55779568711462435,0.6273388859171568,0.7034869757787028,0.42732955269869366,-1.1294197643485306,0.15685900412866616,0.040131594821220654,0.6469949195226671,0.515269342462172,0.5924562105670177,-0.5282851358376716,0.08359568320991513,0.7765794145372352,-0.4199491297932304,0.3226799962187558,-0.3270947104919184,0.010824148156133438,1.3793488432562981,0.6153309372355444,1.563014727207825,-0.8187654227479451,0.5118934839808786,-1.03716731595754,-0.44539887782054155,0.1143208869761813,0.8678451038211548,-0.17392138579566435,0.7086757618419571,-0.41800970712370394,0.6224346093910277,-0.4177709300108357,0.2389581988906499,-0.7588632888825709,-0.5618176882052303,-0.05884586382438336,-0.12039089193669832,-0.12253286607963892,-0.5801866733666542,1.8760109600483903,0.13547671558989433,-1.3774484647351424,-1.4096935463016829,-0.10325090545403728,0.4098531294160993,0.5027572038136052,0.19591302263241744,0.47294705163324957,0.46804738554472397,0.4993414392895365,0.42520366249955655,0.28946688089921835,-0.5867293574286173,0.4736840233501786,1.0077542098138839,0.18032204478476788,-1.6701528463579205,0.8439393019098416,-0.2456119651274009,0.015925564325878692,-0.09693363204788585,-0.04822152002286254
2005-11-01,134999,142499,4248,5,108132235.60703486,2.3,18,-5.8,10.3,6.9,97.5016,265524.2929833636,437213.55451035115,1565123.2528951822,250214.72134342184,768019.1504974078,171489,10761.569089749913,1214,2147,1409931.3132285187,2218,134079.94610915304,210897.2585437442,112.3,107.6,198.1,202.5,83.131,82.873,11500.1,70.13027631088282,83.03605730933292,16.524,109.37227347480214,1269000,3.99,4.545,-0.05897146330746923,-0.24163933838444032,0.7189340406592395,-0.5444201032771633,1.4942250453675,0.32410861390792717,1.2190167329099373,-0.17064645739349218,-0.785171262481816,-0.3070826791513167,-0.47587240450881874,0.2726672062119344,-1.2851800131730327,0.16343172963164157,0.36095901755366594,-0.2929541824233606,0.7340459931665222,0.6367572951098865,0.21271611256307965,-1.0114946650685774,-0.8149703210281001,0.05946670147678801,0.5088245749858256,0.38345387946095433,0.2331356356907276,-0.7142674552656658,0.06849303040047075,1.4986687569484372,1.1938178138762057,1.0604727648958032,0.8200708876940954,0.23051332141957148,-0.7461239908094474,-0.7398254425468855,0.9154310138438316,0.9960823937315652,0.24488988877812012,0.5786077893622567,-0.014912550739540564,1.4141252584124373,0.2119900346607298,-0.050743363414009146,0.03015494771076592,0.32111923030999245,-0.07876977733446179,0.3982149589621436,1.9829481515771854,0.7897195263057823,0.025012108872493673,0.35199074375271816,0.641061200293195,-0.23441537002948326,0.7375521634404296,1.375962082498424,0.08730962477217519,-0.2678449580227702,0.12926653651931838,-0.3749264404667416,-0.22076303770195999,0.5228689735033085,1.30062867478268,-0.041909941722814203,-0.3909262172912341,0.9358334241786737,-0.5346612966366859,0.2585260517123196,-0.04109611850619048,0.09603129211942639,1.1161785235494959,0.7216536811381974,0.8903644451284308,-1.003340432581439,-0.013207100236151723,-0.31627806749428145,0.03340594827560632,1.041267518118416,1.5236061815545288,1.1832476517484445,0.5265859303742897,0.2418561272808384,1.7274310433095241,-0.5436939268912917,0.14002200475888757,-0.526664714929935,-0.3568702991275285,0.09263047139195031,-0.08872880344788008,0.46453132244037953,-0.9424026413450217,0.15687512942282272,-0.19786134746484008,-0.8876462208494833,0.6903739395410026,-0.2261890367071716,0.6316013877547789,0.5169922595038826,0.5498325748335269,1.5184339674235534,-0.3323597933316579,1.427768220174975,0.5294520562400745,0.35929618347579834,0.7497984899555994,0.8202392596159962,-0.6546484411637226,0.764531667749691,-1.1595546169311621,1.0465284476852337,0.06815511006805014,0.3081879024095861,0.2094288499168567,0.6637443826323661
2005-12-01,135158,142752,4282,4.9,108193231.64797147,2.3,22.9,4.4,12.9,0.4,97.9723,266445.7302330057,442452.2741215672,1580455.0033853722,257601.85730954757,785596.2276407116,171577,10803.551021881129,1239,1994,1425072.4759716592,2120,136918.83894094863,214589.0221457699,112.3,107.7,198.1,202.8,83.131,82.959,11535.2,71.48957669220867,91.95199933831843,17.174,109.89657277089563,1582000,4.140000000000001,4.462,-0.3275344077552771,-0.25014352219179775,0.2685586132521249,0.6060345878745537,0.658758627053583,0.38287984425585436,1.2448221606850438,-0.18644293167226603,-0.31367589979687915,-0.2251561469039266,-0.04044684554441167,2.093559595792194,-0.8911868903575775,0.10623330204992779,0.1940735948005985,1.0139665927432306,0.27830490372681743,0.4502211962356801,-0.12634657409913919,-0.6746244876415983,1.154186856862126,0.679034084811936,1.4210278855761658,-0.06227046340999155,1.9287192632407728,-0.259502479272427,-0.05676497586733634,0.6699465535119526,1.0028237411744674,1.0100170392481493,0.5730644959632795,0.11577809514823875,-0.5988176306105255,0.6821747348514607,0.9886876182772731,2.4583604243347783,0.32790564158471575,1.0523127683798221,-0.29537753885859713,1.3530586336903792,0.14191935721016422,0.03124531121363338,0.1127831937780834,1.1994974228367226,-0.2505326334689177,0.6995025762638202,2.0864704566941596,0.1621368909295374,0.5881567242500733,0.12369006461701018,0.5827865002767914,0.6475423688412154,0.9913985240586773,2.0628271024823377,-0.084971621859224,0.02620016945239556,0.024925016577429376,-0.6782214133526467,0.16697580910111118,0.3396401546838099,1.9012719176456727,-0.7269823399350996,-0.24744346496671263,0.5820371630426181,-0.8827742794486482,0.06237453426973273,0.1325075585090294,-0.03494032570270196,1.147784757822794,0.6868070377515952,1.1663829757470623,-0.23378655587016048,0.5473114789428096,0.07929181096985932,0.40494898697299225,0.6770034765113684,1.0099457172138062,0.8793308685011302,0.2383811199467328,0.26374958114581026,2.0732948940412803,-0.6951328472996415,0.276010943182446,-0.4794421437515933,-0.2455024428616899,0.3655713588242861,-0.2516989628223605,1.72748525488699,-0.3092190261737992,-0.3894750859491003,1.04640684467878,-0.4184647455706308,0.7868892637667563,-0.1328629710825967,0.7913603138981021,1.7561106088419196,2.2990316569152798,2.6975259936332203,-0.07706739717512842,1.307195115333231,-0.300164316185067,0.27941620165636255,0.5279692432117158,1.5313844090779196,-0.30805327695084767,0.8634477751469518,0.25450594265941956,1.4545310197009174,1.553658630748515,1.7942529890859626,0.4788188670318732,1.0972433602310434
2006-01-01,135426,143150,4397,4.7,108345826.01268984,4.8,17.6,1.4,5.4,8,98.127,250843.96772571644,442357.60289223545,1578928.411522207,251679.55563004283,786642.5647041922,175446,10859.769674623505,1174,2273,1431323.7723561663,2212,138663.2987765461,218829.45866353816,113.7,108.5,199.3,203.2,83.534,83.145,11651.8,78.42315703785286,89.51594861368075,18.081,109.81299348892368,1183000,4.255,4.4,0.3738028416134,1.0415504541603022,-0.3668716129977473,1.5740849536716113,1.1063249202138685,1.1639409262790228,0.4219017545430456,0.06902846614917621,-0.10074317557621662,0.6841919436872042,0.07775900077226564,4.3717563425010635,-0.4820355605657135,0.0418743712826926,0.257813493678855,1.8881615708983865,0.4867334325995797,0.6364059083687797,0.4430982820130886,-0.16594178781408267,0.8706029218587182,0.3939402126292287,1.4400883885365685,-0.3449417846083055,0.47478164589832333,0.37722540272788785,0.18750223725285098,0.8468775652891667,0.7121350464641409,0.5956181925766945,1.3455933147902237,0.4248725215008469,0.015029614277886919,-0.7483646886937967,2.7193548927927913,1.1194058558569147,0.24624683076775322,1.563329446715867,0.6247972510126556,0.7183440196451434,-0.22748007335367582,0.15199552273868405,0.2714416732224304,0.3129276491109956,1.118581918907801,0.5098837337726851,2.500931425572137,0.556181121127939,0.48385411588987326,0.9591809971533264,0.787402808782211,-0.2701978518096725,1.737584416130118,1.3912770211361125,0.41484275284864874,-1.4887248155153197,0.5731246231552293,-0.38870927003459377,-0.40202308810935683,0.2502140194707398,0.653526683125184,0.17860971471990794,0.7955541229431657,1.0262622284771132,-0.08950019416796134,-0.45675065835197043,-0.016626491697005065,-0.010040865629004095,0.3852914899068471,0.9229258754284617,1.3748700053706893,0.8809544701009442,0.7215644847643423,0.45318868170511706,-0.5893176031130455,0.1348024010374113,0.904879060922667,0.8733313533332235,0.6810853122544299,0.7109646447785967,0.11237548083452326,-0.9213114004632051,-0.05354964434478525,0.36728394377869406,-0.4042533497955329,-0.07216203179939071,-0.16112322651724806,1.5230371878522573,0.7701887260067621,-0.3498056551548597,0.6249853574658655,0.38095798564523264,0.4002006146054705,0.5399882119318248,0.7465339213197337,0.45115407275772657,0.772285022981348,1.7588554859072596,-0.1946569551397459,0.6665551220063831,0.1657127009220456,0.17236365761943256,-0.30841664830136395,0.48281304497903044,-0.24984041123795847,0.8161176289714493,-0.042118199683968724,0.7115964494953273,-0.7564519076500655,-0.5567360307663798,0.365245664105444,0.8117155962957252
2006-02-01,135731,143457,4325,4.8,108398036.08311409,4.8,20.9,2.8,15.3,7.2,98.1687,262894.8124042879,446274.40658499236,1582550.4951851359,255095.47281776418,802148.7366003062,174033,10882.465543644716,1061,2119,1442427.976646248,2141,139824.60758039815,214369.97511485452,112.8,108.6,199.4,203.6,83.584,83.279,11702.8,73.73420750382849,85.97455368614452,17.071,109.03158101090254,1163000,4.4825,4.5649999999999995,-0.3679393390765986,0.3958426610456044,-0.6826720283606174,1.2943562836792928,0.47537517558715536,1.7238772064987473,0.029870151186299182,-0.08469025991402403,-0.24211972984209024,0.236461522076312,-0.15013054564126693,1.3584292450008002,-0.46780632102162145,0.2682118358022483,-0.016540178616826856,2.331475461510895,0.23080704074819167,0.23627638672685974,-0.015395477175527292,-0.40205738821907433,0.3550571670788887,0.31794013773788893,1.2358314527740455,-0.5543458075862844,0.4729121426317493,-0.015070324262045853,0.13422992988798352,0.9232937058445876,0.11145241738928666,0.908921683482842,0.671045454373193,0.5117276958567072,0.18901935232234734,-1.38115752191703,1.2711267637112982,1.0054455760400403,-0.09465365976834358,0.29309641654931007,0.8626571766161204,0.12021793885311063,0.007632115505282283,0.01530385660278321,0.167484337402952,-0.053435078874242356,0.6073309912987063,0.28267354711928117,1.2836488785504083,0.40333480215046275,0.6099169085210895,0.8409005999677361,0.6836310355098398,-0.670757190920368,1.5809859899124288,0.8076099040079747,0.21544063073365255,-1.5452376363140659,0.8932754925755662,-0.47545347658271964,-0.8991274678861809,0.22104386589589245,0.8045225867064986,0.33220891427168453,0.6568355884180362,0.8356973814533646,0.4284237330829982,-0.3115700182088493,-0.7332702934352654,-0.020852867221135083,0.30015118448387235,1.0272529702610114,1.4262799492943092,0.2065675953351255,2.575473199600821,0.6700286359926078,-0.8773025473802056,-0.10788129828704343,0.9088127724479305,0.9949620589833938,0.21240307577137615,0.7124727020468116,-0.7129573118933066,-1.1893603011163223,-0.1115317362888761,-0.6031424596783402,-0.18550730116984399,-0.4613936108126909,-0.3202158764137734,0.6876588924862223,0.44104693054959987,-0.4926706208991382,0.172172869600362,0.6188206847820306,-0.10073895986528593,-0.10908192908506308,0.8540432132580817,0.12830238619038448,0.7210935111752159,1.7044280286282618,0.49603907144127,0.26333719893155616,0.9903927282371741,0.27201336202809,1.063359082378832,0.3781990067944654,-0.35511194658081185,0.6569732959693565,-0.40555015286599905,1.0813331186652655,-0.1474686908458273,0.25677648378989126,0.4224359828331521,0.9548708771579436
2006-03-01,136036,143741,4732,4.7,108505267.39410874,4.8,33.2,9.4,14.7,5.5,98.3913,271282.2104936355,447450.62450743915,1596945.6680639004,256217.61039333223,823509.1825281208,174440,10905.47608243976,1116,1969,1439076.4932056458,2118,141881.40329090346,216388.84245217682,112.7,108.8,199.7,204.3,83.746,83.509,11747.5,75.10806486279942,88.3339739759996,16.96,109.43039702763788,1207000,4.577999999999999,4.71,-0.28519631057359135,0.11774460606230289,-1.1037674797559498,0.4336436347454716,0.06774319518314383,1.4998650195208034,-0.27761660112145675,-0.17186758140458674,-0.42270121768301167,0.016953770494568927,-0.1122035949227562,0.9034230311026001,-1.1499350959743466,0.2599696073193291,-0.553670904433318,2.187035193532639,0.6130664291700123,-0.036842947215679774,-0.9853278587306517,-0.9652876376080228,0.04681895601799218,0.2945329192180289,0.8554917663284696,-0.5176525478388943,-0.22105205372818326,-0.25783514370078375,-0.04846148766443799,0.001716429974999819,-0.07771475168582057,0.9983288824442851,0.3364884746854093,0.6169204991653172,0.4535677318195137,-1.396528631639634,0.8168189028083847,0.9361139869868101,0.4188913298975049,0.48336842129650365,0.6550257736940603,0.5724922870305869,-0.49818187175764633,-0.6333488616301949,-0.06442020008451864,0.04679112151947951,0.6019287332693536,0.6827965800773658,0.5281135673915444,-0.08122300555806977,0.29895490693288224,0.4031324753392525,0.6021981637283123,-0.3615456396549065,1.0052985983464617,0.865890900619876,-0.060322956780945264,-1.4716115558838208,0.12908753233491105,-0.7105895195715783,-1.0636895957476658,0.14846003344963932,0.2476366480368531,0.29128957515083337,-0.18793321005358343,0.3612981450157077,0.5320338542669832,-0.2606521688210764,-1.2589345210652656,0.09947086166742243,0.33612425163641685,0.3304861183963537,0.5782230709413773,0.5887944091870343,2.0734213880984678,0.8683549581247902,-0.8587555593116423,-0.3519189100089275,0.9705996572680895,0.23002156398307785,-0.1941279033642653,0.3285581265643425,-0.8746884327145449,-1.1190030779188187,-0.22889168001689247,-0.7084657174423661,-0.6970039718605024,-0.5774920535654083,-0.27112363043489673,0.17252652960189713,0.15001728470392434,-1.5778330525169584,0.3353739359992667,0.7754562696546554,-0.327484288608596,-0.04703460968133634,-0.13047216891585006,-0.1588240783283444,0.3809465744142112,1.5164580960369671,0.32102833339680137,-0.2140047717679211,0.7734137707137929,0.17926175215696574,0.8541978145383882,0.22290863180778375,-0.2212235045061045,0.4161002226756013,0.33370563258795144,2.1504854408778864,-0.17436869402006652,-0.10723368926887293,0.11622882446035307,0.03394383720193116
2006-04-01,136208,143761,4790,4.7,108417019.21219467,1.1,18.5,1.6,14.2,-4,98.6826,255095.9767041065,450748.2022939324,1602410.6525347682,248201.10536637544,832328.995067451,174426,10924.823200808223,1123,1821,1418311.0477209245,1998,142165.5672431212,216573.3642360492,115.1,109.6,200.7,204.8,84.135,83.764,11744.4,82.83116420039221,86.93189064266626,17.127,109.75764694413482,1518000,4.785,4.99,0.24767092646379527,0.30969751613601015,-0.6206489210687743,1.7534728616619812,0.5317201162270018,1.1074779828448058,-0.07271215987204677,-0.10835061024981842,0.02652843426464901,0.2980727424596111,0.2236764791158176,0.9641164945212344,-0.8630094845865417,0.34100756437050633,-0.4494606522951698,1.5882680847315496,0.6788831097354336,0.08151135175392071,-0.06388850146570803,-0.1857240272191909,0.41704130024330616,0.29621117240754347,0.135941536236914,-0.8580678535320134,-0.5350489401563011,1.1930937609377545,0.694236508676044,1.3591814737745334,0.18835489990036264,1.5036024862418071,0.8812904220365572,1.4511729681196202,0.15352806081274414,-0.792426799344941,0.5029571790904244,0.905476223666825,0.593512460128935,0.5240873998170996,0.4426713220953327,0.7560725801003427,0.20369826433318203,0.27227113453958107,-0.5471843928615764,-0.6277260042596231,0.49861756972525506,0.13207462779244017,1.1203676457989722,1.120183821114776,-0.044531859607551086,0.06720437414412751,0.6098016455766485,-0.6989366308892191,0.450232456257922,1.1440572938623783,-0.2772193218757255,-1.4308975130767896,-0.4425651751818129,0.09651899016351072,-0.14364289710194628,0.5840494058174899,-0.18428539527713766,-0.5326020039124165,0.14450768625527038,-0.02461821705536363,0.12414294325459266,-0.514828573825872,-0.17232938141284834,-0.027354827581658966,0.9643186060925428,0.7420637445293417,1.2986604799005859,0.19649462721464048,0.965804050635756,0.5092083607855945,-0.32418185929412435,-0.46600336851887014,0.639332375867017,-0.09728655997960281,-0.07909270782348489,0.2622372354450519,-0.02321598228276568,-1.1109211769258542,0.1336310205036518,-0.5563260824107404,-0.551339975387318,-0.4855670315832702,-0.31806390518690414,0.23714377377721232,-0.044625809715679525,-1.11555450611509,1.1761279699136657,1.0429261004742942,0.16024978816389174,0.42125513017860255,-0.5476612329786518,-0.4262780708751001,0.35903401965983806,0.9992303369829889,0.060513600638363356,-0.47002986269157265,0.6854939711263701,0.07862448297150357,1.301183574548193,0.46606914633419977,-0.23496958028018175,1.5672446691722401,0.7707296407872503,0.6334829641103369,-0.27669118828649353,0.02908224793916277,0.6236416445492787,0.2838291855502678
2006-05-01,136249,144089,4463,4.6,108509653.33269033,1.1,18.7,7.3,13.7,9.1,98.7074,255827.92996763907,453028.05798888113,1618387.63513319,255119.07160891878,838247.5314422542,173318,10943.208354571423,1086,1942,1399439.3143751258,1905,143614.94055309918,220449.02265264755,117.2,110.4,201.3,205.4,84.361,83.974,11736.8,84.09098991240027,78.7775428165793,16.729,109.92212131914943,1331000,4.925,5.109999999999999,-0.2834667331173929,0.05941184202793767,-0.9885428119670249,2.0536129927776576,0.14947710852979873,1.4776624500049818,0.24003859291409346,-0.025978337230771767,-0.27753717423088564,0.5726587066403396,-0.27445151808865,-0.20216042340181867,-0.5293546129342435,0.16023034018340027,-0.2383608309423482,1.9539213518115632,1.0899524754405574,-0.7418077247081553,-0.2283009064268738,-0.415778931255543,0.726429010216862,0.08240850805312804,0.22019931771664397,-1.24722082948047,-0.058504315361710704,0.510241701510024,0.3609077110636104,1.1597775131326429,-0.022830701302113218,0.6245718980530482,0.5146194487373099,1.367205777617389,0.048718813629989234,-0.787794331086962,0.2435596435915836,1.2048171565785888,0.4263409487799942,0.214267705043189,0.5334722275235713,-0.17875976128525678,0.21124071002472472,-0.1929922841957602,0.05789640118947893,-0.646008631340419,0.21009877825207107,0.4413528786869733,1.7988610208984492,1.1008542538498458,-0.12387899637287766,0.2871690224615251,0.6011865740421029,-0.4935997851137308,-0.18644526493359168,0.6542829461910646,-0.0076747767604860885,-1.4244608809047201,-0.7644110618899973,0.16784482259508202,-0.29579458902596656,1.090734623979463,0.18268073951523756,-0.16146371922011168,0.2776863248756291,0.5531207452656413,-0.2215398364234923,-0.0871408241753294,0.25419803504881505,0.12374941447254607,0.3226477192614477,0.8313869894581067,0.6147667946901219,0.23225362548416462,0.7583325096484805,0.8924833927517679,-0.13907258206848017,-0.4862201487936475,-0.08985611012076294,-0.9701346153049544,0.2966717518295384,0.7470551100191039,0.01174246904105914,-1.3024466784197164,0.6413341111669162,-0.7192052507386225,-0.37336836339413615,-0.3252215741678474,-0.5175926977615558,-0.6311888903925507,-0.022369838008495707,-0.16659404724841098,1.0711787908694546,1.1507429722337057,1.0584360631099106,0.4688173235094185,-0.06625218104864122,-0.495513751784326,0.45935104383568964,1.3908471074467263,-0.8553263660152595,-0.1768166650903977,0.831229759991654,0.5325109466635913,1.8931592053750095,0.6460570313892608,-0.2928137149149227,1.503208856931923,0.49735694154361815,0.01731452158649386,-0.0277291977233185,-0.07643504537933246,1.4004065924363498,0.027452230214387224
2006-06-01,136335,144353,4614,4.6,108547947.12628132,1.1,26.5,5.8,11.7,0.9,99.0398,261585.21444027952,455416.28729203367,1633105.613906645,255267.2965270962,850107.0132081495,173833,10949.165769962989,1074,1802,1386001.9628942048,1867,145119.36998190827,220559.54309498752,117.3,111.2,201.8,205.9,84.569,84.186,11751.9,83.90781492036088,84.18180006295611,16.9,109.92141102586946,1222000,4.994,5.108,-0.057779303140854665,0.14746381697592745,-1.0130482619090875,0.425696475739148,0.8736118724269164,1.7180753174285062,0.5658377711499051,0.02262831537349378,0.31202677239306387,0.8781821140936794,0.026166280118413654,0.8317579767434131,-0.3998015537451526,0.3675994554012748,-0.25791126930963837,2.933481234790814,0.9545391530423755,-0.6338187684549611,0.051723611215456156,-1.7169543365065714,1.0476343920939448,0.6361537668294902,0.7097657685621684,-0.8872974025246503,0.26433292566416566,0.4664222256580607,0.10586724459281402,0.9077907353217028,0.014764877081901946,0.5681894094817469,0.8236967513716181,1.4877241849122256,0.22620356847581136,-0.29365036407213996,0.9636124128934165,1.0702841508393561,-0.7191351442577394,0.9291034302536589,0.3818823115203716,0.0313815955887546,0.07680524281640541,0.32639456352108825,0.2366989577926344,0.08055097586322384,0.8745821893059096,0.42342474542810266,1.0767800077304823,0.5090813693979733,0.7736368336977382,0.7783013527014595,0.7336843804272448,-0.2508265486861856,0.8293943505019536,0.6301597433291977,-0.03106317075987327,-1.6627933866367952,-0.4634899821462394,0.3371669008307582,-0.15613903171321264,1.062506125855228,0.29177369771714945,0.42955078378246847,-0.37708228784696796,0.2560755254213095,0.054376464411343105,-0.30808866194314444,0.8822482119357232,0.2967521200947879,1.1020961817877521,1.1453970204309032,-0.14245512050581755,0.15304229489242288,0.49505332857225653,0.1875369840628525,0.3156591449615025,-0.5439366685374483,0.3913082493238793,-0.6427979570688322,0.6889451950754909,0.887683698510304,0.15760378654523288,-1.156320495761179,0.6364563113430359,-0.7616636272118261,-0.2643084127431554,-0.8000726121151868,-0.12662251342776332,1.0629433317810333,0.3499327901250025,-1.4321247728589384,1.7948543071514595,2.871180733878494,-0.09903041189098036,0.6196571077623462,0.8527132925117311,-0.5070094306316576,0.7084018514623324,1.6806750223419487,0.1678503901000465,-0.47188953686206386,-0.6372974874919028,0.6279004811091319,2.896822259691932,0.6216023464751635,0.11848034176957761,1.2737885842492693,0.26451141089994007,0.9852586736193489,0.09040307165394189,0.1595372551525115,1.2910876662834752,0.4714215367240893
2006-07-01,136529,144202,4394,4.7,108522291.48695035,1.9,16.5,4.6,4,-2.3,98.9751,246875.95748191094,458034.5989771147,1633029.419750295,244540.29083881306,856025.3600131985,173443,11011.100897970726,965,1737,1364545.475971623,1763,141919.44189115934,220767.63534375074,118.2,111.6,202.9,206.3,84.858,84.268,11746.9,87.68766645454758,84.5402471027341,17.662,109.0491755685361,1594000,5.2325,5.1,0.1625819898266982,0.346153250097745,-0.32798508810762944,0.1053162841835107,1.5448499096385266,2.783236854782935,0.5582090025237544,-0.23405688324668497,-0.2317024661861009,1.34099089937206,-0.19780998879659809,1.6411286085847285,0.6734965609440029,0.6624417404020243,0.1652045454666602,2.5060692744986715,1.1641676634916345,-0.20494851992020974,0.6770065755439565,-1.30587923661156,1.3405805423164034,1.2662525886992069,1.1979339063333292,-0.9996803932951647,0.5211312367665262,1.3173540688604357,0.4069618167723068,1.6100850481364848,0.5959105985414501,1.0729247313776493,2.144887992439935,1.6851017921335922,0.9671872350691612,0.507158413660862,1.4397032891218182,0.8728880090196285,-0.427746257920947,2.3323954428123344,0.8518556356993996,0.5232268144159431,0.8703638872254262,1.0539349523293398,1.1097678920357164,0.38478075697783226,1.450788892345485,1.0263002810724569,1.466758233444958,0.829527575950113,0.9071515950160763,0.8069566871957665,1.3019523167231932,0.21329779846224872,2.6146321655294495,0.8544529329209523,0.1378860578389886,-1.4799380004869278,-0.6399842916864057,0.5153651227925513,0.6441119537624163,1.521874406168785,1.6576813315159016,0.7003884434888829,0.10455545979935044,0.2270784321678653,0.46585305756472,-0.5491349331651264,1.016141914661826,0.5104504413634341,1.6451077428467238,1.6097347493882437,0.7724424100335742,0.67671867882194,-0.0018926698311329073,0.462635236755847,1.4315476068856725,-0.33928579586949253,0.6640086132528665,-0.45411135713919304,0.6028728822413618,0.9357905613116893,0.2750753553572249,-1.1799402065585576,1.2277312525368165,0.006064360401315238,-0.27848933845279156,-1.3928526747132857,-0.03421882557146657,2.6711044669804704,1.0811499049759987,0.21831223841703115,2.3300512518904593,1.7197724980301128,0.1833134212259262,1.0792148145967797,0.8704426132169553,-0.00634347457653367,0.6310394612215452,1.1342208731982402,0.9326604579929724,-0.6162672789637854,-1.2358176624450188,1.2070760194885786,3.209217911525389,0.7467253309018206,-0.20032305746666937,1.2779632958741072,1.2249036429681825,1.1115801721749008,-0.05736764745080827,0.14421485933453015,1.8435148827632932,0.39617918345437914
2006-08-01,136693,144625,4710,4.7,108609115.27403446,1.9,11.7,1.6,12.5,-0.2,99.4047,247251.68869309837,460763.5829662261,1637143.6170356588,252606.16740088107,854979.148311307,173349,10974.684287812042,1035,1650,1346146.255506608,1722,144234.94860499265,224442.87812041116,118.8,112.1,203.8,206.8,85.125,84.44,11737,85.81497797356828,82.77180738642204,16.458,109.78808988564425,1257000,5.25,4.9025,1.232133893639963,0.4197094559825825,-0.08131834458795144,-0.21122164331374063,1.1961956793300201,2.3156286678056435,0.5175467090485586,-0.43107378567695154,-0.18742882917145381,1.0009241146256758,1.0197665646807113,1.8506315624854757,0.3652404216481529,0.3575009015728729,0.295139035818767,3.2601731297955414,1.3977921619061748,-0.3874251877494824,0.16238013066081275,-0.7705535869897431,1.7225696584243668,2.0579095923401685,1.6519061513120137,-0.9833806711809352,0.7218271095793078,1.6496240377462064,0.228458215338037,1.7726916840269182,1.1925777624749359,1.2843678446051685,2.0178791117362422,1.397397270427641,1.2691635463535342,0.45399520207217775,1.34322804373374,1.082251599436911,-0.1064436891307323,1.9796278289817884,1.0450546008524753,0.4435354134273642,1.2393815416779137,0.7561849021910874,0.6482791632033974,0.5016095941692085,0.7021641721598999,1.7132753110958392,1.6063145279184174,0.4461958561238629,0.2619238023386506,1.7372116359734397,1.4934513813013066,-0.05761161894631046,1.73580839944152,1.2738689286444596,0.6975711607003704,-1.5840853369883694,-0.583016857054242,0.6595376801174699,0.17146933534935666,1.5700476116145952,1.3539458839038272,1.8876183214198812,0.6592293939801844,0.8908601675901278,0.9838364454611122,-0.39881351424422296,1.194938372142012,0.471771176573563,2.544121586200051,1.6381970257436052,0.8825024081890207,1.1143722836878205,0.12502815982921528,0.040797639370380195,0.771678728236874,0.21848808318293267,0.004020978857817645,-0.9922352089930431,0.5323247603786668,0.7877297692827142,0.6912780419817444,-1.2125840296411234,1.0609376534691817,-0.3340571230810778,-0.36793078326515394,-0.9232486871411005,-0.03708293581042267,0.8249753262524161,0.5125592023356075,0.535449301738976,2.626396414653146,1.3425877846265553,-0.4201523172403488,0.77900734374162806,0.614765844919224,-0.062386159235128906,0.5760259729656257,1.1122689474007466,0.6031413958488206,2.6369990839510318,-0.974326360743623,1.275918318463462,1.7472115620231747,0.9143997574977275,0.2625390459786544,0.8947237496978898,1.4558213186579312,0.7284457167980887,-0.1051026128227589,0.048628724251581656,0.7559608927796467,0.40940760725488234
2006-09-01,136829,144815,4737,4.5,108639377.03193577,1.9,14.9,0,-0.8,-1.3,99.2246,276437.53975171375,464324.75088926055,1646887.3097312714,250274.43405337917,890563.2376151327,173195,11042.613837129866,1016,1720,1337722.3151398082,1655,146110.81011048032,222781.55991613862,116.2,111.7,202.8,207.2,84.902,84.573,11800.1,75.2279098254458,85.89467972684757,16.974,108.93808363449538,1581000,5.2540000000000004,4.7299999999999995,0.003068497629695233,0.30996952648422527,-0.718584324948649,-0.4090214053791943,0.24742961703290156,1.9921813714364167,0.5428647244163661,-0.6871110119355631,-0.6406507145527904,0.6679778335426503,1.1486628943933979,0.7667508382315741,-0.19017183674174554,0.309563785003748,-0.1989897585320653,2.3686060132171973,0.927066613627515,-0.21178702839952124,-0.05496193080572073,-1.1281662318758938,1.374927656777088,1.6273480951822812,1.26783185061924,-0.46852972545922505,0.25526751445246854,1.0791249346185807,0.16819545017598467,1.258650496786195,0.6665684891717488,1.1514263536249436,1.188510592121869,0.7332535429502544,1.4355422070458006,0.06229271550767919,1.3476973916857504,1.17951238413388,-0.45182726928011,1.4365401268274196,1.107817527492287,0.09169765293433504,0.8082463082911515,0.6246240520035607,0.31487863301365326,0.6267140004981551,0.645483289815828,0.821123958384623,1.1729482523119985,0.5631350360242131,0.24351829558901017,1.1918443919764847,0.574893639316492,-0.23556595979117792,0.799397257807488,1.3131268642882843,0.5931235034706375,-0.5495308304535516,-0.42104267799100037,0.0947611269066916,-0.7475952802911209,0.7575882351484164,0.9234198574935666,1.757679827427927,0.6680130253405879,0.6816518322953509,0.932147103895237,-0.4255819836108322,-0.5371618651170349,0.5496619845387565,1.1171455671905663,1.0956173668922473,0.5470934869873073,0.25700825720227105,-0.35188440971313556,0.1264412296222676,0.0447473272213184,0.35798395531433946,0.32629182471145524,0.03720305951763591,0.12896985811587391,1.1205162702007965,0.7373990327244019,-1.0996955064512988,0.3162299974649671,-0.5267730787673761,-0.843739674102473,-0.9589021699051039,-0.2430290532926489,-0.39188660382136975,0.28485913830167203,-0.9913534285975473,1.5004593156529613,0.1661353795264322,-0.9769588589894032,0.7486729148530423,0.572663168920472,-0.1378851295536377,0.760565209226442,1.788285852356358,0.49484792892831136,0.2629191474569485,-1.0548283197709305,0.806486418988344,1.8644484837097814,0.84162502863817,1.5230911868343593,0.4660941765428725,0.9806073819285919,0.9373095079152869,0.8323910575169728,0.15697946178244396,0.03016222571116368,1.0167594925188832
2006-10-01,136846,145314,4591,4.4,108660436.39549802,3.7,18.7,-5,2.3,-4.8,99.1229,256135.62843852566,468092.84314419964,1653538.287982823,250976.36419447002,904725.9804963283,173866,11090.174966352624,941,1491,1325723.1234209347,1570,148205.47330641543,218496.61165025618,113.3,111.4,201.9,207.6,84.702,84.726,11853.7,69.51429718306534,95.08949933831842,16.865,108.53446528578016,1262000,5.2475000000000005,4.7375,-0.17126502114468517,0.655418038456138,-0.3042909119395521,-0.08533327703107138,-1.1883644609058661,1.6561137799347554,1.0722171309830686,-0.7997447827494502,-0.4394686340632116,0.7655416863042448,1.3051910996618263,1.1841725448355849,-0.07702719841792571,0.575822497621256,0.0888858696726788,1.4006387066011634,1.3500258311610387,-0.5425112512525541,-0.24721518619859378,-1.0545521197720646,1.2430018964986844,1.9275273933677253,1.875153188982656,0.41062122750474794,0.8940413649487503,0.9544586692090603,0.16694388432088014,0.6625065344943092,0.48132272654182895,1.0273425826883167,0.8196568034578982,1.081339832725043,1.101692561893128,0.7107346968537601,0.6845780091929676,1.4642427796673654,0.09114688862341531,1.3182345772042918,1.2239723575547163,0.0440658177176964,1.3056617414806622,0.9153748717879187,0.2231489109630912,0.9260214070117035,0.7085847832928581,1.1964960053792995,0.8171937775649848,0.5433473915166702,0.3402835637390263,1.201717626944974,0.31260102291869285,0.14008901082087064,1.5274408915589932,1.3593974153951973,0.689870992554794,-0.2600185996102193,0.32421710697068223,-0.030179239879358548,-0.39262042861661683,0.7229221684051241,0.6906283332988332,0.49299588092146013,0.22560199464613379,0.642636091637166,0.7887034156766677,-0.7262732383687125,-0.8235825867502895,-0.9967756547043519,1.3579149297990842,1.199514457336682,0.17369551557652677,0.25179067740001015,0.10082486293984416,0.1976651163192836,0.5719830431071178,0.5206579887071813,-0.3124780525262582,0.3857762433298314,0.13812501983405692,1.2880084874713522,0.7873218694447853,-1.1616109319044616,0.3336029026588979,-0.49028844752839573,-0.6394508778097495,-1.2161779859579904,-0.21884728059102956,1.5323834251304798,0.8568099056071177,-1.6657152584233312,2.0815500830442035,-0.13156393210388082,-2.2086768710158275,0.8253809218393138,0.5764221017500913,0.6225317228641079,0.8187451631743538,1.9526754164141475,1.245975270676864,0.010442584909530206,-0.4612527739269626,0.8358018381265783,1.926296142634142,0.94703261889617,3.1442939508919303,0.5226191235914808,0.862038441323369,0.7591426539051618,1.0137993258498277,0.4396495508450615,-0.08056426939325761,1.0904421293622193
2006-11-01,137061,145534,4645,4.5,108736855.58202185,3.7,22.9,4.7,4.5,3.2,99.0963,265320.8388901347,472399.7120298356,1662703.8644230496,253398.4020016287,923287.8167376757,174315,11094.168604170847,1003,1570,1323894.4424118684,1535,150344.0299300138,219904.1673059447,113.8,111.8,202,207.8,84.731,84.766,11901.9,70.06880598600276,93.53605730933292,16.657,108.64509674625607,1305000,5.2425,4.6175,0.380628319813097,0.47046488238706574,-0.4527379268946713,-0.14487922928373334,-0.9110984722292114,1.1172745193159999,0.799330180444707,-0.9847956733318346,-0.3810943045907763,0.48076957238337936,1.3550007991302224,1.0995903823027997,-0.8483522764360333,0.3470438416149575,-0.2651595857401872,0.5616176716414114,1.4821900540853907,-0.982097286035873,-0.34635309263874214,-1.0425175457637716,1.1799112055370244,2.167004400194532,0.5196457859096754,0.8032918601059892,0.8752979518796691,0.692250300489485,-0.00948374408605286,-0.1411267385592823,0.6039050404533192,1.0256727432522132,0.4636201184062527,-0.04658329940508721,0.8631187789410757,0.12476419131125763,0.3068432318818415,1.2449734632087792,-0.20695612716706976,0.32306953971363656,1.1365433654413766,-0.9478318224024107,0.8483144600921102,1.346961276159461,0.023458004438436857,1.9580101449998917,-0.1350915117768185,1.3681313454032211,0.8035967387057157,-0.06881913114164212,0.24263632495143866,0.8930244681569182,0.38306241300819466,-0.36496894585677103,1.9205569955002033,1.5184289858903162,0.5039006321835131,0.03373150750668659,0.5382599640776512,-0.03908708276364111,-0.22977478838550322,0.45796699497395754,0.13686116678170498,0.6317172348070846,-0.5089323808421933,0.399046893018862,0.18497139987839845,-0.758974981540288,0.2574505550665124,-0.2581857669937717,0.6465776942021382,0.9566262394256182,-0.2806678005453823,-0.19387333753897817,-0.5496444254951915,-0.01857525331892257,0.26111428285719673,0.46480956535493234,-0.10049355461505183,-0.15661812806377395,0.050741308929392014,0.7922523860392997,1.127590736129711,-1.0168607599702169,0.3555824054184332,-0.6160248484616012,-0.19728380688867772,-1.0956980093871993,-0.6507875184747542,0.2102498564113407,0.8384745408813514,-2.258955470047943,1.4969261588387937,-0.18749368903610233,-2.59155685846761,0.5156789951486836,0.5514489481029217,2.0246164815932177,0.5100042100719535,1.435085282056435,0.9830387297133957,-0.9465991662521469,-0.6113745045632791,0.7625998162486313,0.8971570443031096,1.018592645857306,-0.5902328832705773,0.5733670872297361,0.5312600008772762,1.0813573694324312,0.2793613791188924,0.30241685835597215,0.3000939016179231,0.8718556656820998
2006-12-01,137249,145970,4620,4.4,108746924.36284116,3.7,20.1,1.1,-1.8,-6.4,100.1125,269596.15203688026,468968.15316586697,1654710.0489983698,260934.7069338602,935251.4347539751,175464,11158.50503339919,998,1649,1335269.0751717002,1638,151466.50672687928,224241.46203782107,115.1,112.5,203.1,208.1,85.032,84.88,11958.6,72.949007432496,92.15199933831843,17.107,107.68198504183852,1620000,5.246,4.56,1.6728917489506077,0.04828829969043357,-0.39477825115173254,-0.054077571746153075,0.6119215384163667,1.2482863996387896,0.7713518409283149,-0.854389149366063,0.8755385409672354,0.716056152946555,1.2523033432180242,0.9665402771750786,-0.14363434601053876,0.16865319499898707,0.16846338260738963,1.2091486126177011,1.502457101985509,-0.8946199340519376,0.04111033698097257,-0.7386764003488461,0.76335754827943,2.5318334554916344,1.048468138009343,0.6516036531037782,1.3382666285608988,0.6568994386386112,0.18085513694206645,0.4495399027317979,0.17450945064643775,0.8298754912113461,0.40791280333557245,0.11057867348985317,0.8246044473286597,0.3113919734830644,0.7245901483792232,1.69173803558215,-0.04610078790886755,0.8731623293293387,0.6567701525143855,-0.5432762698808623,0.18880776153674028,1.157805591570418,0.29808963861525273,1.9314949521346776,-0.40923747496785734,1.3079386389024985,0.9238450674876655,0.7151583153606845,0.9699967062663142,0.7720007225088592,0.4818006137733672,-0.20158694541597433,3.1501053931138245,1.8963919610104265,-0.3987627956053144,0.713870572327202,0.7032152123169136,-0.18016639159906325,-0.2713605207052572,0.6335315363540687,1.331375344016566,0.2587824855828146,0.45611853543092795,0.4257309327297129,0.12969672441823782,-1.1546381782346637,-0.28949537574829054,0.7316273826201567,0.2846628366250212,0.7373974806803467,0.08271705141247417,-0.6069534174165109,-0.32698878641347795,1.1506632227291327,0.29125746307276207,0.6467344990251384,0.6423246405049494,0.3953019103335558,0.3314860683758223,0.665801658643082,2.3324665301654846,-1.0633099405737099,0.09059280497385373,-0.6738621692970543,-0.2747752690576035,-1.0730433000239803,-0.7373158118334112,0.21088929322154037,0.431778340954031,-1.3294480267540896,1.8232257654943853,0.35689910258597507,-1.1293352895409343,0.2962729510035291,0.7962807070733936,2.3302488366890373,0.9991996698560962,1.315280061153844,1.3470415164957432,-0.22375468229268647,-0.28742765633019124,0.7698237259384628,0.5102008189389057,1.3045925739225575,-0.3181522116551101,0.6816648829867378,0.3098423963212969,0.9619702276709124,-0.14174754652857885,0.4353155405233531,0.5565313986426655,1.4929663069705894
2007-01-01,137472,146028,4763,4.6,108782803.01010776,7.9,7.4,-5.3,7.5,-7.6,99.7546,261344.8825542688,468873.3649022458,1650484.152188289,252745.0888461719,947940.5973088284,174891,11180.435088377326,891,1409,1333767.4058793192,1626,153134.23039054807,221133.19893103285,113.7,113,203.437,208.6,85.316,85.224,11956.6,63.96221107412443,95.21594861368075,16.896,108.63817439658501,1269000,5.24,4.74,0.763570078163988,-0.03621835867839606,0.007902631229697837,0.048439917840332095,0.9797202900755118,1.841043125387339,0.5153084852811917,-0.8856857102898247,0.6516189844727965,0.883131919157502,0.9699971385749553,0.38993114838533194,0.7861562958262718,0.11212793032191523,0.07847135718233564,1.6448478699151,1.7622920299654257,-0.6454300944876603,0.063136468563777845,-0.40399083327152296,0.9841129182301636,1.6969337302212677,0.9119414673219168,0.49314544444705716,0.7903875268112576,1.1254351494545596,0.6053118430084874,0.4698080499947618,0.08979011484688991,1.1622222306063228,0.6492814835439773,1.3182712116226953,1.8559138426865833,0.8538518177871275,0.14113070289754184,1.2236023450604927,-0.646266085521626,1.3445890538599177,1.1283379039248826,0.3102498976378324,0.8569235553225689,0.9899570072206318,0.30637808151941404,1.9832530933447234,-0.236151754545878,1.3323197868115606,0.6311712551713697,0.3205585879691954,0.670319480005269,1.2631829561738157,0.5090589051468589,-0.5644277300009137,2.0056189578222154,1.1910382831343513,0.7372486626769857,-0.0895404823952896,0.8018626857363738,-0.010749198046766967,0.5604017478385754,0.682485061210316,0.34611450322918424,1.0534761027482191,0.9668614480812923,0.2539066687394639,0.4388469558372729,-1.5438775070355986,-0.20806101037523528,0.29406657699760763,0.9108838312149443,1.292109569643824,0.4988943462182099,-0.8547133607679833,0.9338302886945461,0.592221121469644,0.09913102756863654,-0.06511549810054335,-0.6381521001741984,0.14252935037208764,0.051305861480021905,0.8622029510550988,2.4172403669354914,-0.45173093919461765,0.03303541235683417,-0.2083692336652696,-0.39349619794989205,-1.0435913937416141,-0.7815983242846318,0.5750159911133509,0.269821596905185,-1.0542554481183175,1.7965917575276888,0.5360251667802559,-0.2642542284640303,0.594805645573835,0.7736152167574409,0.8517168342295119,0.9039563885681573,1.7491742388550027,1.2805785220892518,-0.11703703971432364,-0.7471279168096419,0.6027816900175329,1.004482439563762,1.0967959522341777,-0.013388883003015262,0.2937413753033933,0.7572358674432073,0.22869945213183174,-0.04823815501974951,1.0749784013221877,0.7626448541464511,0.969335063860322
2007-02-01,137558,146057,4699,4.5,108820734.82087868,7.9,24.6,-3.2,3.5,-5.3,100.7166,258190.4862060504,469370.53785302816,1652499.9776767553,255864.03524146712,954356.6913216718,174584,11177.714679660205,828,1480,1330940.278800201,1598,151296.43261938982,219628.1884997838,114.1,113.9,204.226,209.135,85.581,85.408,11996,69.24434161788247,90.57455368614451,17.169,108.32789115653762,1291000,5.255,4.77,1.0362895300506958,0.32291547899727063,0.29295643220043105,-0.039978214378283417,0.31043151809481934,1.5931944128165256,0.4774519805367904,-0.8600840893086714,0.324454805419085,0.6009633765302776,0.6826547951093488,1.148105239491731,0.7861084657505788,-0.3782895386917505,-0.005294306816837242,1.2827894185635522,1.862639959132809,-0.3663325804155618,0.05484010669753471,-0.5296105480592027,0.2815986929481261,1.3668146942668336,0.9854688818584215,0.6343785851169957,0.8529093625334243,0.9201507774448081,0.5637349425161031,0.23242109125199287,0.15774420125353053,1.3998266577601415,0.9396194582161315,1.3626928294072944,1.4113078595531263,1.2464326014970875,0.3988063385138265,0.8630926206250036,-0.319365014983351,1.522460895412291,1.380938626307698,0.15457415150421758,1.2852560138979219,1.0895823408514869,0.5905363952802697,1.2812447900472854,-0.43673252274687313,0.7646982402265188,0.37865973036324385,-0.15313248492598702,0.6961281191796931,1.3281022391279627,-0.07925044582691411,-0.06119016191709379,1.9879716463321502,1.0101830471240005,0.9035576707435415,0.8231613944854692,0.774159357729602,0.17315824927564907,1.2100187076042173,0.6445921641985753,0.06857280264360642,0.33658800377320564,0.09458148321594412,0.42262294280960344,0.515104531174535,-1.3788978562306742,0.2931823033879364,-0.6578072611698822,1.5265716198852224,0.3543814620843099,0.2723743958949055,0.22775646825718737,-1.501718061652506,0.19444134885007003,0.3516284746395524,-0.11220454592169321,-0.9818692557549604,-0.4299523059325031,-0.12186197798652634,0.8953861785850941,2.8632905219324596,-0.5729605550584465,0.2606495058705436,0.3317341110232866,-0.8031518396705462,-0.8888183195626408,-0.6741720951792788,0.9920372313273339,0.5529565196733349,-0.712705280847891,1.3734829189006583,0.41833696558119693,-1.3219247535982812,0.3229892967269187,0.7908118562193196,0.5566221538116768,1.9402792657737402,1.9120903907396076,1.2381581834355733,-0.19233753895744554,-0.8064961281833825,0.7092410371335856,0.18810690148274611,0.9511127285234846,0.13063820432047168,-0.09936203333159525,1.15196166942797,-0.05117103611592202,0.9398926043825901,1.706860466839112,0.8101850343326906,0.6222573067645959
2007-03-01,137782,146320,4962,4.4,108846070.01211785,7.9,13.4,-4.7,2.8,-9.5,100.8952,267220.06193680584,470369.29238363565,1649596.1524399773,259207.8608517475,965786.9001327218,175078,11190.187906023704,833,1495,1334929.0986564835,1596,155815.30723915523,228210.3522946888,115.9,114.7,205.288,209.418,85.894,85.494,12035.1,70.50550678743568,87.8339739759996,16.438,108.4416023777007,1547000,5.264,4.566,0.8102030930885388,0.6224302851117622,0.21787118758603133,-0.5585079277237334,-0.19752753165047865,1.6718332384633492,1.502556486929054,-0.6268958246865465,0.0391671313026489,0.5086190630483545,0.5298635937130087,1.6182499346385193,0.7158726483539365,0.18168761573340853,-0.2659326531542263,0.6466441555001013,1.5887359681998732,-0.5208279938531712,0.5244075614384207,-0.7787081430723634,0.982502913328815,1.3847455487849172,0.7516120789737353,-0.0036378435260281394,0.5008957121342518,0.6540351658918876,0.415333246714579,0.09908272844637477,-0.04727550626481557,1.577556146279679,0.9328318850172992,1.388085780789033,1.4138369276130212,1.2776739038852016,0.7707187007246258,0.9177069537932747,0.25289013094917434,1.4426673403413528,1.1790448499874306,-0.10861765245092887,1.3940309352551592,1.7022106963714427,1.0742208030828182,0.7570257618066707,-0.6282098586555658,0.9170610157437137,0.9610005414051564,-0.006029530111975699,0.8952622095159576,1.6079302177742296,-0.18439789080229393,-0.06608232256065674,1.4534322609501824,1.0937914521128598,0.3871285315380065,1.300268696896957,0.6407747962878995,0.560220992810388,1.4840508400457362,0.8978604505317579,0.25260804321772845,-0.3618061906095904,0.5009416418248235,0.3181197411890062,0.3968331490817294,-1.4914276299781903,0.8373751673988149,-0.7581844033224041,1.0971504261611615,-0.26887314671718165,-0.13360914003189514,0.30383090634927457,-1.181147061903901,0.06941121992415618,0.6580826360920183,-0.07874280829129322,-1.20700577499876,-1.0914253451821614,-0.2310980232394602,1.1228021809484858,2.8622291338095356,-0.7223324485571126,0.5514142549738649,-0.04863898652567094,-0.5236830089644096,-1.0783489589240927,-0.5819889381564826,0.5824285092227949,0.7940586544861044,-1.3014684662847367,1.615911652727185,0.5070113473273131,-1.2109136173446056,0.49885024622558827,2.3973026760362406,0.29120053966253967,1.0912297903310977,1.2322188508925995,1.0825845187488288,-0.32324638474460643,-1.1346217670050245,0.6600268961291521,0.009625098093717144,0.969284298867465,0.20072448366200887,0.10121157626103595,0.7788871088187841,0.053407407947694045,0.4060725905365659,0.6956522283695311,0.49736599161097556,0.6533545822092711
2007-04-01,137845,145586,4689,4.5,108814666.87290701,-1.5,3.9,1.2,2.9,-13.7,101.5723,271115.9635755436,471032.33599702653,1656792.652980542,260519.65248095148,981361.5034380226,174140,11200.984947035868,887,1490,1336403.5495261103,1470,154886.40587251438,225149.83274484298,117.5,115.2,205.904,209.747,86.096,85.616,12052.8,74.30078052406616,86.63189064266625,16.615,108.72386539369045,1281000,5.2524999999999995,4.695,0.9172888500247942,0.011503371405965558,1.0415225804068255,0.13870274406647454,-1.0540201151782227,1.3660076796022136,0.9852610711474357,-0.7592569818551398,0.18842903607315833,0.6620605722132555,0.30717757653452155,2.9526313359309806,1.0500714662651678,0.04292847313394614,-0.5773408318057639,0.2612553982453617,1.1657384426091362,-0.7408979537892967,-0.10387472758199229,-1.4356819292188747,0.8525009428666745,1.1799002712903301,1.1057436291357403,-0.37919383771929516,0.5791803103808687,1.0074071615045375,0.47371363799975236,0.20113558094422795,-0.20554054118402768,1.3457690054169658,0.6635723731565368,1.895543404447222,1.3490313687570274,0.9852598740168104,0.16842355157639258,0.9186339767723957,-0.003449018303033343,1.1054359476872917,1.4755071071819024,-0.1776666153367023,1.019071822798842,1.772770593720544,0.9360796594231618,0.8929217456988036,-0.01402404356206683,1.0556327713296123,1.3607160951600015,0.010882165053772356,0.3426301262430882,1.5461763896238452,-0.1415582658650854,0.03769541958931483,1.4133216235480544,0.7454433483171415,-0.08381705891179196,1.5723425517901888,0.11988877153687923,0.30561725909110354,2.286267872429652,0.7962695676799367,-0.2858302871684758,1.2635443154497545,0.8277527967678064,0.4149206910262352,0.20462414146015095,-1.4295163681447853,0.7110985196140578,-1.101584746859993,1.4525025461550558,-0.5552783277258877,-0.1328544650487533,-0.09690492516080501,-0.9303206857294145,0.7290555946681355,0.5282009563078863,-0.3160986676839835,-0.9880082968362748,-1.228739417054104,-0.42533557324537186,0.5763960603533274,3.046430671712801,-0.865128019530411,0.6124168796977916,0.24642991737895628,-0.11743734482589277,-0.6335871437134772,-0.4572841632683272,0.46319110217454146,1.1077836667074195,-1.201812672711312,1.1674727501667896,1.0099046524615523,-0.13688972697102766,0.8529271808138092,3.9813122096513816,0.5596155579158218,0.7144779002503224,0.7823930297944498,1.315541385190966,-0.2619150220942994,-0.8461302643683536,0.39735491881406604,0.517963761039127,0.7148578898132761,0.1588294724215913,0.16427659556505836,0.9754218881734624,-0.270169472532792,0.6076870882232,0.5249751078793522,0.4733495102038278,0.264661113397585
2007-05-01,137993,145903,4657,4.4,108864484.15965018,-1.5,10,-4.4,3.7,-8.1,101.6269,265022.12030667317,471016.60760197346,1666123.4948633525,261796.72480485486,989067.2410997613,175611,11217.427558890973,842,1415,1345263.2432307228,1493,157314.75690825284,226306.95110369907,118.6,115.5,206.755,210.058,86.346,85.717,12059.9,73.49500845435804,87.9775428165793,16.661,108.93128849366607,1217000,5.25,4.720000000000001,1.4153324675463863,0.10377692476382433,1.3204103639925873,0.23973092181708483,-1.1787096616882116,1.798269071738768,0.5719949082905036,-0.7741816836057868,0.08556265689499688,0.4321816753935856,0.2427378949447253,4.390966119505411,0.3360236139458068,0.5910776233801066,-0.3245237951231872,-0.2651824220897525,1.3539572251012122,-0.6457928211836936,0.9158531658066824,-0.21855970223989968,0.9538200090543246,1.4447323828870482,0.669969628559807,0.30453111590036597,0.5242381044305957,1.2780727524390103,0.4897785225404116,-0.10473942968037481,-0.4574067973182637,1.370327950307941,0.6203932989012166,1.7028358526049763,0.9397624276285896,1.0907134207199034,-0.06772980856810967,1.0442675578989205,-0.17200469062800053,0.9245101193341264,1.1097872987336352,-0.49146002282828993,1.0228470774788867,1.0086641380033523,0.5576091492189648,0.8716406582662997,-0.16711241341835267,0.7696885166165756,1.2958204415834085,0.17532695460048103,1.000196699193423,1.3108916926840237,-0.18114672760114509,0.07229134167048029,0.5259927600721961,0.6380239231387463,0.3432897383485326,1.5295425165152907,0.046827640783987164,0.269446279111041,2.0218912938611626,0.467469885272364,-0.43166056329327485,0.9038469473803425,0.8707275940402827,0.2712747476815853,0.23343483869159934,-1.0135392062314343,1.1535560555497255,-0.9730029753876231,1.609118224648299,-0.5360067686744003,0.08305304299074118,-0.19627463112779406,-1.0994204257494566,0.541196370241746,1.0639850297054436,0.2825501585029706,-1.550537672766715,-0.5616747325406926,-0.38752400238798584,0.7890550386265048,2.4332854380499707,-0.956444343292493,0.49504769987572667,0.4414961172059128,-0.06625230020730233,-1.0166415114524237,-0.5603265809275239,0.1863204300820353,1.0517577871460722,0.49593173417495684,0.702490195609485,0.39538878363154684,-1.5137453359763082,0.9836029706345417,1.9067224631648414,-0.1930524909030284,0.7181905340599772,0.974719817072766,0.6984052733613743,0.03468119678885244,-0.4844709878340111,0.43081003527758,0.5375305132665781,0.7808055912397012,0.22652691093499805,0.8727501977603279,0.950467831861864,-0.478108334375126,0.2511018562161429,0.3771143558981102,0.6573512126778135,0.2664647460136161
2007-06-01,138069,146063,4859,4.6,108849228.08041753,-1.5,24.3,-1.1,17.3,-2.4,101.6547,264498.6074032983,471688.10456609924,1675180.675409066,260208.71615296605,998385.5123715748,173830,11217.973165066047,793,1448,1344648.6149152308,1407,158688.99444117004,228026.44200210334,120,116,207.234,210.392,86.529,85.859,12053.3,77.9854152942944,84.5818000629561,16.179,108.4593859371055,1576000,5.256,5.07,0.7438714672497121,-0.10096143438013327,1.286143194582048,-0.12918811825828336,-0.8126618348781337,1.4181604815936675,-0.08068708242010393,-0.7080707362564146,0.04922138950590715,0.35406616549975256,0.3030369140093075,2.1316151192590733,0.677649591910018,0.29027727861557107,-0.2548504357168522,0.08457499239720276,1.1355342480466526,-0.6397095132637074,0.35891483164617877,-0.5886812881290728,1.1202208486193412,1.136267151677037,0.7297885223399848,-0.2197867407416372,0.3925874121454065,0.8108243921855631,0.54313187207452,-1.1936470071719327,-0.6863158032449973,0.6682541241800964,0.7581774977694656,1.2174326524401018,1.0608247527643329,0.9178767286794143,0.42362308507736246,0.8292004261341179,0.12489076733279017,0.6911625707551319,0.8162108155424749,-0.45116392813604433,0.822827476551623,0.8569164557899975,0.7106592856227913,0.4779782466881213,0.0036588088710963417,0.3063112205900135,0.9673693937576238,0.020448055380644693,0.7857377555100109,1.1484370586705792,0.011970415263709221,0.2802622091674813,0.6890086916148719,0.36263989880791836,0.3433383799767855,2.533394585826816,-0.3182871233796434,0.2650883825979198,1.38396406433045,0.7733018893722056,-0.6524016796802807,0.3468785426892079,0.747179071984536,0.2994599810309448,0.46279988513471304,-0.6464574506902844,0.7102613761559928,-0.6964875159819203,0.1239678005094257,-0.7650073004416889,-0.3061037767746863,0.2141642915010682,-1.5389060582537746,0.7052870889921146,0.6064059896132115,0.10978791655661202,-1.0544159439404401,-0.898526397434329,-0.2729430598772572,0.559902878771038,1.717884624740713,-1.1356399645001871,-0.07868802588137275,0.12548272024347942,-0.030884921708458267,-1.4860427704674635,-0.1632197359305278,0.5892333163329737,0.7287089730735342,-0.1879848054553825,0.9774858785868763,0.030959347848114643,-1.7860906066029971,0.5450726649281975,0.6704062860191919,-0.07544542744917423,0.34768692226936937,0.582987004306739,0.2873867308691686,0.17586906696517596,-0.955737174869046,0.343566810698929,-0.05534771091937636,0.7015474222043392,0.24148551074117963,1.3626858247990785,0.6476620564430864,-0.07774465488176703,0.32755137629246495,0.2583920091809616,0.2263985169315097,0.32623785320244236
2007-07-01,138044,145905,4598,4.7,108792199.8385637,-1.7,26.1,-6.2,6.8,-2.2,101.4953,269066.8236000046,472173.1805541132,1675299.2753507409,259669.28606870447,1012646.9807641268,174260,11252.00493878446,778,1354,1333296.4078420512,1361,159870.068427551,229390.3832173642,121.5,116.1,207.603,210.773,86.661,85.988,12066.4,85.59790447836974,90.2402471027341,15.837,107.68066858557732,1253000,5.262499999999999,5.0275,1.2655847662515525,0.1814914537876529,1.1552692486628224,0.7714492780104258,-0.4854741232442538,1.2110651617327182,0.9503267363436387,-0.7937074945748953,0.8827109866419278,0.013479793683273344,0.7617904889496936,2.1324505680217554,0.9122996994013486,0.35242852134093444,-0.00730404508372081,0.9768171276599625,0.8231193437869422,-0.7628417896505394,0.20685392447683643,-0.6140216999459035,1.2473272534773427,0.9532403424096753,1.169378544438613,-0.013892833051320894,0.5149917163071057,0.5847225589081065,0.5150360995790542,-1.2307200488328776,-0.1860371901677466,0.7370512889230876,0.5976643355595068,1.0211279669672648,1.3137954389527984,1.4660146332601018,0.3878673826152547,0.6591613989505449,0.698131598134854,0.15813437621478194,0.6276709063103382,-0.5634977231417172,1.660714199191379,1.2244956554958266,0.8126412595994607,0.42406024270220344,-0.3758033399572293,0.26337484515223863,0.989853762732871,0.1466757644892288,0.44319521044188753,0.7665633967990917,0.0710056163036019,0.5351463775184846,0.5696189622691821,0.43654685100367807,0.19889499424595214,4.306775024990387,-2.403074432134394,0.6206242332813814,0.9067126715228039,0.8470234093726958,-0.6750045838712959,-0.08804375444944124,0.7833967517994428,1.0928759556047312,0.48580445308334463,-0.3157324691546598,0.8485843152465586,-0.5754328129993145,0.2343734174332949,-0.5921500491096658,-0.2531644406153628,0.18482775761254516,-1.2148758719961068,0.5154516005499042,0.6338550903763644,0.27066089502880275,-0.6541891359778056,-0.6245083496073387,-0.2105136907099801,0.06678626667437133,1.5186171338117611,-1.1481824684486124,0.06620658948541122,0.04171340270780927,0.23563354590655947,-1.5312513828454324,-0.31175093970502976,0.47076670111819346,0.9089169590744467,-1.8054903222622858,1.0488493148125728,0.5768055553135776,-0.07537658157267726,0.7689464196839426,1.4593370414385445,0.5610152606795782,0.45857898125663554,0.5262617780667085,-0.10818467283015788,-0.25404523667608353,-0.6107995138047169,0.4747475392419311,0.1968447259504217,0.8721713504265133,0.18023283697172904,1.1647065282738474,0.37833638922247176,-0.14795734485704154,0.464510789265263,0.5030602035757341,0.2255595482682393,0.9027920857306295
2007-08-01,138013,145682,4546,4.6,108856320.80261268,-1.7,22.8,6.5,-0.5,-3.6,101.6943,271861.1623616236,473050.0461254613,1677622.8136549867,261622.463099631,1029244.6955719558,175125,11299.46955719557,699,1330,1336574.0313653138,1321,163189.57564575647,229166.2822878229,121.1,116.3,207.667,211.119,86.72,86.116,12070.9,83.47555350553506,84.17180738642205,16.379,107.37750253212288,1280000,5.05,4.686,1.1650521685915276,0.006566987728586937,0.5570622994505752,1.1398497426929124,-0.5045254777969522,1.0834229772922441,0.8471394947584006,-1.128512148365492,1.3468587025040264,0.2685822007553678,0.6879659227176346,1.7451494157793541,1.8453163675613404,0.5115692393719342,-0.26022734020501076,0.8076679602649373,0.9288472356773855,-0.6171214138589367,-0.16994491682910856,-0.6272711616185445,0.7095082249358915,1.0715654268648438,0.8715635696503561,-0.27486523964871745,0.5160707439326013,0.27866494050934915,0.35634095106340025,-0.8565880659493681,-0.06033186730720358,0.7343141661685837,0.8170173785493832,1.0831051526088111,1.0523059880209285,1.5218514021201757,0.4888448380677994,0.6519214701545891,0.8764876936467273,0.2761478748629631,0.8275724787130895,-0.19253870954068866,0.9279480412994257,1.3141207601947806,0.6049989119039929,1.431095685540845,-0.3170758352609829,0.36273830320981343,1.0503440450011998,0.4151364239066794,0.23234900008115597,1.1357167025433734,0.01252095465515086,0.23609433578448025,0.7026238314435105,0.8226913633430867,0.40879978482614743,4.194846608379348,-0.7429964204017154,1.1896122840626995,1.3266967796850344,0.883187268614621,-0.09513509104271915,0.45399838975974927,0.8383321052124919,0.8264581349924194,0.44466569520353916,-0.5611414620695341,1.3205324680138728,-0.3935893187694208,0.5808185895580799,-0.9298210655138243,-0.32558086285159143,0.6493068464760965,-1.4055468587500752,0.536013101041365,0.7579649173500835,0.3571929034993719,-1.1213048312721536,-0.5129818397987759,-0.11153899775165417,0.07057311538639126,1.368351963994558,-1.3374900434241812,0.2741922638288384,0.211581511830711,0.22152935191513262,-0.7970016685599931,-0.25292113343123596,0.5819728704632495,0.8850880007902924,-2.1670836307883827,1.2898109602164636,1.2595086114681675,-0.1774912419896283,0.2320537257730081,1.2049760367115365,0.5615946632423728,0.21494525572901257,0.8310495227697641,0.046557441003474906,-1.5327492816553563,-0.5713707689713611,0.17261841920177365,0.40097370788370884,0.8830104637439726,0.2753785046284534,0.4759766292049241,0.6978184098962315,-0.3989517303424536,0.5557714699743439,0.4137484163825167,0.46801185216309804,0.6357929854123858
2007-09-01,138101,146244,4652,4.7,108872972.4214175,-1.7,14.7,3.2,7.5,-8,101.9428,260152.31925012064,474651.365818917,1681283.1848140736,257950.23778344475,1033983.504491465,175106,11309.187400923565,686,1183,1330875.0890252027,1261,163197.55554023938,230004.36510671538,121.8,116.7,208.547,211.554,87.054,86.351,12089.6,91.8165736209709,83.89467972684757,16.532,106.82765403658125,1567000,4.9625,4.5200000000000005,1.1586329450333799,0.5238450796944927,0.9555888152897599,0.006749726526078803,-0.36395117333494764,0.7750998015636792,0.38681678647875306,-0.874733836554503,0.7151421406013093,0.76016766709969,1.3440368306151012,1.4397915863354014,1.555898549248409,0.15076521780933322,-0.334403116708836,0.7620723693306823,1.3943095624412922,-0.21823655399043382,-0.2449322969757628,-0.2795420434010088,0.8536974651411126,0.8072942976453703,0.6485604179966534,0.11415406604580217,0.10281953789191267,0.5138454200690319,0.20693405681158283,-0.33523422415696813,1.1783119514844433,0.6751919759741148,0.8137911438859926,0.8950309856679707,1.0104523168147912,1.5843879955250386,0.4598302228762909,0.6462160067921128,0.13754282994006414,0.6431392689448543,1.0592450411599592,-0.3643155219292639,0.9586601204059656,1.3326969644430935,0.8456261409136856,0.986129354903875,0.3893484397954586,0.6928923158922508,0.6538367766103198,0.05607829156462277,0.398278981429556,0.5609065730485852,-0.43568492334845643,-0.048040203652512097,0.654563742403251,0.7297214354918018,0.9143574402527324,2.8895740639498424,0.19718711572315434,0.3339312421307838,1.5652526100277337,0.9223297418443283,0.3183886847851604,0.40457398480648704,0.6496568928112423,0.4172989917321308,0.38720727276691774,-0.718974338010441,1.2070635779583518,-0.5408547418893649,0.265293240717125,-0.9678959902086336,-0.22069917671325492,2.5066379171941513,-0.46059692484297643,1.274398201131411,0.2746851628162877,0.4400344839549509,-0.9253934752325642,0.4946291167486088,0.25258831538301485,0.6036775838538548,1.052707536529121,-1.2129540666091363,0.39506836473950846,0.2766559848065495,3.650766042365173,-0.35493203437535775,-0.3185588604296588,0.4587212141503246,1.168708238684299,-2.013565859758797,0.8962421886041639,0.669512228331861,-1.083805487988875,0.5835856403946267,1.1781531512743357,0.9449271151793442,0.21281569581613882,0.5783575118866251,0.47999243957097837,-0.3154364664805003,-0.6140528801440961,0.32279215197441485,0.7479962578895003,1.256603988331146,0.9117556171316386,1.138503492843199,1.1224071455115157,-0.5742959200398803,0.2674512693733066,0.4694683037542841,1.0606888490364679,1.2368496961764555
2007-10-01,138177,145946,4636,4.7,108994447.22150163,1.7,25.7,2.3,7.8,2,101.6446,264206.69277812133,474651.2746512747,1680983.3031988943,257681.1195858815,1043712.6365697795,175593,11318.055841865367,727,1264,1319877.9174969653,1192,165515.70122998694,231557.06727135298,123.6,117.6,209.19,212.077,87.318,86.576,12080.4,98.71962252914635,82.38949933831843,16.455,107.16208852910565,1313000,4.7425,4.55,1.068856728074971,0.3678205472523034,1.0721012833775325,0.22369222106314463,-0.25078699885517375,1.331763762985712,0.24749559575305263,-0.8719764848885871,0.8466583795217382,1.3451222565546668,0.7843650525337409,1.1107898124787896,1.3009042929510397,0.1788402606641677,0.36371005454607935,3.307844372169942,1.1490739483096832,-0.4263372920379303,0.39561455218960084,-0.3071567301747729,0.6245201581987556,0.5281647778528124,0.6747939354541228,0.22997653360297043,0.5609443147696298,0.8235744788136512,0.5196548095631816,0.38100317160499286,0.29408240724487367,0.7330644639628939,1.2756447816196173,0.8662399904408865,1.033206665901993,1.5511617945689695,0.344392007397768,1.1420203885650928,0.44167120231835716,0.6180660065853514,1.0777357756715609,-0.0058942986867878775,1.0517328917162623,0.8554567078387129,0.6702711492144782,1.0609455410013702,-0.0936805585092399,0.44565494686406854,0.19995732193929916,0.4524548542336217,0.6716193031759805,0.7982180662128118,-0.3071315012322125,0.14778361307355808,0.7465720336081937,0.7379293565694347,1.0919238789214383,2.8629288260402266,0.8919419795475385,-0.19938829824319843,1.7944054102401397,0.742260638596977,0.359851210957805,-0.06762668420909246,1.394266209698184,0.577290633843552,0.2266450692568808,-0.5496140774825289,0.8772463485790771,-0.9389674201110921,0.9124095763804574,-0.6723923065212983,0.3288796073023862,5.312358384582955,2.579898610543543,1.0789473817212483,0.6160199040609693,0.557551221525505,-0.4239417349109214,0.22752295269056919,0.298367763016381,1.071843359846572,0.6579438636927374,-1.3634337132424266,0.3149707990256778,0.633931665472184,1.4305515725031273,-0.7406833583309758,-0.4341452950021488,1.2166119482386293,0.9779796949568472,-1.1057596353572803,0.7975562011882628,0.49965863980637815,-0.167827207882966,0.7099170573345603,1.1518162683165296,1.0462124831096686,0.7940953595473541,0.4012512600162157,0.8603829435131634,-0.05742044443701334,-0.18074018975155787,0.4449301989454419,0.3691429289243455,1.3905068435659853,1.4947777439063692,0.4559731453454569,0.8605685880550642,-0.19707755646139563,-0.41970074858322787,0.24601968160364487,1.2295553744211882,0.38324311817300905
2007-11-01,138291,146595,4646,4.7,108968006.0023448,1.7,25.9,-7.1,6.7,-10.6,102.2167,258603.79808842458,477695.6288946355,1684610.1221953428,257595.60724986045,1046736.7653592463,175862,11341.748214306055,641,1197,1290607.3068203824,1224,166623.7568494321,235753.75081167903,127.5,118.7,210.834,212.66,87.781,86.746,12070.1,107.79097982479125,77.53605730933292,16.354,107.54162646769547,1344000,4.524,4.182,0.99444313708271,0.2882608754196139,1.0258159294689415,1.0511753372959332,-0.1181514250224674,1.0727262387467325,-0.47966821679816346,-0.9550364448753312,0.32711539166817005,1.2239665106427966,1.0071151440126234,0.633839384846622,0.9124288656011639,0.29418591410297107,0.20436544054625314,4.389512918987078,1.687207068669732,-1.3184487560064198,0.5353504816905886,-0.22883588078626116,0.4687041830887139,0.679519623867921,0.4084120203775918,-0.043981816805293686,0.3442986600622895,1.0578958932253302,0.8714510071541604,0.6231005416984805,0.6025690926186127,0.6234611813514468,1.4614080180967461,0.38809296247802383,0.824604862753266,0.6880861568982081,0.3426058313950783,1.0083939489962712,0.33457800706892155,0.5854743176410769,0.9882337698717851,0.17499350271161326,0.962102931096974,0.6897565235857578,0.32063446271435486,1.327876964544068,-0.8610548455448704,-0.44539360421735474,-0.454888480680594,0.15972776790595156,0.7233613964949765,0.7526717051977005,-0.40980211821344836,0.5620250922738804,0.295059131342938,0.477455652980877,0.8491742993228335,4.054572277860237,1.3125304572743535,-0.19912730693874597,1.5101465840606447,0.9830330529663193,-0.4557962231659388,1.0467568043583546,0.4978879783851726,-0.23350564878942073,0.088457191066155,-0.22988080542096756,0.07594442942580315,-0.7237592263973723,0.0596187597757894,-0.4551478867762774,0.7928205554506295,2.6709091490819166,0.9302793084727543,1.016846063142617,0.31505724616980546,1.2119927280584863,-0.19899000401445857,-0.2785689199867754,0.4033219906764939,0.8568553468116014,0.4050974358111909,-1.474515076398617,0.1897786003601305,0.5325154322464991,0.4350954758077701,-0.3114583983025081,-0.2938912409776333,0.261927606620435,0.9408176601227805,2.3414976987864637,0.542830313011861,0.07505947420179437,0.8761451781329814,0.5899502603496662,0.5748020282331062,0.30072362978994016,0.7005421769571047,0.286917681963418,0.01218073164871153,-0.9872721924312887,-0.5007006742253117,0.10058617104693142,0.3423987242143055,1.458546140222557,-0.47494518846442035,0.47204005693270634,0.35441841132068785,0.48832713158081664,0.3086129552255579,-0.32574826324937467,0.991909859456291,0.7826863485383333
2007-12-01,138395,146273,4545,5,108906763.51161104,1.7,8.6,5,-5.4,-3.8,102.2764,277826.6503000546,482622.97690489184,1688257.011347852,256318.1942171304,1072963.2660483725,173364,11334.788143298782,619,1037,1267436.1247499546,1149,167563.4206219313,233814.1025641026,127.3,119.3,211.445,213.168,87.984,86.92,12120.5,104.2575922895072,75.95199933831843,16.03,105.89370634640805,1741000,4.305,4.105,1.375305351444169,0.11431379637108068,1.1367723146210773,-0.04059983199480715,0.19664542288535133,0.2937595957475429,0.5000104025692361,-0.7824633331839876,0.4809279060398835,1.0335791537855659,0.7071124808866442,0.4867052005781612,0.6328259553119147,0.8037221275341203,0.15848964014791497,4.178268793875203,1.5841548521950504,-1.3881186645382722,0.5560772999788014,-0.5500213632896527,0.7858572029734749,1.113929110611533,0.5655589572540867,0.026664344074198845,0.027091138166969488,0.7943220398482445,0.9162552931354526,0.885223480165285,-0.8202280502249238,0.42670809830947515,1.102734427388068,0.03485121579172313,0.7080296153488231,0.8634214684460552,0.14623124183009342,1.4526680405635037,0.3953756955016832,0.4381575470811236,0.4533548553372503,0.5622677157942777,0.7009984647033677,1.010817969151489,0.1435905252949342,1.2407095769453416,-0.2756093785184812,-0.39927854033097376,-0.07472770960709872,0.40621015601927374,0.7865352334975306,0.5512266632596068,-0.7145580770071308,0.04596433442223127,0.9128968772759418,0.190191386516124,0.045088642371758754,3.494789183900401,1.2363352239244567,-0.2695956330241629,1.6435013239349645,0.9163101369179951,-0.5591179680780521,-0.14131554277741018,0.6062360972056302,0.05461909025418047,-0.006759756914833726,-0.06993576847567315,0.503801841490427,0.14176595484706914,0.7364202463215967,-0.09649435996901785,0.8405353782075105,0.8602547299483109,-0.3785790507757358,0.6456023744250226,0.7344854344102838,1.5746069076287117,0.051471392422657074,1.0044293073569697,0.7879683170890994,0.8977971708382139,0.4054928481388515,-1.5539917158290768,-0.09007841245184822,0.5384495521705962,0.5413003660840219,0.265651296112395,-0.5726984201951535,0.591925874678456,0.855243508186588,1.7780420178407415,0.04212934423535426,0.6019931613824008,-0.828292707359836,0.46984103698993507,1.342734583696755,1.022153477541203,0.6211474011758676,0.5149617091043477,0.19910901800117153,-0.37649889024181127,0.8562182036073821,0.11529283197716807,-0.2110641385478768,1.8564101050077997,0.12208491835255095,0.31317605053490405,-0.16304190304859878,0.17600349040056332,-0.2841417985994727,-1.03659510460103,0.966358798553538,0.3957255717296201
2008-01-01,138391,146378,4624,5,108985879.27923529,6.6,7.2,-4.9,-18.4,-4.3,102.1493,271397.6373489332,487512.1873795433,1696693.0359396872,259888.21622111872,1089024.5561526427,173145,11333.015894610344,627,1084,1259944.9017073668,1094,171296.73718341155,240837.35800285696,129.2,120.7,212.174,213.771,88.206,87.093,12137.1,105.37831893521982,76.71594861368075,15.705,106.3722100747256,1355000,4.02,3.7725,1.3716499302796061,0.11941344420386119,1.1432081541274712,1.1873665565404623,0.5815274939894948,0.9929521233160031,0.9460343201311282,-0.8008430604255069,0.833074436473887,1.198828314334549,0.6790689807813265,0.4430683958635445,1.7750049852969967,0.019376424151799826,0.3165062693501243,3.5253446913086086,1.0055283705068816,-0.4642812802789921,0.9442998767727269,-0.017416261028466717,1.0358914994550532,-0.03927430061736742,0.7903021785126735,0.18831162488891665,0.5564917958466792,0.8290774393825688,1.3550221356857113,0.903010293787031,-0.4583195492542624,0.6169381847088329,1.565254049816426,0.3579102165259769,0.8344117063755188,1.1947478851789313,-0.03789972698817083,0.8437077831894778,1.0088405046335336,0.8434965548371394,1.1084974497716351,0.7610593626733292,0.45097612521897024,1.1592713431817347,0.07028465673007644,2.840858586695725,-0.1169767873965273,0.7319931115310595,0.31619958015660815,-0.18098750868658528,1.1277211399367564,1.109603053582891,-0.394505526258871,0.33952853350216156,0.5068050599526457,0.6938178474457846,0.8885544750612671,3.2499906615344454,1.6784435957653743,0.881684951098521,2.237267493913489,0.9148301416352744,-0.2829726889006581,1.036377953069321,1.212803485816826,0.49868727363756027,0.7076959903284488,-0.6584886996158796,0.17189852838559067,0.4935260804552267,1.2253954248078431,-0.09254961202094233,0.9674524272997982,3.6341835322784477,0.3136532868914506,1.2653557349875098,0.5109781416127823,1.2439406866696325,-0.8089587120589175,1.4458696861925635,0.5395352513766298,1.1906165937777509,0.6841283527841329,-1.3784369028872046,0.26052573962703807,0.9802074993691607,0.4593226555352493,0.5765023774154675,0.027302305363515196,1.7980168652161626,0.5196778638000206,1.6324280387712649,0.5287329210513433,0.35373310298649036,-0.344223882309926,1.0322886577595978,1.059113806982168,1.2276669626171501,0.6696341884710899,0.9640459271189907,0.9240749266396393,-0.3435613644844544,-0.3641246861075113,0.5156438593757581,1.4228728614200656,2.1353587115869894,0.39699795247309333,0.3286887726732963,0.6824121771252787,-0.027390019335715592,-0.22993376681654804,0.5007867180196088,1.1114521021774801,0.3391472950940875
2008-02-01,138327,146156,4279,4.9,108975356.62089534,6.6,-7.1,0,-20.3,-4.5,101.7756,265933.108551515,492196.3748274536,1701732.2598442489,258321.83023692606,1101610.0563463147,171203,11293.815482790613,593,1103,1240804.6887375256,1014,173858.93055146976,246526.44203570863,129.5,121.8,212.687,213.939,88.382,87.178,12141.8,107.88395827204633,70.07455368614451,15.491,106.40266523294167,1387000,3.0620000000000003,3.736,1.2106678036473117,0.009613969620166057,1.0165601634275216,0.5603191271593523,0.5445578235577405,1.3761786947551131,0.4980372680418731,-0.6705785884385614,0.5113785828552674,1.1677038414639531,0.572052701319381,1.0897384052564854,1.5530931486884212,-0.22285251152454338,0.17920250431992868,2.665838299377918,0.6344969672337525,-0.7349793656953629,0.970145877209901,0.3245945506937922,0.9963950910710814,0.4866696382683577,0.09090791083467199,-0.1621520747985541,0.5712812733438329,0.5690082045507723,1.3386438431098506,0.8702014037670918,-0.7913301319962683,0.8130818543035923,0.8359427434300423,0.2470673519261813,1.0442342856749263,0.9188451902658068,0.47551926170545505,1.1083818586826177,0.5935357830754737,1.0287604604022622,0.7544391808848255,0.55178392688959,0.78565502134213006,1.1551817160157085,0.04228683010647877,1.439680919455585,-0.42234915494344,0.16480639461731766,0.588970054228094,-0.2241182656987946,0.9132235617268902,0.6820225364227182,-0.708520879735102,0.202541881784233,0.7344068189990699,0.7771780832845371,0.8739230823892427,2.459409906796003,1.4615938846879581,2.1670128156481288,2.2443779444584,0.5477325714452514,-0.03272832055022192,1.8791703887405073,1.0786017079253543,0.4513959902149033,0.34698573735047294,-0.30661653014052825,0.7156133935330037,-0.8178045276049923,0.8840868296287174,-0.13510551744620986,1.1929297692647782,3.6426432343006128,0.20453277023505056,1.0180317816437798,0.3318689222259783,0.5375352593378004,-0.5955200373040135,0.8176542604363387,0.20281953161978414,1.4646288898730564,0.5666637651553244,-1.5045302981569484,0.6066982838711144,0.8723678760557451,-0.07620302805831228,0.9061435401993007,0.17282661646250017,1.1600450357825558,0.483011810274715,0.41617741891773863,0.4998745082737185,-0.47486743370647166,-0.5458749911282542,0.6855497764856854,1.2124685598542806,1.1294733707925413,0.7415874563526027,0.9071044400767849,0.5163876298742972,-0.13845870783098707,-0.8671213688122068,0.47258409988998257,1.4240568845191104,1.9549780747731058,0.8049486028054365,0.34556776558705093,0.5213158379752036,-0.16854875963603166,0.4360787363948959,0.8459920586237742,0.6402792894371512,-0.1528715143586759
2008-03-01,138257,146086,4225,5.1,108888558.47850779,6.6,-14.7,5.6,-14.7,-6.2,101.4508,264983.35871833924,491726.7445140182,1696401.1047292762,252163.3666158966,1117964.6866362046,171079,11322.05110847859,535,1005,1244932.5887064927,967,172505.21802899532,240424.21165453826,133.5,123.8,213.448,214.42,88.635,87.349,12145.9,119.09516556664974,68.93397397599959,15.114,106.17902411418821,1817000,2.6525,3.5075,1.0934485223815842,-0.08442830638132527,0.24676153884750707,1.1996573279280296,0.5577941772420552,0.3829200340231635,-0.15835403932102013,-0.8228065271648559,1.4811378075034909,0.8368879063573662,0.5281372370452821,1.0268011505595556,1.7346588514617112,0.0057238577574457,-0.47042652658794754,1.7664029173357854,0.9793732635059419,-0.5501662063992552,0.590736631879258,0.9432533144145756,0.3987293768474677,-0.04499660299425655,0.24054604559860668,-0.45479724093470997,0.7760329267158341,1.1461004523791398,1.5214991556787678,0.7452056816974629,-0.7853050135024552,0.8528585052236872,0.9940851457514703,0.5578918443057376,1.199747604185625,1.4229718464932133,1.3341203648088205,0.771194626704861,0.5060036555434207,0.5373847615849632,0.7437096220957549,0.7673403946888427,0.7578227242730358,1.0921050940314752,-0.003972672418725126,1.2505628063375378,-0.37678059261575325,0.4101788284866325,0.5169490708599731,0.02114429709644956,0.8726742869466247,0.5570892422302232,-0.8143993526910577,0.2837700346986886,0.4944036461089393,0.9308139393376502,0.39852660817921237,2.7289719619083437,1.2754690546929217,0.9397648092329334,1.7359024299445398,0.4538074373027609,0.10756010777089665,1.3559989905515404,0.8592512645492161,0.03725389707966912,0.17246582708265742,-0.37891047802237016,0.7133398634607491,-0.5050991637926507,0.8135772497452302,-0.3618663527679004,1.752812854529655,1.8580616852452239,-0.08035526022287033,0.844949387320472,0.7797734451783153,0.73112327472374,-0.37410565026579434,0.7758351262287873,0.15938903264437415,1.122261351893769,0.6909841953166947,-1.5591783343606822,0.6959019325643542,0.892890272367823,0.06418962433836337,0.9258405825900464,-0.05090257051066475,1.392957387586521,0.3429820085502272,2.03766587165923,0.40559275687324664,0.0868386323382075,0.8876902083400525,0.3600768144864929,1.1096148228710327,0.9998486922421894,0.5315188846777326,0.8753179697533675,0.15808127095573957,0.4362633041929118,-1.3669842096093432,0.37468112199443215,0.3983249074983059,1.8455123780602343,0.8170616154054918,0.1770646173284576,0.8541470965939256,-0.48716536573205454,0.9693746324182827,0.950573620924604,0.48603098645291337,0.7621305048643385
2008-04-01,138038,146132,4035,5,108863794.97246096,-3.9,-3.1,-3.1,-21.3,-0.6,100.7554,260234.91255532153,498735.34611876257,1702785.1693263743,257571.59427471028,1124755.909413394,170521,11340.5556368878,536,1013,1240162.6144438563,1008,177211.45508395362,248983.65972589783,137.3,124.4,213.942,214.56,88.799,87.4,12100.8,126.76944560186487,62.13189064266626,14.605,106.46730693159624,1438000,2.2725,3.6425,0.8451844233747775,0.6076072971379958,0.33513227023235387,1.0247607747463032,1.146822024864026,0.46932702388008163,-0.3678475493114012,-0.8069505822128809,0.9078283600210685,0.06045332564691297,0.5152985929602252,1.1054771511795884,1.2659918490932598,0.10487605928226634,-0.9691238249300114,2.0240801950687772,1.2633762668034185,-0.49805184068055786,0.5880474948536881,1.7967256740269972,0.5065055948765824,0.4461045060961437,-0.13095283217878273,-0.4336126052333037,0.5867208754706389,1.7422265865156983,1.9187192103422919,1.0377363996638742,-0.7282044852914669,0.8184726283832162,1.0542504752748307,0.3138173515438715,1.3890277950100156,1.5312546355377594,1.7169997910888106,0.7602903734317228,0.8359821168063651,0.6436953132810775,0.6361324637664149,0.8271661464495903,0.6800457597834121,0.7599990165489565,0.24494743048407774,0.9349352611013806,-0.16072605442943408,-0.013275524440588977,0.5986185410979714,-0.0772629059313532,0.7108613468278239,1.131821219352203,-0.7546962125217918,0.5951668865785681,0.7627802782481974,0.8278849290744952,0.7462422724535929,2.564525182144796,0.5745708671340223,0.6941010915465959,2.499106016918169,0.6938980611987439,-0.014267221327165479,1.5762401958596333,1.3222071482396027,0.2568091636921896,0.4827068221964185,-0.2457098428686182,-0.01217564606400627,-0.9362532651042431,1.0236775599381125,-0.46151747139140825,1.8599289517661763,1.9057832761617426,-0.1448486506876194,0.4439288744726892,0.34310240009861614,0.3629206236219096,-0.08012813283058107,0.6063287462384719,-0.6399845023249836,1.2339978536488152,0.24415807235686357,-1.1875061900915602,0.711493307657588,0.982675143240846,0.011669722912154347,0.14275136887014694,-0.10278137578414136,1.2641124788439122,0.1257073437994663,3.876258886005229,1.1007569148056269,0.6095679142101159,0.6318672802189716,0.7073954066383267,1.1015972498287876,0.6437213764821055,0.11822957559423906,1.2874869451406876,-0.006758224246253844,1.3211250811257267,-0.5034851850099046,0.36344454118580066,0.5674065698711391,1.5916074845992603,0.5235647642132578,-0.024454428780886786,0.45589315064886443,-0.38842405168042293,0.9358948710710202,1.0256931264306284,0.3858133642262941,0.7485811682832846
2008-05-01,137851,145908,4194,5.4,108801230.3060728,-3.9,-3.8,0,-16.1,-13.3,100.1336,254956.26822157434,499424.7589145548,1699978.6867848288,252197.80219780217,1128732.899753308,171116,11361.628167750616,504,973,1235195.1110114374,995,178383.04552590265,248252.97151827763,141.2,124.8,215.208,214.936,89.18,87.559,12696.2,140.60327427674366,59.477542816579295,14.697,106.20797898373463,1834000,2.024,3.882,0.7777789160281734,0.5457296757366061,0.33669471245247956,1.1722445507520975,1.2264959610638684,0.803685427301754,0.13832179037123454,-0.4906463042616893,0.4353596389259034,-0.08543982857827657,0.29841651281016174,2.324553721592238,1.4427842361041032,0.18334227458019356,0.009032598205620145,2.824615363738942,1.5130645415821418,-0.5931778533144291,1.439262704453571,5.288299528931391,0.7274398624668754,0.7406990233586851,0.3080836048250594,-0.05165671964795974,0.8023086346214433,2.763854878958739,2.66220329829545,1.1020955943748836,-0.7015119639391235,0.7502062871705545,1.7760121302907732,-0.1876293714074394,1.4694287294399881,1.483661205729401,1.0790989217351152,0.5298677137544102,0.7045837095964292,1.1108092132226888,0.6650142670650669,0.664376061837119,0.5937234041255562,0.84237100266193,0.39514426378910045,1.0581331394707383,-1.0514565001977796,0.316238154492266,0.9416671159168127,-0.01634930063435152,1.9518678857903895,1.4021311947926685,-0.8294710947954212,1.057505186109121,0.6945080957915579,0.9807669639269345,0.8824867193850847,2.378265317308927,0.6424647000334017,0.19890134758680855,1.950037100282079,1.672811717210966,0.1732963896742773,2.0053225282896756,0.8617779479539831,0.5132940429036603,0.5916451540082437,-0.6172143359236331,0.39851662524988457,-0.8243057736521195,1.1638801363212299,-0.25043817134792773,2.5355685287841583,1.4247813873448283,0.48033689183290645,0.35612867661091135,0.8214080118878496,0.19911125462695656,0.486273245377546,0.8253851792865916,-0.17950399207163514,1.0569417209975436,0.3980174244119103,-1.3784992371742066,1.4003572904546204,1.2806514759522205,0.20569173475488844,0.3493114371200807,0.03828868767638891,1.1486053907232217,0.5479763148951042,8.97816289069008,0.6821770880697972,0.8771115878082061,-0.1125169953274643,0.8836437762171299,1.4413138709043098,1.1105989216824752,0.62036865197291,1.1302187254625287,1.2014312581462687,0.9659240932237222,-0.3221767918179125,0.45750436284466617,0.49334267159882705,1.312384656235284,0.8025307417479122,0.6882222288426603,-0.09487022190361125,0.19347708163492477,1.162381036446173,0.9069570963294954,0.19494960797133642,0.47481471799268743
2008-06-01,137698,145737,3830,5.6,108749253.62885492,-3.9,-8.2,-7,-16.8,-6.2,99.8728,255226.15694612978,503003.5512707761,1702726.4482001076,251727.20896835026,1129737.1614325314,169650,11340.799536887573,487,1046,1213552.7180023824,1180,182654.435748717,250439.17753014129,145.5,126.1,217.463,215.424,89.827,87.76,12376.6,149.09771004263752,55.68180006295611,14.377,105.52998700787984,1533000,1.9849999999999999,4.105,0.9171582629351247,-0.2659745970165402,0.1271752457728346,1.3130556472069495,0.8137395907779931,-0.02381276278845556,-0.3924198534910782,-0.5712490399818415,0.3178398416673465,-1.5007537096204036,0.13080423848728262,1.2496753563197494,0.7800891403510856,0.7239773147510077,-0.18451324494242777,3.662150229117587,1.1626327011556075,-0.44461758360512205,2.138664355795727,8.621285907896654,-0.08093907676785128,-0.12510886636249618,-0.23374738588517058,-0.3260859415562166,0.6988317443724643,2.5298699899449555,2.9160570723204087,1.4774181944575724,-1.3998645134104362,-0.042935233414892054,1.1781472848360173,-0.08822868937859438,0.9290594256638545,0.7687098237606376,0.7162108821179449,0.18430084946277306,0.5565996308666203,0.4344313541350814,-0.13499868757524408,0.755675814256073,0.2536795730986629,-0.10832836115134789,-0.1879638953904479,-0.0052316547334296205,-0.7751790458629597,-0.23122755309293982,0.66953345669539,0.42326788144273014,2.3340910903935317,1.0451427198467556,-0.6867618925336512,0.8371919640094152,0.306242821078457,0.5676744193611032,0.24133195966103027,1.900239949755486,0.637747532956648,-0.30322663574548125,2.2540229622579733,0.5825640373440716,0.3544997751523456,1.250918034757624,0.4353388562966365,0.14936900895381183,0.4567335338807168,-0.8683682380797546,0.05935387814677921,-0.49631814303257493,0.632819132557757,-0.45382091918295503,3.320134642271889,0.7600597469884057,0.39101389569498707,0.3006021176412891,1.2559057545991585,0.3582671421315946,-0.4962220751054092,0.6867408370598176,0.220637385088838,-0.3095133979923273,0.8080120859148376,-1.024649946012218,1.7468703470692133,1.6653400107666103,0.39979689314547745,-0.3961093491999652,0.08046217630067076,0.9403729936712858,0.38525560700364925,12.98183796681667,-0.40661948740655807,0.5099581123117964,-0.7619786202558844,0.5971426014110949,1.1167673247637435,1.254935353581942,0.10464304592975217,-0.008457556313902971,-0.21053937690887248,0.38588621121243905,0.17700403637044776,-0.09008527527768015,0.36190466212127625,0.980731957747374,0.6631201731079776,0.683495956569298,0.6625828494342764,0.24380256272804923,1.0576682015004966,0.7333718345892603,-0.011228163019330592,0.11273594465224934
2008-07-01,137498,145532,3749,5.8,108708146.47820164,3.2,-5.3,-2.1,-16.2,-11.7,99.4194,244236.24577538922,506971.023325392,1708422.7436552776,247581.58346722808,1127547.2325336584,167839,11286.054629065322,477,923,1204445.6756607015,921,184200.7867471882,258430.93800210537,147.5,128,219.016,215.965,90.245,87.918,12188.7,147.86414759820488,61.0402471027341,13.006,105.24712286058111,1592000,2.01,3.9975,-0.12474293802956389,-0.1318562835561921,-0.8242331817714303,1.7691686322064515,0.2980467865556751,-0.3567184569039068,-0.1673692960240981,-0.38907808619642,0.3769693039892606,-1.3822033201754051,0.07296799618736335,1.0305537562513696,1.1707037871361845,0.39829595986278604,-0.15617673519305958,4.457940583473253,1.1907313412333829,0.39929361234628413,1.481511886364792,6.372422189838347,0.04871610480626879,-0.7183066746952594,-0.4112567943962936,-0.5945606008954718,0.6555008499772829,0.7659497428115951,2.320735863339694,0.05759390051610008,-0.9901861230500328,-0.4861912273496046,0.9608221612244567,-0.6163075250713801,0.7971665357798863,0.8157093992269511,1.196469511695435,0.1459852223300041,0.5627895615512393,0.006049415981221554,-0.9346085073327073,0.7490989250270368,-0.5298406781105048,-0.6946937423644948,-0.4077277155508936,0.02330310551356177,-0.1419384196269024,-0.40762048935273776,0.33431015450112433,0.27839873217023675,1.3511914440420567,0.523499825338696,-0.6593940912961033,0.6666181861092793,0.2671860329245224,0.1380962669344558,0.09572528891545701,1.0402351206619493,-2.8505262595754917,0.09283808874968737,1.574549988648404,0.3795970427818729,0.08903771231510935,0.9497587092899147,1.113674642417591,0.3261264354334479,0.4469729857021776,-1.127401445969153,0.49966182056885455,0.1669844790545041,-0.45742498794509684,-0.45562892667228116,3.4204990021364905,0.8924068265644228,0.6698776967175201,-0.3731694868694648,0.12298761908201454,1.808442825079747,-0.6528881439409411,0.5821593637240225,0.07757198401458096,-0.668177427399397,1.024360411452718,-0.7504095686264362,1.1631593022363305,1.4579750120856092,0.5661936500511029,1.7339460152167092,-0.04682715829425489,0.5174422350897461,0.37032607582769117,7.38381021839122,0.050359310088259335,0.6289579211847879,-1.362254557990164,-0.2530158584756891,1.1778340806896406,1.3322661487027827,-0.14496557969110196,0.2906740108712677,-1.0396547435364016,-1.1139458168120722,0.6907485018304188,0.14289057814093847,0.17186168183189426,0.9808073745822864,0.6816235770119701,0.6786975394398056,0.6105755121072483,-1.122143521863865,0.9397696801400071,0.6657761648721905,-0.41898641175824547,-0.20517316741352726
2008-08-01,137211,145203,3674,6.1,108649183.6059533,3.2,-0.9,-3.4,-17.6,-10.2,97.8491,237441.77793550107,511708.73441866663,1708374.555296106,240493.72310695116,1130895.399902409,166725,11284.766889943665,435,844,1186704.2984518476,858,181137.16009404248,250331.5885197179,143,125.9,218.69,216.393,90.172,88.026,12120.6,129.31952268997028,63.77180738642204,14.119,104.48475305389083,2165000,2.014,3.912,-1.0702342667958615,-0.04527225867930998,-0.7817790954705747,0.19144144657788426,0.4486114988715739,-0.056433961628203584,0.28483080885015083,-0.3073394833190651,-0.10290381485731408,-0.5369031341158313,-0.11919970495305328,0.7191507425988689,0.4929974096088983,0.5414255909556236,0.014158946262037864,2.6301452830615446,0.5937873196994342,-0.3907865721499082,1.4190489896993115,2.5664822532812748,0.0810836043187605,-0.9367220306561835,-0.645313458136365,-0.5935431384856953,0.30724942607979405,-0.15697562789242323,1.8545164560113356,-0.48242915301649303,-0.0494668205054912,-0.5878090499241707,0.544855574718011,-0.41007827694617915,0.5347089117055984,0.39836611204061645,0.8429524456789806,0.21513332472103514,0.3526638541303781,0.2035645036372546,-0.584229301236458,0.39246727323512626,-0.5282280767197759,-0.805339290420954,-0.6078811147694367,0.31581455825153065,-0.2898195068849978,-0.5426563723672482,-0.2578232667198755,0.11114739926059222,1.3696385689643638,0.16576147436659378,-0.6926791567914432,0.05757118284446925,-0.2569801789026905,0.0724146045013286,0.22651291314521263,1.2698394843690302,0.22601695538701852,-0.7279693241257156,0.8317943062369988,0.46449176730945874,-0.3961380254306818,1.4358957058872084,1.072164544966951,0.4185904000307276,0.3924958524998868,-1.1257027522796303,0.3423069126651908,-0.41736906568850674,-0.15101763283043948,-0.7838495217297521,2.628863180820993,1.3031486451898846,0.2136056680926332,-0.17680261723676172,0.37199694671521966,1.1474722782378384,-0.5639874032051915,1.2038814993969706,0.6070565853354036,-0.4047105833880897,0.4978201355018462,-0.6546255295303247,0.5392442608324032,0.9059956622078591,0.37143465848999563,0.77630834503928,-0.12638406601691066,-0.2617145677987978,0.12703044547275927,3.328254761046765,-0.37076939030140854,0.9793722383821067,0.04095994162012627,-0.7126020172715857,1.041980485776421,1.0971973125590806,-0.18808442375079715,0.016464026298063254,-0.5234064353219735,0.2569228833417753,0.7096019104789291,0.02426311519002194,0.29679700257911396,0.9898140788283576,0.6716914463015904,0.6568625137362848,0.4566306629020371,-0.8396789817073999,0.7412877025991957,0.5424337387506281,0.3608961506841851,-0.4659504642895868
2008-09-01,136762,145076,3222,6.1,108537492.46523885,3.2,-8.1,-4.6,2.1,-7.2,93.5576,238506.54315378907,510292.8629206511,1698129.8699214866,239340.9199197757,1134492.0052744136,164015,11209.680100169535,433,820,1174087.78131129,797,171319.82226556007,238128.69125843517,137.8,124.9,218.877,216.713,90.247,88.116,12149,115.12848072512108,70.79467972684756,12.961,106.18433445635857,1856000,1.875,3.6825,-0.14721647105318542,0.4831267335853942,-0.022591429974581276,3.6854461738276862,1.0667716385064114,0.6913081665398466,0.07034735252420393,-0.5564068137964583,3.4982710962183825,0.2864541731199027,0.4239034068150296,0.7654236580498279,1.2726054263283735,0.4995799433685656,0.57729191739111,1.3124094032501836,0.8868395391673322,-0.45533522047459035,1.2024080493375673,1.3086278060892953,0.5622712007566708,-0.4942522601830951,-1.0271350684378606,-0.2889366070145075,0.06879259453416729,0.7389423101179918,2.180710029645988,-0.6225406315318638,0.0849992783434794,-0.43467491629438476,0.21328227582581247,-0.14100715035968941,0.707096260399851,0.18440738978276217,0.36755441122373056,0.4553287014067714,0.5684398928158975,0.7014035091788742,-0.004149710988121259,0.5911576238814582,0.1226336418435394,-0.13023371836213293,-0.5808586744610145,-0.10558211609101409,-0.1288344177319063,-0.46000211634110794,-0.1255981095405525,0.019576985716185942,1.1914297852523559,0.4212632579694896,-0.9652181184574251,0.5590564910227216,0.030462636567159113,-0.05698114798251251,0.8323320309743107,1.3513161845251807,0.9651445555462708,0.26369728746763277,0.9823158861151371,0.40240122964215685,-0.618423145644381,3.386791012755114,0.66037818808044,0.624740649384658,1.1939723416763128,-0.653689097553489,0.2561803563001944,-0.33541580985766656,0.663025216844608,0.3054675000992012,3.2030682732490385,1.3545694115234157,0.6757232205779722,-0.1132830840618925,-0.5563255621045147,1.1199333599838415,-0.3380564231892584,1.0420435237056576,0.7339910136864238,0.26852746741353783,0.08805031010302994,-0.08957002982891468,0.3986108622470612,0.9789049194602049,-0.6326310569705215,0.19686492586268817,-0.14831351305926527,0.34176623978055654,0.4137250014293196,1.5769878716825552,-0.5354838040011988,1.3919993818685588,3.004068891526278,-0.4077569688270861,0.8797452223899225,0.6260913442147209,-0.06121326093340441,-0.39226248731113755,0.0550727619744064,0.9897539330365405,0.4298892712249753,0.08165955331186178,0.27924860825708636,0.9618039372315609,1.007545443976113,1.4851086748702207,-0.0552141732208334,-0.6632363802965141,0.4572138453892634,0.7195409740796865,1.103435752784184,-0.42829195460851816
2008-10-01,136293,144802,3377,6.5,108417032.42528948,7.6,-25.9,-9.8,-37.5,-18.4,94.4985,214065.6545939253,506310.02442805993,1692795.3962445601,229499.94980535636,1132473.7035838976,159514,11192.401646384313,393,777,1177855.2386476446,736,169383.4982320331,237290.15850353034,129.6,122.3,216.995,216.788,89.651,87.991,12240.5,85.49820972437564,59.08949933831843,10.933,105.57819823583013,1901000,1.022,3.814,0.44357877033779747,0.530843314436928,-0.6585699395962263,7.292009460063055,2.2775455826589877,0.38127770993749494,-0.08595664884775987,-0.6388891270349865,4.062804627493713,0.7669892129694378,0.8326018199645214,0.6573302802379365,1.4152611766599366,0.3321910912550948,0.8207357640895642,-0.0586098393737898,0.7532543322284921,1.7895158037959369,1.5081800122869582,1.0487777804692653,0.5691299431108774,0.4127702127219326,-1.1090520229655298,-0.16545213674234555,0.40414566279937,0.6571776661958216,2.6752660029174438,-0.1772582025067454,-0.19314635661087,-0.6982241795131997,0.15837763204295813,0.19454652451384258,0.6805315709143553,0.387354263007319,0.29344315966440676,0.16239695029886556,0.11182444456240528,0.3399293853090858,0.27553989815055036,0.497537692120193,-0.44205506177614856,-0.05684045606673831,-0.4143298858484723,-0.25715759968584784,0.9196920994004113,-0.4498097163535267,-0.03795333729236905,0.027301301026108893,1.2311211285716392,0.053717520660176585,-1.4069316372247869,0.6796169400038246,-0.7883922183450754,0.041302144749741546,1.2299233897028565,1.301971395646209,1.8463145098168494,0.74260534411148,0.7945624332890143,0.07382335894480092,-0.2663861114022518,3.6803684828980057,0.46630578671292255,0.6422104692855065,0.5968687433135983,-0.3090760147002788,-0.7135193760770226,-0.2167295394193242,0.5061230808942833,0.010542180211959639,3.0224950386570186,0.9907318216018829,0.8169665961205287,-0.33517218976580093,0.06579301084379656,1.1418853642536528,-0.03780662043560636,1.7803318800737198,-0.29880718441295784,0.9673180867501889,-0.13816237115582738,0.6422136987427669,0.334400927206212,1.4103990734595337,-0.12838348486060808,-0.6460721688197676,-0.1774254567787928,0.4625295609791501,0.4795796999195553,0.6239381570474566,-0.5073970937777754,0.9177946392176967,7.7535674008010425,-0.44420884275617895,1.2734064492845125,0.8221041589690778,-0.15319468943608971,-0.12334235963228651,0.7762203939893547,1.1538472770636294,0.23530136570950289,-0.3042778353420651,0.2551888190247518,0.6245493033116265,-0.18552811546693812,1.0538092623647102,0.15651737739867322,-0.6232540574034411,0.003774840832511034,-0.011188031485604558,1.3414340352780596,0.0031023285645140272
2008-11-01,135543,144100,3231,6.8,108177204.8120509,7.6,-22.6,-4.8,-40.9,-18.6,93.2617,204928.1545946068,508671.1139706297,1691928.9462647096,221692.45877213776,1133953.02111905,155990,11157.992166423985,389,652,1168301.1073109615,626,161381.82474913367,212324.9015159211,120,118.4,213.153,216.947,88.593,87.952,12345.9,64.83582224329236,56.73605730933292,10.526,104.00018815372624,2599000,0.3775,3.52,-0.20411094176574734,0.589148723467821,0.04891293931416311,2.552542532722835,0.9839030787665773,0.6462676731403778,-0.12937343008481428,-0.748002290508624,1.0321160221359555,1.557436434788214,1.0797189450059688,0.2101790373204994,0.5438819220141905,0.8057501239153849,0.4234939477269138,-0.778205747435368,0.31481132574406423,5.275140736261192,1.227244734243546,0.37896776968921003,0.04653717413077725,1.4021981269211083,-0.9508035634588319,-0.2600995321512581,-0.5500924599927679,0.7955570926467583,2.5311818498331644,-0.06460834494824601,-0.4127121721439682,-0.7075208009089996,0.146199059561686,-0.36069486986652116,0.661395008610458,0.7296405362998234,-0.5657202285605453,-0.1321497276022066,-0.20999498610458345,0.0654331605044441,0.8932542612528964,-0.011933394953676167,-0.06558268958095649,0.17026492928131376,0.15962442689235778,-0.2012459527463053,1.8667214621860757,-0.36767474207593975,0.11855671048675609,0.5258772452382564,0.7209243387904696,-0.8174995725597227,-1.5573077137303175,0.30585509509489195,-0.6840758325544241,-0.6475569998580988,0.515111189581336,0.597580167409743,2.145548221494444,0.3253407007439206,0.49498701126416067,-0.024011972028903147,-0.3555645885816218,0.4910528282320834,0.3085619525158035,0.8840612769135785,0.10049622365963999,-0.18006888076010627,0.5340181564665082,0.09058545349192038,0.5477943097077408,0.18383940007760216,2.232190852629158,0.6995649687778148,1.325440590170615,-0.39769777535605516,-0.170336788550349,1.172333543079171,1.4375474025956858,1.3594975516380994,0.2923942135704191,1.033061647089753,-0.42614703950887123,1.26922838991941,0.008065498694116945,1.0172162327190342,0.010268746789418616,-0.23961917379641987,-0.5071712025359565,0.8684822743756713,0.5252720055316299,0.1027206316382227,-0.8274931650453128,0.9744406576483369,5.44570649111057,0.02080538874966517,1.1723719450072037,0.21824343262059082,-0.6434568451477983,-0.2447643169443491,0.39318394557765235,1.1809977599625898,-0.7553538727159299,-0.44146116246835776,-0.09419065493621417,0.2967790711532116,0.6101450737300333,0.9262673151417471,-0.2016350930622845,-0.8014790893758275,-0.46956625929179613,-1.5368800294607718,1.0250952339311825,0.7447977411009024
2008-12-01,134847,143369,3146,7.3,107954209.08414122,7.6,-25.4,-9.6,-37.6,-26.1,90.6266,197335.9213603033,506003.54151059047,1662478.2047995345,215503.1896297305,1128407.0012940136,153628,11125.678221980068,377,560,1134122.2275193536,554,150298.53118118457,200205.4530182297,114.5,115.8,211.398,216.925,88.098,87.909,12288.8,46.561783468410184,60.55199933831843,10.383,104.00591076666664,2256000,0.1925,2.4425,-0.7044672377242182,0.5686988192149248,-0.2040228710684513,0.6600108390139948,-0.23001353993429385,0.7585498634009389,-0.6849867713024037,-1.1479494744040055,0.5622747867122545,1.5731192616281884,0.8979932123451893,-1.5062300634107668,0.7184216730753114,0.9577864094994681,0.8517146938899809,-1.1663186967896912,0.6023085854548726,5.421387967038997,1.1042259709082838,-0.6442566890040324,-0.4892937004896202,1.549533160379883,-1.0227070019896958,-0.39097797677378066,-1.7172320747311942,1.2113191045690255,2.154197843932563,0.8715719700546758,-1.15220255172967,-0.313631704866572,0.27538938581092565,-0.2850312329529058,-0.32168639426873763,0.9876478736875267,-0.3977866649521805,-1.0856925257027297,0.25761459978653,-0.20660329798010427,0.8643170807636612,-0.11829888253789606,0.05961586232446148,0.6235843018445069,0.3943252376623994,0.970584432463654,1.7440230490628144,-1.2892842175033192,-0.37201745534154584,0.7992584338056482,0.49766400066882227,-0.3565191359936105,-1.573944620337644,-0.16178890250540984,-0.8918632765803428,-2.134891656458117,-1.6889360884601952,0.4478827993758569,2.256180671553269,2.4555999848798615,1.0385355745848444,-0.3262135959660764,-0.7010674751846524,-0.8799200707343999,-0.41823967412292856,0.482509770859527,0.3123553298829612,-0.8956214738436766,3.0374992907067,0.8793414928659432,0.23495976057267684,0.07181629738771358,1.5114022660071549,-0.22757408931064468,1.7912030948499869,-0.21249041145095454,-0.12163132503335808,1.2928359974721741,1.025323323454997,1.0181141726835987,1.0688683559831982,1.1378476243980882,-1.6537480453318154,2.047304746354214,0.042752195501631916,0.775533895449089,0.14063565514614496,-0.3866754661232061,-0.6954555682766225,0.2990188350996138,0.6764324083424142,0.10418126682854145,0.06225969889807115,1.0130167319254357,3.1208974961699063,0.3268552466542087,1.128565037892713,0.39084265289163356,-1.0624129976906123,-1.5678351278673968,-0.5298098205820299,0.32617132049900527,-1.639040629890077,-0.7960451031240097,-0.7058581429426739,-0.35209212824368774,0.5165718889038329,0.7682281504298178,-1.2237612777698996,-0.6372753619853466,-1.327575240648277,-2.0638257185831668,0.6910092806920695,0.5944311572638815
2009-01-01,134078,142152,2738,7.8,107640008.32622688,-14.3,-26.5,-18.2,-31.1,-27.2,88.3712,171477.050892087,500473.282789304,1637917.1690209294,199876.28819176464,1104311.753756753,155609,11176.283651881782,336,490,1106708.8119126526,545,142845.14459526943,187498.29754392334,113,116.6,211.933,217.346,88.108,87.882,12361.5,47.37367775911381,59.51594861368075,9.786,102.54308804615452,2860000,0.14400000000000002,2.466,-0.7123550246082064,0.3287091749389668,-0.7118363366015594,-0.8443398314698538,-1.4677839738345866,-0.471516708628574,-0.07248212201546131,-1.2323573388335485,-0.5838705277210078,-0.4226853206317156,1.644306484232997,-0.8812666799898542,0.6695446180992831,0.3572454791451184,0.035520156943999216,-1.625062008375978,-0.8250349905697446,1.0214939994083405,-0.852915089323573,-0.39621705527210693,-1.334592828134713,1.5038523462961702,-1.4213753567685645,-0.32963929579493784,-0.6824149790713631,-0.3239837267054461,-0.7241160925333048,-0.6375479617674747,-0.8849324214750683,-1.8619749505927867,-0.5962295830168282,-0.6459854646798866,-1.162321655797894,0.6335746608305323,-0.6043292677288238,-1.7408448243750636,-0.38054367552369933,-0.27599683618828086,-1.4878999506436874,-1.0163924155318547,-1.3024281835079543,-0.2834713854193251,-0.8576084352302286,0.7751953021842048,2.149261701214533,-1.3665375570201654,-0.20126501855605936,1.4360363446190965,-0.6526962064824654,-1.1757511807722365,-1.6235465542638805,-0.2805779899637963,-0.8534395653901222,-0.9585699980654325,-1.4863880569631185,0.5014910777033142,-0.8000615619811168,2.2859648020135217,1.019774543151708,-0.5121923323052827,-1.0790626290267213,-0.4005059930278227,-0.6634004227909049,0.3638691989577876,-0.5423099806010523,-1.5467838544277248,1.4035747323721581,-0.311408596873556,-0.8382238746107821,-0.3874838095012991,-0.5148551906318163,-0.8522227543936618,-0.9936514664124809,-1.453293544031297,-0.7809275097954171,-0.45397432459488324,0.01264805357644263,0.2645525670137085,-0.3360625903640571,-1.0266927463688016,-1.985363330750928,1.2932930337686792,-0.5160839278280578,0.6767107562024864,-0.39423435452564787,-0.6474764214795387,-0.3232602205198197,-0.3558450798332328,0.18317757132746465,-0.7421613173741765,-0.4755618126052599,0.7501824564823781,2.0695257993416414,-0.900998807512832,0.0016266440620292004,-0.010961904355347718,-0.7510109846124706,-0.9887926996396085,-0.09956053148158826,-1.106680423097649,-0.6616427653386183,-0.5797666447318717,-0.884589352905041,-0.41364307709461184,-0.2564744813798136,-0.45382726984512023,-0.8350325186497415,-0.26234783663954714,0.06876435237697699,-0.14040555646427372,-0.6389765854653785,1.2081832636498537
2009-02-01,133317,141640,2864,8.3,107577294.15117915,-14.3,-34.1,-12.6,-39.6,-28,87.843,168619.85362427207,490408.5378288355,1610447.9707877822,199180.8850520019,1075746.0403779484,154381,11130.559898488658,372,582,1100885.9583531597,558,144894.97654816124,177498.69712006886,113,116.3,212.705,217.792,88.266,87.952,12241.9,44.36589400222055,55.57455368614451,9.223,102.31996008756262,2576000,0.2225,2.865,-1.000024019614301,-0.5160470388409385,-0.5674020165543193,-0.41771295694021876,-0.8761622577387305,-0.7928578243723351,-0.08390230327599449,-1.1646988455423668,-0.7422292605050311,-0.8041762571206812,0.5795420389199573,-0.8071923819918908,2.974810572644593e-4,0.1441656491139741,-0.43475365583898173,-1.7646544216381546,-2.042721625898097,0.9711705054787549,-0.8587709784485723,0.04793455148798831,-1.525119187614669,0.016692987693528838,-1.1463488825429962,0.05039111919542663,-1.0504064211618336,-1.6506813456914997,-1.9396745605880366,-1.227214364632166,-0.2070608742766173,-2.3992986541245704,-0.9902486480811091,-0.8473333645909025,-0.6569332201147056,-0.5698367021637142,-0.31685596029719254,-2.344358734441085,-0.9141936834170408,-0.55618858114077,-2.079710652882105,-0.922673972934666,-1.7443787546969332,-1.7078898022643565,-1.1968123192405438,-0.5690382476134055,0.6166427883697521,-1.0721997470698554,-0.35357834579141273,0.8347861761309515,-1.1054012647953553,-1.7919970420275986,-1.823121475392842,-0.6598096431190921,-0.7729014647744957,-1.1380461156934873,-1.509853810027428,0.05530312406515626,-0.7014333243981284,1.7554115003399064,-0.2852724213776164,-0.2433192505815917,-1.1016765971690878,-0.7394419926353003,-0.2963199577955657,0.3043213515626734,-0.41367140294136406,-0.2721996620755084,0.2790417147780059,-0.1798176592289137,-1.481857999598912,0.07597803570235953,-1.1208311192527503,-0.8165332367890428,-0.2771737616701885,-2.134336736150006,-1.425507751660998,-0.6857320776919238,-0.25280209807838905,-0.33784930193272383,-0.6142310085970956,-0.9799306716004336,-1.1975248282523097,1.471313967250345,-1.4970916932535352,0.05127308416876092,-1.052976283633072,-0.7536189325889346,-0.25638577449708205,-0.3921651629850869,-0.5608647675933951,-1.0055588302613987,-0.9568543352654939,1.522877235681874,2.0714081950163377,-1.6854313201537143,-0.01849350074417551,-0.7314926200873463,-0.8285108087669167,-0.9229984386223189,-0.024586220226809688,-1.675101669963067,-0.8671839076008947,-0.5107852915267183,-1.151873024571088,-0.5624150256036371,-0.3729754454387661,-0.21694944075455175,-0.8425106662341546,-0.23664216889882136,-0.6280788943527832,-0.17466713941210824,-1.1791833947240773,-0.1730105664126137
2009-03-01,132492,140707,2534,8.7,107342471.70434608,-14.3,-33.7,-12.4,-34.4,-30.2,86.4689,165957.4226769046,481787.2494867811,1589258.2644430515,195201.261214259,1051901.4619650897,151831,11084.621579013034,339,505,1093120.0308498451,513,143449.51173314886,177692.83988703514,113.6,115.5,212.495,218.253,88.169,88.015,12242.7,54.41821955562612,56.73397397599959,9.748,102.00790498715187,2637000,0.1875,2.8275,-0.9250268517489382,-0.26903431023174307,-0.029579918470836505,0.4664700061823097,-0.8309559422431044,-0.3002311278136284,-0.9454630248817016,-1.0873226980705253,-0.7494920774829585,-0.9467721908597647,-0.5149755355393013,-1.114348562123653,0.4957670993050626,-0.6940332808398841,0.13684527237331628,-1.8259019064045106,-2.628684046375369,1.5472302593505423,-0.7819343278667251,-0.4035524518266294,-1.2484641866844304,-0.5871172425532873,-0.6836907446834788,2.5110719728481903,-1.0760948435485564,-1.9786807641192294,-2.4708471211953342,-1.1728352966627338,-0.1809283994860532,-1.5433222314622541,-1.4491271873415392,-0.8799809766938789,-0.7107776388884317,-0.14205683961885773,-1.1258650064827656,-1.9041377249569482,-0.9310819625925978,-0.5363260354649387,-1.6079342975056516,-0.5963496125951561,-1.2367509315103775,-0.9713490969567372,-0.7665715575461393,-1.0870810980368355,-0.06627497591270468,-0.6120103121753075,-0.30249359838710127,-0.184787739205208,-1.1181042303051525,-1.5178451396537236,-1.38097816568756,-0.5020184658611319,0.2429075125087613,-1.2609214881702655,-1.785309691898054,-0.16097927745302065,-0.6364529002269732,2.3271886222237996,-0.6629555687418529,-0.7536936641166032,-1.2107559223645157,-0.6280491912440679,-0.07215618210681984,-0.17411809454500612,-0.3430215730054681,0.057897814532317626,0.9548882247803354,-0.1288283495490484,-1.457414325645019,0.9309056663616407,-1.5004994017168056,-0.6126499017918287,-0.34857080444429933,-2.060449340741087,-1.5070204670097163,-0.35357716758063235,1.0872960163522887,0.8633666164433318,-0.6982020973820462,-0.7939875760799339,-1.1446299626356145,1.6606775186619769,-1.434496083892114,-0.20088989926957765,-0.6997993795516537,-0.9520548548766194,-0.32613994815611375,-0.27782544523711517,-0.641444099587638,-0.8146364700844518,-1.0138788987155831,0.5064505845599778,2.3253385055265694,-1.6155980602595172,-0.5542601569716304,-0.8170902917311808,-0.6992576782967329,-1.1272807979286954,0.07509281833947985,-2.0830899993190073,-1.0245649805885657,-0.3912717307256751,-0.7475713948773633,-0.8413551820193781,-0.3204503216986184,-0.5554100888866352,-0.49764601534341835,-0.3446549416097267,-0.5336265304427401,-0.03937511010853295,-1.422870856880959,-0.08944705669234572
2009-04-01,131821,140656,2295,9,107258949.24836206,1.3,-19.4,-5.6,-25.2,-20.7,85.7903,167016.25233591936,473876.21043094166,1567454.7851068887,188917.8322668328,1033168.3560790533,152473,11068.010646129453,337,478,1056098.3068123902,521,141936.68950676708,176449.40257092702,114.8,116.1,212.709,218.706,88.295,88.211,12320,56.390509088849875,64.63189064266625,9.379,102.90093305227836,2511000,0.1475,2.88,-0.9356367138280908,-0.1841035926310702,-0.37390018560039023,-0.27178392797517514,-0.30384126701949055,-0.19365136897258564,-0.7084128875407303,-0.8494801267710163,-0.853359258042538,-0.8792219535611541,-0.41418944408748526,-0.7512537444480676,-0.2810973354357571,-0.6601325062065738,-0.25656617435650014,-1.7851240848744236,-2.050486493799521,1.5606994300957817,-0.833664656055757,-0.9253082022507022,-1.2219011075692208,-0.8190757730345929,-1.2437918407294997,1.272418766279778,-0.8690930252687037,-1.615892586709558,-2.4758069295366716,-2.141115642442831,-0.2067928697086618,-1.7635371073398014,-1.537410732295234,-0.7857578759954392,-0.2062125544174709,-0.4503136737410177,-1.019616153394794,-1.624027711234365,-1.0505547283470482,-1.4156071121593852,-1.8860758221145284,-0.46029982724138574,-1.1308004588113512,-0.7903091560888003,-0.12105474369511962,-1.241957773811719,-0.14803686497394397,-1.0678325023765889,-0.5786773423342281,-0.687449234319307,-0.8414665538324184,-1.3106631421365185,-1.5644357055183133,-0.2244748077811321,-0.6098216680009678,-0.873926783700935,-1.795936263004012,-0.21505715460894206,-0.4793493694060034,2.2914631487888384,-1.0375061050576706,-1.421534142888288,-0.9422368446100426,-0.6720746122663389,-0.641467756956605,0.12666812320968757,-0.329466076293953,-0.11705066171904001,-0.10879825268606048,-0.20507609709347893,-1.4993917352417259,0.10172185025898481,-2.4267562099592057,-0.4050586925556561,1.4125605599911073,-2.263054307805628,-1.3922529728371447,-0.7121919268910064,0.9744766173140287,0.18965578130148422,-0.5021730017214046,-0.6746103639189377,-1.1026481960187917,1.1489193818841743,-1.303250572780006,-0.39345715296086903,-0.9157704241282713,-1.0372714397810125,-0.22022917121140628,-1.6270540628804013,-0.06025547861311818,-1.5122120210469219,-1.3998906643667302,-0.1839161571528135,1.060700262538074,-0.7516624772450018,-0.723956895885975,-0.9114729922573417,-0.48040759134947497,-0.6796062248194216,0.025391383931444828,-1.8529107581002644,-0.9375725226767364,-0.6829794408379544,-1.248301481257279,-0.7512733987530202,-0.2787538964825643,-1.182199593772298,-0.9576725425280033,-0.38489106638055337,-0.17919181885125454,0.4695474131608006,-1.2818017516047586,-0.5047043560876459
2009-05-01,131468,140248,2549,9.4,107126863.71837918,1.3,-5.9,-13.6,-22.4,-18,84.9436,168865.33087444986,467432.9935397739,1550077.4920233863,185458.2687499293,1020002.9416090602,153510,11078.09972054714,376,540,1040899.6798171676,556,144073.22343783587,173307.16055528529,116.8,116.6,213.022,218.904,88.387,88.279,12500.1,66.93291999954744,68.37754281657931,10.176,103.20334595804336,3060000,0.17600000000000002,3.27,-1.542481185976876,-1.4151409125094165,-0.9945550373477058,-0.852543491271147,-0.441608373421553,-1.27707777347592,-0.6366437330920877,-0.7853491696743312,-1.781074060944301,-0.8550120431102681,-0.8049921372506172,-1.2734101664776443,-0.36487401330844016,-1.2686098659703866,-0.5583575153965438,-2.57572464745771,-2.7044885390045734,2.2564142634511106,-1.081172266500136,-2.162772373861241,-1.4297147798547598,-1.0193273239312413,-1.6684210207846202,-0.14929828773841913,-1.3407573552209484,-2.1481131225126897,-2.4688277112565595,-3.072952214072542,-0.3311356342651381,-1.7504632791804404,-1.9324078276166512,-1.2862970243505782,-0.5606126616457329,-0.6318177381763002,-0.7787931443179887,-2.186745252947317,-0.8030120488354897,-1.92442746967161,-2.2989085427511213,-1.0496834741786687,-1.657377434860154,-1.1882373214082862,-0.8386866341977918,-1.4422216272731252,0.04834927925107606,-1.4842406710705838,-1.1382351412241394,-1.768583593874641,-1.2243102503214616,-2.0510386154384674,-1.6719004065939678,-0.850479727450115,-1.1767643190075836,-1.514712792825837,-1.7012738794633362,-0.3766280644358244,-0.41581278042513703,0.5345450239306615,-1.3390992722535708,-1.1572960768126035,-0.6595005200874033,-0.9081448856839845,-0.9862044347890724,-0.8143845222069247,-0.4551764278081737,-0.22825312836952488,-0.1918821341168491,-0.11569353670208496,-2.475881495857558,-0.633106639343507,-3.232360228953966,-1.3725666515301285,-0.9539658567331025,-2.836328400981474,-1.5111423409655678,-1.3483028670174002,0.20608613064594755,-0.18456089111140295,-0.7794421607539602,-1.039499061512647,-1.6634625926426616,0.898136965581787,-2.0171155098723235,-1.0392076638489307,-0.8924017319963913,-1.0203311866179343,-0.5358212113363766,-1.6283420392227552,-0.48277833087724437,-2.0150346346155983,-1.623375222944052,-1.110308557741048,-0.4574691639818057,-1.0547255461420186,-0.9203040835671986,-1.218048809910431,-0.8726182985952458,-1.241697618289369,-0.12400359651128823,-1.073331853970826,-0.9439630562484032,-0.972196695034115,-1.1692730570761676,-1.3794114409262808,-0.4267666512223112,-1.7123691865274395,-1.5187259386011986,-0.964268509173604,-0.5137797935764448,-0.07368653382954085,-1.1680993745339552,-1.4961907565270591
2009-06-01,131007,140009,2503,9.5,107075600.13154444,1.3,-9.7,-10.3,0.2,-16.6,84.6746,165369.1290264531,458666.9965808889,1527165.1595113263,184050.52186431526,999378.0367104551,154675,11081.068922080258,393,585,1026329.4043548676,601,145982.54453842,176520.60464279287,120,117.8,214.79,219.112,88.912,88.392,12273.2,78.36962389778658,70.0818000629561,10.149,104.36634127915353,2393000,0.20750000000000002,3.7425,-1.7118223621999646,-0.9727016174089645,-1.7120733248783497,-0.940598379360413,-1.5621811504753231,-1.2510434658157932,-0.671373893843426,-0.8387956014560491,-1.5511302285689432,-1.206115548034292,-0.6085005215980075,-1.4543962500521082,-0.22045900888094339,-1.8033161924916672,-1.0494450909587911,-2.022874368432053,-2.6805386420272703,1.6801705996718055,-1.5892664659985052,-2.7305144397133856,-1.7835745329041404,-1.6355009977603174,-1.6090630046350434,-0.0395634675361192,-1.3235985758719995,-1.8920394310777457,-2.0082104910426923,-3.0182966436334047,-0.8925919006397732,-1.8543026311354258,-2.454509184238128,-1.6559188420831394,-0.6539647892655995,-1.3724839179977788,-1.0510112225296189,-2.1337675645961434,-0.7849488490327584,-2.2223941057280525,-2.634145418786987,-1.257255193656472,-1.54651594356948,-1.5486379159145678,-1.3996316857791111,-1.2003869635600113,-0.8097428137556812,-0.9580735575531234,-1.4202163849555614,-1.2359741805275628,-2.0163619754172135,-2.080715422858452,-1.271375322859221,-1.3092500542112868,-1.7301079527325929,-1.9108934539428382,-1.7763239571934255,-0.45780186576022186,-0.5498667035614131,-0.17707003864629797,-1.6784192260052235,-1.5547810071297947,-1.68396943013194,-1.1131570989332271,-0.1003076645727983,-1.310177103816349,-0.8054172381853762,-0.3544663547507909,-0.10478934901633212,-0.9142993762331422,-3.6799818384312557,-0.8692134417029644,-3.7323336093201682,-1.2261032674443155,-1.6371906905488138,-3.9430169788159697,-1.7823347282174493,-1.4455587821942837,0.6849809137467452,-1.3460299844895434,-1.1937548121794939,-1.9507833659705134,-1.9380166559536616,0.9043041236200462,-2.327959967099601,-0.8903779436568799,-0.7693860216902861,-0.011948594984820246,-0.06726666059224341,-2.878569315947015,-0.89970632132208,-1.7420052276306555,-2.0360481680822207,-1.226281695427771,-0.6911130332313122,-1.1919849461067396,-1.8999092123939292,-0.7926613505900406,-0.7984596799323936,-1.4411506710575104,-1.0595333488399108,-0.017257146827431312,0.8170958441810047,-1.1527121820723145,-1.641815187922728,-1.7043707974987923,-0.45466719027699715,-2.6043911149928265,-1.8519530900932264,-1.3235592274011176,-0.32275585770386284,0.05154637928269209,-2.449411921328488,-0.6608130559084358
2009-07-01,130662,139901,2232,9.5,107051685.32198566,-3.1,0,-14.6,-6.6,-11,85.6853,172837.99284766425,451673.3766671915,1513574.9364743321,188064.8208542318,988844.1555520569,155393,11117.946065090753,411,594,1024985.9427363308,595,148307.5054542183,185763.92793684354,119.3,117.4,214.726,219.263,88.922,88.468,12218.7,72.07440228514879,65.8402471027341,11.566,105.36607982195446,2266000,0.158,3.558,-2.9277699347205783,-0.8413507267061663,-2.1760085660923307,-1.4533734487205319,-2.1512610336089897,-2.0432483473664647,-1.1645091738296702,-1.3255193646793988,-1.3923157076047106,-1.8091508385887407,-1.1461945838957766,-1.2763917165568288,-1.1777492309725996,-1.3384918838380693,-1.353636027472568,-2.74431287754469,-2.786521838583096,0.267007398107356,-1.0646949639493521,-2.5835640422691135,-1.8549723250818075,-1.63262938810114,-1.7094915034542224,-0.6368665668384723,-1.4985019472893701,-1.613158178362989,-1.8350520924934435,-2.8317887880337085,-0.546858452222219,-1.5714326588877157,-2.724393154819447,-1.873405229984574,-1.3314757887162765,-1.6791494443489616,-1.6459197327627484,-2.296176758323992,-1.4174222164690633,-2.2776124480500117,-2.708589965731135,-1.425824415600371,-1.3668063249155742,-1.4931677494486917,-1.118912551800411,-1.8220421342379873,-0.8348012813474959,-0.6756555336931144,-0.6354718443842495,-1.0177237835249349,-1.627656542107354,-2.1789658903011295,-1.0612312407184397,-1.4292960542613817,-2.1166557709455516,-2.245760312263394,-1.7456669764980428,-1.1531973669468696,3.422153761046545,-0.7903356562399723,-2.249649422569237,-1.7830444551001685,-1.3315604844681075,-1.5394158221849938,-0.6430193177561461,-2.2970050985775146,-1.2687042215214182,-0.5069566036342551,-0.21312419481152245,-1.7615273480452085,-3.414146716475651,-0.5827223280242033,-3.364919240627899,-1.9220151841767508,-3.2153651681145714,-4.439605946686182,-2.1991488168155233,-2.065280097024936,-0.16516661740757493,-1.4881539645505322,-0.8279472721121119,-1.6937808816197673,-1.833619722248635,0.784991194506032,-2.1344826479426082,-1.2291917112836739,-0.9595449638259629,-1.0190952270166522,-0.11846199536734531,-2.098453055045387,-1.0380299105937225,-1.986938722279226,-2.326730492999616,-0.8266743600978383,-1.377608333258646,-1.375097648570568,-2.192547741996014,-0.9657758814985627,-0.9833865505232566,-1.7824250587839023,-1.4073706203035554,-0.6697788741317606,1.257660477344473,-1.1100884444107688,-1.8879298379634444,-1.7511720379583195,-0.5393670483829773,-2.6423624938010035,-2.1835557182771126,-1.1485912125488387,-0.465413105354637,0.1689539939083079,-1.9679352134082315,-1.7010561770536756
2009-08-01,130472,139492,2338,9.6,106934472.13335565,-3.1,12.6,-10.6,8.9,-5.1,86.6393,176596.7705763624,444813.859609778,1488556.2951352373,188905.58421170665,978295.5819690513,157621,11217.87396277192,418,586,1009320.4754429243,616,148649.92150706434,184166.85355460862,121.1,118.1,215.445,219.496,89.18,88.599,12194.8,79.68154294684908,66.47180738642204,14.754,105.24364776549791,2796000,0.16,3.5949999999999998,-2.714964690454406,-1.0071332071605312,-1.794744149079092,-1.5265643699844487,-1.5824755881534447,-1.7959510595728614,-0.9896298198410943,-1.5145915267026824,-1.7756652819012766,-0.8288047917685988,-0.6773344400844455,-1.4972054602274556,-1.3524334139354877,-1.6906981580080527,-0.40818631663929056,-2.8231425667642247,-2.922415818846971,0.0302182453439575,-0.9255347217058406,-2.4476872278418726,-1.2784649891129922,-1.6276529044845638,-1.9390276367316792,-0.7073645041308951,-1.5601236170114772,-0.4658633513743393,-1.9214310884465533,-2.2201644149998936,-0.5991320014161536,-1.7885520093854015,-2.627858641391757,-2.975802086654437,-1.1226865304700357,-1.223768850550769,-1.394401752092221,-2.256953146506492,-1.2567130643679223,-1.608368367710549,-2.48271323185663,-1.2045967949942968,-1.5430125948639684,-1.7379118740625135,-0.9955978121551671,-1.9252154752763637,0.1831694929961745,-1.8176590982268506,0.17003166491218588,-1.0482814651940335,-1.4500421197848783,-2.2722240828295828,-1.3429026930389476,-1.0905973460878269,-2.2614276789826304,-1.9039244120747143,-1.3857987907216762,-1.320365034589196,0.17339827032484148,-1.2709312629207772,-1.1209478060961777,-2.036093187975282,-0.9023169207423841,-1.4420862018097325,-0.9006903952355576,-1.5499096197034083,-1.112418933618301,-0.5820057252256824,-0.9065444528184152,-0.8376841345093081,-2.5240042382695402,0.1463102429404272,-2.8863025466992815,-1.8225249725223398,-2.188469012183496,-5.225492930174373,-2.3638097255955057,-1.2153846354963926,0.3761969881704101,-0.7719155935412157,-0.9671150692129331,-1.3122829792622486,-1.235247152443286,0.9412380237897137,-2.289098558738134,-1.0761062757230186,-1.1972361600840828,-0.7763905988269874,-0.055827100279348785,-2.181890990839726,-0.8879176181070336,-0.9076420399565028,-2.299306880743253,-1.3215156382269209,-1.5610064677171624,-0.9717380793668263,-1.6653671116592648,-0.2165821272543394,-0.8868027719499881,-1.850771910098454,-1.3349237523824518,-1.9213573948671885,1.0844059171351355,-0.9585254132420654,-2.165894222833597,-1.894807734402967,-0.3412262082080889,-2.163708655141615,-1.7778695184696083,-1.4730804939421736,-0.39481923232939975,-0.07033585838886697,-0.9636477483211433,-1.058279407193114
2009-09-01,130247,138818,2487,9.8,106986370.95751089,-3.1,20.9,1.2,15.2,-8.3,87.3821,176930.05239353364,438929.0672159778,1479959.7686042315,194374.41225202632,963786.8881823475,153338,11114.370158076217,386,585,993283.9998208769,609,153426.8505664771,192886.57023868166,121.3,117.9,215.861,219.92,89.324,88.755,12230.6,77.76185571626885,73.99467972684756,9.535,105.80662967814322,2190000,0.1525,3.4175,-1.7645840723199302,-1.449843729335823,-1.760541668585351,-1.397000700544539,-2.0201893193179443,-1.1066439314150947,-0.992110671977435,-1.532780841634004,-1.61409930344893,-1.3070775783644368,-1.1794222007069788,-1.3338180603929464,-1.549528894340179,-1.896640940007578,-0.786862589123891,-3.0872691589392307,-3.2020282234155606,-0.5999797145550878,-1.6228209923327352,-2.007780807664152,-1.4881996391913712,-2.069586897522964,-2.0329105723337726,-0.7846808151981434,-1.6612590426025995,-2.5613811620103837,-2.4225027836089374,-2.2806582102933954,-0.9512106377988521,-1.874457075091671,-2.28707881885109,-1.8985745658923396,-1.00374540910492,-1.5720132702293395,-1.3624283442913327,-2.2472439502531016,-0.8135951314223493,-1.4837870647345888,-2.9846634555871607,-1.4083119874589516,-2.2964011573113554,-2.158561196769373,-0.9547811341746095,-1.9755573018748225,-0.23738018388093599,-2.1756329524863998,-0.34162527492129535,-0.7651153639651717,-2.33337498568833,-1.4977897049413094,-1.5499449002852945,-1.4737809872348508,-2.7004205926420157,-1.858519668917621,-1.5432213985654109,-1.2465454057455578,-1.186040909747943,-1.1512225171445525,-2.355767978993011,-1.277888820893304,-0.9946770464522061,-2.141324545757777,-1.6662949075133804,-1.4449612679645614,-0.9589525285009747,-0.2518616280357599,-1.404521988168424,0.07630805917482678,-2.220947386234234,-0.16886197860338564,-2.6613171641456757,-2.5388065574310654,-1.7880436793985504,-4.808033507575043,-2.147970972495018,-1.6193694508613923,0.5298574487462756,-0.8718160028607344,-1.2223966201253438,-1.3908914932489713,-2.7022048176091156,0.8347550928977343,-1.9720695249772398,-0.8443803020969816,-2.1597149017388393,-0.5928637987930974,-0.16053526484052705,-4.0313063627983805,-0.8263058086021078,-1.418761004105646,-2.5320929727275,-1.7403315307386777,-1.4433958937306173,-2.2884073678912187,-2.0654039380037954,-0.5517977232895022,-0.9965486176987514,-1.6837963777809515,-1.21702730043535,-2.416039031964788,-0.06256493862934748,-0.8481837699369958,-1.258967582686464,-2.0320306187235255,-0.3285927407823032,-2.677957036334308,-1.4745027298394013,-1.1363412615952042,-0.2046739675970165,-0.30364461759808836,-1.2418629867995525,-2.1225410331226118
2009-10-01,130062,138432,2406,10,106879754.39105749,-3.5,32.9,3.9,12.6,-7.7,87.5809,179669.42886140326,438914.6024558625,1477240.3340142653,193569.25376130623,951100.2308644593,154541,11126.886229548421,396,534,971851.2652933763,583,157317.95723988715,196307.28394097902,122.3,117.9,216.509,220.501,89.663,89.082,12193.2,84.56107870582068,72.08949933831842,10.576,105.48984857354644,2627000,0.12,3.382,-1.380509861445868,-1.4339120618625745,-1.2915638233927615,-2.0926469769304314,-2.048993812868345,-1.1170323919127294,-0.7482064924244504,-1.4636187939168943,-1.5646147751806931,-1.7695698250070278,-1.8620297125460585,-1.6735764884378346,-1.9696825293912124,-1.38830146101129,-1.0102911320312304,-3.634703147071693,-2.257690066624357,-1.070411415166444,-2.101534251794333,-1.201439434578798,-1.486527340721907,-2.368699680208418,-1.6340648670957543,-0.8883072067414828,-1.674830849507904,-2.5443365177547883,-2.1930529817480036,-2.3236203347571878,-0.5997730203211693,-1.8521510299577104,-2.128477494474046,-1.5770863890787683,-0.9951248316215401,-1.1875751166563802,-1.6869878435766459,-2.2319509280735055,-0.831559752224916,-1.4421559207577637,-3.454302594527529,-1.4360646522368519,-1.7592978150693597,-2.4566786407528025,-0.44309805748471043,-1.9733502263898477,-0.5606784594496047,-1.6965944709727616,-1.040085292816777,-0.7296285562873781,-2.133553702780829,-1.5678132265282845,-0.8376084300661962,-0.48024814287078144,-2.136212874565589,-1.9024296725405117,-1.5991570705756886,-1.1327049927835116,-2.0923015243826444,-1.080367574467708,-2.182681524911434,-0.9032038067235291,-1.2199406262469774,-2.122237233235292,-1.7220521519345915,-1.6596318459721109,-0.9558631456587212,-0.37394685947010553,-1.299611084559803,-0.086160877188699,-1.123809798663585,-0.24687344278933832,-2.7434655909786243,-2.248211967820759,-3.070849718439022,-2.9658456029106115,-1.9348934298882858,-1.3496130119529837,0.37405790289332597,-0.7244891335712315,-0.8602542937260307,-1.7535738810227488,-1.790139175153599,1.206622935205285,-1.4834696441555222,-0.7172534316114213,-1.633052300078321,-0.3707799380697916,-0.47628390095300077,-3.32476861582124,-1.335560671271479,-0.9369325692469657,-2.699480685163813,-1.8798680378837285,-1.1355109917381558,-2.025066495525837,-1.9207984579660433,-0.9119467830467819,-1.0824344525725451,-1.8206463169982354,-1.187772254015604,-1.612060201638631,-0.9177770386668604,-0.847846328451129,-0.9154615123439676,-2.166233015124738,-0.3838293753680698,-2.5585553330079214,-1.8371711811040832,-0.981527535633806,0.06496492995136248,-0.3704908602641553,-1.4297875640801534,-1.9380260666844613
2009-11-01,130058,138659,2503,9.9,106931428.66388896,-3.5,25.7,-2.6,15.4,-10,87.9388,178467.40908028968,444569.29255620943,1482399.6922405844,197278.80561148998,934689.1096599064,155280,11109.170402839121,375,588,955080.2674469056,623,158059.5636743912,200758.73040595412,124.1,118.9,217.234,220.666,89.887,89.16,12224.4,86.86461891040973,68.83605730933293,11.041,105.65316056310567,1976000,0.1175,3.415,-1.6988226549171221,-1.4940036567727943,-0.48762495077927004,-1.7690357501958927,-1.768295856652949,-1.2573602889360824,-0.39242972202869125,-1.322842868237543,-1.4643853734227477,-1.290494883529167,-1.4922419698817107,-2.162183716840942,-1.5894415272135411,-1.5734891800459103,-1.1923711959714924,-3.845383235364829,-1.7644596396498093,-1.2362752580686547,-1.8091402208799252,-0.996053951470335,-1.8217798389154003,-2.8629367735824895,-1.8108656993539336,-0.7816489336538268,-2.581330448161688,-2.530407132515761,-2.2012335786070127,-2.3289972795277216,-0.6615746956404617,-2.0290642047625074,-2.0664859264668163,-1.405295201368924,-1.4439167554212065,-1.1414383327741997,-1.8884384267433558,-2.390220601124825,-0.6330596057564812,-2.0556113774300764,-3.145728565242012,-1.7261477970153174,-1.4608157571571798,-2.358194169478044,0.3649904468325127,-2.097411119798984,-1.0109333539019292,-1.9014709989569285,-1.33367860629982,-1.1814718538034301,-2.721906132906305,-1.8471208942044883,-0.46755672683876937,-1.160059894964018,-2.1246229800425462,-2.211035143287904,-1.7971411257460408,-2.08837467440925,-2.110098410605224,-1.1098255062621296,-1.921840363235908,-1.1735122583397897,-1.7896514523496005,-2.7012503863315875,-1.786794174939019,-1.7034965032093998,-1.3110179714702175,-0.5928153367303026,-1.0586704371592166,-0.13856012330411455,-1.605284981749947,-0.40135331718254186,-2.8437054546929543,-1.001586717011058,-3.383217661622011,-2.767321125752741,-1.8173012616337942,-0.9218369287476315,-0.22937547538527933,-0.9318526913648733,-0.9249666811840285,-2.2345911542497423,-2.449759308976627,1.3303970378091787,-1.3810796169602975,-0.8151487409042032,-1.1366879276869875,-0.9009088606824014,-0.5855034339105513,-3.25644101646352,-1.5270594060089502,-0.9228360631628735,-2.3072411871675484,-1.8434937463927603,-0.9422148278080118,-2.1018666993439985,-1.1133796503427336,-1.6928400293656016,-1.4494285755080738,-2.3044847367314683,-0.8331981632436228,-1.2369663180641,-0.7639572260119892,-1.1192553719355398,-1.4085796279252856,-2.598526762093652,-0.3042489988664192,-2.313353651396807,-2.2695302477377344,-1.1284455547768064,-2.0135981721677343,-2.399203131119501,-1.1055846242603122,-1.4507107658339857
2009-12-01,129808,138013,2568,9.9,106785304.54165336,-3.5,5.2,-2.6,16.5,0.6,88.2404,178476.5229766842,442628.89291631,1481215.1000837167,200118.96952378837,917387.3403084313,155850,11177.13116667964,352,581,936867.2099978876,664,161754.0777638177,205590.45575334394,124.4,119.7,217.347,220.881,89.939,89.236,12280.2,82.61154782686043,72.95199933831843,11.284,105.27987004807412,1942000,0.125,3.5324999999999998,-1.8192475071985688,-1.4762134505093842,-0.452948626273333,-1.9744965881467604,-1.889980342351954,-1.4291719285700353,-0.2679587306820493,-1.5496817413953339,-1.7339262130673903,-1.5833895685740227,-1.3165029664155197,-3.3517931029630286,-1.752364801953695,-2.0760387880634394,-1.2269326344515463,-4.520339936080279,-2.3349356784557185,-1.0963982460515527,-1.8571458409199633,-1.1430635477295268,-1.9675386278843467,-3.5002246689876135,-1.6996312963791465,-0.985727939653865,-3.985312714117287,-2.375219565397335,-2.1518944520116574,-2.1153775505107673,-0.7984323192362828,-1.8286608442124237,-1.8221543347437572,-2.128201358033606,-1.8628877392685068,-0.8986586539782645,-2.565178654375419,-2.5269759205335087,-0.8951859557266248,-2.1677290700995724,-2.6955402313182564,-2.299032794578845,-1.500050636698894,-2.295249369145275,-0.6236288335105884,-2.2395255396174574,-1.3243799289715588,-2.285160573950493,-1.8047498078133157,-2.314612365261361,-3.3792741976796092,-1.9154045010864436,-0.22520765956710548,-1.3146354166172547,-2.065565200826368,-2.4233135974754085,-1.8292545822975192,-2.274836570813404,-2.3663255628368485,-1.731842675238077,-2.1439575220922915,-1.5441286438134696,-2.782101158541317,-3.98364162816728,-2.4253680280652103,-1.7531295302632692,-1.547349308758244,-0.8866549618389833,-1.9827471091560778,-0.9159990303743305,-1.6773385585403333,-1.1533520270307984,-2.857883824623591,-2.8939533733589586,-3.040827591402385,-1.7701290817621307,-1.6868994524754404,-0.900195114748725,-1.132966915877668,-2.297403819187275,-1.300838203730185,-2.2062897221613387,-2.550928506609626,0.7424218051714501,-1.3768489498409864,-1.3807335187942842,-0.8081699900780062,-1.432123519697114,-0.5891717426151343,-2.821551099667308,-2.1488881733759158,-0.55795212715259,-2.4540731054814033,-2.020316594860514,-1.7431427286100978,-2.4769462526715387,-1.3907893507852116,-0.6480350808337514,-1.5381061562512317,-3.3229769086066163,-0.9385883676598089,-1.9825910087206535,-0.2193620596385112,-1.1310468162652652,-2.084670949245255,-2.5714771367062,-0.30701535516378275,-2.2210056202662978,-2.833152292029665,-1.435342510574692,-0.12757642178266762,-1.89272647539256,-1.3384381379468229,-2.0917454252382695
2010-01-01,129802,138438,2837,9.8,106884000,-4.2,15.2,6.7,12.9,4.5,89.1897,200825.41936629097,441882.2667968404,1474342.1710315086,203622.304073844,918513.1357060442,155913,11156.585603976215,345,614,912081.7431436941,636,161664.59572202008,203539.0964764356,125.9,120.7,217.488,220.633,90.136,89.368,12285.8,86.77997692375965,72.71594861368075,10.893,105.36458554531879,2399000,0.11,3.75,-1.59137208663531,-1.6294136499762317,-0.984634253658204,-2.449344875329163,-1.5491050892459923,-2.251957802399241,0.1302745549477915,-1.4681508999918218,-1.4320743706792354,-1.9262564153291901,-2.042313675327249,-2.1482756385042565,-1.8147111674707166,-1.9020351764675305,-1.4811955676526678,-3.231281383748673,-2.719834724521319,-0.6691203417328732,-1.5975662733650484,-0.9217709128018992,-2.0696188716254196,-2.2847098313449865,-1.3459551737150788,-1.3120399895215622,-1.859855849781663,-2.4343125407703328,-1.5776780130087806,-2.114880113132699,-0.5488423255682082,-1.8804029500901558,-1.5938514640503916,-1.7543265287071081,-2.0566929535272607,-1.157466660759523,-2.1010965411527804,-2.590396971188473,-1.0458133617113765,-1.5513514926982621,-2.596494514887725,-1.988442520212082,-1.8199408192069821,-2.2793127378893114,-1.7061331669716024,-2.824756336152561,-2.5879734090008357,-2.728781118759906,-1.8824151929998356,-2.5406128643626755,-2.7813805835475245,-1.88352541225243,0.013535391356112135,-1.6148094275296074,-1.8950159494189955,-1.8803944089635356,-1.6768378682838032,-1.4478736414104154,-2.30421669656851,-2.0839987656382943,-2.2660955850540416,-1.521676659372488,-1.7449910000754096,-2.8483106515939753,-2.8738226246734744,-2.092216790747192,-1.5309860139810099,-0.9440468405701503,-2.086395675093865,-1.1023584277690395,-1.554954385117177,0.015822623447390414,-2.727218129452138,-2.3426846404357082,-2.994750386134431,-2.1905385588267796,-1.8330519726174577,-1.8392379752420958,-1.7588990233269364,-1.848182259957332,-2.2238733046181327,-2.1468132145273264,-2.444436071771284,0.4533838982338388,-1.3535007468020603,-1.4348561423203452,-1.1384562855293494,-1.4946663913763336,-0.3998170080624636,-3.276294095541562,-2.3031258130962917,-1.051851297614234,-2.3806150371400423,-2.7075503833565464,-1.2287116381897716,-2.3131928697971116,-1.4168094476470867,-0.7101701102951359,-1.1050964331265898,-1.7679974471784246,-1.2344246682964972,-1.528730969724501,-0.11111633462727229,-1.1307545287679455,-1.512942021471359,-2.073873469806626,0.1914156548124108,-1.5230674703574398,-2.2905030304891554,-0.9663357135489319,-0.08074187717951736,-0.6857255368600659,-1.7480613339913826,-2.262595289333895
2010-02-01,129705,138581,2666,9.8,106401000,-4.2,21.6,-6.9,14,-3.9,89.5046,200201.92158342025,443579.5593227861,1482134.3842451728,200039.9405329842,923799.0103623493,156286,11198.215989526705,336,604,904081.7005791378,650,162922.98133889542,208969.9780327069,125.8,120.3,217.281,220.731,90.134,89.446,12292,84.78487585150998,72.87455368614451,10.315,105.37554702670867,1943000,0.125,3.6950000000000003,-1.3022162136651092,-1.595446855729152,-1.2818618405179252,-2.916045443954361,-0.9899271633956768,-2.4673825116906354,-0.20876735974958152,-1.5007283157214757,-1.9900730661587067,-1.877543784832627,-2.228081246957334,-1.674269630196791,-1.9072859604458785,-1.7557249804924178,-1.7492150608508825,-2.7836712112759097,-2.474478584528594,-0.8872698791226189,-1.4230872878351257,-0.27059397136154284,-2.0018439102093444,-2.0586138654593436,-1.2673031910141097,-1.2883799441618722,-1.6224749228526039,-2.549809123825796,-1.873008051865752,-2.611151570907823,-0.18190845131932104,-1.680581534436197,-1.627427762336439,-1.126507565829553,-1.201957054137939,-1.1934299274123488,-1.148118453464502,-2.485996861798651,-1.4410075848511172,-2.052799194670308,-2.647401875238276,-1.1746914714163135,-1.4788870054344834,-2.379253635116198,-1.6201951413465947,-2.1509269068392776,-1.7747184041022581,-2.3895830408397964,-1.829497996924179,-2.558816809302719,-2.43915629574025,-1.9884331885117312,-0.18404944732196246,-1.2739327951423003,-1.7211424284748205,-2.340033643621031,-1.7543246807585344,-1.2516502539504064,-2.0312225023688835,-2.0714335740098897,-2.364889461815368,-1.7465047852220703,-0.9757619722816966,-1.6587256787235465,-2.700869370322321,-2.1531516965546276,-1.2047303507494056,-0.769559604902379,-2.2463757034800946,-0.26931917330782956,-1.707958801572877,0.18513519172794224,-2.574230244454821,-2.2769543726115007,-2.850408069710488,-2.2381790220119813,-1.245038524399329,-1.9644896000458527,-1.1903587176449637,-0.41936043592152156,-1.9284102663219742,-2.166494946552846,-2.0297045868495407,0.6408076164131739,-1.2526171202219563,-1.1138198794195102,-1.7010255633435092,-0.3266905708529208,-0.3941731232521938,-3.057169906694827,-2.582611440835395,-1.244258523170289,-2.310539847988731,-1.9914883611363374,-1.1662859222865718,-1.788173864443982,-1.9591027163784909,-0.9271414097401617,-1.3519075657366408,-1.1862209853052958,-1.0880835623234573,0.32856220067186925,-0.6875813979997265,-0.9482583413420687,-1.6123032491959346,-1.7132607588271709,0.4163528561284938,-1.4742983702495578,-1.381597206749567,-1.1456821023074408,-0.18979649845056934,0.17432860598029426,-1.8730617003019265,-2.285653713441429
2010-03-01,129865,138751,2679,9.9,105935000,-4.2,19.8,2.5,14.2,5.1,90.1356,201801.44248346463,445835.96459157334,1489774.2315914894,203025.67000144027,925216.8710738857,159636,11251.814183312837,381,636,910525.0329599718,687,167381.26100973843,211997.42967616135,126.3,121.2,217.353,220.783,90.261,89.579,12340.3,90.0056502808522,73.03397397599959,11.772,105.82221618347373,1881000,0.165,3.705,-1.2155770006289985,-1.3045282450485645,-1.8972776588203102,-2.856280481138639,-0.7467249695620373,-2.052072169620081,-0.7598527437021524,-1.550948222076894,-2.0962661026525495,-1.7423136107827788,-2.564402251606053,-1.7590953422461542,-1.8959606900212593,-2.006633460633603,-0.8495966949005521,-2.852837901322035,-2.4985520719649843,-0.8343745915223562,-1.1940542638377023,-0.6106669613484503,-2.5271039014795464,-2.0518714785635557,-1.5058404544554491,-1.586865390694404,-1.218390633426244,-2.3206267534720983,-2.0180826971695054,-2.2069716216975066,-0.1254613376531431,-1.684890558005705,-1.796296982882848,-0.9859361485899991,-0.996099611287412,-1.440846513470368,-1.5966614071790477,-2.227234477327676,-1.6636230565787566,-1.8256124200383743,-3.0133283819700027,-1.6791296131428193,-2.0020982069733004,-2.7562531022519563,-1.2795911229131607,-1.7465925783253533,-1.4659220748236181,-2.663531948211616,-1.307607065638418,-1.8793447044142682,-1.7102300224783995,-2.123587701537747,-0.3211865336683984,-1.2801535627283593,-1.4668256758421707,-1.6883252761570255,-2.073576495186419,-1.288464290494192,-1.3474942480647267,-2.1058439927151813,-2.2811394267225333,-1.9365130733864144,-0.9960712690897836,-1.3213018731784576,-2.2953749812441826,-2.1618216630367724,-1.2283376678610158,-0.7370194900112892,-2.284970824744736,-0.04452970383066556,-1.7533964933310133,0.4823316890172887,-2.526397834055525,-1.9057770766991218,-2.4201055053412026,-2.222976614853951,-1.4049764158706632,-2.2526925913173286,-1.5962027354695703,-0.7606701795544977,-1.857130249392972,-2.1681269688101135,-2.4082658167098785,0.7797201080677841,-1.2338769101967983,-1.28816744459613,-1.3215632263336647,-0.5740568304876971,-0.218060861745103,-3.2405144999651965,-2.3743707685332445,-1.557376654619583,-2.1372228059588485,-2.2076694359938953,-1.5544783163077474,-1.9347718804177076,-2.6246374365050014,-1.1879251595094207,-0.8629260349849397,-0.9097056229594235,-1.2472318850071902,0.861933774896996,-0.8283962035368896,-0.8194103293688167,-1.5372606855069553,-1.8586104656433817,-0.02689422548490224,-1.460579941458041,-1.8174611617248986,-1.3854143642569265,-0.06318674018021228,0.4117482172351462,-2.596372676769783,-2.3008300210388724
2010-04-01,130120,139297,3153,9.9,106029000,3.5,27.3,2.5,16,1.1,90.4607,202577.78762041856,446929.46517550654,1495527.8513012151,207487.54290776214,925483.3351788283,160931,11274.831137194109,422,687,918684.5310596833,637,166101.2069538257,212049.60690953382,127.7,122.5,217.403,220.822,90.31,89.625,12447.1,93.54445797807553,71.73189064266626,11.454,106.46543288282736,1876000,0.192,3.85,-1.1372192433571229,-1.3958095541017626,-1.3963311964187073,-2.129687415894448,-0.17072603351633636,-2.721240523298341,-1.3228123857923748,-1.3188801417081608,-0.7985172923598889,-1.474344247653878,-0.8735269630852538,-1.6351600891473097,-1.6385800362675667,-1.6688375092841032,-1.1926735174382945,-2.5261225098040727,-2.7422714833213417,-0.7747873915738155,-0.932140990124803,-1.1420955749513233,-1.7785320298337703,-2.1216122943707396,-1.7088707371416443,-1.424086370454809,-1.1243935085547943,-2.5670355496447206,-2.01622613192289,-2.2381905452085804,-0.1817160151024027,-1.215010197092934,-2.493983864934305,-1.9693356005779508,-0.9129425027906068,-0.9650591261940364,-1.6831295583362151,-2.304912344680865,-1.8626169560113437,-1.890832169529687,-2.6243219289855126,-1.2966047221870693,-1.7832529099566554,-2.362857784540519,-1.2330386397367494,-2.23616893202423,-1.2863251917510272,-2.952932235513189,-1.0609166143064837,-2.404655915764917,-1.5757527921349084,-1.7761881293279775,0.23104236105882364,-1.2756965561916902,-1.0258344919024671,-1.775442651766737,-2.170745939983285,-1.313143149241394,-0.9507915665728794,-2.066226676073155,-2.43812902275163,-2.244648024950614,-0.626516944109501,-1.2488387305562656,-2.6137160184413473,-2.003477600496855,-1.2690934030900598,-0.22635334391720094,-2.341180475217431,0.3890318116971443,-1.965105594397933,0.408122434515186,-2.008110189148066,-1.9232777431494104,-2.41653070275807,-2.207858805318438,-1.554125043602539,-1.4405021164841378,-1.2335372804275029,-1.0895969153756224,-2.563057170903726,-1.8467963988953708,-2.3237745194234414,0.562483470245595,-1.5351047159857112,-1.261667220435446,-1.2754124669484503,-0.1629943703359512,-0.45086851110608167,-2.2262639532742057,-2.4398906679518046,-2.3730576754944597,-1.7643920550272958,-1.7725412938520544,-1.3085476176484105,-2.2009811784997444,-2.618340641812222,-1.5971646091054141,-1.0012153096410663,-0.6541670255449928,-1.3474069381825897,-0.5882939723978827,-0.8685723296707384,-0.871412417988239,-1.8143223687160006,-1.914532926330113,0.039207529009908315,-1.9115315439497715,-1.9437242806195825,-1.4794312985381133,-0.6240329715618367,0.35264484597749957,-2.5029876325911813,-1.0488880118298076
2010-05-01,130643,139241,2988,9.6,106189000,3.5,18.3,-6.6,22.2,0.6,91.7014,210243.637852976,448901.3604312645,1502098.7534450355,209610.46724006243,931361.8702885797,159629,11302.759605486002,280,583,911507.7651955413,575,170268.6547338359,216857.6140980086,126.7,123.1,217.29,220.962,90.339,89.724,12540.3,81.73657003066229,73.2775428165793,12.03,103.97778523042089,2297000,0.2,3.42,-1.0065687139517825,-1.1736146892818422,-1.091910655927924,-1.1146602558705938,-0.18642848891420266,-3.2866829259988624,-1.7406416461638146,-1.236543040943122,-0.9126630788163865,-1.950276437891345,2.0924449389214232,-2.21083408745982,-1.2683040800612215,-1.599536658813205,-1.6584531177076962,-2.120653291442427,-2.648158204426108,-1.0304947875661945,-1.9217337179938898,-2.1757409467085176,-2.2518809167678486,-1.9321530493626629,-1.3108774197829747,-0.9646539718594476,-1.2409747505330369,-2.623101804359052,-1.9885819592962686,-1.927206015769328,-0.1741612516133769,-1.7454575518506434,-2.146056112192641,-1.663551052990918,-0.32709155691848807,-0.5308174752064206,-0.7607777057371126,-2.5103128038539686,-1.4646288506280498,-2.101718595208484,-2.67826715770201,-0.9230162427645505,-0.7854161617743084,-2.0687177742079896,-0.8447780268784721,-1.3599762959254427,-1.145845019478712,-2.1458596051653305,-1.0813187322259108,-1.5505060448391172,-1.9657601720654676,-1.180409663890019,0.6117815907677386,-1.155717725633407,-0.7429661311509564,-1.7746486057356101,-1.794366423094867,-1.0594939348950507,-1.4940662141442669,-1.5419759429443567,-2.7531712448827657,-2.5222874427186253,-0.156017226105347,-0.9123310941169543,-1.9018956872670891,-1.8382467587319022,-1.024774180657282,-0.1000674157345289,-2.6784435918960536,0.4580943623637821,-2.140730655219696,0.07687537324695427,1.4885144533293768,-1.0450466158513816,-1.0934623122381644,-0.9903385400597979,-1.2347961116052801,-0.6614942134986097,-0.9978649197915515,-1.4059764976679752,-1.9106207499593197,-2.1657623185229795,-1.5508199290541644,0.5072548062336939,-1.6986699840525739,-1.5405137560893276,-0.7796347459386521,-0.06443910844511315,-0.32834210025335675,-1.6955406521705874,-2.3551166794785727,-3.1765903200416865,-1.2824346506018354,-1.4554901132616374,1.2696595694435315,-2.1223143863894784,-1.7603096673290382,-2.029800655116209,-0.5947047692329002,-0.8820989942756596,-1.2525211431034389,-1.1511869126965049,-0.8810375826759749,-1.0643369767770108,-0.9773419573202974,-1.6942198301036464,0.12440511393035332,-1.6818100288491837,-1.496351303023286,-1.193549810588434,-0.23398972394978515,0.5868161647306488,-2.57392829193586,1.5704911031807491
2010-06-01,130509,139141,2801,9.4,106258000,3.5,19.9,9.9,15,10,91.9033,205609.01872625996,451517.701908063,1518231.3447522293,209426.2522009723,932341.8345311792,159538,11330.217827045104,305,536,910225.8003787334,587,169794.35443682794,222192.44526638684,125.2,122.2,217.199,221.194,90.301,89.767,12544.3,83.44315123863522,75.28180006295611,11.598,104.05625483230617,1842000,0.1825,3.24,-1.1320578874952587,-1.2096716508608985,-1.4502188807281522,-1.1868716070297536,-1.3352146055843035,-3.939401848417918,-1.577516187352909,-1.3477154182009516,-1.558008295126688,-2.7972085978361734,0.6404172218758165,-1.4435718453893536,-2.0181971204741185,-1.8596039432116565,-1.541315024084816,-1.5741227497242187,-3.214803706997296,-0.9248939813181309,-1.907187338275203,-2.6930711244137737,-2.76109296048532,-2.2661216447798327,-1.116669966679996,-1.197208328262139,-1.4427788369432597,-2.911319017863283,-1.789411584756419,-1.8498410988307543,-0.5509378053663394,-1.8488474545175546,-3.364916833175865,-2.1746480353696174,-1.1993146024584294,-1.5227882358682272,-0.7089531105248399,-2.4693827099897767,-1.8503378150396195,-2.564446515140067,-2.6496509505058823,-1.350858900861815,-2.03058525544824,-1.78432596431111,-1.547606694623302,-1.6951664322820181,-1.1002150307506071,-2.253483638650148,-1.2708994073193975,-1.77788146226994,-2.414615201475942,-1.742647647220188,0.9723276755279309,-1.6277305179773074,0.25682661854908423,-2.3638886458294497,-1.9704342142195697,-1.2327439751555214,-1.8264535418359147,-1.651290369338962,-3.0439855667067652,-2.5087921873014234,-1.3090033291972838,-0.8860483622610386,-2.501585393807243,-2.5408373352217533,-1.356129934293504,-0.25896774107360876,-2.357203160409179,-0.7000128192413749,-3.154047539501209,-0.8260079937265343,5.403882218001666,-1.9082183415130287,-0.5253918590583959,-2.2928764618226345,-1.9877665508324256,-2.019102283900421,-1.6160627266184142,-1.9672521924629056,-1.3654999619750092,-3.275961910186391,-1.6644385126304053,1.2282570490901026,-1.982472109256592,-2.1134337525140205,-0.8658075908559043,0.7342037670726004,0.0905831086661178,-1.256771503449803,-2.9283080777464567,-2.554860422734606,-1.4147870742266297,-1.946801304088241,-0.8316910448284125,-2.4887350082254227,-2.564618960238348,-1.1587308867885027,-1.0624155209323025,-1.0741191217531365,-0.8605562557686837,-1.8427531173372822,0.7910805698518122,-1.1987024199417398,-0.32119624331749036,-1.560044515259109,0.0798865232677686,-2.5008167263695698,-1.623517646308363,-1.0478149274740276,-0.19691180143607045,0.5363463183344959,-3.133560292363335,0.22647649723607732
2010-07-01,130415,139179,3082,9.4,106410000,-0.2,5.2,-7.9,7.7,-6.7,92.2549,207468.631746664,456770.4529863462,1532998.1909443731,213826.37367500944,931003.1202283743,159744,11361.282613025294,283,546,884832.5920024784,579,173452.61014848747,219492.57562681183,125.2,122,217.605,221.363,90.378,89.769,12554.2,84.50065281373786,67.6402471027341,11.948,102.72636447479529,2296000,0.178,3.0100000000000002,-1.3766023504264173,-1.1024453250196127,-1.3968938746463821,-0.8070438241106048,-0.46017674954537646,-2.3224075735697234,-0.33055481916571466,2.287554812572648,-1.6772549837144908,-2.3532132033211792,0.9453750880492684,-0.8702745282649411,-1.1559003550394946,-1.8527689812721675,-1.2476710863823826,-0.42792920090528946,-2.3632287082710866,-0.659939991811149,-1.8328504854021224,-2.31378901898498,-1.4583414835266546,-1.4217597093918906,-0.7091239264356379,-0.45385193984333194,-0.7472391867204294,-2.3998937203493194,-1.4710212031944445,-0.19922554576812154,-0.07182591281426948,-1.4660425761301623,-2.036023485723697,-2.031873232566843,-1.4928791234116063,-1.1130999412562357,-0.8914363469403713,-0.9197137044049446,-1.0114109002176424,-2.524231461351663,-1.742678666347514,-0.24132079353542002,-1.2754041136632213,-1.1500394387334765,-1.3701421106510847,-1.4187388578311277,-0.6696115569181488,-1.0363581439458243,-1.9498026542460816,-1.725992026071343,-1.620272738569114,-1.640283560619191,0.7928284313635082,-1.6724169180669055,-0.10883409832243422,-0.9370803419405406,0.3650186520397272,-1.252582015075663,-1.3021108754711104,-1.0718383238583205,-2.166872847596184,-1.8343882116703905,-0.2533858919629999,-0.8807189579111043,-1.8449899037208624,-1.2240774725843937,-1.5846430201458694,0.5713330570935096,-1.1494910582082425,-0.7617945184773987,-2.5593826543405442,-0.6311942015956429,0.662827157685365,-1.8974058350394079,-0.221421626067465,2.5622293724593512,-0.7516333756175064,-1.3523210114434643,-1.2306366510818023,-2.611587393827548,-2.1915700494431807,-1.4579593954730132,-1.278639951937825,2.392105957272849,-0.9393634105875095,-1.6393035006458736,-0.30130131371413427,2.7965621011912827,0.036315494468617336,-1.6209804061538808,-1.8614434177352128,-2.0714373643987707,-1.1114887569264942,-1.9773648368623176,-1.1760993442540089,-0.8438253368673039,-1.4214735623674402,-0.7621445154387183,-0.6121014749462036,-0.4315739136049286,-0.5911066461662655,-1.643404934487337,1.1704284494497776,-0.16005649205271272,-0.7726470041719639,-1.360027529445646,0.03708934128080905,-0.949880250272957,-0.31243451407833067,-0.7047327693374432,-0.1292480224582712,0.5293913314756165,-1.8403897115457029,0.5815145756350718
2010-08-01,130416,139438,2999,9.5,106509000,-0.2,10,0,3.6,-4.7,92.5936,211868.24600561312,462155.5324744205,1542553.2076656923,212920.15646063074,934448.9624538685,160235,11388.809087091999,282,599,886201.4099135931,580,174326.53422023822,224732.05012043932,125.7,123,217.923,221.509,90.502,89.855,12591.4,84.8821020529933,69.67180738642205,12.014,103.6200569095318,1900000,0.1875,2.7175,-1.8051018176288214,-1.010399524354176,-1.2026908934307385,-1.7260079634642271,-0.29846802474084233,-2.061552933657218,-0.39947745422769476,3.082350677553971,-1.4830910208814987,-1.7948147135584984,-0.45568440937836585,-0.9985987479098173,-1.0195766624608247,-1.6209810594583844,-0.7041632072242072,0.02177033219381032,-1.77147826427526,-0.2108845656532058,-1.5403293471709196,-1.5851554108727002,-2.03859468815745,-0.9694267494052589,-0.13671943372704803,-0.21203045000815968,-0.18496881169141327,-2.234809909971356,-1.5909981983189871,-0.5675218267218538,-0.21300690044778614,-1.341765667700727,-1.781849795298127,-1.2485772576960947,-1.1686099511845442,-1.5609635924278003,-0.9128548712869784,-0.7630770614189677,-0.9611853420905354,-1.5219600113667346,-0.9497621821840878,-0.07735584162250718,-0.9921864548053844,-1.2426353533240215,-0.8707620234944307,-1.6661808129856661,-0.331239817093979,-0.19623844716972177,-1.77820549431504,-1.8873411823746349,-1.3801103623427955,-1.5030727079181443,0.5930077660058669,-1.287878453775784,-0.593635804227714,-0.36816267001703873,1.0105741141909705,-1.1347464794262088,-1.219167011421239,-0.8877342919260287,-1.8850168299644081,-1.3633286557509292,-0.009975734285288914,-0.7791683488252187,-1.0375338259090567,-0.6411481682889235,-1.4584045514646786,0.7210593203901581,-0.39530975144236613,-0.07763125852061806,-2.270742076467572,-0.15083273998033916,-0.9875265497900778,-1.4750919226838586,-0.8457285633973399,3.902465273532438,-0.3927223118861669,-1.0694680760420978,-0.6495165560713384,-2.485033587230929,-1.960455019342506,-1.0759108962338315,-1.524282497066412,0.5591228126442003,-0.7306395254656515,-1.200809972739664,-0.3882725391816067,2.1414211858395666,-0.03560716914622458,-2.027510009002734,-1.4830798517500683,-2.116592120984999,-0.46204396760154404,-2.4048469286403864,-1.0683288617859548,-0.8526467742746393,-1.2921372996630436,-1.2030283510619737,-0.1245784768069072,-0.08308144527056227,0.007916541630711198,-0.5108514658106588,1.1425665999967607,0.3304253416901414,-1.2083441940342483,-1.282495407022897,0.11752436428283107,-0.16236106409577375,-0.26103528733680476,-0.6581043750796385,0.17425434831728048,0.4056707306016637,-1.1158346619715953,0.03915403633713321
2010-09-01,130342,139396,2918,9.5,106685000,-0.2,9.8,-11.9,4.5,-1.8,92.8533,222902.68456375838,468333.84846344055,1558804.6005254812,214982.55916637232,947280.1130342636,161346,11399.571706110915,317,594,891610.7382550335,563,175097.13882020488,224035.23489932885,125.7,123.7,218.275,221.711,90.592,89.906,12589.9,83.13096079123984,68.69467972684757,11.922,104.79275728411025,1814000,0.195,2.6625,-0.5410340254960154,-0.6008740652344249,-0.6933394053674315,-1.57148921425578,-0.9296580385781451,-1.6877206570778118,-0.23954719053549983,2.593319292491697,-1.3787977508500837,-1.4286818956931353,-1.2882134069514999,-0.8225858403003625,-1.0531647786302325,-1.2322598265326332,-0.6745969448586348,-0.33910194026028423,-1.7005132357757342,-0.6536928032152487,-0.6918845079035779,-0.87916266047573,-1.442614764939282,-0.5284892582619067,0.30340372404622895,-0.2887059477705254,0.17270845152593342,-1.5119150664742103,-1.6179083373703602,-0.9302088497530113,-0.4288959368411273,-0.7002439457210753,-1.616333229016179,-1.1078167892674102,-1.0532320657466712,-1.050760163695005,-0.9980646421320774,-0.4111391360809832,-0.46611413930556095,-1.4498020340192463,-0.7560633706261103,-0.33666808877347504,-0.9108643664992222,-0.700435778380716,-0.5042236489387193,-1.6509661795492827,-0.3292507606021079,0.24753017733586113,-1.1285977931956093,-1.3288127154912106,-0.766343797931915,-1.4350892578520733,0.3717843954600214,-1.6747878635483056,-0.32724325061739684,0.1030123987354204,0.7996691003915448,-0.8058167763811457,-0.8868663533624845,-0.7118619361134058,-1.7925054717636377,-1.2770663368113007,-0.19145125002278146,-0.758278642913937,-0.8580956737727029,-0.3691145555971651,-1.5114991753513516,0.3184534671690092,-0.49765359568118245,-0.37968256212468765,-1.910353369580517,-0.174107705860083,-1.5273613952210459,-1.6088825247968677,-0.7231395768100435,2.930183956698746,0.4728516585986823,-0.452739892435839,-1.0035224430844403,-1.914187236073888,-1.4527807983805092,-0.6201863466240842,-1.5062443928712885,0.1667015985087702,-0.4441871643137322,-1.6173505721677237,-0.8303314094301136,2.1037022821823483,-0.18938557837160533,-2.0658069058335955,-1.0902902640833698,-1.8201689890095842,-0.282909105483875,-1.3402814027392596,-0.2104922352010545,-0.7218987854005158,-1.6517819903153945,-1.0108629542683842,0.08851709620249508,-0.09925580156271349,0.20406037776419272,-0.48008920758729856,-0.07031943698725596,0.3994575776779503,-0.4731091578583451,-0.8684358165009868,-0.4981356949472839,-0.18481713766381658,0.1898371145179838,-0.15844212624516485,0.16274812744350578,0.0995191543333039,-0.6549261972081295,-1.1993016658396158
2010-10-01,130621,139119,3235,9.4,106814000,0.1,15.1,-6.7,0.3,1.8,92.6033,212438.24341721594,476238.1575906955,1569000.1217935658,213897.29426392756,948508.4891231391,162629,11428.571428571428,291,543,881781.6705361956,558,180713.2403912809,225437.66023701325,127.1,124.7,219.035,221.83,90.881,90.043,12592.5,90.1178464145421,69.18949933831843,12.414,104.61609580809657,2234000,0.188,2.536,0.043214722840991905,-0.9957755396292063,-0.43010999965662006,-1.6300561998004177,-0.7895711310130235,-1.4811549036650324,-0.3760277397128684,1.9476869235739331,-1.770701165021502,-1.412364529381677,-1.5598364917139997,-0.8213635970093341,-0.4330272387552551,-0.7852053945364177,-1.381017118067511,-1.1025663073567298,-1.882739654824698,-0.9727951503770098,-0.9436023904362271,-0.09380836964865363,-1.1624972745797688,-0.6642723780346036,0.13380423384836296,-0.23057625058917164,0.11486130142078053,-1.663184736276421,-1.4039957956078097,-0.1623438134062728,-0.198985968384132,-0.6985781381629045,-1.1885430618586927,-0.8746556156205566,-1.047839152151211,-1.4421072225272396,-1.1175047149752666,-0.49545418586151346,-0.13347726794332263,-1.2335630982763737,-1.2473416924743734,-0.3546139167917611,-0.5952989137016681,-0.74795250334865,-0.6786614113839908,-1.6292660531783698,-0.38691318438748445,-0.3138358559797917,-1.9898524158070259,-1.5286791908999142,-0.6480370413719548,-1.4568108510709024,0.7102334754048721,-1.93812128914073,-0.5266625271222577,-0.08089009982668548,0.4828033863312831,-0.7827348541322273,-1.1224209889585623,-0.18878206265033348,-1.3772647479627826,-1.3344183302823893,-0.27468942518906087,-0.7233204680728741,-1.1096910626397762,-0.5639073126596631,-1.0890418567640159,0.24260107361213107,-1.0837083878956033,-0.5414791394623188,-1.5051402905782958,-0.18625839886919615,-1.5722334616501907,-1.7454622206919945,-1.1565215506662452,1.5946298692230216,0.13563487860745274,-1.322586347908332,-0.3174739006138738,-1.038831414614578,-0.7611646656422266,-0.8955618716928576,-1.3440250260946638,-0.13392399581850903,-0.8601866091820441,-1.7814291342729491,0.15229409673615377,1.3121970053126395,-0.43932402190705705,-1.7028831838468368,-0.8406304699007765,-1.3345037610973265,0.04378746696302128,-0.9781516914474786,-0.7263714191775072,-0.08025128197098311,-1.482467656580924,-1.3976742678887708,-0.18532772666955866,0.05727920155653147,0.4459056919225258,-0.8790659081621004,-0.9219222272664893,0.5139322322517016,-0.2762116055724386,-1.4759555742693768,-2.168259626177976,-0.42171051818063304,-0.06855232564610929,-0.2706065625035065,-0.4433731363374458,-0.4874672547509622,-0.6200904542009356,-1.381943776903256
2010-11-01,130749,139044,3211,9.8,106944000,0.1,-7.5,-9.1,19.1,1.7,92.6686,216557.9495288924,479170.2356636139,1575253.7956164966,213945.44376358963,955276.6247172256,163691,11457.688168500583,287,545,883080.7581647668,560,181877.18257890228,224418.5280358437,129.2,126.6,219.59,222.149,91.062,90.16,12605.1,92.39858557905603,73.03605730933292,12.3,105.16748955579764,1705000,0.195,2.755,-0.3687284280348776,-0.9106039282109789,-0.09333412476937415,-1.1274180221281462,0.025789101906227352,-1.4008045481345266,-0.5334955561364222,1.9726495836708338,-1.013357449296236,-0.8743398875801149,-1.1293956462845705,-0.936641026021102,-1.166553077846757,-1.05512568299497,-0.6583139001195512,-1.7650962502771121,-1.9022564512299,-0.7702386399215914,-0.7900474974420778,-0.3573468941128614,-0.9310115485705,-0.7587387791936178,0.6364909343255161,-0.2804979506775353,-0.04058091788010115,-1.2799655249584243,-1.0711963130699376,-0.2392624626823005,-0.16405971143334852,-0.6564534437044577,-1.3862222908685051,-0.09933255793167772,-0.34250494225236994,-1.0535021319217357,-1.2945923245907975,-0.7057055948942235,0.2803506002448861,-1.256754006478193,-0.8469702665562207,-1.03536606917572,-1.0636888715893038,-0.9016537049649298,-0.36328653833188584,-1.8099813454272726,-0.43497715824687444,-0.41505129869693996,-2.5349314908276463,-1.4096801633953235,-0.7627720578049754,-1.487092481812748,0.3421073067740543,-1.2445496384997026,0.11361674424934082,-0.15745609548942968,0.2488159925806865,-1.3964371293230695,-1.3976622603497737,-0.18795072925128836,-0.8555714113231407,-0.8623895300268166,-0.21515212969836317,-0.5683346611619976,-1.0658739757075724,-0.22773887815505556,-0.21810706619189563,0.5827884581225617,-0.5027813522547667,-0.021789988898866245,-1.509545170355173,-0.36781975460256944,-0.7928870481077368,-1.7920944373963195,-1.2981882732215322,0.7783980733621725,-0.06156518207142744,-1.213828985893424,-0.6386575311164921,-1.0556555605831877,-0.9504505675681841,-1.0057552953945317,-1.1410570674739724,0.05589471573330344,-0.5839006832626495,-1.6314490387100715,0.14312402916736888,0.7600396704447225,-0.6281264884633512,-1.3952483277209557,-0.8749467638238302,-0.9537325152169622,-0.2073821077363603,-0.8470441280166924,-0.2813747940037608,-0.1173157469167993,-1.5667292342812071,-1.822219799848348,-0.0741344219968281,0.14342762572073986,0.7012864785936318,-1.0156002379507856,-0.7533888965751334,0.5977535910272386,-0.6532530651324574,-1.6897571344437265,0.24044774246304623,-0.42865170784081175,0.012775400045277725,-0.05109720154702384,-0.555484218429616,-0.7870315985171178,-0.6903931541892863,-0.6156806078412087
2010-12-01,130830,139301,3058,9.3,107047000,0.1,11.8,-6.8,15.4,3.4,93.5916,211960.3804181093,485703.6420212999,1588589.7016087717,216236.79712495068,954415.5673401412,164184,11472.805364421265,326,539,864919.7966428541,632,184632.07257746416,230344.69912784325,131,127.5,220.472,222.343,91.268,90.179,12680.6,97.55883770872596,74.95199933831843,12.605,106.45251935070226,1681000,0.186,3.2560000000000002,-0.8475102551950318,-1.0784075025185218,-0.406212658270869,-0.5615223733826706,-0.9739571675462939,-1.343412992936512,-0.49352946354868776,1.9514475457416016,-0.6674433783776058,-1.3221594249890567,-1.4482127229303943,-1.3050304598745102,-0.7085456273955356,-1.2982588539209265,-0.10640606458627075,-2.7286013789056374,-1.48878864128457,-0.6006713260396213,-1.0782368122821073,-0.753986243254988,-1.5039430055039953,-1.113580036002915,0.16845977480310878,-0.466827678447446,-0.7467431737049322,-1.0142956567318422,-0.6310032494393303,-1.1901205737677398,0.12029214073911008,-0.2155412449025768,-0.9023832895528874,2.6348112071632643,-1.2317860603079636,-1.5945068085403697,-1.4862145040285746,-1.0508565391387679,-0.3654960356820687,-1.8134511898735794,-0.9182411600737493,-1.4306640109142723,-0.32322089810935783,-0.9903456066626373,-0.6906089516530379,-1.8533074471717323,-0.5492432492727066,-0.5151398024720141,-2.0348151473163965,-1.4542385393881068,-1.2667280053889765,-1.8405701702753539,0.47914296013189167,-1.2959591601268061,-0.14218032401420722,-0.43576691627364106,0.2161811413851825,-1.9119228267876591,-1.5369709321264238,-0.6510617196820306,-1.4465847693015905,-0.3261385029129137,-1.0842292698014433,-1.0263750604338338,-1.5552922026628673,-0.9427980908813622,-1.6473678929801747,1.8207498096208017,-0.5068220299125759,-0.529424877303887,-1.3784713713035235,-0.6941826636069856,-0.9275051989809283,-1.351668173980033,-1.2576669456417562,1.2593033424934263,-0.024091242037669332,-1.4736729823683012,-1.045799078155723,-1.9035326669421297,-1.3349945263847072,-1.2821020906773155,-0.49390526579877425,0.9101258600197623,-0.069337945134757,-2.151854421097027,-0.23802556950712211,1.209458208334858,-0.7351037424960956,-1.547767821789306,-0.7599291600399807,-0.04420800704081435,-0.2095747861570849,-1.0013926784600433,-1.2165456921935855,-0.30963786723058917,-1.6788966935724878,-1.9971677651934123,-0.7662541724940012,0.24256417844061823,0.5411863571028935,-1.4905021104651266,-0.6185961296861129,0.5311786525408321,-1.2632393291046167,-1.8161145366851112,0.5314367691355343,-1.5129457507249737,0.2651363458935715,-0.7097057620097612,1.0191949484766138,-0.6331186621869926,-0.8410672605946568,-0.8036061811066384
2011-01-01,130837,139250,3104,9.1,107306000,11.1,9.8,-6.3,16.5,-0.2,93.3889,222450.8968560879,488219.61504009087,1594415.74280763,219568.0671167333,960625.7237115203,164745,11485.766096436608,307,630,830180.6820912805,576,185594.59046120907,238163.9029079548,133,129.1,221.187,222.803,91.542,90.372,12740.1,97.68193834524044,72.51594861368075,12.806,105.73746929522925,2134000,0.1675,3.395,-0.8221073897550796,-0.022663884043518132,-0.5965887360562577,-0.04273395461705624,-2.113929947166553,-1.6810154107588526,-1.5429839419495774,1.7707607827703125,0.19382309237485232,-1.3896903891542491,-0.8586521752125023,-1.1419925806350957,-1.2427963188588358,-1.0781423763920615,0.17107347612987595,-1.984829324627929,-0.576302812173223,-0.23529053417306683,-0.6807135492221242,0.34898863488798826,-1.523874192361816,-1.578196637854385,-0.731777346502181,-0.7079995764571719,-1.3749868795500655,-0.10901619939961378,-0.49651482264855357,-0.5667170242843605,0.19344695410368873,0.7596855139329023,-0.5340265892637384,-0.2917435583021363,-2.7408323603177944,-1.9863520951197369,0.554543094069812,-0.2726615820121929,-1.196148286995565,-2.2746689054889857,0.26330316375622304,-1.6687592733028185,1.2025615863951367,-0.31888290323920826,0.13391981429514974,-0.47880373315688796,-0.06662594659149984,-0.6080848152582019,-0.9960492013285834,-0.11499703632700028,-0.6699822243158912,-1.1349654891982763,1.0643716690094753,-0.14119193983709605,-1.0007122676822149,-0.930041004732997,-0.8550350608009288,-1.7312571116524424,-1.2424790266863455,-1.9431195634620668,-0.7665222453805576,-0.6243414630354142,-0.5682933915498105,-1.408677129038183,-0.3567563567567825,-1.652302747740262,-1.6239239229146645,1.7177700204631,-0.2393691832605731,-0.30286604508360815,-1.6631984256212102,-0.982585812208461,-1.121281823277072,-0.6458198139073565,-0.8379420792191021,-1.0636756442474196,1.6054552963724587,-1.293459200278583,-0.5731872575487565,-2.328558967716463,-1.4977358891320007,-1.5379759352612394,-0.8907377532023797,0.2599262220713977,0.15990336954764967,-1.3170205169234144,1.144724745465138,0.8663874691840884,-0.03962235813221633,-0.9617330695417154,-0.6413465653102589,0.157049357793105,-0.3889817953211597,0.07610684025807077,-1.4163512435172345,-0.06072406795625858,-1.9342179687100896,0.23650394064895913,-1.2502615026608572,-2.01434064032223,-0.7201428630915961,1.0010922753440137,0.26935661496279223,-0.5458182373208618,-1.8425262911081823,-1.8257981392681988,-0.8228157881116205,-1.1401039642196376,-1.659318038919616,-1.344116227859591,0.06297407938578038,-0.07485863997264786,-0.9417216328262312,-1.0251593425914933
2011-02-01,131056,139394,3226,9,107582000,11.1,12.2,0,28.8,4,93.0045,213942.72143969848,492759.02262601175,1598825.6761065656,218375.3281697659,960065.1437410808,165605,11482.510321688074,270,517,826144.6452498449,542,183736.94129437782,232489.0791638071,135.3,130.8,221.898,223.213,91.797,90.53,12776.6,97.58488839504558,76.77455368614451,13.081,106.99985070918747,1606000,0.1575,3.5700000000000003,-0.952057947957375,0.5936735027346238,0.1737508476501272,0.0603935425140147,-1.496662785177909,-1.6009282991122151,-0.6393505850684942,2.2439750640462734,0.11211008417952129,-1.1653469146322197,-0.5007761850533878,-0.7501048708192347,-1.4458885215416992,-0.8599873137372838,0.363857356374335,-1.3288388693078628,-0.46718498926913715,-0.2243925850491634,-0.14654623912890907,0.9296045002265073,-0.5955842257832629,-0.7339623863223751,-0.7852213280834155,-0.6737358340174318,-1.2078942763848475,0.7820371546481399,0.2747307337329352,0.3276684986503171,0.24807152770050575,0.23373501212127118,-0.31897444822913046,-1.4299948977462367,-3.019976024714444,-2.071066756413038,-0.013424541099098852,0.2664769415562907,-0.8356600347240184,-1.5343937007238506,0.5204668494023554,-0.6409773053748002,0.7797436817433968,0.8854301448510444,0.7764895161450787,0.24146604950835546,-0.005594026439121012,0.03667760971823779,-0.5535221280611051,0.39911273634105193,0.19854645754941053,-0.9223934721897113,1.2013450176426814,0.15617075339503875,-1.3145974289873437,-0.7593084641821195,-0.8575731292858683,-1.4725944622456306,-0.5477864591761328,-2.470739881974424,-0.1031385351801356,-0.838300504918781,-0.9282644869469734,-1.5796843213752583,0.25948705735986705,-2.7367323849557845,-1.6293061788463576,0.9200730492340354,0.27133426450729076,0.6515295851630414,-0.5366733436787783,-0.35720131564783103,-0.11109437212272216,-1.2472409841889072,0.5012143293651272,-0.738102671358724,0.5174253751693285,-1.0300723746155387,-1.4660824711529343,-2.1516839688504334,-1.1273431016889013,-1.0670400721866138,-0.5309587353616962,0.1486251415168138,0.18830147110950746,-0.8585835427592489,1.1770991874971133,0.19591420215749872,-0.11739971678784591,-0.1499153791151379,0.07496032309491935,-0.1712794511632456,-0.4476838149341516,0.37015289217941383,-1.5162894392117106,0.4241511390964599,-1.8275712458146036,0.3035909320339284,-1.2013370271661712,-2.8991446633322955,-1.0134993966325334,1.3400040521802412,-0.6511862658859539,-0.7806833498377584,-1.977066764087069,-2.231557930921885,-1.4803421470137008,-0.9882928391496002,-1.5504834686215987,-1.5505686604175783,-0.5918160309700222,-1.5054142132423545,-0.7897320683043476,-0.9074217449274677
2011-03-01,131282,139639,3261,9,107842000,11.1,12.4,-1.3,36.5,4.7,93.9684,230831.32608554134,495919.3194887486,1614211.4436742337,224718.4428097129,967626.8906104204,166233,11522.361825401995,300,600,834534.4270121303,583,191693.24913742597,239771.71625111214,139.3,132.7,223.046,223.454,92.166,90.667,12742.7,111.68977714124514,66.93397397599959,13.259,106.9148503750822,1624000,0.14250000000000002,3.4,-0.9293113450835246,0.6764314177868854,2.595341972649151,0.3131537450954276,0.2659692605374694,-1.2358874838326914,-0.6216134304967519,2.1887378847282277,0.07281956658424979,-0.5797119471344921,-0.5667811299098151,-0.5555711003902771,-1.175524795207904,-0.20763405984212405,1.4705851871327669,-0.8473383460943491,-0.37107905681153536,0.02938804230553123,0.30689779024809277,1.402201327639634,-0.4736023726376969,-0.6271293414677206,-0.8373964231276547,-0.2653092156134579,-0.9201566780378758,0.6504903186608713,1.3535565027405605,0.4772166964505268,0.229709276836231,0.7400325219520236,-0.18774207954884947,-2.0459807705561204,-2.614812128581743,-1.1315558822391742,-1.150452832964537,0.5348350866710454,-0.9147841173291602,-0.9343577128340197,0.6033284203771117,-0.6646816261291277,0.266083161195414,0.37755168327614735,0.7122666864111113,0.7595637996647122,-0.20540694796969966,0.01520134340362851,-0.3127935012041441,0.572210932026862,-0.2539073182887311,-0.9432849251527308,1.310933716569694,0.40140563797515433,-1.393172883839116,-0.8168169767720459,-1.4671991007576424,-1.7024123456210285,0.07751217107824289,-2.4990293706883353,0.2905904884311012,-0.7525931546757005,-1.0548869444952729,-1.5818260964385822,0.1509161804858184,-2.180127849574128,-1.477594758123029,1.0189083019296357,0.2484830971041941,1.1095262177748169,-0.8324660128502466,0.5035270535975481,0.5942914010178353,-1.562749240805139,0.36572102157586345,-0.5089187730288152,0.8318220332775298,-1.7237916011045438,-1.5393299287496007,-1.4917172983461846,-0.511314686542736,-0.9914523600031319,-0.3037112925910179,0.0360568880306272,-0.08947957046024566,-0.8233780657791177,1.2369956941810833,0.9547805582662179,0.14460609779213696,-0.1664551659006603,-0.24693435911784825,-0.22383396560385846,-0.13174990082231441,0.05848997863305801,-1.2769460125826195,0.6435173618674487,-1.1246394091531653,-0.2618509782208942,-0.9656088899105996,-3.097759113386525,-0.7716202340715568,0.9801525723753596,2.3484462586568045,-0.7219553607737501,-1.229919232848494,-1.5628543821863818,-1.0335327854455985,-0.6890106212245165,-0.31841020624124433,-1.4967730169690165,-0.8770991314605547,-1.8277606457875784,-0.6427666688585402,-0.9343384811521305
2011-04-01,131597,139586,3259,9.1,108162000,-3.7,19,-1.3,12.9,9.4,93.6571,216875.0067525957,496581.56595395267,1621378.3965665777,219495.01388333674,966967.3822617414,166368,11508.691941182191,310,554,831311.5161468068,581,193219.313504111,239336.84108171178,142.9,133.8,224.093,223.727,92.557,90.875,12721.3,118.88890089350346,69.33189064266625,13.326,106.50887584486092,2103000,0.102,3.458,-0.8542652590494361,0.8038365940535332,0.3723357531608845,0.7341964510882797,0.11610333105710735,-1.0834377390704482,-0.3069493046007666,1.9732231802993976,0.6083725932142453,-0.9129699162182857,-0.40129688120733087,-0.8172278269404093,-1.3382242068374592,-0.16192556614768655,3.6765365707890796,-0.8535436735787216,0.10259909953066748,-0.11381487345275726,0.49194556270655976,1.2155614361905769,0.1762964310856648,-1.1624386268997724,-0.4726101331074234,0.14690476936257496,-0.8167618060333521,0.6637131723238635,2.0160804680492235,0.7028878567585386,0.2665166940854503,0.9869112074104468,-0.027265169171474177,-1.3427948136032297,-2.6418196450792633,-1.3606043593104817,-0.8690293723081745,1.155685659110679,-1.2922110321003102,-0.880168510201338,1.1928748941649612,-0.32160463062066724,0.689548323892717,0.43025649444581693,0.4981904955570897,0.8157921296467238,0.6703349882760739,0.266124666568189,-0.2722778943132463,0.7565295298104692,-0.2294155092092226,-0.8315141161955371,1.0671226968181213,0.8470743692045678,-1.0245796619825078,-0.6791747425346777,-1.007376957421566,-1.0922701664302104,0.44322195164318623,-2.052099664594693,0.08623451026997911,-0.30250324781619303,-0.10732024895988151,-1.4135530694989458,-0.2735695039582072,-1.4905243956149181,-1.341152580336977,0.8394953356400108,-0.096079625571977,1.4690327891984494,0.14832905223482953,1.3825923866717102,-0.1714100407264489,-0.6184600380956337,0.8370442397548014,0.1554501974105637,1.0395957970716736,-0.7125199400746294,-0.7991460247841314,-0.8183973604261544,0.6503069250684722,-1.129535654071631,-0.6027637786274196,-0.0444153464223855,-0.14446105351854852,-0.8544248214103695,1.465038639217463,1.206940653854338,-0.026257388792215456,-0.17293282075367788,-0.6834505823837215,-0.03034094994850918,0.68320947050831,-0.16711786633651377,-0.43889587976722183,0.29940100962116184,-1.0289844908835513,1.7348547113068167,-0.9757951443288206,-2.832823877527164,-0.696184776791985,2.34756629539405,0.7603689554496775,0.1324275913750474,-1.2356438371348246,-1.1914305774751988,-1.3786481689295922,-0.7573492159299423,0.7533182244530284,-0.3750686129941324,-0.8425724503636657,-1.9220940465619107,-0.4941849624522012,-1.053565146473277
2011-05-01,131704,139624,3179,9,108326000,-3.7,10.4,2.2,6.2,0,93.7723,223152.15752170447,505970.6154807299,1637125.9536770617,219653.5901247334,973455.9124496436,165701,11495.50830478899,305,561,835057.8426937246,618,192653.8701824684,244060.62172817168,143.1,134.3,224.806,224.175,92.838,91.091,12705.3,109.14711648247486,73.9775428165793,12.28,106.69749218491765,1690000,0.0925,3.1725000000000003,-1.2434477696104538,0.9437015720231889,0.25802808267286026,0.6280191714494096,1.5491010728533736,-0.7401979032996189,0.6599310874501505,1.8996535804379082,0.3752742601760691,-1.1647669911984269,-0.883081299817791,-1.4333453767047484,-1.0951671160237162,-0.358508351180066,2.064742448773312,-1.0391330726900772,0.031670800339079666,-0.11200069234601596,1.0638012315644425,0.546679049298884,0.38006111008545085,-1.5047265872610471,-0.1440643650384572,-0.2842891058598787,-0.8474146057864156,0.8152355915535769,1.9265401349849935,0.7067926706163536,0.07489665979198509,1.231232400443864,0.41701648275406555,-1.5291064461793427,-2.9818470126687244,-1.5928707906083819,-1.054880864552917,1.120062602989743,-1.1141068505982885,-0.9933531584919411,1.4102036233443829,-0.582578607915526,0.8130496193095211,0.4554561314678245,0.5026001463480747,0.8492082336965067,0.8395778832335294,0.7242137808990351,-0.14859286372183644,0.5419437705858747,0.10370741246894694,-0.8359543309215988,0.748129271276218,0.5286558550264109,-1.2923403098546988,-0.5065463763049383,-0.4807802876931894,-1.0142276379599355,1.160572879790758,-1.5521474962396276,-0.4722147244812631,-0.5401950161369977,-0.1378384951750014,-1.33123945227367,-0.2821202800153807,-0.8024906016412308,-1.3330422111352809,0.7508346272373243,-0.32566807369545714,0.6731495668692755,-0.0397631842838906,0.9375676785764685,-1.1518997515865368,-0.8946797857212394,0.7844322567282562,0.5693036916625441,1.0947730871910417,-1.0977607412999904,-0.008272741364959878,-1.61780399434126,0.2910555286731489,-0.17464672905265644,0.17935742913324138,0.31213167437280864,0.08108210933824961,-0.34214396817124443,1.9756006763850984,0.4382485431250617,0.21330133251851444,-0.3278686748600772,-0.6640372402996038,-1.3101459791760837,-0.3637686777623815,-0.1131487055325336,-0.607538927604349,0.45601516195618874,-0.8601062544102854,3.694914897131503,-1.0889746197227086,-2.63998890321914,-0.31428960574985104,1.3224128464534255,-0.29450406176532457,0.5032230939807492,-1.767099570049476,-1.071576334186523,-1.4211288969105933,-0.7988728681179793,1.3744722690105327,0.03489931027191287,-1.262420375436191,-2.249345485526425,-0.584071048355141,-1.3150007603132543
2011-06-01,131931,139384,3455,9.1,108516000,-3.7,-5.3,-3.1,-0.5,-12.5,94.0493,217174.28543724882,511057.003415249,1644427.4196282125,220734.97882976543,975758.1960589965,167072,11522.209892371173,301,608,856332.2164643013,636,190580.59233562095,244321.74447042093,142.2,134.5,224.806,224.697,92.819,91.191,12756.9,103.73953608636164,70.78180006295611,11.886,106.5790636498041,1673000,0.0975,2.99,-0.6479622891306607,1.2049966627916562,-0.061638469197583985,0.3529949369097131,2.6159741865650927,-0.9357409430684114,1.0518692184218545,2.0994575034995977,0.9216951614169475,1.5819727297136779,-0.6738244377115845,-0.8339224919880537,-0.9065544781150674,-0.441952515744377,1.7234360518061955,-0.9899769096535742,0.2928777356274972,0.13098668662811294,1.178405226773946,0.17875832731576424,0.6382176671281039,-0.46366313874049114,-0.05830694115171574,0.5402966613796674,-0.5447972557218623,0.5611112109391455,0.43990590859242457,0.40196052960517936,-0.47971227096063185,1.3713382224532378,0.8034183373927981,-1.0086057795763126,-1.8410422722127375,-1.1860357819308207,-0.8748055952114886,1.209393045572388,-0.9534874088337552,-0.8057990656523806,3.0035582874117015,-0.37358357732076264,0.8473577996837799,1.5793509974343547,0.5516453621551646,0.8102567496378448,0.003108300359412078,1.0733439755901795,0.26876237222081856,1.217126157910899,0.0980677441732767,0.025786295061920143,1.0887234235968315,0.8810496787542353,-0.41399614061942314,-0.22584327524179248,0.2838151541874434,-0.7363477937305918,1.3285311121850885,-1.3395011517043898,-0.16433872928525523,-0.5164745473078112,0.07216119394811535,-1.2340672503755252,0.4065346356744299,1.0107912931799103,-1.4299430084797038,1.0002755820816542,0.518586961007872,0.9915844081742099,0.7401906631720381,1.6903512233353577,-1.5254935926338704,-0.6078489495450949,1.203744856435447,1.4322402513071064,1.3783310234999517,-0.9358841189643535,0.37518328518688127,-0.857621757369111,-0.10569392818716708,0.30378520519536395,-0.3811063643370144,0.4403805094338904,0.443883855461936,0.04966831689544142,1.4501540225639262,-0.21112348166730216,0.6219276960171551,0.280212093867811,-0.5769540613924212,-1.209656163229615,0.5069096234038644,0.20016460939537845,-0.4341448519676975,0.29682029313215597,-0.43627004709561523,1.0659821007619088,-1.2088701285489918,-0.2993821873609962,-0.1426056507980952,1.6028179992205507,1.2186756983046858,0.35647149269392847,-1.5302545979100892,-1.044474100176091,-1.3052258854850312,1.2310294429982638,1.0806804427186651,0.24116940914792107,-1.5051696224693005,-1.907202884816372,-0.6435095813071882,-0.8032861358491576
2011-07-01,131993,139524,3623,9,108736000,4,-6.3,1.1,7.1,6.9,94.4958,222052.76573776308,514003.4632220871,1652559.348023388,223773.62143325768,977897.7596609914,166571,11542.209363606053,296,623,852233.348032309,621,195211.7190272863,244762.68324424318,142.4,134,225.395,225.218,92.977,91.326,12805.6,104.53122815319918,63.5402471027341,12.72,106.31598225140455,2063000,0.07,3.0220000000000002,-0.8413522455016557,1.1374585741870689,0.28479123586076593,0.3471733579923575,2.3551829709302665,-1.1405853953426628,1.4519456785431988,1.6746882142313335,0.655559221751816,1.611332534099424,-0.983473277225162,-0.528225628011311,-1.2206824628866364,-0.5165235313469195,1.9608440405209917,-1.5029578061771387,0.14709646177592897,0.05508193556164253,1.3368370078508842,-0.009711179873299789,-0.5422279565083004,-0.32055938120720384,0.15028036075954587,0.5961559360351488,-0.46649825172744247,-0.09093310283572693,0.1387035606546274,0.07474230348524905,-0.026837302286073415,0.782035029385777,0.8831526102260444,-0.31497885923771063,-1.656187513244708,-1.677335726386205,-0.7680510962957025,0.22354010081518388,-0.8948207665112394,-1.2249983108823594,2.0278942461734863,-0.1798600340766951,0.2940244316050542,1.3665320386357152,0.2971659999370859,0.6713192558623619,-0.20826909388208364,0.6803963692856394,-0.21785001066779147,0.929471358793904,0.9246334307565784,-0.59516753177381,1.334087368096763,0.28288036735691513,-0.5993553409141751,0.2100213730657731,0.04740810537246563,-0.9756537827036535,1.3700979254557197,-1.2491976326671723,-0.010583902754053449,-0.6270180266433775,-0.5569848388513935,-1.783821119670885,0.5801136493152833,5.03375423918584e-4,-1.6851508058514753,0.9790504940030118,0.5391922511114181,1.064370335443583,1.8654383624000752,1.9585554534976473,-0.8780009294152081,-1.1801834398079245,0.3771256577694204,1.0241736795663625,1.1958744375254131,-0.3107643116473114,-0.28468309165281563,-1.0589071893489412,-0.5860792785727545,-0.23233922306825147,-0.4679233491894927,0.06960804733139299,0.3624823868835934,-0.46063218680847084,1.220690880050868,-0.8802340344295001,0.4451401871390196,-0.31131737691804323,0.1569316596027562,-1.620231294965817,0.26554776541023445,0.6951902491196847,0.3966487980016808,-0.11089345225519254,-0.9855419168225747,0.08378640495276693,-1.0188342130480266,-0.12269179345676919,-0.20776436228911713,1.138037153900104,1.670751009023896,0.1408627407651894,-1.6726133100330263,-1.1564220388906905,-1.160730076424406,1.372221345193811,1.3095339069083145,-0.16886549974944093,-1.3781556567170667,-1.96828991865639,-0.5197349481282001,-0.3422006558962083
2011-08-01,132125,139942,3329,9,108947000,4,-3.9,0,-19.6,-12.1,95.0974,232526.07408043265,514730.2459333018,1656762.6335911464,225009.6570668269,989141.1648568608,166232,11535.151723249925,299,585,871231.5979226576,647,195797.02991544703,244138.1604360702,141.9,134.6,226.106,225.862,93.196,91.508,12799.7,92.63273101849865,56.57180738642204,12.604,106.97959737822593,1638000,0.0975,2.3125,-0.5989059310367854,1.249894287229023,-0.025820788713758702,2.500455420711457,2.454983358842264,-1.2033093031439757,1.1054326957144918,1.3479767957552953,0.5156461402469333,0.39160137393397854,-0.8327287690790806,-0.35583884035600155,-1.2658428411872658,-0.5142426851328961,1.316582918384921,-1.6935695089839538,0.01126913192073134,0.2791988001102164,0.50654807593346,0.008511323406055584,-0.8489915231712625,-0.2746788275130611,0.35298535939948716,0.7266876346136725,-0.6228209953251954,-0.19355081150422127,0.02279019543347509,0.20069241902932383,-0.13270437356322706,0.5610205202212215,0.7639955261425118,0.7413109665121308,-2.144284991275083,-1.1478675736504724,-0.34918804868200104,0.45130495497004913,-0.7805855999207322,-0.8798635161102992,1.672987361796738,-0.3712439660819299,0.9397927502387297,1.1873384833752199,0.09707903848659662,0.2470568883324335,-0.43493183334206303,0.09464247163443303,-0.481442552395598,0.6701493084749967,0.20195020408242148,-0.8237147901722971,1.3170269690117087,0.2661375241504292,0.41447318016000156,-0.08607453183962947,-0.25335617130348626,-0.8370681187319963,0.5021347005765384,-0.04276116425632063,-0.7767822361706122,-0.6869486442896254,-0.36092031675735653,-0.5340998559854643,0.5312753608042785,-0.3983868652109171,-1.4317187906182884,0.864243429655818,0.3389996299155671,0.8063345350638821,0.07989157934736159,1.8535645215520329,-0.7225363894633099,-1.1647988135616478,0.2844444736263422,0.5588799608425459,1.084280785108358,-0.23596813086099205,-0.21637176340533348,-1.5934323462834024,-0.9507707262063345,-0.08398231294881452,0.1948758576116813,0.6158262167070323,0.3570280584058138,-0.5332963896447149,1.0760488056528696,-0.821383702551662,0.22626979878657894,-0.09118840247739222,0.002431305373828657,-1.2680244468333641,0.0039906177895594475,0.6244092687969927,1.4707925907803356,0.7431843954433792,-1.1757484205964603,0.07575527087989484,-1.1597846410327697,-0.3440211601642267,-0.2719822199235329,0.9731205981039808,1.3887444311693937,0.5444872478655255,-1.7722923170013372,-0.6643231103199986,-0.8065861716974132,0.23840113023231482,1.1308729336939436,-0.45440719888154735,-1.0550672438963495,-1.663159196327256,-0.33008171748180737,-0.9836471592335949
2011-09-01,132344,140183,3774,9,109224000,4,-4.4,-1.1,-10.6,-4.9,95.0244,219377.02915554983,510052.82501312584,1651722.7208718203,222339.7301959776,990232.1943274722,167717,11554.212607284067,304,650,871837.7318460896,610,197004.0824198785,243588.67208846315,141.7,135.3,226.597,226.118,93.327,91.57,12781.7,91.73122461881343,59.994679726847565,13.356,106.99905430649046,1671000,0.086,2.006,-0.5456463868586767,0.8653918884611822,-0.330549018669238,0.5465347699439512,0.3670542900590341,-1.1768360450228046,0.19371339104742744,1.1215339242792624,-0.18841058755580015,-0.2480717627702655,-0.8083844852170098,-0.5030281490761429,-1.113354396391042,-0.46466791348859465,-0.06967568046884211,-1.9290160065978736,-0.46258910036101597,0.3194809285295612,0.3650101200067725,0.1086395405014881,-1.3633800810010241,-0.7844629322272313,0.10371528904209462,0.6445446377751574,-0.2791994166203082,-0.17778821626997485,-0.5035935087463254,-0.6944270842348854,-0.31679119031123215,0.36146999287889114,0.37532815748946075,0.3568273977874664,-1.750229964682875,-0.6061210204277719,-0.34824541694858396,-0.21654804956083992,-1.0985786806158906,-0.6722716335805593,0.711152093429124,0.0834494577862448,1.1613898921988086,0.062437948327944325,-0.07780116755148664,0.3484659589912416,-0.06895738503452373,-0.08327747433422578,-0.694782605681117,0.1263948017175469,0.2892089333864879,-0.23617796880888875,0.7020204220381706,0.5536202359907141,-0.3691385958854652,-0.5606763753634847,-0.9263031905357967,-0.8669925773619129,0.46540716810116484,-0.07527283017040383,-0.07081626192750431,-0.6156963430401788,-0.29652278427668566,-1.1755757738395962,0.23061417288521163,-0.3399533332270449,-1.4358537858286204,0.566530528633576,-0.3295283317134766,0.4501216999993864,-0.1545406816186019,0.8540698555703282,-1.0054436299239837,-1.2300238719904777,-0.8716681371940345,0.8795777106234836,0.8512007725480089,-0.9681334678963415,-0.5876310814384662,-1.4618804599215909,-1.0006841196558984,-0.31745679781086256,-0.2983151348156253,0.47853364344477256,0.17776288174724475,-0.7502301001221701,0.35126547989608214,-1.2820474553483494,0.12949358821155182,-0.3875328291015968,-0.8504103219758083,-0.6204004642907561,0.05369768935868746,-0.1452251051800678,0.707084527931452,0.11460181859733759,-0.643526341955203,-0.5159507199925949,-1.3459955020193493,-0.3501017313355335,0.14748893011697173,0.6051399706037817,0.02519793036486745,0.4030458814078134,-1.5330571266843123,-0.8739656408491391,-0.45011747196931884,-0.3904643471610538,0.22812726643732129,-0.43930118021933623,-0.12317676868000685,-1.488464598477218,-0.2694070217554155,-0.09406369060437259
2011-10-01,132553,140368,3619,8.8,109351000,-7.6,-5.7,-1.1,6.2,0.7,95.6891,225866.55809019707,515169.9900352517,1666412.3698820418,226670.16682917424,995375.4995767662,168559,11575.073128395248,316,610,866159.5002625124,671,195738.73072678375,244500.6375295996,141.2,132.6,226.75,226.506,93.329,91.614,12791.9,92.58644151335598,62.28949933831843,13.73,106.07075981381443,2012000,0.07,2.1575,-0.36916976815954916,0.4973263847310422,0.10505876290342742,0.18129260769544295,1.0414815109315108,-0.7233031183836282,-0.229564301639328,1.7129384202894855,-0.18382294490657156,-0.34488546380499324,-0.7613728190041307,-0.4632913304978747,-0.6466810161205161,-0.5259220797650981,0.7693869826711922,0.1284723361065702,-0.163449583062065,0.0957723876665513,0.7896908629585911,0.5428854169234868,-0.8423792479578347,-0.6658471790019233,0.3584052182434762,0.6894294482952434,0.028398664208309683,0.3172173799821718,-0.36808607396981263,-0.43667847103401597,-0.24635601815626204,0.22025486684180123,0.6025445643811228,0.26146670601207966,-0.7525330221864504,-0.44089296653308757,-0.6029767356457918,0.06370457605482291,-0.8849269874297528,-0.5622318183104529,0.31565536000043787,-0.3807423821608462,0.6119170753962841,0.4385407373301439,0.22861981565563538,0.5178013195652102,0.054448211935706974,0.03940475836367785,-0.7906590004753729,-0.12926932036720412,0.6571130497996291,-0.34669023679359984,0.5065726620937564,0.5413947977517477,0.21114938328320876,-0.08749696015296565,-0.30684187739725227,-0.4881958371025726,0.315795970663982,0.2909796026444032,0.1667807782954871,-0.20505917926683495,-0.15670631361556017,-1.0326937636754885,0.5282776426844222,-0.3138601032303388,-0.8846986899082804,0.7853170608905446,-1.047268924259043,0.7632731605696458,-0.09310972554973325,0.9514532590956625,-0.5229953236836188,-1.112029512227809,-0.7929638913032103,1.3215554272912409,0.828413118968347,-0.7354732351610651,-0.24007092534302282,-0.776815249194444,-0.27115927161178094,-0.8107193052332345,-0.3591314202248976,0.3347397363465543,-0.08945350258932284,-0.19669020604322937,0.3210926693730031,1.3545489351363027,-0.1844298416460349,-0.3961528797109889,-0.6076548526735494,0.45161432286891495,0.36498884176494195,0.6789990723367549,0.9913496435032619,0.3267027668362281,-0.3317949114477438,-0.46162184488436386,-0.9622858128381244,0.13573659964424753,0.28530551114071645,0.34309780465049017,-0.7601223887708952,0.2581978074131077,-1.448646570508528,-0.7844844895741446,0.6339444975286938,0.1489295061490906,0.0819486883342053,-0.3028891731547634,0.24442407706001185,-0.5785692539013029,-0.28441098147099453,1.2610849083622782
2011-11-01,132690,140826,3565,8.6,109539000,-7.6,4.8,0,4,1.6,95.6778,230465.14114627888,515412.74593669805,1667041.9283193906,225558.16937553464,1003801.3259195894,168783,11555.603079555174,328,711,868316.9375534646,706,193325.49187339607,244073.99486740807,142.2,132.7,227.169,226.899,93.52,91.808,12782.7,103.94568006843457,65.13605730933293,13.743,107.00225951860791,1557000,0.08,2.02,-0.12010638209260854,0.13475803730645855,-0.2599590334836119,-0.05386931008320146,2.279842496850357,-0.0893242328628627,-0.3662109603243564,1.6776210124233972,0.06027000556677892,-0.65992550171228,-0.3365928803777604,-0.749092826754937,0.19469499327014844,-0.4557442867855897,-0.13478994319593318,0.8875034083044839,-0.19302656143808095,-0.1099992922816643,0.08142904544602388,0.6443573593366118,-0.3632318532741813,-0.06608033728909185,0.8709533766893337,0.07127087765847318,0.4821414835691268,0.5780491444764757,-0.5679953663737265,0.19791629848675002,-0.03825383141349334,0.14899294950047254,0.12713163227719784,2.158219419523219,-0.08336834995396905,-0.032071550727682974,-0.8511466671036787,0.3147432558665748,-0.7422607339951534,-0.8927874495166759,0.5465718557047348,-0.40498360581997195,1.2005512712964361,0.59213753517012,0.12686993084749423,0.37786952908165977,-0.20506789262487668,0.25565534432224213,-0.6498441465490998,0.564814561207726,0.26060540993008696,-0.1334376106360147,0.2103306044199432,0.5210894714149125,-0.181436532004525,0.42306054697525064,0.347416889913041,0.12439643537151619,-0.05189513146847671,0.7455706176316212,0.10749984612253217,-0.11091558653647182,0.39197033595804287,0.16259067933872384,0.6969333133880307,0.24116598087244612,-0.5690753081899131,0.9876371898981774,-0.3352129920203891,0.6916133933575273,0.07595254388253153,1.05315911923865,0.24782668451049367,-1.2028516200526074,-0.6389427430000795,0.767637269496019,0.6474043098935256,-0.5105531464400634,0.3049200157506262,-0.35423013716568114,0.32497082768054697,0.12333870221167678,0.32207878307841037,0.2322269437136358,-0.0833920539880741,-0.24364538507203365,0.7511265979111388,1.3292156086073226,-0.270672205932121,-0.193825073079829,-0.4564029497611398,0.33838225842978675,0.29318392676381183,0.020856200616391235,0.6790929714212403,0.54499015953077,-0.7075495043762525,-0.6358894931295811,-0.11067068121224805,0.5768881208130872,0.03499174335990434,0.13244693566131877,-0.6502243410232882,0.45980450499377534,-1.3714515776532756,-0.22930260851434037,-0.27106364611248823,-0.3860188153155898,0.5722809520676533,-0.1514576100187807,0.6447084901305415,0.031329048185978176,-0.11543577114337614,0.6500971101221322
2011-12-01,132888,140902,3768,8.5,109665000,-7.6,11.6,0,2.4,-1.8,96.1809,239206.4034881484,522449.6120717294,1670324.0738498876,228127.47130613207,1017842.5631051362,168990,11560.68993523842,341,694,877772.6718960395,697,194937.69636864943,247809.22050997074,142.2,132.1,227.223,227.405,93.574,91.96,12898.5,105.33908991813965,70.35199933831844,13.798,106.77225235932629,1885000,0.07400000000000001,1.982,0.7450041125338791,0.03842930201348184,-0.14031204858237264,-0.3452757483032201,1.5144753777398594,0.6339049685607238,-0.5863031748255144,1.7384747933586548,0.8655826626844986,0.031131653796121882,0.4553495749315098,0.38836530599764224,-0.11493969000208146,-0.10287140285930137,0.27496835827353766,-0.12221369178470556,0.2563281609982242,0.16175461500330418,0.5945038328675794,0.9382920614763396,0.11681999583492769,1.5124683031222195,1.4879783664037414,0.06731965129127494,1.051581952959736,0.47537164710025126,-0.2506884249365945,0.8740342759445644,0.05219177555566941,0.29901480206246756,0.2468622756784453,2.3409068273336118,0.7887672536175576,0.050355219641039034,-0.20914705977982231,0.4953647377246174,0.07625774842853639,-0.06417968623515706,1.0255928438882334,0.08768626705580067,0.1706550117160769,0.3177488316018435,0.5267940086174455,-0.3047038953812087,0.8409771614546353,0.8751012705583947,-0.7310418736392074,1.1346016479402452,0.4103876847274585,0.5379655412043738,0.7021403092807699,0.3244609799935105,0.21122454525988354,0.9778870317757518,1.9080730943635733,-0.36100308997268743,0.18798401273715895,0.787714459025121,0.05761361343209246,0.7696271713534907,0.8671986304722543,2.144343230204062,0.19850271140279896,0.9231208040807798,-0.07662402865778654,1.6990466195083695,0.9247109069741793,0.8998473036312793,0.2630540420527178,0.9088941240537977,-0.071486823420412,-0.39396395460271527,0.5269156324578969,0.3105859753560668,0.6682582931283081,-0.06788673667350839,-0.30022494598921295,0.1816220059257667,0.02185003604814341,0.3286497697162645,0.7732327603421661,0.6463089003835866,0.13925921960152696,-0.1816990392229551,1.0932306443863775,1.035458260415586,-0.07548839657399799,0.8674020409422392,0.3290290895227898,0.2897664009076872,-0.015651341439875593,-0.11513322433876684,0.7661746997899687,0.4286465884612701,-0.17259324085533442,-0.9534261943938085,0.1212075182671756,1.274006151128853,0.43139715613549334,-0.026993541448077293,0.19519860707416561,0.46662989455218123,-0.13716417357914618,0.3453121012430506,-0.4629508632539109,0.5070634503472656,1.4435437203909076,0.4630573792862363,1.485902052664474,0.6942054590737989,0.1513428106186336,0.5134353461484483
2012-01-01,133245,141584,3909,8.3,109982000,7.7,11.7,-3.3,7.5,-5.7,96.7595,240633.05429526913,522647.87952371815,1672982.3623244942,233243.8707478646,1027162.5449975503,170088,11605.427396851768,335,723,884625.2156687328,712,194288.23993013398,247673.97277781324,142.2,132.5,227.842,227.877,93.894,92.235,12967.5,106.75868532600592,73.31594861368075,14.395,106.87919566294087,1511000,0.08,1.9775,0.5053637336568425,0.17551014517430702,-0.06507527004349213,-0.6671587805946328,0.1234829425580494,0.8864370278027827,0.479423632444726,1.8713524199082463,0.8567980998740918,1.0242389938614656,-0.6754749040203079,-0.027952699823069693,-0.33788872861306574,0.3086127891664205,0.46447751489980976,0.6611553301454184,0.3447528716022067,0.5472181080233469,1.42582383411981,1.691583806204135,0.7084481770447179,0.7788441112960199,1.7372463434321386,0.2922361015336108,1.036672686565084,0.7100802197568841,0.3971693153732534,0.9235135261907969,0.5974637057767644,0.3585242819558727,1.1869744460586706,2.734854972113068,2.3051062804061324,0.10408937815151244,0.7778020013300583,1.0999078724319653,0.5530711609167738,0.18532020301831859,1.1719511231720698,0.7960326380610695,0.5760523955683473,0.7465615217306335,1.939199189268461,-0.09545857853411543,1.4549693902192098,1.33062665286485,-0.6704024707795978,0.8891644213909369,1.0127129580888767,1.4137297586846782,0.6770230258274543,0.2791450955558904,-0.06899294821834315,0.20487020732746092,1.3331923334967686,-0.32239989531426955,1.1428662570496937,1.0391308224516063,0.2873882274545615,0.5275602427313195,1.1895742255787307,0.8562749463501979,0.40452221692624024,1.1936650559429676,0.5637516574583874,1.621473756945232,0.8275979449935947,0.599660464061475,0.20523616352862975,0.03533069528310834,0.5356861908319626,-0.16937815364848557,2.2891987008804846,0.5852651756741429,0.4021367703096399,0.515960905869864,1.2331297848525393,0.3456025074660102,0.611646110400866,1.0929252994943077,1.0391043196247987,0.5876556909582263,0.09547536542096902,-0.6165649493194704,0.6735089098520429,1.2372387407395369,0.18104639892927954,-0.06355493578271046,0.14409073437871509,0.8335049446386776,0.2218113790737622,0.9184894798589773,-0.2143549690278925,0.7262725072372522,0.23474102649619225,-1.1483558743797064,-0.28332203382637833,0.3748647101606935,0.8991935538538403,0.41248974599699356,0.23550282326857652,0.5678606992309038,1.2714239157856173,0.5959156956380965,-0.21384164962183677,0.3269797128634496,1.3952453879494513,-0.09901455520826688,0.15198202667055266,0.13657038962494344,0.2871349735389919,-0.1514208529059226
2012-02-01,133508,141858,3616,8.3,110298000,7.7,17.6,1.2,10.3,-4.3,97.0662,241127.9010456516,528540.7634106945,1683468.2966670324,231516.194848253,1039530.7319561336,171818,11675.592960979342,366,704,876018.0226132788,738,196681.33129303748,242141.67304259117,142.2,133.1,228.329,228.034,94.104,92.364,13029.6,108.6563801751254,74.57455368614451,14.975,107.42786313023151,1453000,0.10250000000000001,1.9625,0.8976647632680235,0.2754905486102298,0.49215415827570846,-0.3490751702666678,-0.029999788249816195,0.8270753267473187,1.1407067438013192,1.5604140856769075,0.23968901429795877,1.405013175325763,-0.31373700187641845,-0.3475361652294501,-0.31963805907461695,0.4881185995873132,0.6688244600969826,1.0898660983159105,-0.03514105351068825,0.5829566644802116,1.5677761410566007,2.085998094019786,0.2826563703508497,0.7437925947298395,1.5371813660096691,0.19696445242555566,1.105527902150616,0.824808171990211,1.468156955024706,0.6097338948317951,0.5408874019103145,0.6596242469581841,0.7759560820826917,1.5413260159807671,2.19814677065384,0.9627066479362268,0.8734574321500761,1.4443020231167976,0.8129637183446341,-0.541919100071877,0.7848523978880815,1.840267429000396,0.014600855616010919,0.5769980153056148,0.7214415445915128,0.4435811092390481,0.5938374101014618,1.2353481379233289,-0.9031279854988898,0.5187710207789877,0.9730008605987972,1.6275870367993956,0.40922392144500963,0.34901373505249145,-0.7490842669848901,-0.18931655956806717,0.1795569817413813,-0.30883808931600876,1.0566605407709004,1.198070109362401,0.21021508248397625,0.6596241308021102,1.0988845223286323,-0.19727587223424609,0.27183018841017015,0.9509578359889757,1.117289159295146,0.9950145193629899,0.020104168462041022,0.6645710649587664,0.0669918186041257,-1.031101186210141,0.26120197722021204,-0.49516991760731344,0.37895887899328895,1.0577664407691842,-0.28185123899239617,0.861328349185321,0.3351070460829647,-0.5083985395465604,0.9159601493152968,0.5192810853134047,0.9158996546806514,0.1936829787557182,0.029918765825347027,-0.7412805348188659,0.10492292841604475,0.1955613707301279,0.09040738574015532,-0.3065298297847447,0.2246616540387788,1.152246230818833,0.40616420467774,1.2327210154009156,-0.9933220234950051,0.8507113538033022,0.6184352320750854,-0.9375181194184999,-0.14821288210478628,0.6931738085175405,0.6742941792770732,0.20168193085932773,-0.2973939777708256,0.056627007919703605,1.1430632937746563,0.8172064717817175,-0.2972026381317774,0.645093326416295,1.7506311761362492,0.18688658432577557,-0.43151622028781833,-0.01124803443004958,0.6036348072925538,-0.27857929635579337
2012-03-01,133748,142036,3979,8.2,110533000,7.7,15.5,7.4,8.8,-8.5,96.5609,235247.76208052266,529217.04637054,1688767.0433761764,231750.8803190361,1044645.963259938,172066,11660.408977132916,354,695,879563.8708582579,806,199939.5443553519,252704.59462899325,144.2,134.1,228.807,228.478,94.284,92.521,13066.4,112.62780535403674,75.6339739759996,14.594,107.03938857381253,1833000,0.124,2.144,0.4147279519078288,-0.12397909331821885,-0.35688902150744084,-0.4271552358286353,0.2843407800750854,1.1289414936267088,0.5870163662503745,1.887321127058685,0.1696429939614441,2.103451210844673,-0.3300963891885421,-0.6838123712799216,0.20698431468975653,0.30138114517835224,-0.5715223987029768,1.194651475678946,-0.01772360781603788,0.37218510405034855,1.8006978365145119,2.2021185858311307,0.3099655449795154,1.0173209440298172,1.2578046628072455,-0.4805153618555061,1.258948377920151,0.5185859844685865,2.2913906566484816,1.1097204702069932,0.4127193972450273,0.43565877776614176,1.4986233383162102,1.2841509180856496,1.2806771377431234,0.5583871978935018,0.6504263655620356,1.2000573753621824,0.752821163490242,0.07129605954264566,-0.06074554874261724,0.9726441511156938,0.22205111006378786,0.23657735542551955,0.19533530259690549,0.4785390829529242,1.0222211080872075,0.8579974910457401,-0.4334929555387854,0.06615664014471681,1.707285456259279,0.6310221557453233,0.25880911174522464,0.12559506396105077,-0.1898184487633172,-0.679985407038924,0.357383694788383,-0.08152392751189902,1.237661250364884,0.5122839560083388,-0.39064724332336226,1.3753700498450943,1.1889903422434849,0.40222109263720274,0.11887085392402884,0.7221496035212885,0.6067413803192104,1.1347234027854154,0.7972958444840632,0.49829335211107967,0.7888624466736033,-1.3395339838612426,1.0064436058836186,-0.3814513852139738,0.7137963663896758,0.6938946652538652,1.3416548028280042,0.688377811833801,0.5304609803400057,0.4751275832909295,1.1165849294622914,1.3674562702275954,1.4529998154879171,0.1447238029131859,0.6696381026770459,-0.8533166070264978,0.20510598929796328,0.43819937473559856,-0.06929668898876405,-0.5913048356793534,0.16603151267645228,2.561818991282855,0.595866519865404,0.5829127068726678,-1.4787873163501257,0.8223928113791555,0.4840959738371056,-0.7356609598812883,-0.37375769739842335,0.6002340232116725,0.7582047318834055,0.026419751455299005,-0.727132026642166,-0.24455856266714265,0.9080227229099516,1.076999882503434,-0.22935406609409698,0.6807351335976759,0.32824021564291206,0.4888146347230651,-0.8143369236529829,-0.22062110901299087,1.331346879244138,-0.2174805033903385
2012-04-01,133825,141899,3793,8.2,110768000,0,7.4,4.8,5.6,0.1,97.251,231633.9716973138,532567.1553258199,1694308.95952687,232268.45182611642,1046775.6969748327,171071,11671.150749936445,354,753,891598.1696466401,732,198173.88356918906,247790.4414880095,144.1,134.7,229.187,228.905,94.408,92.661,13116.5,109.45047029912718,75.93189064266626,14.769,106.7385541973921,1527000,0.135,2.0575,0.30901505731777834,0.7995635885621897,0.3309373376925868,-0.9496263118003624,-0.49908106530794605,0.24561546386315708,1.2291493949647612,1.2743891726137502,-0.013625491264124306,1.3425109307871383,0.22919107898899183,-0.8622757373929093,0.3719807742124892,0.4707743818520052,-0.42573762425113765,0.6899278786519929,0.26391570880786597,0.3289103901203412,1.206680167812132,1.7033668989431852,0.8838797877239044,1.61435495141029,1.3585785807864112,0.06888352606856664,1.3105898423098057,0.9973051413697557,1.2270267836000437,0.6895776319929939,0.521241847145496,0.8921353026653353,1.427895155956822,0.712039125016257,0.20630611940992177,-0.1646530994063966,0.6148850793011986,0.8337337411000351,0.901269123246516,-0.3802143651277323,0.8181495624942559,0.718285121493775,0.4006358698581818,0.03772188071136874,0.5103335429573007,0.7480921456403857,0.8995459139432251,1.0925703225730472,-0.16360180745184205,0.012945094317735259,1.2174981854020024,0.7149414442910047,0.4338940901253773,0.38756861171592527,0.22370551148402468,-0.37797478204100204,0.11512663620337732,0.24907190461915585,1.3498219807720426,0.9501827922006484,-0.3023854549288057,0.7503166740134971,1.570597336351617,0.504607972456035,0.4270344317900596,1.0813308705437907,0.6328744621185416,1.5582957416398475,1.0356379110054328,0.051302365109478,0.01927161870234262,-1.2355359084673192,-0.1066290225082652,0.5357278517878699,1.3962877603831716,0.4324051699030831,1.0754991325597487,0.2643140700558054,0.0074987530590415186,-0.3925133252524011,1.2866820460530892,0.9087154852261741,1.8149141638640343,0.08680092287601116,0.8357158021166764,-0.6379828168461268,0.3921276607333449,-0.17519949234394527,-0.22531178152222275,-0.9200862342512938,1.0749316275215255,1.2717942857347782,0.5107645186560246,0.8165728221866677,-1.3280512800850208,0.7623065531269272,1.1381054565708952,-1.0831347718734134,-0.617334242349173,-0.49587749720329,0.9759063796486404,0.2196921570488187,-0.8488037427222781,-0.29953366977301277,1.183519185628428,0.9523400699899618,-0.15681977824942422,1.0637063538688436,0.4468047347636768,1.4217913695248687,-0.8192170450077688,-0.4942269846520437,1.5808226892036625,0.7721531636425313
2012-05-01,133933,142206,3835,8.2,110874000,0,15.2,0,-0.8,-11.1,97.4595,233043.83788254755,534058.6625946427,1704626.617542269,235419.18517104618,1049802.7613412228,171121,11671.862738860256,370,708,902343.5346015991,796,198696.74026001568,246528.17543636402,142,134,228.713,229.224,94.302,92.755,13112.5,100.42204831286716,78.9775428165793,14.496,107.1686520115628,1494000,0.1575,1.8325,0.8141537714682152,0.5283202607152228,0.6888415701233879,0.03292062571937587,-0.7642397757191639,0.04181111090911685,0.8517441903141365,0.9597367398591024,1.5221357660644625,1.5756708296936746,-0.47626957798820935,-1.0028180070463537,0.5094746283275009,0.9733368945263683,0.03696960874197098,0.5175186199809336,0.34355368045136586,1.3703473958516557,0.7656668550909158,0.9614856547331184,0.9238049394171806,2.5372322840835384,1.5564907655918818,0.09924386063679783,1.4171108591753039,0.8865064194332298,0.6003629558273016,0.625606281656205,0.4508017116414247,0.34785193954042326,0.9250281143350582,1.4141161300035565,0.40276252604862695,0.13360625998442258,0.8599269488579542,2.3151360499761107,1.3454610060687986,0.9777195753347656,0.751171645443494,0.8130985499487475,0.5885391091308763,0.471810755294612,0.36732383650834066,0.9897401398171738,0.898087766417115,0.9658373601136652,0.07648467442849755,0.8297186403256158,0.5991273642522943,0.9831939315440689,0.3220238677674123,0.9363083067838288,0.980757060309098,-0.6135555270342866,1.2619922034260203,0.18614234982911612,1.3053110748295516,1.2825540498406238,-0.18711307154918483,1.0481976491896985,1.3236301498353082,1.0669224984196193,0.49065583164336635,0.712577892295896,0.9282716978841224,1.4311389548291198,0.9260953260250017,0.6116047465455285,-0.23123736764963437,-1.2114415970102137,0.057404538961184526,1.1651055317403645,0.9126339259503516,1.2525307629557794,0.8843899274911288,-0.03340007393892833,0.2999496884927889,0.33752098706095346,1.4056847454971408,1.3154371066398156,2.2303269708147884,0.5145359099258143,0.9100968749984115,0.5623140686823103,0.7216318197000499,0.47780710179629926,-0.07368828408831037,0.2014755304705945,0.9104066915338775,0.377775659145468,0.42005100235431336,0.7535647400009255,-0.14354154259686022,0.7640821885389733,1.0829464856642879,-1.2374100228503446,-0.16485809428184606,0.8246235151127052,0.9750430207141196,0.8469653180640057,-0.6023077781374911,0.22339447300594031,0.9963631449319744,0.8665253337849859,-0.2177634777959381,1.7102674345394282,1.3409758704255637,1.6993208742881105,-0.8477940009089566,-0.6786520901832047,1.8715586199964966,-0.3712876381593092
2012-06-01,134012,142391,3911,8.2,111085000,0,1.7,0,-12.6,-11.9,97.4768,230920.7036306151,537205.8480276699,1706261.8951182023,233842.59553971182,1052064.6338616929,169742,11659.770407621956,360,757,910315.7425679547,794,198662.12574532646,244220.93492053385,138.7,131.7,228.524,229.623,94.254,92.85,13097.2,87.43395505761028,72.48180006295611,14.467,106.8683584767345,1896000,0.162,1.624,0.6026168941344728,0.6516608715996165,0.7508078773991894,0.4301138318355521,-0.9293275637692651,0.4843902277614185,1.1159339759776281,0.9873903837883072,1.0083146697878458,1.8913257039095115,-0.3059167017887655,-0.30084269897626204,0.7098801485489322,1.171341056185896,-0.22106938270220927,0.21319624942506052,0.3743062164939215,0.9442750292825088,1.2113480063436712,0.6044757734678581,1.7274456409793804,2.9293124287334873,1.8289713463894275,0.07486886584827909,1.0385522926584925,0.7372461582288392,0.8969734233468569,0.9724034543080317,6.380509484518542,1.0143860842571844,0.6808228194029167,1.693331241223073,1.1467366997367985,0.026535226781553446,0.8052681327462234,0.7923270631168725,1.7343709921276544,1.7950867836103015,0.5953689798808267,0.4814775764365898,0.16425472160467852,0.3264933043078628,0.6154941713225529,1.2814412532652222,1.4083653705830854,0.7917564798640094,0.49750229023828196,0.8879507323296196,0.9500990652349021,0.7507424255757814,0.8632990160005689,1.074987320289654,0.8090628495054466,-0.022645362533200278,2.579721723765358,-0.1689105127531154,1.4754750741484532,1.4184041996783978,-0.16288866856454773,0.3771808187764365,1.2445824308333764,0.688619940253643,0.8670996298155016,0.9743326533329669,1.2536603462047344,1.1437693331359753,1.0859967740862029,0.45872507220881703,0.5908446752771921,-0.8051284651726216,-0.3780309109600966,0.7188065495096126,1.6343171900707598,0.42481808018387185,0.9306520022683394,1.0815951005740452,0.7703836958505395,0.5673757210101694,1.3363798377581406,1.6529418383386616,2.25017001486791,0.6500964292468709,0.9887208740491966,0.5846392867805418,1.1426408426817396,-0.41011680340328194,0.6655415817383431,0.5210232459017118,1.1795543119434773,0.4680095087130469,0.6449151391903121,0.425833949904343,0.41681091619993865,0.7600892361298242,1.115870834170194,-0.5650879637332433,-0.09760688492659955,0.43299838164591686,1.1768512224438261,1.5760723407194068,1.0756657768154454,0.08779389597336933,0.8303756945267755,1.2386020438525724,-0.1084653933636749,3.122742229580616,1.2696605036462447,2.419866402468597,-0.8510220203020612,-0.9931583586966153,1.749255018230763,-0.36955385491590936
2012-07-01,134157,142292,3735,8.2,111101000,1.1,2.6,-1.2,-12.7,-16.3,97.6714,236242.15170541318,543582.4283047684,1722199.1186701441,230097.14916002034,1062154.250806041,170474,11684.201595112845,369,740,910968.521975225,849,198025.19938910572,243000.16969285594,137.7,132.2,228.59,229.97,94.288,92.946,12999.8,93.25683013745122,72.1402471027341,14.38,106.62518802635186,1490000,0.155,1.53,1.3618000665895105,0.06443450903669462,0.8036355635492245,-0.10809661354710125,-1.1254896126332232,0.418920380433286,1.6286869949145313,0.7393428651589965,0.9664811687715098,2.2029751171536027,-0.4991848635660533,-1.1251268122397753,0.7016282326998714,1.139643596766059,-0.3775705473197601,-0.24718218174202303,0.20740913320107013,0.6053635469453249,1.3333839735462987,0.32121242063666927,1.697062422963854,2.6459000444827385,1.6431906007689185,0.29851925976669613,1.24428952129125,0.6638048083736952,0.7652769795888246,1.91201543625791,1.1520828544901485,0.6996423291393851,0.9960330887570004,1.0043341149783065,0.6229253259040122,0.022887371701269688,0.8706359946522962,0.48466396988996263,2.0054711280785966,1.333788636959645,0.448688625190782,0.941380707354274,0.44484111693624984,-0.14347325116903767,-0.018608097309446375,1.2848168503018804,1.5430124959658724,0.7407258011978122,0.9067961833730067,1.3354529232335142,1.0899144779698564,1.060810730259373,1.2227516290284852,0.6440534759002067,0.7845386027542677,-0.2282576785277505,1.9713684103575255,0.4258398136709679,0.6986276070013095,1.440355261726279,-0.40866640028244167,0.7852578283754302,1.1259643819105425,0.6199993330925186,1.0449818885544186,1.5323013021115444,1.8865318891588125,1.2206900042372806,0.43163914732747777,0.31544923072157677,0.6869080023397893,-1.0480570670848548,-0.1549024070966073,1.1141356495907357,1.9219098675031114,-0.2505877566522282,0.9584958483095424,0.6118953120837413,0.649906014819519,1.2305445110381605,0.8349578339758984,1.5356611352074374,1.6136054337347836,0.566386336487679,0.5332782639411793,0.43087375022385693,1.0411402726449939,-1.1005494008650278,0.7974727328185499,-0.05980670593220483,0.6839422129717032,0.9966385133740853,0.9739105733523978,0.5721121443103986,-0.8478429086493948,-0.05344299732633875,0.9876755993918014,-0.12850179970242886,-0.06132818160726952,0.4671155166145469,1.5314026812092039,1.004475689591367,1.6399887897901968,0.19147115814719448,1.482479919201718,1.110220975908888,0.10418859889066767,1.9341279529729343,0.8003872198330807,2.1540084797130126,-0.7748965994609333,-0.14474455437124484,2.2294952391869343,-0.542815704265071
2012-08-01,134338,142291,3809,8.1,111223000,1.1,-2.8,-7.1,-2.6,-8.2,97.2734,211366.2068601025,543917.3405211141,1723953.8121680722,226832.619840389,1046805.1371491993,171593,11686.485915120766,375,754,911924.3168965699,840,195548.86105385548,242089.74155700015,139.4,133.4,229.918,230.233,94.605,93.005,12961.6,99.52962317002272,75.07180738642204,14.444,106.77602227053961,1493000,0.132,1.664,2.7839831309552556,0.04417488201523073,1.1969661587351839,-0.37305805728804853,-0.7425699804777874,0.6660895758857099,0.2845509322707525,0.7369382115592751,0.6891783019861,1.934438867795497,-0.7551634587530925,-0.6643405973657104,-0.09459343258009206,1.2078677497543708,0.0508571770136495,-0.22572650204445177,0.7272706313216533,0.9031863696675319,1.8007380832497524,0.3612224613737649,1.5886465114196333,2.0584879064592823,1.7233925313828733,0.63367483314771,1.4154546907405647,0.9697613407650303,1.0997523026221128,1.049557545606682,0.034443346692794974,0.7566463712947306,1.1731390209393744,1.1545673780673944,0.44187859604339497,0.6024349282266797,0.7968207941882343,0.7545069679902886,2.9412718467428163,0.8989195377084787,1.001493289153709,1.630529059373932,0.25094819752179975,1.0889129396111532,-0.04376289169927933,1.1280394398397884,1.1315321569806582,1.3507020128464202,0.23222940326757285,1.0886326134286441,1.544281504197392,0.8467837392353191,0.7998349062903872,0.36224254180958815,1.042879499688218,-0.6077142045216083,1.4848789468244128,0.7484347017237168,2.216165276824101,1.3941797751521514,-0.5114577192875945,1.352220969547293,1.4996452998780425,0.3880229627808826,1.3654320006560936,1.2890703018202947,2.0976786553913978,1.4376811665637952,0.31729918507294774,0.4175728666377803,0.7030545076090812,-0.8679218078332048,0.7112504171398277,0.439608055870356,1.3710405688030238,-0.04120488435463259,0.3807237222519372,0.2762782965334699,1.5739486814782029,1.5920101784855216,1.2505262635649326,1.8490786977240887,1.7340863074825899,0.661957881881618,0.8005146167241124,0.44960946605318625,0.8636120274932317,-0.6708584853364246,0.8459102334059159,0.84336892089378,0.9477837306525383,0.8665460880027773,0.8686933572503057,0.7222091108584909,-1.2720776052960545,0.7725162694085917,1.0764528693689417,-0.0028857143138442745,-0.3406301447993211,1.2030886188559633,1.5498074071355368,1.1158536758243354,1.638729802311186,0.08594567992476494,2.243398775706799,1.7468544480559878,-0.004476346025956271,0.9086873805754012,1.114294800824033,2.2823231369694033,-0.6193315274670862,-0.02070932577416177,1.783230244778625,-0.36639877033716617
2012-09-01,134517,143044,3882,7.8,111377000,1.1,-7,2.1,0.2,-8.7,97.2217,228773.4606346095,548445.0907864647,1732602.2611868568,228418.3237962758,1048042.5321151192,172145,11702.970714383568,385,847,913226.4761362798,930,201471.13064188085,242352.96597220027,140.8,134.5,231.015,230.659,94.893,93.119,13053.1,99.81768939753195,78.79467972684756,15.099,106.47051447654009,1909000,0.14750000000000002,1.7225,1.8082011748979554,0.6188017824074334,1.239900933131184,0.12558093410972204,1.9403275226822123,0.8958374648391727,-0.1745074691027224,0.5507514325466455,0.9461455075907763,1.3726059673097228,-0.44830009280051064,0.28016606342785083,1.0470355128836755,1.4574172152414746,0.18927562191177888,1.1775488305649826,0.8350793561459862,1.1367602544780797,1.7469221497277927,0.8460721644945547,1.6607818405604258,1.7910679230437427,1.8350437422032653,0.5804126076941237,2.1882624977946437,1.4163083136544792,1.0711279967057927,0.03229048882399991,-0.04169996074675185,0.6100603519784377,1.7078962592746683,1.1709462584247285,0.9967159330874474,0.71369762689231,0.9997627528677432,1.1489694737572387,2.4372950177417474,1.1187042706306858,1.0412421156390157,1.4681875038296208,0.8038548361537605,0.15302485708701075,0.2314181506477097,1.2666652976323953,1.2270114382947508,1.8867678065087292,0.4896879586982449,1.1262935612437557,1.5225929493862655,0.973782757735852,-0.012138377431438674,0.9626473951883601,0.9537838302646474,0.557547267888464,1.0615175204525558,0.7414485222529474,2.150015848987302,1.8794710029825543,0.3993749379295545,1.1632869784412088,1.3305222473477263,0.21582382337509917,1.497238729132357,1.4031285044532962,1.9970526605182801,0.9536697845352722,1.0481049714971888,0.6871141673293499,0.43978741981782477,-0.9826952371248046,0.35248738896962933,0.6996955715779838,0.8696774660958558,0.03340388189470752,0.47053501987330426,1.3297034776307985,1.4797751203137064,1.6416773877488058,2.472827744045148,1.0320995127900399,2.2265810884632,0.7857081398292733,1.0226554948905373,0.9993825524947735,0.5639073428443455,-0.16639808683590346,0.6655660723902028,0.9118255547436195,0.969774523525962,1.8170522594676686,2.055027133439104,0.38297140703999716,-1.2264607701609622,1.0985722492823333,1.059130653086606,-0.34917936880152234,-0.28682731666702893,1.488681616296898,1.223745521176645,1.3259332118615759,0.15376737544189972,0.0055701257477486,0.7107663878592998,1.747710204299676,0.7088717798699778,1.4084593452143315,0.6659954541224157,1.8437420704895071,-0.35075960371220427,0.19678047509606875,0.8312531988863576,-0.6424942029225768
2012-10-01,134668,143431,3775,7.8,111681000,12.4,-4.6,-4.3,-1.2,-15.8,97.5311,229602.62256498623,546051.4426208838,1737768.7190695046,227274.2555740013,1051324.9416857546,171601,11702.145543951077,358,915,919753.2939668396,887,195571.2694643495,239140.9418538676,141.2,134.6,231.638,231.024,95.174,93.345,13142,94.11183726648032,84.08949933831842,14.83,106.0470363604855,1474000,0.155,1.745,0.2702716679649988,0.4962871561140313,0.728360935946167,-0.6368447072579957,1.7429462458511031,0.3069857764336508,0.4724523119128294,0.5254917113749864,0.9330543099619032,0.6018561702628913,-0.4657379596387252,0.0440060084258022,0.7475012627184029,1.3373107095435741,0.3937858432433362,1.309332318227809,0.18117094049271312,0.6066750724128509,1.0284803110439273,1.1401550484700596,0.5262122078017332,1.066366953875163,1.2276834052006158,0.16901857648342972,1.6517498927893655,0.444049717195501,1.855409954227306,0.16662602203297947,0.07934863132717208,1.037533054733843,1.5204716195548895,-0.404820328546208,0.08201207698497104,1.1412760121930052,0.43664795290116226,0.9276744092632678,1.5142852341681998,0.9495414506752695,0.3816891141914975,0.5369985955030334,0.31343563751184783,0.10924810812356552,0.2951560540189846,1.2322464291774071,0.6939668315367267,1.5193647312889256,0.12761503381504608,0.819924504093674,0.5194522577928132,0.2319870014897828,-0.20934556690503087,0.4977137407676959,0.2316081375523567,-0.5538772998287689,-0.009331731303843196,0.13247320741100255,1.6736500574940172,1.7859126855913883,0.19283469450175655,1.11992027993379,0.7868787963442826,0.1635023871337079,0.3961892767177896,0.7892716973177233,1.6371377770773268,0.7705813340497552,-0.6532522251579663,0.39226081775739535,0.20596952333710836,-1.1891974487364818,0.4749034761923217,1.0379817695818985,0.2562638820961339,0.7278126768864235,0.42545525307194915,0.6356126335448917,0.6376360855426628,1.0034772359175228,1.605356520920689,1.2564462882054295,2.634577577253876,0.5739751567643089,1.1947321201582608,0.8083946292384987,0.39147739099783296,0.1658707749335504,-8.540568411208316e-4,-0.34595229490398466,0.11232631909654558,1.9807734734819904,2.0434922232986428,-0.4310689045527988,-1.44791982183843,-0.07163742206246856,0.6316434792769001,-0.3254908504163406,-0.577814116620426,1.2513549137281148,0.7197208357452904,1.5646542195032807,-0.3762556569428246,0.03570681316007088,0.19933695556716416,0.9725078763877482,1.7093822739471625,0.8777382769650734,0.43028118182031766,0.817641491523494,-0.12086850751834659,-0.14121722336421486,0.3458804629917761,-0.753686511255167
2012-11-01,134825,143333,3878,7.7,111979000,12.4,-0.9,-1.1,-10.6,-14.7,97.9084,228628.20553259944,551590.2806253877,1741161.8368022945,231714.13851475678,1052640.6544070488,172847,11753.25153245224,392,833,916897.4544995743,917,198152.6459115331,245816.90481447603,140.2,133.8,231.249,231.33,95.109,93.445,13315.7,91.11650842717303,84.13605730933293,15.456,106.13578209002695,1605000,0.162,1.662,0.5705910695040042,0.517385489758137,0.7605954051470918,-0.46233026421871887,-1.123663898179751,-0.1335237961359602,0.8855711775393345,0.5098215601634275,0.5960805515795123,0.14274629548081497,-0.771563305325435,-0.2765803399735447,0.5914746103177881,1.0599247040745183,0.47575598119369467,0.7964453007943693,0.04145606074843774,0.8948309136779258,0.8458269992909104,1.3407653005125568,-0.28562460837982906,1.1242730799766496,0.8004403613695384,-0.3217085044197706,0.8077675390105792,0.35441739814046325,1.4456472791766586,0.6223078361857457,0.31272664109763176,0.4165008965263491,0.9048650417166022,-0.28685059609249275,-0.7010674406873388,1.1657376436152198,-0.31752076043442556,0.19287039535389203,1.1657302118508086,0.7415580624734539,-0.025549130565565917,1.8492878528857863,0.31739339867143707,0.24468786289817684,0.10087132024058915,0.65003176610315,0.10339612946438433,1.0836473112737217,-0.40098500172088114,0.12786066016492192,0.3646705604837541,0.0748154576815753,0.07679468695544367,0.4564280172299183,0.23809874322748528,-0.29538399466177523,0.6682979952972564,0.5874658541449252,0.8661177271783905,1.415869820168646,-0.010818460269384052,0.8257407336834574,0.7593083218405736,0.5227616095572879,1.0519716882723371,0.6683328838921934,1.0085962162889963,0.533595752783639,-0.16616847403481982,-0.5205555990222495,-0.7496351086884686,-1.1491893180147765,1.7613234120776484,0.49253291421284173,1.1978275981019066,0.7297386413111167,2.1326055998972935,-0.10669336819103793,-0.635837844202002,-0.22458174791393037,-0.007470110055598486,1.4705617737959333,1.0712309749491733,1.1926509586278766,1.74017369247942,0.9643309878326394,0.6556907492372167,0.5019161325200805,-0.12784557107750524,-0.3753273748456129,-0.30814148460899554,1.9781367557094662,0.9443260742121234,-0.5909761634778976,-1.3964548765020404,-0.4343434762835453,-0.017990100612668085,-1.1223616683838955,-0.3522061978380483,0.9713979463790163,0.6922830445294847,1.6712894620869618,-0.09808501193992403,-0.36719329334741957,0.029307964166468442,0.7870546980470186,0.6871496620833102,-0.809703094525198,0.552125455138271,0.9226692750171034,0.2742776251021362,-0.5436337984219277,0.05774919179455812,-0.5837751006780354
2012-12-01,135074,143330,3970,7.9,111848000,12.4,-5.8,-2.2,2.5,-4.9,98.1884,242721.9382926368,552744.6526594738,1737949.8694600018,233238.69013817908,1066375.375943803,173467,11758.0499295434,399,976,916786.5480471955,941,202143.14257471554,240351.65204955096,139.4,133.6,231.221,231.725,95.094,93.514,13642.7,92.80291080404652,73.35199933831844,15.462,106.01855183096207,1795000,0.165,1.7175,0.9752594314088107,0.5495051586009704,0.73566904970125,-0.3437517321940007,-0.7977704312320089,0.3152251996339881,-0.21253436331460185,0.5846515134149106,0.8954065768772629,0.43641155189035424,-0.6099257969513983,0.2442541636971663,0.7299739522323448,1.4617338465823806,0.23550190583526343,0.8918750130480795,0.40067388934155196,0.7816294099934219,1.1773417667812471,1.4831037620100713,0.012647591435610133,0.15679299657452592,1.1805024425052582,0.5844982050244125,2.09316838970855,0.7534068763914302,0.47122910157907677,-0.19070258487515895,-0.2568809559044322,-0.07816547524147868,0.8364075274343288,0.7613990462944233,0.220990740281443,0.23505341573648358,0.3076015970048009,0.3239639215692806,1.1724610581212094,0.6621503071167266,0.8426931884472889,1.9319833177796848,0.14288905982814698,0.12531933497401762,0.3922522554157063,-0.36936004958418567,0.4398003090264775,2.088613949329297,-0.7539651725620733,0.6269448925520558,0.37655311456388957,0.20973550936574645,0.3237061049330307,0.27152931893371374,0.10365978354812101,-0.17439381675693877,0.9816822724448862,-0.32553614288373095,1.069798958440284,1.652082251496722,0.10320690443167485,0.9029294460667168,1.198947353018952,1.1719563904285593,0.7514034948312789,1.2537659151463363,1.8595305936352264,0.6684202938802621,0.6404891602537601,0.0042681335501001064,0.40812551356163995,-0.6331023791129591,-0.09818067364959898,1.0198129947652597,0.4458552045109527,0.41048533914846785,0.8540570004307421,0.5964074067610883,1.5947622873024585,0.5727542214062619,1.0208480206625206,1.5110363458104503,0.9113197271524768,0.9333847839768098,0.8226703146240198,0.9702605234095911,1.1982636999993814,0.22196891674212546,0.1737729752854666,0.4266262762553315,0.012638129735128158,1.8224129662596749,1.87147895358776,-0.020588178751037144,-1.7798764571078765,0.34186220598357603,0.16252383589918906,-1.9668123586238369,-0.07138325594346875,1.6111304968936564,0.8908850109269714,1.7114227387721457,0.36636440319357655,-0.524113125892404,1.4056702122153453,0.9819035708040128,-0.15426105299406725,0.18417386850112896,0.33042752651177687,2.2230807830639745,-0.6130760503257232,0.24216155282909302,0.6511225105760028,-0.42574776646828605
2013-01-01,135257,143292,3923,8,112307000,-7.7,-7.3,-2.2,-1.4,-2.9,98.1736,234129.62477040145,556121.7528207819,1752900.6132573711,231822.61873524007,1070079.2442928364,174567,11810.443453161899,446,888,905507.2159538178,940,199719.758593545,241845.18499081605,140.1,134.1,231.679,232.229,95.275,93.703,12845.5,99.38598792967724,72.11594861368074,15.813,106.03997373418926,1412000,0.14500000000000002,1.885,0.9986827237487585,1.358023569506466,0.48768098698962226,0.26737198598209744,0.04836119420128998,0.46565894012558434,0.8546445459723202,0.4729522332684182,0.4869443225389434,0.8450626027016621,-0.7914082506352774,1.4670366805901711,0.6499787561561117,2.2420506741490547,0.7280229869690654,0.8683110685831272,0.40207469123018014,0.640693078470541,0.6430226100094576,0.8293379902383338,0.3562126282768055,0.1376177017075874,1.263770304768425,1.457537474026116,2.049887415646694,0.37541859608320005,0.13233645785105055,-0.32969264324512343,0.12361838373924097,-0.15272587083561667,0.6661488482867575,0.6627877651395842,1.062759413557129,0.6131146071846669,2.4888573901475892,0.19876227871296573,1.6449922815565754,0.7428653640512761,0.14982367150672912,1.416524250617854,-0.43905371460692777,-0.4806957177859976,-0.09238148754220726,0.5056030131009002,1.1074246636758742,1.9291947336029585,-1.0447085773245752,0.5023600543136515,1.1230148324724254,1.1571934527337167,0.12984051982953485,0.986685809326553,0.9860592119433127,0.18682484659203596,2.0123356433608137,-0.3678518560484164,1.7644305071007504,1.3442914130996146,-0.14228145857728033,0.7965836266257592,1.2670689980518801,1.1412441267505435,0.23231532068859495,2.2514775376365277,1.9933867040104083,0.4499036559867158,0.24206528901619742,0.025587475003525845,0.5993596394852835,-0.5584852926627879,0.1693366829137426,1.4383220234674936,-0.26348682191876693,0.640218245119953,0.20477415082341296,1.1923621846682382,1.6887507297420015,1.442421645585614,0.7808935855256063,1.6374412381232237,2.027306996598755,0.6488971605150492,0.6799728075925381,0.5734474571125555,1.2356258816464016,-0.008021688843504564,0.6082310797048893,0.5171266647481525,-0.07815513155002793,0.5156587024193703,2.080967020540977,0.4187741291372158,-0.9462768384176233,0.40245831788683567,0.4144592374374085,-0.483223678461794,0.24835706600480434,1.7200388383986218,1.0904854230392154,1.6879313130703413,1.4535436858734871,-0.09312407783405899,2.3279494125043945,0.8791631422982599,0.08647525706287065,0.3320085580416743,0.9070561023033545,2.5003892074809277,0.051150513801522204,0.7074896031600516,1.005822080851232,-1.08405952892554
2013-02-01,135545,143362,4004,7.7,112487000,-7.7,9.4,2,-5.5,-4.6,98.6434,245361.55793084696,552997.4689898968,1747773.3447984017,234251.2602756918,1081059.2591043152,175635,11808.4171774008,447,962,913655.9499654863,980,201263.41330767458,244148.3464764574,141.3,135.1,232.937,232.569,95.614,93.805,12813.9,99.69251364862886,76.87455368614451,15.861,107.30067642219637,1412000,0.14250000000000002,2.0075,1.1695200832903638,1.0405236313872717,0.6275609931827074,0.7273579115367564,0.09419636987163857,0.7169117225046481,-0.09144473021801179,0.34536329350137374,0.8489027942190286,1.1896418646609375,-0.4848515053568122,1.983638562634488,0.9277524254119157,1.8317924051817207,0.9606296060128119,1.012325774060878,0.7858422684517785,-0.33988340510554405,0.21760764802751584,0.40460782327174716,1.1384432185396376,0.7231525458884736,1.5785737184517248,1.279113401883829,1.9194259285536046,0.6170138665559664,1.1974168235765683,0.26926630858307266,0.30750386469504853,0.2610360939320172,0.7704111380719796,0.8958805463433563,0.9858489561156409,0.762603374520129,2.4271083875846697,1.1652459193426952,1.7989158926444146,1.2118969274781897,0.3926692470582871,1.0540640290254006,0.190303858525791,-0.19962335466499842,0.03427750075637524,0.23711264455394193,1.7517708278773276,1.6198464195126672,-0.3272042602384734,0.7904052583852043,1.3711369980711878,1.5583053209045952,0.2491294424538643,0.744992817211926,1.0639025043266224,0.7222679701889447,1.985593578643328,-0.6112298965428165,0.7414329089367703,1.2581624884159117,0.7212227057345715,0.6388316092174877,1.0778373162232888,1.0989948082020087,0.6163050812070071,2.2817056025987217,1.9385061181100414,0.2936943428440502,0.6444291290510485,0.40249898889035346,0.9460271147461334,-0.31429000716631217,0.8524592336652967,2.2159278151529915,0.2832117756747278,0.3372043766504029,0.5051743572480749,0.9635985390642821,1.7128555399856495,0.5868653488669515,0.7625201810377364,1.1634974260827984,2.3389314095065252,0.13343247669339942,0.7653465031072239,0.8726332209103794,0.2511739002357652,0.8268229020669314,0.4445520290131148,0.9628713890805922,0.8177879584821136,0.7109107517284845,1.8554500712342745,1.6018472839988167,0.16091522296104568,0.6157327210414802,0.8360009781467622,0.31060806466377655,0.0766458188661146,2.0827756342882195,1.481370450771164,1.178409274605977,1.4561190515900955,-0.2973015387549821,2.018351855947374,0.9344919618602578,0.11331531732976972,0.9751268591444282,0.4149919212104808,2.087995677985633,-0.20414842170819503,0.6133931033726217,1.1832433755042786,-0.4169783252075027
2013-03-01,135689,143316,4076,7.5,112653000,-7.7,5,-2.2,2,-7.5,99.047,227426.48290884716,554324.1035522788,1749900.6358671184,233969.71347184986,1080187.0392091153,174884,11823.579926273458,444,1010,905359.8357908848,936,198827.07774798927,234762.48324396784,141.2,134.4,232.282,232.794,95.488,93.891,12852.1,97.44679959785523,78.03397397599959,15.721,107.05142769372787,1759000,0.148,1.944,1.34600685431225,1.0097166939051756,0.26475442496290336,0.2324079008556043,-0.2582330365866627,0.7339582960888875,0.17266864574197208,0.0629907449733067,0.4157069717638118,0.758777645643732,-0.8199030722306346,1.775074009969438,0.8359563063248676,1.9198325705998887,0.6976499637036678,0.8991507267242913,0.968793818336066,-0.47259632863054407,0.09412007272881948,0.5501783240141861,0.7419534585280527,0.5527094365325219,1.0036392702097028,1.3672395469517662,1.729056370694876,0.725027272331183,0.12080823177169864,-0.034005072875545946,0.3330926153722513,0.8094073416858217,0.6447763035004674,1.082898928013836,0.7969351475194971,1.1407341986462562,0.9912445394888351,1.4929755225287562,1.713999021563535,0.7959333708833132,0.6611685908990373,0.9610170033875274,0.09557153283290237,0.5615507160607531,0.347458902841861,0.46403218000775237,1.623922285209744,1.3891179571057461,-0.37502976127937354,0.8036907455021056,1.2586296053970343,1.3128349774150732,0.16138642032213762,0.39341632397644444,1.0497593334933872,0.6466749937863985,1.4256775001878066,-0.5094295682320321,0.1301744413760027,1.6086989817073254,1.1526162555456825,0.022650166846344123,0.6927480687894106,0.21317586397773475,-0.20001022729500056,1.7106316835249067,1.4045193152827498,-0.04823885462984341,0.8448778257630298,0.35217725077388917,1.00646383341018,-0.5038716175721928,0.3497414804360318,1.1943732471959447,-0.07394498337238145,0.3604804452635521,0.24348343907660688,1.6567684689343152,0.9550645414309068,0.37595987346977083,1.005250280169533,0.9208714756386098,1.1332845712698847,-0.24073286086035053,0.773637658049937,1.5083908106374786,-0.17016355735888447,1.4482105490417359,1.2387468223198024,1.4315075624109226,1.8827513383975674,1.10606005459976,1.5688444543788498,1.153080140993898,-0.6010359347869848,0.538942369531515,0.5858214739225219,0.5756771267314668,0.6600796509494666,2.129187745083597,1.3146745938219628,1.3032237684777732,0.7394205433004262,-0.43537373430366844,2.395026799306158,0.5564364698402464,-0.17381344440261143,2.0394501909581635,1.1221683573419716,1.5193206330632878,0.47054170694471664,1.008867365158804,0.9652589097268002,-0.8945207518880345
2013-04-01,135873,143635,3988,7.6,112696000,3.7,3.9,-3.4,0.4,-7.1,98.9445,237693.2834334476,557094.4848046461,1757073.730760897,234581.8787935969,1088446.4991456217,174390,11826.168087136102,441,835,922233.7537084211,1012,199812.35127003596,240158.92484615947,140.2,133.6,231.797,232.832,95.391,93.937,12893.4,96.51853948485704,75.93189064266626,15.811,106.70193295358357,1389000,0.14250000000000002,1.7650000000000001,1.2251258001450496,-0.3103442968512077,0.2366725191023557,0.48511574248444134,-0.6707107412847062,-0.027149179830078495,0.24819411755515774,-0.21934151532420043,0.432575053872821,0.40478388781397207,-1.5101082827041687,0.7743834597834605,0.7110523355922647,1.9101141713031677,0.9096526063138353,0.427412543013933,0.5512692356968819,-0.9127001116531555,0.5421756181792063,0.19832534841148977,0.5254779694082204,0.36327003915110656,0.729486835853152,1.589342824940869,1.475081000649539,0.3883849279725229,-0.228745185412872,2.002529163448634,0.10339805601435749,0.09694557363439912,0.6997439037561562,0.14563998279867357,0.997433024816641,1.0838160575647167,1.3461938786518042,1.8895258215562678,1.0864456147613955,1.4929006575499308,0.1262544909071563,1.012184737761216,-0.3650230156305887,-0.09760173645331086,0.1421786494903815,-0.13849661166631172,0.9876786561875841,0.6859104486092547,-0.5309385821999772,0.7473340101977847,1.0788191721538305,0.37124648816058153,-0.1407338016463195,0.1433095797961428,0.6267751165516533,0.44484679541742117,0.48821741763747206,-1.0162469277265562,0.08561691267333166,1.3596125335951632,0.6401933198044887,0.13582952411934202,0.3582942650885105,-0.19062819869048675,-0.23538716118229874,1.3290080407996805,1.231573553216947,-0.09706842240848097,0.8843714706820756,0.09255482031600251,0.5440798287104448,-0.5066605037393125,0.5907492793487533,1.4300957700885495,-0.7175294699882453,-0.233583042737145,0.2335650154441798,1.6776388518583776,-0.25245827061387227,1.2039138350833176,0.10277010742829046,0.2018948384098742,0.5295635720358038,-0.5187074912424876,0.36405445498046607,1.1325723618803551,-0.28529092716933685,0.3719881631763562,1.9852781189834259,-0.14024257859454242,1.166288333618738,-0.0734800106759929,0.5879975365873086,0.46727513478549065,-0.39306754770387725,0.15149900962907858,0.1679608726512432,-0.5155073262459424,0.24888780710142352,1.101966237709255,0.7819636404901982,0.6312925866345671,1.2038262584125328,-0.8017054182655516,0.9418633706355488,0.6632432646772173,0.028463717440853124,0.7362454289625933,0.6131497311185992,1.759750004786773,0.9857556434809973,0.6713725558210307,0.2174724968937154,-1.8844752336733244
2013-05-01,136095,143882,4145,7.5,112884000,3.7,0.1,-3.4,0.3,-4,99.0383,247972.4704329517,553313.9187731115,1753122.209985974,237045.49501890823,1102739.338578058,175373,11859.92185290328,428,930,931010.5697614732,1003,198863.4101884539,242547.2182357193,139.4,132.9,231.893,232.996,95.461,94.047,12954.2,99.30757063093829,84.1775428165793,15.884,105.3538026258082,1391000,0.112,1.918,0.3507373104471754,-0.18886038941566324,0.48690538414134354,1.1419256549606613,-0.5931164278641811,0.5473802868192745,0.9008379197116535,-0.1519290682102141,0.02116934424499589,0.11828140430745031,-0.6005253934550407,0.448947905458815,0.8587483299143299,1.695924588980612,0.18079029136309066,0.8162062996165348,-0.029805736995644525,-0.7719999282480071,1.2386621606584491,0.27762897413395987,0.26373530602044865,0.5472241691271993,0.4435207408097711,1.9158429702722666,1.3288475722168989,0.10306562115855562,0.20691190699148573,3.331639928794801,0.5538291939066211,0.8309165867139264,0.7313345534281284,0.3738990708448617,0.9925733390717172,0.4315402641908903,1.6684096448734291,1.172316149516461,0.7691443089299992,1.4941003211898245,0.5953678466033782,1.3939488893592573,-0.4989286857769407,-0.2775917439340906,0.08736906183479226,-0.03238291909061999,0.770886748409736,0.9280865024164916,-0.3621438214611613,1.0508334789531795,1.2788008104404542,0.20169611906579504,-0.32929262007604965,-0.023562260329809497,0.6662320525641012,1.5814684599633506,0.7832808432983194,-0.3641096556548339,0.6647583415978091,1.2979702500205703,0.5627572178988941,1.3200885803669715,-0.059610696443454056,0.013674366493871874,0.7271220448765185,1.039743721056602,1.5565145419758737,-0.31528285441803344,0.8407619687932224,-0.7123419342496795,0.41159330291689533,0.12534935793993085,0.3118473755659707,0.8486540912004645,-0.33160100096579226,-0.334383237461661,0.5374009987761872,2.132871907235578,0.7736304649132776,1.7017694351693653,0.1379695166213184,-0.3136989426987702,0.28659433116109984,-0.4521058171482898,0.4855000977474968,1.4326221088502846,0.03554161304977399,-0.029269321237138823,0.4154166457087686,0.08361738715981124,1.3697579704859837,-0.5730221790309548,1.2465069625215728,-9.164880181508489e-4,-0.6634796119919862,-0.05149782673707251,0.9082124767940298,0.10146307554520156,1.5261029249928375,1.7563763335489755,0.8588335555358535,0.6497172423162206,1.176261468167661,-0.9606372021451297,1.1198001906983794,2.0022438244002063,-0.19215933329592624,1.91182005027576,-0.03051584077546103,1.5870488091645074,0.6086084425120775,0.709397211665737,0.6329035270117386,-0.8865315192690357
2013-06-01,136279,143999,4150,7.5,112937000,3.7,4.7,-6.5,12.7,-6.6,99.2221,258366.51928966376,552327.1978510134,1746231.5246984109,235849.19465261884,1127117.3685365776,175491,11857.472850229426,470,839,939967.3889185037,942,201646.2324793829,237629.2161842944,138.8,132.8,232.445,233.35,95.673,94.209,12955.7,100.13274382532167,83.3818000629561,16.149,105.48246944894457,1723000,0.095,2.3,0.2851582319230823,0.45766198603328206,0.7798797993877066,0.9521973214066791,-0.4998057602154834,0.4559106953018487,1.3415246152641789,-0.32076473648532133,-0.06401376847481152,-0.11382228323487072,-0.3746674430493753,-0.094180743151514,0.5980843509970705,1.599190025507763,-0.7649197309946578,0.5120048251284514,0.6155975301014783,-0.3974539445844556,0.6906074618707341,-0.04349081652240014,0.6926410924882687,0.17115069110034828,0.523004437884038,2.3795865558893747,0.8929198510436525,0.5377222329509334,0.25434144274166887,1.6708772063826032,-0.257029318389386,0.2915629847753173,0.6810039149379528,0.6229078705593917,0.7776715569958754,1.5115153246942186,1.4335769097818012,1.1974095555236617,0.8988785703278351,1.525835599861137,0.5249263955108534,1.6799359163128036,-0.14877164502944612,0.17810867151918028,0.19893915901681994,-0.07253693311356411,1.1729025032761122,1.097161505572028,-0.36041368294902043,0.685332999233351,1.07963095418554,0.6887135052071839,0.2584171406808972,0.907287018191431,0.39212612728684226,2.386576091185646,0.9045002962201395,-0.5685873042554669,0.5670040844555208,1.8912537771207525,0.07702278300182748,1.4782348219213122,-0.3202003257337333,-0.013636118626543776,0.1929207247438595,0.5785374439174413,1.6989099740046374,-0.2967264232913424,0.791895604315182,-1.0505109635618086,0.2013452848110927,-0.2356724923766111,-0.319898126776923,1.0691155737746902,-0.7556135869475548,-0.010263057243864318,0.028531646646853048,2.994633749984296,0.5710845429603593,1.9721774821069813,-0.09538660850137946,-0.3758546722241481,-0.49748046176874755,-0.1193103222051073,0.7815105209941556,0.8944964778047012,-0.41680365738128083,0.5846587690340327,0.20652658542558872,-0.17332853120427671,1.6617292926506941,-0.12859022615849927,1.1156903674272818,-0.3213863419355097,0.005698020987853658,0.10246119348260674,0.6877457491004273,1.7362263897099057,2.8833412160302085,1.6957270721255124,0.9320241409525357,1.3012554987444096,-0.027154407392333813,-1.2780562693775903,0.6032518090643357,1.0604537880103093,-0.12066390924430419,1.3401544029027113,0.1319526837644185,0.1580840858701356,0.5316752149987102,0.9564444327056687,0.7160365608694329,-0.4861233336699001
2013-07-01,136391,144264,3885,7.3,113112000,-3.7,4.4,3.3,15.9,-1.8,98.8987,230046.3504259228,553142.2248204442,1754872.1239891697,230146.56756305325,1129578.6704526474,176156,11872.181393018207,375,880,958071.6552530483,997,200564.76532487053,238517.8302989811,138.9,132.6,232.9,233.88,95.792,94.329,12941.8,109.20536161683647,84.94024710273409,16.021,105.72811619122534,1384000,0.0925,2.5775,-0.0953473527728391,0.7973095000079903,1.0905717193899789,1.0083153098655946,-0.41540848923690243,1.1441493481532439,1.1068639736354322,-0.6898530683432572,0.8906234077556827,0.3060157079182243,0.3727815394742128,0.5385366801839238,0.7898296834652664,1.6557280465988051,0.34803371093649277,-0.41743425940405243,0.58567484500687506,0.41351940347104266,0.9992172147005702,0.2158940302450246,1.1486681658592097,0.2899515169301544,0.6974581650815286,2.181610827237923,0.7398080413146255,0.8262682868200846,0.496313619881561,1.1719033986660041,0.12349236398844018,0.27573805839647697,1.602367361423224,0.4973583969514767,1.0006791560551458,1.7122332427126146,1.2432228336586988,0.8344605633708257,1.132117473598502,1.5941934191370848,1.0053633361610335,2.4568236917484563,0.1627747247791806,1.3634136158108006,0.3022499704366521,0.11396385628894308,1.1809449418353553,1.0174675226852279,0.10741343802924679,-0.12142745867366603,0.025383373036104454,1.3085798174590675,0.8721143457023376,2.3875319467939535,0.6575591526979435,2.738122579226847,1.6601403473942904,-0.2804092056608733,0.7889097671827477,1.7647227184642367,0.9653137225296118,2.4754557083694104,-0.48748183288889735,0.2849415790720159,0.2968518877456095,1.6153511245592318,1.9984894435970142,-0.410355360308386,1.6055318674145003,-0.4070577174672768,1.408208870126447,-0.48533345180276105,0.6003656877219846,1.2437020764221507,-0.25181002795703294,-0.3177256832746209,0.143722077858981,1.8212513646797739,1.1884086697585297,1.6650161761702535,0.8657263938409322,-0.01986018260517353,-0.7065082409961577,0.02957186435476271,1.646708537913208,1.048348159022356,-0.5347530163987826,-0.3734969068005809,0.47799242225283217,0.31270185184467925,1.3361112947192324,0.982774195874611,1.1889555485984435,0.18444381389248554,1.0522096810325974,0.7862508442664068,1.1825216284330284,1.040849108057695,3.4465806206994767,1.0258796681377145,0.9767679643957072,0.8219801914006398,-0.7733950658218278,-0.8446038705909198,0.13254078148837395,1.335601108215242,0.380501778365139,0.7909660127170588,0.5931092965763358,0.8979129685132763,0.6372804058943331,1.1358988502061818,0.8291624892972403,0.9517368910072808
2013-08-01,136646,144326,4085,7.2,113361000,-3.7,9.4,-1.2,8,-7,99.4897,234223.52867596474,556663.9564700732,1760171.0592715873,234149.51946129632,1131987.6164863345,175490,11890.049408968665,381,917,968437.6759021828,964,200605.6247003148,238773.53180311466,139.4,131.9,233.456,234.336,95.934,94.431,12969.6,111.08678883399004,82.87180738642203,15.827,105.1737405778242,1667000,0.086,2.722,0.6611458869991825,0.4614279030437055,1.074146932172082,0.6727262119330749,-0.34034743937960815,0.9581440984648627,0.9600427562460533,-0.7195275739554559,0.19612020142711245,0.29904289911659376,1.0521697822467961,1.0412733609415126,1.1945832813861208,1.5746937187392078,0.7099505350419123,0.5379710428340367,0.5933003805896331,0.35101768628720764,1.2339223409977254,0.8880306198816971,0.9640765231987026,0.7862661819918079,0.521293753815955,2.8465652272114847,0.7886173980810257,0.8005065416278496,-0.13038436383205895,0.5551043032266368,0.02765823233931318,0.5961217084941675,0.7137109705417828,0.11043662504022207,1.3883627569312693,1.7450702316813846,1.2122655778136249,0.7662374076616819,1.4394184741257325,1.4750040857163538,0.8459419215306779,2.1148502362375723,0.04273882983479079,0.668963834120914,0.2563252055548634,0.5911327308135572,1.0880128655150865,1.0294778594544898,0.6934785904770977,0.1463345174458136,0.7452080818373209,1.5301136469646615,0.26877608212411064,2.944056302667841,1.6204791990688467,2.6236305688682915,2.3421556428601873,-0.15028685288416643,0.6896995892335257,1.1674480443368738,0.6687744058505761,2.5470232857378163,-1.4847691565715335,1.5917177945612497,0.592708664378918,1.2738292586227502,1.8276420098756578,-0.27540942792313916,1.5868512738899208,-0.3431543723971,0.04263110885288261,-0.46275028032838045,0.3909344144237223,0.871847275174845,0.5599983728068807,-0.956479092928707,0.1289973750118664,1.8104731262154055,1.4909587328418468,1.931309453881082,1.005998891321112,1.675150105384473,-0.13225422985583704,0.2725987372514884,1.6182492492373373,1.0093078990532354,-0.660707818481723,-0.21864247945401716,0.47684563970498434,1.0930840074856532,1.2900091811572099,1.2728586864075897,0.8802560182143538,0.7431888822266498,1.385133243959022,0.8366238005936065,2.1279153196554876,1.280417677743044,3.6188995110870996,0.7213398179107923,0.6551660194863206,0.5142549714388651,-0.1250459613854732,-0.6784887065999088,0.8483496175256816,1.4634509860235536,0.36269875758077236,0.9856749868698119,0.8844713447764689,1.0222317232969098,0.37971882649081135,0.8677431718600953,-0.005836908122622192,0.9464490065287721
2013-09-01,136821,144418,4128,7.2,113535000,-3.7,7.4,-4.3,20.6,-3,100.021,247646.2865716429,559846.2115528883,1770982.6036801324,234600.3167458531,1148796.574143536,175575,11925.793948487122,403,850,977453.7384346088,1004,200576.18571309495,242166.79169792446,139.8,132.4,233.544,234.7,95.976,94.543,13027.5,110.74643660915228,77.99467972684756,15.857,105.35954774974181,1256000,0.08,2.8225,0.2516628614916485,-0.2162551739958501,0.12100976929899532,0.3839218148506117,-0.7309377517443787,0.765620146074715,0.014187231054024967,-0.5581442792033512,0.21462788790349363,0.3674504344686662,1.0032820511383882,0.6383931358736811,0.9355086520065675,1.3391113076591958,-0.005586613537872764,0.708529480112855,0.7037266841013854,-0.0376423074440983,0.35464541575958053,0.0701218510778132,0.6102630495228285,0.6918294810448788,0.2991875498799299,1.4787327459694521,0.3051754341777934,0.48905120272766,-0.40924517949859585,-0.20878848511560344,-0.33337649342509795,0.4982440013430182,0.7440292292877726,0.20700551840692316,0.767152375607256,1.4922621185367326,1.0122237434890466,0.5742994531206327,0.3727867392655468,0.896988618139963,-0.4702229014303029,1.6680675213682972,-0.017637969654100225,0.48187849931279714,0.10756169115025738,0.060386008001677094,0.49342994529729334,0.5636952690025581,1.0459657885780929,0.13729556388515723,-0.06527366377079175,0.7007108971528769,-0.4182126566194291,1.741609881768753,1.1816487748941698,2.2088119167256277,0.9678093486506835,-0.43414533238630054,0.4559652882465536,0.6809758036518178,-0.04103915103611065,2.195156016918779,-0.8025496259405956,0.15282576131730619,0.5456894999145431,0.6085809724516176,1.2339129459799354,-0.4931398253007184,1.0877491517933005,-0.42978524230842946,0.6488101557037544,-0.5125195490501122,-0.4787262194125238,0.7448630058540022,-0.19104668610589065,-0.30553203457554284,-0.22630676219931287,1.505173628089485,0.4979816781668825,0.984791672261387,0.7738556020071865,0.6013084477630743,0.8052485699497824,0.6939279390975431,0.5370753932638109,1.0870861930924647,-1.2453131061095557,-0.08286040655421163,0.6323260655122924,1.174515219803413,0.3449457190149721,0.17739631137385636,0.42473667378886076,-0.2346560929086705,1.066282948961987,0.262190350512487,2.1775982322553,1.386047402119844,2.8375627017761107,0.1325018750677337,0.6888375412243413,-0.5361236800547905,1.012850429392584,-0.7956559279418529,0.8740082661592452,0.8118209976109776,0.7108617108749207,0.3156816386363077,0.4964617115122453,-0.2042197689071049,0.10684615741370009,0.6831267471243369,0.09610558302029418,0.8912437783391954
2013-10-01,137041,143537,4222,7.2,113625000,-0.6,3.5,-10.8,13.4,4.8,99.9037,241525.23854614323,564946.9839651207,1787022.2580847745,236128.94498610866,1156419.674723994,176061,11964.246693651603,444,925,989785.9588150216,1044,204437.94678626058,242195.35290261492,138.9,131.6,233.669,234.921,96.103,94.703,12974.6,104.61692142805117,74.68949933831843,15.727,105.17114510288981,1434000,0.09,2.6325000000000003,0.4412924024511305,0.23724015378914942,0.19958304102218094,0.7931244221830853,-0.4750347921118961,0.702406753089251,-0.23804577409036998,-0.6789472523098523,0.7876838023763367,0.4904730797347474,0.571191347208036,0.4127702942197994,0.9651086030968725,0.9559614824859483,0.5524172929396247,0.7387474082289567,0.5844221445043459,-0.6924043992409136,0.12136568345757423,-0.8794276877867688,0.6778912437813268,0.7975681029097123,0.21095603380407243,1.1857054107843465,0.7290673564306678,0.04920380854715178,-0.46741074055994836,0.05620696347038275,-0.2760073774531062,0.1797211798466236,0.6333069168051558,0.2483011126622412,0.5212384019293341,1.415311090813945,1.6661952450862454,0.5485985616472305,0.7416989321551032,1.048356928123092,-0.3175009763340838,1.2662142947200112,-0.1774934453156724,0.3853381292213624,0.07230536218888475,-0.15760652040398418,0.4683585044428217,0.5621512239174326,3.069113590452596,1.0489674151830612,-0.2993044114975042,1.2122323038448752,-0.5628997841482731,0.813939724122891,0.6836848874266138,1.9424470474933224,0.5739673601769737,-0.3292605619851803,0.05510389214128868,0.4165499199032743,0.6276658613968239,1.4387649181842035,-0.14418888216084683,0.21007928202254827,1.2741926816352283,1.3606626932350474,1.2608939644411037,-0.48422654018809463,-0.3905266058542545,0.0590590417368379,0.9529053155219673,0.02049970237992467,0.38967589007413816,1.0382015353509093,-0.08848405027455242,-0.6942491034032541,-0.19349503756379954,1.2633809759065109,0.8577011281538208,0.8315400196832488,1.4423933151389514,0.46764928542859496,0.9600878691133603,1.6231474479337291,0.4237352286458284,1.6068096625979087,-0.42973499054108694,-0.7860099194555982,1.1774217267905907,1.0494341967614216,0.7233228262560399,0.0890507467029097,0.7732432504794535,-0.7722560145576719,-0.13077781870566582,0.5267410295620654,2.1973617196680655,1.6026108734325124,2.4947096812582794,0.3134429974275802,0.5911562506654793,-0.43844487363343027,0.67184298721257,-1.066426894315472,1.1925779391508295,0.6902654832939897,0.7409493802830266,-4.017871230469483e-4,0.6567932016916384,-0.287915050963481,0.29308291038000656,0.36755691525507156,0.16573674055672225,0.4289835956809394
2013-11-01,137316,144479,4119,6.9,113847000,-0.6,2,-3.9,4.7,-1.2,100.1582,252750.24416599132,568907.798765663,1789984.634545118,241652.64010971886,1169931.2179207448,176233,12013.486274754276,446,1100,1001726.8250109097,1029,204987.22024811423,240295.70060054443,137.7,131.8,234.1,235.359,96.246,94.86,12998.9,97.5209359349999,76.53605730933292,16.079,105.46420148238056,1641000,0.084,2.694,0.40759471920534157,0.7533240571112559,0.7095927827335831,0.5357487973648474,-0.14361676750604485,0.8642278468909887,0.012251333302784039,-0.7922322239272354,1.3111849973795136,0.4470613626259349,0.6120113452686777,0.6396155719660379,1.4884253268688585,1.3542958941589232,0.6463421873168805,0.5410666861454014,0.6584117482512463,-0.8009988841537465,-0.04549846612060191,-0.9924282154641011,0.7762853343956349,0.6496492203161776,0.09912044423773536,1.4537972305992706,0.7682647386909137,0.5428492013976615,-0.3040453369576457,0.128248373801016,-0.13295069604703857,0.4912289041611717,0.08266535128905547,0.5103502336389815,0.9045441733500945,1.273689084270532,1.5118936638491554,0.20525672604396505,1.1899184069059716,1.2108209097943008,-0.1989853151185459,0.8774973821873867,0.1061014545355005,0.7905753084865981,0.40337735191298635,0.16102222914482878,0.4737772228459046,1.055648574155487,2.206564074476302,1.3136717333252061,0.045789196441654294,1.4245980889859735,-0.4035052067311722,1.0906370427195902,1.2474460652013462,2.228594546200164,0.5872432038701217,0.654304245790826,-0.30062308277678307,0.3493697945570619,0.8123719005472462,1.0958713377283071,-0.7414351728264501,1.1283244431236912,0.9674389051414438,0.7809001201493674,1.374065299105467,0.06178754204444765,0.8861086619484393,0.23432476304738548,1.4245756790788602,-0.08344110623338172,0.6664743283291028,1.7148701380716769,0.28086629053948786,-0.38149465396884447,-0.3231578427540504,1.3505343804272332,0.8018124446359675,0.5866421881640569,1.2755436162073266,0.6000320149940358,1.632583222501522,0.6353330653206868,0.4913901998270505,1.855310652377626,0.016742883205174863,-0.6346111088738592,1.227751083929753,1.014844547238525,0.9639668169108134,0.06826902547128044,0.9942982647318459,-0.4183522076344198,0.11926408646775452,0.6229348183780898,2.1973180367000045,2.6051020369280815,2.5501084151419917,0.049016278958285725,0.91393708568092,-0.43628529647177566,1.2773081362085557,-1.2428877773441707,1.2217556602790702,0.9401723439596782,0.7020876756210376,0.13858657448297998,1.545073137727453,0.07132043914803465,0.739476262166985,-0.410873464952006,0.4900497611116075,0.6384700789313896
2013-12-01,137373,144778,4121,6.7,114427000,-0.6,3.1,-9.6,3.9,-8.2,100.374,246823.07548696248,570884.9337233183,1784988.7452696639,233946.31485054037,1184735.619308399,176727,12024.394797436058,433,1002,1015631.5472856639,1005,203645.73609641753,238532.78569502354,137.8,132.3,234.719,235.759,96.414,94.961,13019.1,101.26122762254444,82.95199933831843,15.835,105.40414948758985,1384000,0.08499999999999999,2.895,0.3308244128782879,-0.28103410908733717,0.03521883073319849,0.15845730353689175,-0.2308907801345832,0.2804541255548719,-0.21729338764338393,-0.8500564933285166,-0.5843243591775954,-0.029002236174996365,1.0082318049207926,2.2597624861468923,1.5075763728816751,1.0540309541812536,-0.6992973519720138,0.9062033782788793,-0.03394282097000763,0.7990506612822557,-0.5401564882153781,-0.12972081668771976,0.5453780670029048,0.6461824390727199,-0.31718221215964015,0.877714003433309,1.5265889794066918,0.19557114222722363,-0.6621697923764711,0.2288846393817085,-0.058145700350084,0.6206300809436761,-0.2876008164551115,-0.20873945053512494,0.4696549569470452,0.6748902852260141,0.8190825848185914,-0.329318922247458,0.41956329385464347,0.8196962186599411,-0.04547190881860814,0.6188915269193529,0.14232257229588013,1.420578473727716,0.13848299009117931,0.8642550388874157,0.1870475051423971,0.27722619024710965,1.8167276289746954,-0.5049815326496434,0.027903776881766318,1.1904797567412144,-0.22630610378489208,0.9839519925146286,2.046115650926585,1.5481213392024387,0.6362382799368353,1.6957013326476769,-0.8185442926042666,0.2958009766223588,0.13805971500849495,0.2864917148809954,0.7177171016866757,1.4232868474593057,1.184452591460615,0.46782629709876616,1.0431321563580123,0.46206932816392193,0.5094209179226517,-0.6176169609714707,0.655792286202565,-0.05029204386140598,0.2795609751935586,2.019691819719963,0.2850753368374516,-0.5505500564201253,0.30117882187158995,1.0114526510816004,0.4787969793657554,-0.3183400659660892,0.6441992734921087,1.3266097340359255,1.312043934547396,0.5611524716807406,0.5809382430738065,1.8396683808421537,-0.7842287398700658,-0.7340527362476132,0.2027027305326527,1.1985905931272698,0.6472842965322287,-0.5134035758482841,1.2423132166583448,0.028109956905505856,-0.22084534738506773,0.4726463931421917,0.7945430299371725,1.1748987981477903,1.4122751388433044,-0.08284341713270735,0.303216211872959,-0.19676677568004974,0.7971020299536185,-1.3570709879472382,2.004414887647285,0.7412347704445994,-0.1358575412726915,-0.6299809148465667,2.3181521729830004,-0.11220857967412554,1.0354451923533081,-0.17843553802106465,0.5691195083654383,0.6344267411127356
2014-01-01,137561,145150,4127,6.6,114499000,11.5,13.4,-8.5,15.4,-0.9,99.9899,232274.82559463428,572978.0363094376,1793653.1551130898,233032.4797648374,1185678.0590804645,174918,11984.59850539259,443,888,1021163.5994783364,976,202650.75454903016,241395.6569441282,138.3,132.7,235.288,235.961,96.614,95.064,13079.5,97.93611691887304,79.51594861368075,15.614,105.2313014325031,1307000,0.07200000000000001,2.876,0.5002751559883056,0.7020664294625955,0.46818773692729343,0.6288603767097747,1.7151020114978708,0.5558580912898606,-0.1529368401182392,-0.9293781157895609,0.06768869015517445,0.34759597143759324,0.8197857152400299,2.5153762805889595,0.8786052232413171,1.2637516388883099,-0.41141222136351135,0.862228556219194,0.4749147535007602,-0.2786952289862977,0.10827151388735247,0.3307680637649294,0.8360504710186109,0.70391213708038,-0.09295136353357383,1.7726139074491987,2.110729625193293,0.355914342725609,-0.8046295163002383,0.30770869307525905,0.24462163624219402,0.6566039943440947,0.19372250370247796,-0.0032351712237608903,0.9141136575749886,1.2234679505600663,1.0900626909884839,0.3534371931651692,0.9828194307970098,1.982176080699165,0.2420689993745909,-0.05028296033647679,0.7624451775487316,1.1935106263126531,-0.24440360601884814,0.655778509128543,0.2001192390522482,0.1972252339513271,2.345068116357127,0.3521032067399225,-0.540377908916748,1.1484591921042662,0.10019726740542348,0.7320698963454636,1.9296827655132491,1.8410736667051177,0.8592012999114985,1.1292240581062623,-0.2882452867951854,0.20903422705115698,0.5394480395949843,1.3399664416991781,0.18766204907820278,0.3389904821546246,1.62473618900385,0.4608112368282712,0.9810972557784858,3.9935426484992043,0.68350664434544,-0.4987168391475615,1.8574721190259527,0.6047168006612612,0.7257222494257326,1.80346535698818,0.61159229550851,-0.08609599944010847,0.11871568801251955,1.398959200395391,0.3304798889092286,-0.031510008813338486,1.52534689242701,1.493803643790182,0.28590475183038777,2.547560718060928,0.6537151777279999,1.4595483889724945,-0.6484637042341241,-0.4293984128330174,0.518139529707276,1.2778748594470035,0.46855208465167203,0.25188442323997473,0.9137205105102693,0.8700968527123923,-0.03278335840864098,0.5570915934848866,1.0631012300914437,1.0271948757825158,2.6606265087050747,0.6486350420017528,1.4352179101807265,0.37239251256104305,0.12021765734062627,-1.0771912849179843,1.3393123022001252,0.8586367915302004,0.48261432498671286,0.47167975596502676,1.234661765450427,-0.3462452904872762,0.3587301750021955,1.3207123933336562,0.5278213099382868,0.33441536602587674
2014-02-01,137712,145134,4373,6.7,114719000,11.5,7.1,1.3,2,0.4,100.7471,239741.36147320506,576457.6867370164,1801825.9940984317,237618.4564452721,1191103.869232361,176923,12039.00268984068,420,944,1021661.4938961307,1039,201799.0895923857,243304.36581833233,139.8,133.7,235.547,236.185,96.66,95.109,13148,104.30374508586799,80.87455368614451,15.993,105.72952126353,1341000,0.0675,2.7125,0.18282450822866622,0.034198254524312924,-0.003966714104125982,0.8376605288319243,1.7283632626861096,0.5616656506308318,-0.7537887217676228,-0.919352401462737,0.48215702127410187,0.133096868138634,0.6539324435827156,3.056697876559801,1.6302430341209277,0.5611367258984016,-0.4699142053130292,0.9397075499294696,0.26691448484782226,-0.26522813044129767,-0.6192363620951503,-1.1035119401182796,0.8938873214239571,0.6898015104404287,0.02661690741553542,1.9128635840403598,0.9704782990166079,0.08700323138705335,-0.6268685296715076,-0.01664931315321643,0.13728306339394214,0.39706736526684844,0.2825334560572943,-0.03635925551701053,0.6160498523222686,0.8058619546235781,0.9267779179187958,0.4955507778711409,0.900457564714363,1.3003335136368346,0.42094403290624194,-0.5476367638444775,0.264513969732874,1.2182532597028657,-0.6856470254896905,0.10912986265892742,-0.1310749620074136,0.01980451655152534,1.1701009408184877,0.3339624866821324,-0.6716671313268673,1.5004920756601563,-0.01552062263772878,0.6159941415537583,2.61918340936556,1.8951645318047803,0.7566019512527049,1.7374815334501217,-0.3828096858965868,-0.41590104650311305,0.8072890245804214,0.9164747449541731,0.2599039692032715,0.06253848670045214,0.6835880645759476,0.5390816439326744,0.6724377961665,0.38709019452154986,0.5055596270692275,-0.4287852848308306,1.1690880491621158,-0.24002841963089927,0.3398190427615388,1.1325729841603165,0.3530209735764528,-0.39190930825315373,-0.16320807507884624,0.6782675940997918,0.6534459339728991,0.12717084770893558,1.4895033704327691,1.248950566470921,0.23479204581702706,2.4987079134197083,0.2607852743077955,0.8089774779374788,-0.4256354543341498,-0.8593066250173749,0.7912121658853914,1.7406750216549474,0.2850061183086031,0.1028825784442528,0.6627775642553108,1.1740130312886108,0.031878023656879556,0.7049846529782088,0.8842092630632531,1.0301574799312654,2.171006917992051,0.49688317802560256,1.0860466605490158,0.29484849519811357,0.16616919920031248,-1.220929860962975,1.5703193204563008,0.8664012870592543,0.62856950412283,0.8901443039448129,0.6271492025854141,-0.00537587803982989,1.1007896625847362,0.6578092588055175,0.07453202133443297,-0.05259277628386468
2014-03-01,137985,145648,4388,6.7,114908000,11.5,2.9,-3.5,12.6,-1.2,101.7435,243512.88539998967,580782.9365284304,1806686.07052295,238619.0156484016,1198175.9024944482,178466,12107.937819552755,405,970,1023763.8795641171,1067,206124.05102515107,250475.64943448847,140.5,134.9,236.028,236.625,96.815,95.25,13219.9,104.11609771213139,79.43397397599959,16.985,106.21209474681847,1605000,0.0775,2.7225,0.3085463145174113,0.45420786044060274,-0.24009322742323116,0.9847486003041866,0.3784620821182396,0.7828294557358509,-0.7233226001656753,-0.8433703735403523,1.0775009344491941,-0.03551550384364125,4.514613151442363,1.7341167412512875,1.9297072466108003,0.5826710833772684,-0.3489450297313829,0.8941870253333453,0.8726791358982966,-0.09454784310277443,-0.39892597050756745,-0.6202654322935355,1.1176657606828986,0.621438291271703,0.20526597403670416,1.5283005977663164,0.7820176376019887,0.5721957457566691,-0.6712991038873435,-0.0674951435709108,-7.228849972801114e-4,0.4881675362788591,0.3435909885885298,0.6219912423451643,1.0613900597605783,0.9365056832466593,0.7162475010545694,0.9942833685215349,0.6294999791707655,1.3821354579785503,0.3629500982602226,-0.11089984889622205,2.3932819154533465,0.7774901362943125,-0.31747016478205203,0.09437340018845997,0.3610933867387349,0.1790893442288814,2.679582268582388,0.3759198123330466,-0.2525046609098159,1.2028133679655264,-0.04494730413022695,0.8811749875209078,1.3220553885670274,1.517378175052039,0.39179071993605685,0.988233837791174,-0.327999821581455,-0.36193975712339294,0.45581563990165386,0.7160169447477925,1.1988649167264347,0.5706289928314127,1.3817550195042236,0.4807824236967367,0.7822752638320946,0.202663028299429,0.36440976392478536,0.06412996925010214,1.512254648900443,0.857765498341968,0.9265346465279691,1.4968784315688726,0.9097286372466028,-0.27749228513988394,0.0534934813810287,0.0511279272656264,0.5571809155862675,0.3295458586591979,0.7854557791219963,0.42137391980816263,0.4337997433185997,1.9290226932837091,0.4011729811530659,0.7419230841251057,-0.08662180350578315,-0.6550456097880683,1.3573600754572477,0.8302060734062678,0.03998695080486038,0.03464191033052381,0.6562629458632228,1.3054877050852796,0.11492794004257263,0.810028579288386,0.48935530296811425,1.0224577732868492,1.6682809924665436,0.6857467428236219,0.6772938729304896,-0.16304857350966204,0.5555993829966073,-1.2664921055837117,1.419025375441071,1.1832856879465037,0.7991300662327654,1.4269161558550834,0.7842056325904088,0.06475002141480467,0.7720806435944018,1.3414058139776426,0.37228843467477274,4.310166181657421
2014-04-01,138297,145667,4566,6.2,115181000,-4.7,3.4,-9.2,16.9,-7.7,101.8273,244988.5036138864,584544.3203728335,1813376.2282678373,238171.09509521897,1207134.9768525679,179959,12127.707837132812,403,1043,1038181.4057554106,1090,205239.87750935694,250332.5187911782,139.7,133.5,236.468,237.072,96.987,95.413,13270.2,105.2409085753761,83.63189064266625,16.695,106.04645565954667,1291000,0.0875,2.7075,0.34711660709210324,0.09841642489969865,0.2958388423198769,0.7231947454150119,0.02462630487318669,0.8385483237681454,-0.6124318346485603,-0.7026504786771611,0.8312693189504807,-0.1814249589966646,1.587460230725367,1.0880145446330167,1.2574108009777492,0.6239582972722404,-0.15306158799167624,0.8097213959754745,0.7408472306390185,-0.00690998575784239,-0.8944138250610844,-0.0613430437123767,0.922115289657742,0.4718474918144821,0.34741026875961767,0.9548402898729719,0.817592985476973,0.42489657654561447,-0.2165396316386528,0.034615337285080906,0.28755096777762906,0.6149461253876196,0.37230906465273095,0.36603034612409013,0.7239908238432713,1.0012954964765992,0.6603014512968333,0.9784045507425909,0.9496397255722759,1.6121396072541931,0.3928957272318824,-0.0433624739587061,0.7835485050952797,0.6980825281852916,0.2451585522649119,-0.10373610777587078,-0.12989117725925708,0.4431215627493957,1.5142468789002361,0.6346153250013131,-0.005222137613614478,0.9749885142497499,-0.168694055977814,0.5133283142258168,1.3936575338031696,1.5313485401798965,0.1242324874454035,0.48606372396758935,-0.06881174462646292,-0.1106845004451005,0.9070086515529912,0.8902290751477793,0.8089342443779046,0.2571255287248439,0.6662159872047758,0.2617036331725291,0.6886766367147212,0.24110101318197338,0.885494689587502,0.42864327293831644,1.2226775828282546,0.931689684924303,0.7378599814275381,1.0187487219773392,0.8567209987202936,-0.3050024660752929,0.47511794068687685,-0.18150447455628263,-0.1626508093586317,0.7336452572641242,1.2816884319800386,0.2640031274818196,0.5550332316478008,1.7442700721170066,0.4302420943749353,0.754487888497386,-0.0349475191069151,-0.732529736277593,1.2862209256262402,1.277514904383966,-0.21771019808343142,0.026920382189065527,0.5290791834663843,1.286491697752519,0.34918739110688823,0.8187906440575619,0.49984196276884285,0.3457582076555526,1.2625495852177822,0.2976154721022035,0.5909216235510502,0.1313467439911507,0.27169785597747986,-1.2303228328991418,1.4523629047905535,1.1329037691719046,0.8391081547427779,1.2619767084039188,0.7877867936439908,-0.27002312034272946,0.8679008992950762,1.3672753446729478,0.07208401316423994,1.874472905759355
2014-05-01,138512,145825,4747,6.3,115450000,-4.7,19.4,-1.1,18.3,-2.1,102.2392,241221.0361616931,584905.3496247954,1816674.7227137333,238896.72352208509,1211246.8732951095,179916,12154.055194704932,451,1007,1036724.7573265256,1018,207333.21667164192,248070.44993669388,140.1,133.7,236.918,237.529,97.147,95.574,13312.9,105.18080846552131,81.57754281657931,17.137,106.71688679742572,1569000,0.088,2.572,-0.019327432379197696,-0.45068218345286387,0.43907844145951597,-0.3212953713394937,0.21581197267252777,0.8578009422520451,-0.6146905531801482,-0.5098481699656456,0.26567945256690895,0.02716115578887579,1.628675193489959,0.5884666965089493,1.5912541816048862,0.541921584079438,1.972039137701985,0.5349889792154751,0.6589077760987543,-0.12490542424872536,-0.2745203800935833,-0.2998373283441079,0.704119991670899,0.5114149830903514,0.23185083089389794,0.631708347359577,0.2844552957546424,-0.10829945487931802,-0.4231672893382429,0.8009559495612794,-0.23276400698896832,0.633498709337386,0.3368173400907449,0.3095095590978965,0.9549922832787767,0.17726723269788805,0.22047591649184697,0.6542117132999344,0.5459316763720939,0.942860440527786,0.22095068372609927,0.17950696617318293,0.6916398983942015,0.8416804127373261,-0.022540995833278555,0.005147838425632117,-0.09630508049276731,0.3900975688472139,0.6663714199447336,0.8444913653324491,-0.08304737519379317,0.8926764375050084,-0.2259752458712239,-0.13380463140959117,1.7787285734510787,1.238705768796564,0.6581397987495309,0.6542321352562837,0.01432660530042655,-0.023077246036796395,0.7379347241612452,1.1385277959649298,0.33041474962800765,0.32451662021970973,0.6963347342185995,0.6718594894535963,0.5464651260075598,-0.1044568633609628,0.07498488217814792,-0.004082569620295764,1.408583659151043,1.196721272288001,0.35483585065079887,0.5935244848653751,0.11910774932245893,-0.21948514046756581,-0.0623226588914352,-3.9828154241996485e-4,0.18083535863437455,1.4646295083753962,0.8437405211152573,0.5233803366961981,0.14360462447933203,0.6091514489698832,0.5057528622217454,0.19205568434040818,-0.17398269193211527,-0.7032724449888409,1.1468720743123921,1.1567871739627416,-0.3091417511345807,-0.1643800176588108,0.5492584704117573,1.1466787897376165,0.16175234848145142,0.46537120128401543,0.4856264801924996,0.028223725017894944,0.7879161159802286,0.2016666636011227,0.25622368176089944,-0.2617520832049442,0.2465403637822473,-0.6370379541159025,1.2035890368447286,0.6192609977899938,0.8407336013761654,0.8511281713371603,0.3182206326963623,-0.28436257811454907,0.7259978477232255,1.1525336128556074,0.02194460174782056,1.6318275727787372
2014-06-01,138849,146247,4982,6.1,115736000,-4.7,16,1.1,14.2,5.5,102.5774,244938.4594819697,586250.2956207007,1813625.3756950537,239227.5816684318,1219506.8532590254,180122,12196.744573432183,418,911,1034851.3670529445,1010,206177.70145908094,246172.3545803214,140.5,133,237.231,237.837,97.253,95.682,13360.4,108.77813537885721,81.78180006295611,17.516,105.52882007306688,1254000,0.095,2.6025,-0.12543858315947892,-0.7891958198826508,0.4165551326988916,0.18843513345014246,0.21870771031914932,0.16633736254478865,-0.8223849246922672,-0.38428486706693854,0.24655298126842384,-0.5437797806343888,1.4337736346570331,0.2378547401206312,1.9145603381961713,0.43852006870323246,3.077889857353109,-0.2419286691880952,0.5456628987530068,0.055570576419368724,-0.1115984274233196,-0.0020121123569618315,-0.2953425281634745,-0.25965864028328145,-0.32357706031471434,0.21048189987831684,-0.4137652546331923,-0.19246772083256564,-0.4714114833768657,0.23224953314935917,-0.6386343107424884,0.15947969214688767,-0.1825185021995194,0.17901119569043444,0.6373411252128992,0.2533015506841239,0.020357639685166837,-0.05044903052669519,-0.13649383211442442,0.4156301485866753,-0.01897989417536404,-0.16672564677563695,0.3321276184664994,-0.06573898754386123,-0.4853672920450123,-0.10671465581859166,-0.5458944213035275,-0.027650431993137353,0.8742140183186841,0.2787816877999264,-0.15796892244563931,0.4382205503177208,0.8346142456433395,-0.5203885465074927,0.9987943433145712,0.6349037450710675,-0.2136910720414355,0.9708055816244847,-0.1388958916361174,-0.48678514382881444,0.41627619496470186,0.22288391479374864,1.0175985863418504,-0.04823080747233155,0.04649488427825861,0.09783137840699914,0.39982416157230016,0.5527609536759575,-0.7064771764693618,-0.005731862978323298,0.44360853912659426,0.9687798349153752,0.32770030034347486,0.41796998284718484,0.17127473712063482,0.838742866282064,-0.9356124207413438,-0.15857191032600268,0.6519539538175074,0.6908535451725519,0.33620235083171957,-0.4571913424578722,-0.16624205231809097,-0.3089455989974755,0.18321752253032958,-0.2801541368330295,0.29422431671234295,1.0854044327757975,0.4072394706520014,1.1387209024686706,0.08004529864123978,-0.2657244526972914,0.27927960922733064,1.3044615960911892,-0.30810675128764864,0.3746437201893298,-0.03901557588078507,0.20075303410789044,0.49006225150736604,0.1095422288925476,-0.633110636535312,-0.7305100309346781,-1.0878798219433836,1.0615050126834131,0.9357228291831852,0.3393920945484321,0.7079545456450298,0.1944652566996094,0.3514325167536563,-0.4105409967908794,0.8635827852261495,1.4086857119921727,-0.13743532044199996,0.8809134455737058
2014-07-01,139073,146399,4846,6.2,115982000,-1.2,19.8,-1.1,21.4,7.8,102.7954,307902.16755141644,585871.3844195048,1823436.5649923559,245057.55151913417,1285021.2031912599,180245,12223.306054974277,402,1085,1042124.01556612,1076,206136.09060385457,246114.11732090233,140.1,133.1,237.498,238.195,97.391,95.848,13386.8,106.36506453368382,81.6402471027341,17.277,104.64296035911124,1207000,0.0925,2.5475,-0.14252026106054583,-0.7002391768000242,0.6251079251985403,-0.3681525590057371,-0.24115794528468898,-0.051683297061262304,-1.2866785894096822,-0.5208733658268884,-0.06023984283552474,-0.8323889524301449,1.4877317391389502,-0.15481520400951357,1.5514403533385748,0.3123189732346018,1.2207508021957936,-0.8100637359743035,0.5252613361500511,-0.1062412771644979,-0.5221473554472935,-0.15154677847516707,-0.3414591105500223,-0.062372666834941456,-0.4250133971903556,0.00797784146603861,-0.502597772305135,-0.4097843184886807,-0.5047134402406981,0.3275410744367381,-0.24322370757238504,0.04416445486505158,-0.3677660205617585,-0.31305586162756127,1.264013925164592,-0.12222952918472926,0.04968724480068541,-0.013733323277623763,-0.47180902429698984,0.33543780959110137,0.008088341653182564,-0.02819356434346719,0.26302404163217424,-0.36262667492549755,-0.5909656547166585,-0.26771915376711763,-0.8400542080893001,-0.27131743460796737,0.2948942653881647,-8.315948335694528e-4,0.05599376191017498,1.1394179680507237,1.1374787925440626,-0.6035231966512749,0.11654560885154328,0.4213598520834564,-0.4640269377734657,1.1828162774557645,-0.5469420172168202,-0.6817270354158176,-0.3884742328120881,0.3273843866373286,0.6787439403250647,-0.7420924693108037,-0.5439567780002417,0.2429296074129389,0.08390111405869392,0.34385576817137287,-0.6258061760793607,0.6372612698392793,-0.2945615320992938,0.6613149262002159,0.326209693252982,0.34728253116212277,1.1203766802342583,0.3069530026803936,-0.7268546440424862,0.127225221346733,1.3896132600584323,0.7219814647527641,0.07484151608142892,-0.47291191940723487,-0.4266329522926163,-0.8694232742400831,-0.21508134655526778,-0.3674216573114594,-0.0022502240163728695,5.173536173378925,-0.008815627252416039,0.2017117643840023,0.058591905394612835,-0.09799152540014577,-0.5955433687898597,0.7533740295221316,4.488498928000434e-4,0.4980902157728863,0.01897922480563323,0.4401478239368096,0.20735228859920246,-0.3583305603445829,-1.0466428966047592,-0.578810989073917,-1.647317298636274,1.921454929783621,0.35685248327757046,0.4120566965397223,0.6530514484004608,0.07372403138538794,0.5105562132547374,-0.6400028595488341,0.9769297954668279,1.3433911744610578,-0.5476393300532925,0.4513816077556522
2014-08-01,139269,146530,5349,6.1,116274000,-1.2,15.7,-5.7,22.6,2.3,102.6322,242402.36601320613,590189.876667454,1826625.3545442084,242835.7243348155,1288743.9797081507,181664,12306.246726706991,456,984,1042417.7697450168,1047,207669.0046108504,245598.12690621178,139,132.4,237.46,238.405,97.379,95.885,13445.9,99.13841793405149,83.27180738642204,17.239,105.05173360936857,1510000,0.09,2.438,-0.0739739070526673,-0.24540685594163358,1.7289576895959047,-0.8419792754963162,0.035859561247725866,-0.4106113377183713,-0.355729753494763,-0.6421469738509853,-0.054698624228570095,-0.5735856530683512,1.1757891666535711,0.28024862991624255,1.8290386540624242,0.33382622894234476,0.34881803254328064,-0.38852498640853506,-0.21564058577988804,-0.2945830012284204,-0.47455739482078735,0.3802837687138472,-0.1205263640874318,0.31077492518300065,-0.690555516052493,-0.12136827054789441,-0.14746885309950228,-0.4253608893908488,-0.7555930372803936,0.1713249413151955,0.05933815342180786,0.1344307813660113,0.23522783773827372,-0.4853231003510488,0.7400455781540971,0.9050734153885902,0.16641513982754325,-0.02178029963659025,-0.5587038451329635,0.22389866401762037,0.11459253400804735,-0.44843147141957695,-0.26118109228104774,-0.5948103815003141,-0.46189189920984375,0.011590253180015275,-0.501853813421322,0.32191191150764115,0.30358384764818175,-0.4336836878489193,0.02379342743131061,0.21078331136798306,1.023445451656224,-0.21452697196940138,0.949748836725011,0.3532204441249571,0.021346967580727173,0.6065731446375008,-0.4800281242189997,-0.5499810022280972,0.484538423913911,-0.11353097354839799,0.9096188345438196,-0.1575492140467417,-0.11829902960715637,-0.09989551371598071,0.03200722889718948,-0.14164657564460448,-0.23002858809357232,0.10997588434610832,-0.006139461082595177,0.17330673254414658,0.07099220347929902,0.41212962784228685,-0.23471299731579934,-0.544780410626386,-0.37413977460647696,-0.0035249148809182286,0.08408097477359926,0.6017893726965008,0.09195759155970826,-0.5636286660867772,-0.5861216387881102,-1.0452819223459155,-0.15731310930161624,-0.5579955864566699,-0.09547978583085463,0.832768424607118,0.19319873286894193,0.40230270811702107,0.5538164643354949,-0.372075308410471,-0.12606644802995293,0.851233478933931,-0.8431669257774234,0.5353746234855964,-0.032742304642176326,0.5226968245452234,0.08056782134255995,-0.44204310710742417,-0.3354258936829039,-0.3994357837498181,-1.4557849039476225,1.7396935885389004,0.35036215759291023,0.2608008799205434,0.30627549131899334,0.30384514675821944,0.43470704247607916,-0.8827792236051133,0.9094963202466505,1.2177605871478643,-0.33891806014044795,0.7578069446962712
2014-09-01,139563,146778,4914,5.9,116419000,-1.2,28.9,-5.4,21.8,1.6,102.9417,242552.8420231386,591612.0025047992,1832401.4902610986,242836.17176352232,1291933.3148553069,181150,12309.855974048638,470,1023,1049028.3637707492,1077,204855.61475367763,247634.2993234989,137.9,131.9,237.477,238.786,97.413,96.013,13486.3,95.68538080133041,85.09467972684756,16.959,106.36819318752137,1180000,0.0875,2.535,-0.019014969546773675,-0.36662469254360336,2.690049129717792,-0.07740943174327171,-0.69467698603115835,0.019897303526595828,-0.3715351345429917,-0.46717640269483846,0.46383003907345116,-0.17272309249407275,1.0994582729929314,1.042598913260628,1.1705750485064448,0.20562242260935826,1.5786771222103921,0.5158826860885951,0.2312738088690086,-0.28794902370194064,-0.39313084864631215,-1.4002633285757666,1.1543039705546176,0.41338434840701666,-0.7780181759522867,-0.05968623771457652,-0.018429744657151047,0.40042899811543614,-0.7453275872512666,-0.09918639078656609,-0.5148877492228053,-0.029193679035954156,0.4424569729169739,0.03686980301052745,0.5095232812131885,0.30806963162953055,0.09354465923023716,0.13727222607484504,-0.4984182176552013,0.3830195624991527,-0.4248144151101054,-0.11460435306713515,-0.040581045142166,-0.14090088449572988,-0.08008538511903093,-0.42193852588014036,-0.24980721455215724,0.3305145273608871,0.2735823788582673,-0.04270527069509451,0.5185991172289509,0.0961980905235795,0.005733168147942752,0.3658063309240246,1.6786553928477783,0.22617223318942686,0.04552262321711713,0.45107566655711456,-0.35569087010415273,-0.40594053598196206,0.585356289835081,-0.20480819154882857,0.3552387820530879,0.14904736071729302,1.0154323037078368,-0.03579043242542114,0.0968284242082432,-0.24599211657165662,0.04106538082907436,0.43428031668457867,0.629733733399719,0.617302363668732,0.2568283378491548,-0.1455248065261966,1.1038585637484561,0.20610687953086138,-0.6506066651187651,-0.14610339592120458,0.5113027491017961,0.10807646388887265,0.29392004272447336,-0.5533954920380719,-0.11007424336633159,-1.1865424712397332,0.11581153583972353,1.0394939543799768,0.2570119512084526,-0.20407933209441362,0.6480522114469851,1.7146222521835413,0.17966786107672045,0.050898117495409345,0.7584074142163901,0.93766729839991,-0.34063178107734227,-0.12527389974040154,-0.13143828343290326,0.4115010664233259,0.22803884861658302,-0.32048381533435694,0.06399328639647037,-0.4315749203496062,0.0240197395957224,1.3335198790303535,0.29185476656122783,0.2460054135030254,-0.14367756043434074,0.1761164820900542,-0.15809199414093095,-0.782008441225768,1.0646540498908117,1.0637558616734741,-0.0049958253140677394,0.5182507321668217
2014-10-01,139797,147427,5012,5.7,116721000,5.9,6.1,-5.7,18.1,-0.4,102.9611,239302.14408937813,595526.9859525178,1844398.4645190286,242301.61012075905,1293392.1383389467,181908,12388.790766450342,476,1074,1074511.2133410007,1094,206785.5089131685,248955.6806046168,136,130.7,237.43,239.191,97.384,96.096,13550.7,86.6672143267888,88.38949933831843,16.756,106.14887498995022,1155000,0.09,2.318,0.041172841245405316,-1.0367234654550361,0.8944590674070071,1.1097259819081076,-0.3923403292218534,0.624481941230148,0.3093816499481961,-0.2529226159529224,0.39607828005294227,-0.010606469660657624,1.156850250327368,1.2225148611196393,0.5867154316611902,-0.10217379955179673,1.1899590367487791,1.0074580009173164,0.5626640216402206,-0.6209942277313225,-0.26392970290790174,-1.0335758229470182,2.311164781539773,0.5417962192271173,-0.29058262293923626,-0.11459147575555453,0.18204847825839496,0.7159259141103111,0.3640536474657525,0.3056358265532105,-0.4423579573673995,-0.32272788665613195,0.10778016961350391,0.41542673428154375,0.5647068637857675,0.12494985090513998,-0.10331413455279768,-0.020401854403062913,-0.04346270079075839,0.2632802513683784,-0.42516928708301965,0.2171657735823096,0.059513647209659945,-0.008758551718315633,0.3268308701252942,-0.32202058864977834,-0.4916700351164992,0.025425378909692334,0.24290110873908327,0.4655094033881378,0.18029486600691685,0.5152353857135329,-0.33249696471932577,0.30655822527649135,1.8338985149013238,0.7313821411098647,0.3845351823228863,0.5710693349460814,-0.3879953173281384,-0.2961613625630828,0.31315469295952303,0.19903929085816138,-0.08489715528448513,0.3804146288649359,1.208855970772781,-0.30636181667910134,0.2273915830109869,0.09766023263094371,-0.8311843718102536,0.42189789132465894,0.9593780163685606,0.5644702409982066,0.7452695062005728,0.0671370799396385,0.21989501138520912,0.7674332308133983,-0.4780425140070749,0.1739377278730282,0.506232143192755,-0.3348251412664075,0.4786569332359163,-0.18964602854356344,-0.3284890839976307,-1.4125382969873144,0.06392803262451699,0.4505917749161641,0.6562129049599689,-0.4461177332983014,0.988080771663723,1.9431911787342697,-0.16927741131904225,0.042170770302911526,-0.09768476516712206,-0.05636309761852787,-0.25770808291351155,0.13011061877250296,0.046520395315552604,0.12500372989641279,0.2208472662749857,-0.28001288273728125,-0.40650975905480274,-0.41489564209389956,1.246217602325629,1.4054785848049751,0.05566199199610267,0.06205164245898299,-1.489543501901769,-0.0038920219042850035,-0.5987891150961713,-0.4361563750785981,0.01493010267548267,0.2907061012495544,0.0762924063741322,0.4590231388245161
2014-11-01,140090,147404,4843,5.8,116952000,5.9,11.7,-9.6,35.7,2.8,103.5978,233627.98203328162,600685.5721495308,1846835.3818588504,238333.45324850193,1293773.3192176048,182761,12420.367762691309,442,1001,1073987.3164013117,1059,204431.0367865476,245346.434922038,133.5,129.5,236.983,239.458,97.291,96.181,13624.4,77.90031965957797,90.23605730933292,16.949,105.73032709801933,1458000,0.095,2.325,-0.177092358640171,-0.9794975923424437,0.04109526157065289,0.8657819610415818,-0.5576567883394024,0.423510211426765,-0.24749412679063698,-0.25585372993169225,0.3745584549481329,-0.13449782272945096,0.515432690457653,0.4868855159159381,0.901376005173795,0.13005487439817007,1.0979224928022215,0.8894213007153496,0.6761218567774369,-0.27497072584762206,-0.6311788720982152,-0.7223671947437917,1.0960811628699958,-0.2424326433575275,-0.13198045897703647,-0.3104970205915887,0.1926298965572802,1.0812104031496383,0.5181666749650882,0.0044475657978660715,-0.2740283650124275,-0.4282854662843396,-0.6458768816385615,-0.09730207860015254,0.16240298565583555,-0.31014725058592046,0.4513343612598867,-0.2068589412815593,-0.0715164453121242,0.2188520286550338,-0.27655681196550885,-0.028268320297405457,-0.5350835436100502,-0.1565148874731982,0.20828901681535258,-0.07598542068074977,-0.5957541949148268,0.085637215260056,0.5687300758791672,0.17648660835099422,0.5527677468655716,0.43932800053657045,0.002390668235911203,-0.20787893154634915,1.4817679671654753,-0.06058366250415295,0.5668652113629008,0.8291995348924467,-0.524938437228909,-0.1715092176057106,-0.027967745328516935,-0.15420224056553095,0.19332416329398855,0.601744914302044,0.9811631315450722,-0.0984848663210711,0.19685121915009876,-0.1924471703492855,-0.1498770430531241,-0.19804574368696778,0.856129435926476,0.6708624815379662,1.2215135010325828,0.03947891910379975,-0.2398677654736332,0.701211337291659,-0.8706057844590156,0.46257835002592457,0.1682830575865155,-0.5598255332966858,0.07400862220380514,-0.5969368850595363,-0.8928466248304584,-1.131117951582097,-0.22165227611925173,-0.22161432129977027,0.9959872351927433,-0.5539986425723871,0.639281214144375,1.2508385050473594,-0.33143886044889753,-0.26180277864359636,0.41249977345657796,-0.35684717139483324,-0.3127501088758101,0.24924889861041646,-0.33296043091304106,-0.6041154220593198,-0.30278265857859776,-0.941440306868019,-0.5230283616082833,-1.0099068163434688,-0.06074665939962423,1.2168202838644862,-0.15114162773637937,-0.49027509013225473,-0.20938767826897786,-0.13126122598600712,0.20006540591405297,-0.8919691955646125,0.6616206892875275,-0.2417278749781427,0.003612388894269492,0.13836164225805098
2014-12-01,140364,147615,5130,5.6,117219000,5.9,-2.5,-14.6,21.7,-1,103.6151,231763.79736408568,602845.9637561779,1838660.470412164,243788.09719934102,1288135.2965403623,182056,12454.798187808896,497,1073,1087756.3838550246,1072,204296.74629324547,248405.06589785832,130.1,128.3,236.252,239.584,97.12,96.249,13719.1,61.0481878088962,94.05199933831842,17.178,104.7574928513262,1138000,0.12,2.21,-0.9412468789048505,-1.4448312005062278,-0.4229268816516047,1.5188040741179942,-0.12550122976685563,0.18715985360508136,-0.25195076009061385,-0.5708193760282995,-0.550039453308307,0.03437965768436914,0.13839300024248186,0.057504162077375943,-0.35053442406762336,-0.28013725109236176,-0.3159598602277377,1.8041255565023486,-0.2636797035242938,-0.3985808984717074,-0.5005754340559357,-1.121120657223004,0.2070077360901463,-0.8419970672439052,-0.6891231263542892,-0.5379229424469238,-0.6097012817343007,-0.0730736900179137,2.0554697217400513,-0.420204144109297,-0.5564742102128426,-0.9488082666648944,-1.0382229794691846,-0.3552316768877002,-0.3715200245719463,-0.6621380488049011,-0.2695492986151079,-0.6294359012070383,-0.5516193913969558,-0.31870765624464853,-0.5618569802476425,-0.411312691637646,-0.5714421377012255,-0.22971315338991832,-0.04829548731996702,0.05829675885259525,-0.5504024118174966,-0.3331822667709792,0.8358510414958242,-1.235302190031983,1.3399323928257678,-0.37755468790140045,-0.15589544347131806,-1.1228668424243478,-0.41287755514703783,-0.5993803639040342,-0.5686447553093056,0.9236076560149846,-0.27211811958971277,-0.7107812618141093,-0.3878229073782611,-0.627414311363235,0.583552314522254,0.32739603374745146,0.3590426530143489,-0.4635390066855534,0.07512336728547409,-1.106407232199395,-0.3834942001047236,-0.758045022285373,-0.40253381677195366,0.2904221106960271,0.8213665602415074,-0.6064529705639814,-0.48665467073119756,0.6993534766385231,-0.8847399875868993,0.2523578510673463,0.0365811020208515,-0.9988802874769931,-0.3411129063654707,-0.7481328718942049,-0.7541891654217792,-1.4515941816127644,-0.07895032257838733,-0.5974605403685365,0.5109174315046172,-0.8248307813032718,0.19275227724296862,-0.3000710809226973,-0.6063654581970865,-0.3846848478041983,-0.4263025756027541,-0.6822295401573194,0.48485441673801744,-0.594055089878878,-0.3385397370722941,-0.7924649682203408,-0.9213128641339416,-0.5893904061046872,-0.290489658729906,-0.6983190740534936,-0.5745628931026208,1.871320165081416,-0.3669875443653091,-0.8533487399010491,0.5418709533923711,-0.873291253183955,-0.372902099331753,-1.242893396825571,-1.3699188326836416,-1.4281749250753892,-0.1075186036686007,-0.10940298057414732
2015-01-01,140568,148145,5344,5.7,117345000,2.4,13.4,-5.3,13.4,-7.9,102.7923,234341.0515860699,606508.7839096158,1851443.3539025395,239052.70345769444,1293497.42380036,182413,12484.428994144062,515,1085,1097979.3904028805,1049,200969.43737455254,241179.87874273182,126,126.1,234.747,239.811,96.654,96.214,13797.7,48.85467750946676,96.41594861368074,16.91,104.53565209169989,1438000,0.11599999999999999,1.9320000000000002,-0.3914480580298081,-1.2404144360081262,-0.47240582633593403,1.4429500152641648,-0.621906857166776,-0.6096964351964037,0.1519853305797169,-0.47744951340319985,-0.5169478805906655,-0.4235034898760514,-0.08325939251357033,0.0045056198124593305,-0.5176439794285681,-0.43832323954538194,-0.5463478726467335,1.0692529891053464,-0.5042854035022303,-0.2980314422844076,-0.6632005213865502,-0.974963006120694,-0.2730390594187619,0.23426588372591253,-0.8683594907387432,-0.4930080708468157,-0.41631624605224693,-0.6630056776013261,1.9572462829928168,-0.3637959920588352,-0.034738813029439895,-1.0087837801106805,-0.9790900801105187,-0.13841108645736297,-0.6760316749634205,-0.44344561793401316,-0.5911726290363137,-0.491459995430268,-0.7148180870357269,-0.47437722417440464,-0.6611864018504848,-0.5521378779705052,-0.7504605851987364,-0.16036284621844157,-0.9206800563439347,-0.7582763937650401,-2.27322528860678,-0.6719614177609463,0.5322011071708391,-0.9990023523832999,0.37045258800042524,-0.8395078920294528,0.04407946573432212,-1.3093580044715432,-0.7587128196629355,-0.044553617547663724,-0.6139610255028941,0.15993773335845768,-0.7141313556929016,-0.432464189269966,-0.3135913090364371,-0.4866939681911171,0.6153331305778054,-0.6873984392977237,0.20527454429434994,-0.6828335112472523,-0.5208146125497027,-1.7315978357289326,-0.2854552980387519,-0.9660847332021518,-0.40918816011240833,-0.11736471871797093,1.1868518532138694,-0.9331807241818929,-0.1589873721113394,1.2003200909856535,-0.35960842209864713,-0.05678102789715639,-0.2040944734387152,-0.7744739575754338,-0.4598043246474609,-0.42427714316144166,-0.8966606785128869,-1.6857143064255837,0.04007158915356682,-1.3218455385221652,0.19911791488058678,-0.9829888307774372,-0.038524547689760616,-0.2230309182574972,-0.29958741836344965,-0.890153040128375,-0.8853721655503501,-0.05524266684472012,1.9359561674992083,-0.35432625653836536,-0.6970913972102453,-0.07871842852810536,-0.32967122591528286,-0.4354202604799919,-0.3226920367193845,-0.7713294646175287,-0.7150978611643388,3.0781791297369705,-0.2202312817115798,-0.3980895677733439,0.9458259279947508,-0.2934195462423094,-0.3086768095629799,-0.8856499417031686,-0.17475088988325144,1.0354552011901133,-0.4683474981087666,-0.35022454910891754
2015-02-01,140827,148045,5466,5.5,117471000,2.4,10.5,1.1,10.7,-2.5,102.1366,224996.6434288665,608798.3475342112,1852449.270225194,237507.8750322747,1283008.5205267235,181489,12513.916860315001,540,886,1108076.4265427317,1127,198227.73044151822,233242.44771494964,125.5,125.9,235.342,240.172,96.825,96.324,13848,52.23857474825716,94.67455368614452,16.891,104.21375193930871,1205000,0.1125,1.9825,-0.22199060954011324,-0.8413972929667133,-0.36457090937278275,0.8982980394764479,0.28462992143173693,-0.2644827649656476,0.14066868927610596,-0.1994657986622345,-0.21601788799158306,-0.17406947120439015,-0.42053007952889565,1.0155150353403233,-0.6557765434197147,-0.7207867163488504,-0.7647610115174753,1.4045066049010753,-0.14927904893626537,-0.28788081736950716,-0.7267233998530108,-0.882564929090711,-0.13540450217455477,0.9697136274742981,-0.7881574811469101,-0.3257454353996847,0.6483193159508829,-0.7664062266397494,-0.025986792352563265,-0.09135324176212292,0.27257193662999313,0.1042954381784778,-0.9682299352034278,-0.0396043658536398,-0.32989901425795853,-0.23627945097493203,-0.38740932033926545,-1.1913360643881463,-0.7281545586114951,0.04430711773210749,-0.31535068542292893,0.21291156172107095,-0.27836975677537984,0.594838910945614,-0.7254572201991235,-0.15739239302938018,-1.804694031274578,-0.5736578615595909,0.880315075240338,-0.35958108861320026,-0.037412004180760704,0.05427500974167507,-0.05941044180616427,-0.7529132427517706,0.10299276008272311,0.10411340215352949,-0.6145039323574546,-0.10567180124892556,-0.6816228580173513,-0.35065043589399497,0.21836293528964956,0.11935249509523868,1.6679383773405727,-0.24074591632808293,0.640862779032089,-1.0507651853200382,-0.5743285925361354,-0.9125986574014104,-0.6140897521617973,-1.0101703823467325,0.2158111908395699,0.3619251374629987,1.0799811857562809,0.15234298788634426,0.5295056231200077,0.8168358016054038,1.4781298082418266,-0.34040696223563066,-0.7491332335599927,0.8441440470293113,-0.8369863097563883,-0.3463530280806597,-0.881102553660145,-1.3416667454382085,0.2613268490010921,-0.2919194398703626,0.9948583226202927,-0.8329002246716957,0.9874280184063758,0.2039807866534657,-0.5356863975946234,-0.6808982151199829,-0.2545368794450526,0.12686359423535035,2.1506482738222896,0.15631574844118767,-0.21508100457390833,0.06164785729480572,-0.22564670985649143,0.06438478877397247,-0.5501500864187155,-0.3995888204070356,-0.42336353108661084,3.406626872682518,0.22039082542278982,0.02728245729634906,1.1596790292628079,-0.7738544785564873,-0.046175615058108854,0.17044387333318378,1.4441555032171736,1.232915195555938,-0.14367691094664214,-0.8726444714601672
2015-03-01,140923,148128,5210,5.4,117609000,2.4,4.4,-2.1,7.3,-12.2,101.7869,236908.29622299192,610066.180108857,1851869.0408799215,242412.99686623784,1279021.3178294573,183767,12551.645225136072,480,960,1120266.3697839354,1072,198201.17928418276,248437.24228929574,125.3,125.9,235.976,240.755,97.008,96.47,13811.3,49.294903513112324,92.43397397599959,17.896,103.68758937470133,1136000,0.11499999999999999,2.0525,-0.26325240222200547,-1.4259558053333101,-0.8330590601491064,0.08623738425097535,1.6102334632157465,-0.789507304981649,-0.680945868682154,-0.006115346721814834,-0.35637752947699997,-0.4739449375131401,-0.6853163181172448,0.5881293672486387,-0.7515546089843977,-0.8312935047342825,-0.9324572808903308,0.66298168980946115,0.06559837420303372,-0.3346253674690335,-0.35367850257049044,-1.1565693135151944,0.6850244298274336,-0.15970354810800014,-1.0104918310247888,-0.8472073859708162,0.06410836098415287,-0.944967387856788,-0.9162515351671016,-0.24164542908729972,0.4378648958071659,-0.7898519601680528,-1.1784954490363004,-0.36029706811803675,-0.13295991790739325,-0.14173569433549593,0.1395254604039366,-1.015009090840277,-0.6436356847462676,0.16338968570590168,-0.5927289836511985,-0.3143515067766313,-0.2611479400328876,-0.3495320324875214,-0.5592757838498388,-0.40775291037453276,-1.4845078735268378,-0.8696012918734084,0.012525346632244977,-0.571907089554923,-0.410213513630834,-0.37927451789157474,-0.32226232684279166,-1.1482752395191862,0.008962148339973802,0.34293643137388674,-0.9787394015140513,0.11778967084554154,-0.31022795670899184,-0.7134683180616374,0.13772546341525077,-0.4161978080096159,1.3046705416117463,-0.5175675532344679,0.5483132089936686,-0.3700260231168908,-0.6341799360058678,-1.2646846547078217,-0.7164709677323395,-0.8401695338790504,0.24625376361214624,-0.07477948670272884,0.2082023799948117,-0.7818375413651213,-0.05415239901384211,0.8920205412118039,-0.29980389110303507,-0.7531437721691435,-0.8912706030911342,0.5838716270208542,-0.08123926449816021,-1.1100971956193477,-1.0056715153081315,-1.5212700981829048,-0.2696288273975946,-0.2633416297809534,1.032048215230982,-0.6648603823659918,0.5811964243867247,-0.07099899681893318,-0.9354974006026189,-0.9453085553614271,-0.5610447130067816,0.27952520704313893,1.8376961566644132,-0.18922803557962609,-0.2670222302579349,-0.004029884624350437,-0.26932762335485877,0.149237926765745,-0.7840236712030246,0.2288069656209572,-0.40770867170091285,3.4411515310864846,0.024354657230495645,0.08427771252430269,1.2434953645036888,-0.8691972886122602,-0.27740145309311603,0.2080138697216362,1.1483066203181784,1.6602892348348126,-0.16427308645322652,-0.4449949987458256
2015-04-01,141196,148511,5598,5.4,117873000,1.6,-0.7,-4.3,9.5,4.2,101.2255,232987.62024429935,610075.802830247,1859411.706707034,241624.61120151606,1273808.8862339589,183924,12574.51541804849,502,1190,1149009.2075720436,1166,198865.01740581292,239894.32920674814,125.1,125.1,236.222,241.346,97.094,96.648,13842,56.07967536614004,95.43189064266626,17.693,103.74178897192272,1144000,0.1225,1.92,-0.4682469103538864,-1.2644965739618719,-0.5925954739693078,-0.16607770820945386,1.3823906846549319,-0.9130615587610718,-0.3014987471338828,-0.003758256885232651,-0.4112844421580509,-0.7240630084104055,-0.4037884169240211,0.35228609649540654,-0.507696267387879,-0.771058115799034,-0.9802409439498139,-0.10036075221839398,0.1536367211430975,0.02610279823237224,-0.829450898506373,-1.6667854667940436,-0.5886773940863539,-0.6359914578089098,-1.0947339464161892,-1.3298090200459682,-0.2497214902188173,-0.5641594634828574,-0.9786141158464617,0.23553678737933004,0.5067678158632977,-0.4162862822183121,-0.9736720135398587,-0.4805043123815993,-0.25711344927984214,0.2081979245488838,-0.6336091796863683,-1.1935067234227565,-1.1068987412355726,-0.6006965664830247,-1.2292381870488889,-0.5575026598041114,-0.7903371819359631,-0.1217652350383061,-0.2820029625329463,-0.3347609816193828,-1.4222230907962383,-0.5447022305725391,-0.01872308542169583,-0.885669536327384,-1.0403828716759351,-1.2352821805347036,-0.11709874283002576,-1.3305069974075536,-0.17493553586399946,-0.1887963171871611,-1.0186748265395247,-0.06968420145219455,-0.8813475647733101,-0.8082110771471753,-0.4650223375189366,-0.4511157037162846,0.5326184154687874,-0.31584462334380686,-0.45308172015766357,-1.0418123182413126,-1.0632702740020257,-1.4294174597757028,-0.4397452003305265,-0.894824522908286,-0.4086258923716723,0.11452544499072262,-0.15737430515395007,-0.7851671645997278,0.0968727324997426,0.8527842031228479,-0.48518876038164593,-1.3437120659870039,-0.924399158023054,-0.6047458716705774,-0.4976132216529419,-0.6998865856489808,-0.9107930753920745,-1.8498085723077908,-0.14442186284071248,0.30636359889298165,0.8466486258439997,-0.13704285700643826,0.4421616893277874,0.3000379489470076,-0.4454939759207894,-0.9600580228811412,-1.037949264492542,-0.03616549641123919,1.347661113444685,-0.20324936505876154,-1.277319888465267,-0.11660263840222516,-0.49639346099464654,-0.3042979741695526,-0.9279725606147906,0.2933884161661078,-0.17034303574330878,3.1147955391256246,-0.2466284381209271,-0.3750484742968415,1.1094668573747377,-0.9248387863687766,-0.3980758569699112,-0.029012717490480594,0.9419283047208546,1.3665828186400588,-0.5378768829016705,-0.06256805579436675
2015-05-01,141538,148817,5563,5.6,118183000,1.6,6.1,-10.4,5.7,-1.4,100.7675,223838.19495104134,612142.5709207106,1855603.268234622,237790.13017970347,1261456.7386234035,184752,12612.533007284721,502,1079,1166616.6634130303,1272,197188.8581791281,236748.28156626632,126.5,125.7,237.001,241.688,97.327,96.766,13865.6,60.89779814439981,90.37754281657931,17.929,103.87590638014166,1370000,0.126,2.164,-0.7249920017011634,-1.1312402984332355,-0.6924409217905279,-0.45540867735267815,0.09459765283494503,-1.0192621728358966,-0.5534902104825908,-0.3554953062880377,-0.5025598607287073,-1.3109827505432938,-0.14839173625546126,-0.9337930189498482,-0.7552917258432623,-0.986156053668548,-0.9873354369120632,-0.11096158065342389,0.03136725365243194,-0.4751309073082027,-1.2097903068667477,-2.276193041263518,-0.9172567378441879,-0.8078912090102054,-1.139507000127681,-1.5185797449516216,-0.6824060379811606,-0.750660416074016,-0.944948180906452,-0.290163882033741,0.14610790138468407,-0.8628992810161727,-1.4032064837824472,-0.5606645336203216,-0.30540288067095933,-0.00783378582453572,-0.9354284470909605,-1.4794341777928774,-1.7851493459990175,-1.2200560973389691,-0.9803862945562869,-0.7114171931057639,-0.5394438987477863,-1.004441234033687,-0.45801446972385307,-0.26892013009546833,-1.8022091960419815,-0.6543619424599518,-0.4384567508957704,-0.8312947142769224,-1.2587431739667199,-1.3423068027826488,-0.2535846411082804,-1.5700956438235216,-1.3117965780047662,-0.32176547781524056,-1.4792261172802459,-0.20809963095286763,-1.6174729653615227,-0.539727163677789,-0.4101227323699731,-1.2515787210163158,-0.5648318530770347,-0.34924569964473984,-0.7857602269827934,-1.7552804286033585,-0.936555514476869,-1.3514710252647961,-1.323177983341216,-1.251218581673346,-1.113990703751787,-0.20611579359089707,-0.5436628140382116,-0.6202336160731811,-0.22966624851716247,0.6725853331565099,-0.6537762289327865,-1.1750441353666106,-1.6477926602606339,-1.035275454416011,-0.9651910910883437,-0.6041481645420747,-0.9905138664560892,-1.8503520451693125,-0.0131434244584157,-0.5346413369174661,0.6061140946869814,0.1968152693598144,0.431213437804296,-0.26375539030638356,-0.39706935739668175,-1.083653996718938,-1.0776521684044218,-0.03148929613073288,0.8447688342399363,-0.46671675619100966,-1.286068874477022,-0.30912102078266723,-0.6875490231023262,-0.4074300616394601,-1.383697657036248,-0.30606838704671085,-0.694442376460276,2.8565590101360447,-0.6248257705901676,-0.4296354241842097,0.9970897868970652,-1.0768159335709293,-1.6118481224222525,-0.4318839746946006,1.05723426834329,1.3620075319153717,-1.60359149235357,0.029464508517465727
2015-06-01,141709,148816,5248,5.3,118328000,1.6,-4.2,-1.9,8.3,-6.1,100.4588,235583.90417982687,615975.83986217645,1861511.020370719,239642.7252963616,1259329.751015218,184279,12621.415972763443,480,1205,1187695.352557529,1379,196390.33594487057,239896.01706386643,126.6,125.3,237.657,242.064,97.516,96.882,13874.1,61.343779482341354,95.3818000629561,17.889,103.08591940161736,1095000,0.125,2.365,-0.7060085351781552,-1.3366150156913568,-1.2627190752706094,-0.6711278061115881,-0.36040799752633634,-0.9100862612910651,-0.3334946257583966,-0.5329283493731746,-0.5898256858157351,-2.2410249691495805,-0.44600914544027837,-0.4618063422427757,-0.6832187608511303,-1.196992500625706,-1.2971650560954164,-0.5848786200481894,-0.046889112849711874,-0.5155576436522509,-2.2911688102276275,-1.967681363630388,-1.203010678093131,-0.6558131583626604,-1.530222400586945,-1.4437695666171637,-0.9197486523516515,-0.7922270878780007,-0.8982238153623453,0.12255673978989251,-0.16588212168839978,-0.8801157330827654,-1.6631648560905832,-0.679093621349842,-0.4193130073184551,-0.04766344123730557,-1.0114992767598991,-0.7867158478571958,-1.5807414930413497,-0.865866296468255,-0.8838872601930305,-0.8603199446638868,-1.048174698034575,-1.1891745431559202,-0.941433795084003,-0.38927828361049654,-1.5410109827810357,-0.9067354729676338,-0.5026753586596503,-0.8170777561365141,-1.4344067042561637,-1.3800666343921915,0.054877673242457334,-1.638034081196535,-0.9954386736070822,-0.8258131297646664,-1.916588548675299,-0.22953658774363378,-2.40204788880121,-0.30466238288343633,-0.5975445512801317,-1.0417870844240755,-0.06597006156371986,-1.141288894195189,-1.5830963864896241,-1.1545921072168444,-1.0031388166322242,-1.399089574885225,-1.4345263855306962,-1.5041916611027448,-1.3143836132240594,-0.34377886029847826,-0.6391133310299244,-0.6007388914560917,-0.5925639489755388,0.7224444516636211,-1.3418173897084664,-0.9232315552998664,-1.308788577976896,-0.03490100405962322,-0.7175902474058281,-2.5423843169112477,-1.284079616006199,-1.7105298085555423,-0.6309784059844452,-0.5032383604123088,0.22934619612176127,-0.1452741958295469,-0.08909557116843535,-0.21272910949161816,-0.9925292366372577,-1.3715453383623584,-1.1753045252979333,-0.299028098330508,0.1420301379245403,-0.308267594176049,-1.6034593849783254,0.13860538490719693,-0.7628449594240952,-1.0659636697947792,-1.6072568588744762,0.02525765767963381,-1.402341574453301,2.638366371718942,-0.6746118989957939,-0.07859499974712665,1.0003367250310016,-1.4943884099314926,-1.6427791715815534,-1.3842704995885378,1.2246038823708176,1.5779031405604254,-2.496547955560894,0.013130063615336113
2015-07-01,141991,148830,6056,5.2,118573000,1.4,0.2,0,4.6,-5.5,101.0893,233314.89165514061,614182.6750678757,1865428.1082031713,239883.20270477948,1255694.8926796783,185663,12668.305926950463,506,1146,1182891.245325547,1140,195523.794887557,236853.64479278724,125.4,124.8,238.034,242.565,97.605,96.978,13905.7,52.14896777829004,92.94024710273409,18.318,104.59446693073184,1111000,0.128,2.328,-1.3122554419111767,-0.02766077153161739,-1.0613535117165855,0.6000151339005335,0.2968160739383946,-0.6861744675499285,-1.267767276614954,-1.2112718880011266,-0.5743158486641198,-2.2061099691574504,-0.1564447340959115,0.29949028791193516,-0.5255325751566527,-1.0101086607461103,-0.2881723627812095,0.02372873455818108,-0.08898305940273273,-0.515703784635194,-1.815458127924097,-1.5497725421514652,-1.2572244270561785,-0.4868460018867832,-1.1966637858814604,-1.458248012851239,-0.6771671106753079,-0.911890165040735,-0.35012892056362116,-0.031172361711713118,0.09154770570303883,-0.6652385913963283,-0.4824501645493594,-0.34005331321590565,-0.11091287072267744,0.8451869860794441,-0.5640039620322818,-0.8038660093314562,-1.127251166497441,-0.4506093433287248,-0.4204311804721984,-0.781550746034859,-0.25221903677711455,-0.7907394937821048,-0.9066506575775485,0.048731503104351204,-1.787632674016386,-0.41787622009608616,0.027801080615053486,-0.2517425301158752,-1.2508104891239666,-0.7870764291698878,0.5319258108734504,-1.1325046647094912,-0.026272856150773523,-0.6955036819428829,-1.4148869836866678,0.13928814535445327,-2.255971061819533,-0.07907025180313988,0.12624331599879016,-0.9115911929208238,0.11527545072428987,0.060563524614263765,-0.9311620600136586,-0.5111901579347196,-0.7697787382815195,-1.2398092187157377,-1.368426872271246,-1.0532742580873469,-1.2252780853506768,-0.2731822354126384,-0.021487666577739872,-0.03785477290671827,-0.12175065298024002,0.8156010365460801,-1.5064252684050126,-0.6409551741555326,-1.3503111265544336,-0.012147836084010972,-0.6732860405417116,-1.6899931483298978,-0.8637998996887619,-1.568172366777395,-1.093858697168839,-0.6828083259748908,-0.1833083229692154,-0.6041312725139696,0.44023620056309926,0.5379641009081058,-1.2013125478111595,-1.2369648152438764,-1.0360724866928954,-0.2817620647099056,1.3839812790242552,-0.36899175242257143,-1.12329303335474,0.36220129394675216,-0.5792201008020141,-0.7184014123661546,-1.433353834269008,-0.7933252391512485,-1.1869110399748184,-1.2954218863040667,-0.49436448047631076,0.12127102798478825,0.8671268466723658,-0.9084521197815483,-1.2807521659737966,-0.5620949530544842,1.2993626548517268,1.3918219943879027,-1.848072924140633,-0.22087265471887735
2015-08-01,142125,149181,5467,5.1,118716000,1.4,-14.2,-4.5,5.5,-2.2,100.9165,228279.3099209114,615537.0241363768,1864957.6937278253,239201.12281276894,1249111.7895340738,185625,12699.463180756466,518,1130,1192862.5578822277,1165,192685.3255747244,237971.76576650413,123.2,123,238.033,242.817,97.612,97.056,13935.8,43.9187804778101,92.67180738642205,18.391,104.3919605584613,1376000,0.14,2.165,-1.1167638620585418,0.24600583576084314,-1.2900364767352146,1.244439020659026,-0.4840229157144771,-0.5256139321972026,-0.9051054234734284,-1.3557160685596052,-0.6891215732924303,-1.4719717930531722,-0.398195706374948,-0.1359542528949391,-0.5485341736805638,-0.8361845344156053,-0.7223499306266448,-0.28059346399596413,-0.4462275830174666,-0.3425003155063912,-1.6317012045402954,-0.9597970022909745,-0.7923503094425722,-0.6522122084665567,-1.3179075536951985,-1.423346022116008,-0.82066601317748,-0.9111877400432868,0.08986914686446718,-0.22199138566995746,-0.15122870246865386,-0.5298666601926969,-0.7971430322339842,-0.2062509916194473,-0.2319671095948256,-0.2861868102378671,-0.6241130549685174,-0.8371878781216759,-2.065053630646181,-0.44663721971668285,-0.36062754648180134,-1.1197292039832725,-0.19272866174050035,-0.6086144007093812,-0.8232392883823632,-0.11295793246562558,-1.5382191392167504,-0.9616856589072496,-0.49743313769645287,-0.7306001644330958,-1.626460874992723,-0.992226955290786,0.009216419988463476,-0.6113823090315349,-0.14544364151510591,-0.7570781101855165,-1.1806474506883904,-0.10045764717974166,-1.990903615560653,-0.3629949108548499,-0.05254629460990407,-1.0761675880747201,0.19547774040306615,0.0826049435019095,-1.7471494147677493,-0.7288131746586936,-1.1340622528123936,-1.7172159673845895,-0.9052808718860383,-1.0863610201147793,-0.6283342178108176,-0.4158376574655794,0.07395842632801267,0.052141388255893026,-0.4891203942029891,-0.8721794476028766,-0.7821359103317463,-0.8918266348625656,-1.0676253602021,-0.9231191911346834,-0.7684920164093503,-1.0149669702032675,-0.413843468626405,-1.3241740744435098,-1.0957854701701497,-0.4458493006463101,-0.8555888860588258,-0.7080104623224854,0.18695536191813902,0.5212424005722253,-0.9023084509160406,-0.8353017737107371,-1.148151351764538,-0.2045962974088585,2.1431110394283657,-0.5584988567194864,-0.9280284579764106,0.23198675047354367,-0.37122194193407726,-0.7100678585286575,-1.2712018284311644,-0.04303642009124498,-0.8275190816910356,-1.5257632266913685,-0.6795674925259815,-0.4066641121735201,0.42736484007612746,-0.66435635791096,-1.0896507368764905,-0.4252869188448314,1.1585148166032746,1.4502715891481897,-0.9532347352709618,0.03208945840593949
2015-09-01,142275,148826,5488,5,119022000,1.4,-13.6,-6.2,-3.6,-0.9,100.633,223455.78957087314,617922.1765134339,1877655.5122829424,239450.3318731598,1239105.6351754772,185209,12706.99754813956,456,1224,1194063.2149122357,1144,194050.9043158899,236769.69951886084,121.9,122.3,237.498,243.316,97.477,97.196,13972.2,46.65716015059962,87.69467972684757,18.281,104.54652373072557,1078000,0.1375,2.1925,-0.6467451028030338,-0.1543363185953032,-1.2183233936709956,1.1024359407436013,-0.46740936785509923,-0.5528443739305826,-0.05261274774864986,-1.2690503168347522,-0.6650217052071496,-0.7007078548796559,-0.4993522044541725,-0.17688018736661174,-0.7346287457441477,-0.8802039572112862,-0.8376417953751105,-0.4868637370170627,-0.5680378153558152,-0.4460778731425889,-1.3484976832552942,-0.3562332577459049,-0.3623883018335209,0.02349132666156869,-1.1953588574396976,-1.0042282092046844,-0.6215384988288716,-0.7044143409582345,-0.03052605695025931,-1.1726135428665065,-0.4065217380299009,-0.615017630854154,-0.3553350827618901,0.033319828571589744,-0.022770713295213674,-0.23877907578265728,-0.558646171976444,-0.5935303283853013,-1.1707415533660397,-0.510941333725371,-0.6323111560781587,-1.0738949676778027,-0.10385536282523035,-0.4401049385356523,-0.2030018673583125,0.044023489782429925,-1.2560369613962723,-0.6985830550338978,-0.288428598303066,-0.7800964602721906,-1.3822694259726582,-0.5671556084499381,-1.017190631801213,-0.6275818130129048,-0.7559694572756829,-0.6436959342390485,-0.5495856581324443,0.2215741247968081,-1.277621142302233,-0.7066498527436912,-0.5511201507275719,-1.063311368715387,-0.6648410566646736,0.44726983457976965,-1.4224780671984703,-0.8436729625761126,-1.0438997082118844,-1.7501350390578236,-1.3879580721772635,-0.9491446739012297,-0.12588032180982517,-0.4809190647358155,-0.4538616567373434,0.04382459554445815,-0.6846846615624884,-0.4276234410698781,-0.6165571998687862,-0.8407531800108257,-1.1675285848791672,-1.2004947298505393,-1.0238917348533267,-0.053932636275712584,-0.24428208969588497,-1.1952237665274577,-0.8277217747695611,-1.072289958080337,-1.0809564213728018,-0.2718158397222461,-0.17098074854349743,0.3015934856465675,-0.6728832308386163,0.24814324959058798,-1.4488263510952915,-0.5432615757387791,1.7769748050348966,-0.7341055984364553,-1.2697320346277683,0.2003128496222957,-0.22948735975587792,-0.7103422024681505,-1.0079291591876354,0.0836048287801179,-0.3472729357192739,-1.486456679761662,-0.7766520424194685,-0.24547342852976983,-0.2994620379183737,-0.7663544827701821,-0.9495408023221596,-0.5104064749930352,0.7987157993285809,1.2510918233688564,-0.35555188790979597,0.04799432624130692
2015-10-01,142579,149246,5773,5,119251000,1.7,-14,-11.3,-4.9,-4.5,100.1563,232273.2542035557,617220.472521723,1885640.7159506453,236155.19558459942,1239282.0870564338,184532,12715.717553884506,482,1058,1181338.1618227889,1160,192655.70339669872,234586.62043353816,121.5,122,237.733,243.768,97.477,97.228,13996.9,47.41631359192425,91.48949933831842,18.27,103.03231862774045,1335000,0.124,2.068,-0.21976036015134048,-0.32040425689142216,-0.9597015676013854,0.27661606579964865,-0.1829119826147912,-0.31712504265426755,-0.735479344130237,-0.9788333823564953,-0.22744636261335183,-0.1406527692294306,-0.10768074240265779,0.09970308782892039,-0.3358413380602204,-0.7798091690296935,-0.5172810697659751,0.1745788216975548,-0.031064611486142892,-0.3804776870258916,-0.7428617952468759,0.27861731702040654,-0.6689590441082153,-0.04972007393522069,-1.1062517054754966,-1.1459693350621216,-0.6472842462405295,-0.887744362864121,-0.42137332253196663,-0.17126530821472835,-0.32662057461999155,-0.8867805818051567,-0.310334045341446,-0.008086552885447056,0.15086664420760837,-0.09288838444045087,-0.6329419584269473,-0.316474696753449,-0.703958378315489,-0.4029160845651624,-0.21517923464701716,-0.5963311286133558,-0.03877892066459271,-0.3138788192478909,0.17641201466874015,0.4788251336783994,-0.9746908027719476,-0.5089132695461145,-0.5032968141806855,-0.03451538333308749,-0.7679632893460234,-0.2142023462653598,-0.6899568383652501,0.30291201370670123,-0.9827606939288851,-0.6025822181987331,-0.7556537807972311,0.35156511568427734,-0.41349074318018897,-0.5722462562988166,-0.38427276928929,-0.6652626265958528,-1.250242885316369,0.8503089408488552,-0.2841468040825192,-0.6673194748513265,-0.9124844157788259,-0.9400327310690707,-0.12605534994962012,-0.7909513585931977,-0.05392933028271148,-0.10039445760631849,-0.1509162201596065,0.1315931058610835,-0.20361020641142896,-0.40301434140439696,-0.5989075961269251,-0.33665956970142913,-0.5236111622615921,0.04582093396062501,-0.8043105413971845,0.08142915459867121,-0.42782073940676857,-1.0946418997940026,-0.7490111160475185,-0.5856357708556307,-0.3787945952252168,0.01919167884995408,0.7429800766578598,0.5690419047242745,-0.33783555984709707,-0.0013834874388683916,-1.3831669419282067,-1.036838819206103,0.8589880245354218,-0.11604910534050349,-0.7938638641436185,0.28310060556102584,-0.3115663721429896,-0.13869938023288791,-1.0900442219973472,-0.15388182234845238,0.28239431129244214,-0.5527893794625741,-0.32998435248435254,-0.31337951099990086,-1.7047512187052822,-0.9828049705690217,-1.115336922555302,-0.2864728333495207,0.39232216008606946,0.7870476856305798,-0.16672984263645996,-0.1676295133863441
2015-11-01,142808,149463,5708,5.1,119353000,1.7,-10,-10.9,-3.3,-3.2,99.4366,228013.69722569667,614679.4070003486,1876864.0031211365,236728.2495027579,1234132.338165638,184988,12736.779511574978,504,1172,1174424.3269289918,1244,190099.24337181408,231571.28503762637,120.8,121.1,238.017,244.241,97.538,97.332,13993.4,43.51124689864463,92.73605730933292,18.314,102.88632975405939,1074000,0.1175,2.27,-0.7401678218573301,-0.2822141376240736,-0.45599491594684255,0.10270716479768355,0.35465552470852874,0.24620526003285229,-0.8461252727357199,-0.7644458933119302,-0.5959762908627664,0.15388259698856,0.31930445034341715,0.143015037818309,-0.1588494789766165,-0.5308183654715033,-0.2459350974578885,0.40216943409148953,-0.002696980850610209,-0.028247268094810412,-0.2610914657072694,1.4179147373110916,0.20733561287471133,-0.8602109552098794,-0.6647736224703227,-0.8572473792671874,-0.589997560767744,-0.4262503178169214,-0.01699343306242239,0.1214172294937385,-0.3311961451699882,-0.3663334623393128,-0.735347057900087,-0.2858043267332291,0.23781039332965861,-0.3542358639773176,-0.632702319541214,-0.698961171828061,-0.5625834335334635,-0.23771081197179145,0.11402854893590328,-1.175579060285609,-0.18798850432412045,-0.12560648886262446,0.5673017214537837,0.17246834594922467,-0.5519898629339951,-0.6635328663627711,0.12833169955060034,0.5551829824867767,-0.148573787662817,-0.23737069007203812,-0.3158314716330439,0.46678566952814576,-0.97295571637753,-0.9026079459415512,-0.10977528719369216,-0.030034607284652633,-0.05710175144525473,-0.48232386961301704,0.24598935522366777,-0.4149638298242054,-0.24142029296127487,0.8113923957095599,-0.061629627071109194,-0.5040128451304731,-0.7692231313440187,-0.8170227021871652,-0.19325857237548053,-0.8288151897214173,-0.08528951723795111,0.4917375792702807,0.10761991402289078,0.17611759922033035,-0.10791062354554024,0.6169752868627334,-0.5072240894296492,0.21132649324388963,-0.2913274592848291,0.39350364160068607,0.22408341257092454,-0.20890334485009687,0.08475112867213552,-0.6493854149168456,-0.5696659025785001,0.15381323625130777,0.2115138407262805,0.009901000936007001,0.8812527628905443,0.6601619450311461,-0.4757087426181554,0.11308911870961519,-1.289203693792203,0.021372741114951868,0.8725990752723033,0.049748079829792395,-0.08249763554602825,-0.14297518106497742,-0.37600446987585445,-0.17067523781256824,-0.7104362830073081,-0.22599213161286974,0.5959872920783275,1.1814284751207182,-0.2238989579765714,-0.4763308270513402,0.9210992324140737,-0.7163808202057552,-0.1288815684489635,-0.538374040826047,-1.0974885085922281,-0.3197348776423141,0.07418760124673983,0.5532278259585002
2015-12-01,143077,150128,5845,5,119499000,1.7,-5.9,-8.1,-9.1,-7,98.9471,223718.39599408963,612430.224922016,1867741.389821349,231090.95386636019,1231869.766869151,185964,12777.048103759646,546,1146,1186539.5665736333,1211,189333.64800525364,231408.0200295518,119.3,119.8,237.761,244.547,97.456,97.396,14060.2,38.16081103267115,93.05199933831842,17.503,103.79928132220999,1084000,0.205,2.2325,-0.8559477375538529,-0.10776007205875875,-0.5372855873869169,-0.10936215236882559,1.0220310472649132,0.4464185381862146,0.1903118322716164,-0.7785043747440938,-0.3924067575162453,0.1235411584269038,0.05901662223265097,0.3300037855649914,-0.24049475935232428,-0.27029118619649134,-0.6761639765362195,-0.015480067315424593,0.3452849839058724,-0.2740772217335981,0.7642272309860133,0.7886163389098486,0.3057669534339176,-1.0750554823088938,-0.6449157645432642,-1.000447194514298,-1.1402959684011709,-0.3927235585391652,-0.0674000012739457,0.2705202438979346,-0.08347546891203,-0.10769901006030964,-0.32649401825446434,-0.08585306859081646,0.5780093276170147,-0.3187664579810224,-0.20448653685520324,-1.0107458583705955,-0.4610249822023554,0.08981931165847211,0.3603500072350261,-0.5623720561054651,-0.23466138613671522,-0.015472078369342973,0.2246308323507635,0.6903931044075367,-0.259344516494263,-1.3465466515424,0.10606106773004725,0.2732646298198981,1.1592386838397628,-0.17249565912280865,-0.10828856064173381,-0.5105901145275635,-0.8986660459980843,-1.2224920490401878,0.23736332824747514,0.13205418901335786,0.31083859429108446,-0.5935929229181709,0.5975842320583346,-0.4929486871167676,1.540365108785554,1.1928881333963852,0.4971409584715609,-0.04575717828217955,-0.3699257316062084,-1.671110956290557,-0.9732386638429626,-0.7788336595895153,-0.30165560559962423,0.7121732437502746,0.7275746672846151,0.2794319361962494,0.06277658832724069,0.6803242024133436,-0.4053456031757769,0.28351778907869996,0.05425180431487035,0.5834220751333727,0.5131641359934912,-0.2122170523261463,0.26071250982445543,-0.8613064969287516,-0.5890586563730136,0.39254515206262075,0.04506881374637582,0.006268233347416082,0.08921433508330646,0.2451197161764067,-0.383770177209467,0.48342558128314916,-1.823202467152909,0.40844021910952394,1.0535614676442457,0.04988817060875153,0.2555356344533053,-0.6170972162414027,-0.8403371915033908,-0.2103081228910127,-0.8368882708809708,0.11784673988865113,0.28766898366023724,-0.027491956516980304,-0.2463610696915209,-1.0538712989657677,1.5034388440508455,-0.9395262334062018,0.08187484229547791,-1.3617025349792344,-1.7510474338523312,-0.8084550009497459,0.05383839606154265,0.6787472055206736
2016-01-01,143210,150653,6012,4.8,119718000,-1.5,-15.6,-13,-4.3,-7.9,99.4391,235089.64470337247,612285.6322310659,1869050.073111677,234514.23648149671,1236039.4272585544,184920,12798.473783539837,505,1092,1190805.7766472471,1171,185599.40920653156,226671.8634610651,117.8,118.7,237.652,244.955,97.496,97.567,14121.1,32.49364076474933,90.31594861368075,18.054,102.38508865698513,1398000,0.344,2.124,-0.9255461429662644,-0.7482565393620966,-0.7339729179466797,0.9019509021817379,0.04790224083867786,-0.11221318303063428,-0.20998761990946618,-0.7055428685538712,-0.19175017468239572,-0.09093288734971898,-0.26081579934866994,-0.9642619455370792,-0.9906114813849172,-0.4936255106121736,-0.6909139039373706,-0.7830211608788558,0.6995411031374528,0.311154086705644,-0.006578025200447646,0.9929678463514261,-1.4220302666829943,-1.4338269747136128,-1.5162386717913356,-1.3315975398654467,-1.4153138162909058,-0.2806403723918719,0.35183449174907744,-1.7042719022873745,0.03738401034400573,-1.006846999885171,-1.0955306434821364,-1.2206157178126182,-1.398619401680881,-1.873582718835246,-1.252993473734651,-1.4943339618684766,-0.7173598294556173,-1.3163589529898398,-0.25323504667860325,-1.039665674467041,-0.8245429163028107,-0.17439442177076217,-0.4135466311696664,0.12124483852947186,-1.2718528831044957,-2.338313246371964,-0.3054480298920843,-0.14145492672797408,0.01689894272465927,-0.4641917231224518,-2.1436622611245686,0.18053976126185944,-2.0782843396263457,-1.2830367850402766,-0.18750495590584873,-0.2666498990655579,-0.20755739621610084,-0.833757165301122,-1.3534589670221318,-1.281085102272535,-0.5776271103735876,-0.22249088152683427,-0.35903188532860597,-0.19715963137180798,-0.17386630780200685,-1.6368954270881535,-0.9421232324255208,0.6190265113333957,-0.8643955578450488,-0.21160259318079375,-0.44673937745262676,-1.1302859539036014,0.13178824329137623,0.6374145716249677,-0.43898045040576333,0.039879773471114294,-0.7023366429897233,0.09533243332574151,-0.4114391638435752,-0.8857533203564729,0.032777358347903705,-0.31223979677571456,-0.8938661044833427,0.050090173781474324,-0.6499500297413715,0.4719414066368232,-2.022339092357588,-0.1504191507418958,0.9745401333644916,0.03541129649928887,-1.0668066786667336,0.15107439222955696,1.1559043095857133,-0.4054287453244367,-1.1400938209009095,-0.7451305505537755,-1.3375878393539968,-1.4014312227509804,-3.192975627344912,-1.0702794635241328,-0.12467488981800759,-0.8442709312432953,-0.41321490593903193,-1.8314711415694318,-0.7414255754446006,-1.953541702634954,-0.7682782510026765,-0.37583084799012056,-0.41351860196180834,-1.8225241854411987,-0.4127841312701566,0.005287020671652187
2016-02-01,143407,150939,5770,4.9,119968000,-1.5,-13.1,-2,-5.6,-14.2,98.9232,222918.569449433,608578.1723023244,1862961.6767361527,233833.4445071579,1229829.1343834985,186705,12883.67797218944,517,1225,1203603.0581353586,1172,187832.1104212633,232273.59023038638,117.2,118.2,237.336,245.51,97.445,97.736,14135.3,31.114987941915956,90.97455368614452,18.096,103.21385345572115,1067000,0.3725,1.7825,-0.9461149427114044,-0.9960248823774122,-0.7063939540495421,0.4545799218922047,1.333121706835888,0.11103112883207447,-0.4097739371244491,-0.25546598136101556,-0.4834002911446837,0.30764826913213905,-0.08619928512778087,-1.2520030556034991,-1.1596905726808115,-0.11755115378789707,-0.823020526943836,-1.0346235417367127,1.0169413318257088,0.2797920199968672,-0.08447062884412881,0.21816300669439545,-0.2664042915743931,-1.7613531516859249,-1.321739974216878,-1.4547611290439166,-1.5655123297452425,0.17791910269085365,0.6531604539144856,-1.228639267061244,0.015996542119424133,-1.0973646789625515,0.00426110840985483,-1.7033394063966583,-0.6042890946247981,-1.9854365992554035,-1.4361757566238795,-0.7495215660225898,-0.4969446120405216,-0.7430574588659467,-0.07928420354501488,-1.3833671567915062,-1.1059058300888198,-0.15413804668009112,-0.2340725295333042,0.7245852822180652,-0.5680040936473529,-1.5579562169896317,-0.15805516213474846,0.4464014649870168,-0.020660434907850453,0.5764211536849213,-2.384709325297055,0.3150666479798592,-2.127189555710971,-0.6891336041235594,-1.086070876774583,-1.174784175695184,-0.14020475344939493,0.2403122861272376,-1.1958898621005745,-1.9960346487400074,-2.429214809541861,-0.12520570624628807,-0.16322474481202956,-0.09919688300110033,0.267957863011226,-0.9003043858125114,-0.43179962258380267,-0.17822529909814208,-0.6805546190722271,0.07010127137350308,-0.9458026333422694,-0.9081327625653982,0.22770756612328702,0.056348882558535006,-0.38359427229233306,0.30258161836356157,-0.5183144558712303,-0.7097485702367496,0.3215525865415122,-0.36304445637436855,0.5561772880885686,-0.5892439796129675,-1.2254518014195055,0.11401655873506994,0.2072817842097197,0.5234963905176815,-1.7768996043428358,-0.3898789532219742,0.9825579660961098,-0.21844715451189287,-1.1256506578651004,0.13930878722753656,1.1055376506737704,0.2322030362783459,-0.9051573303202924,-0.5017165403626892,-0.9772730530614425,-1.4002005631151926,-1.860535980059876,-1.5606538400935686,-0.027538845481309186,-0.5390258272007831,-0.28487535223342403,-1.3116164495084441,-1.0495910243020075,-0.6976414124126907,-1.1347976111981568,-0.36851618499317595,-1.3320209354135277,-2.116249046180148,0.11726289922552505,0.22789404383346823
2016-03-01,143662,151218,6129,5,120126000,-1.5,-1.2,-4,8.5,-3.6,98.1635,224082.39738720012,608319.5970227186,1868257.4705156942,230547.84843303676,1224620.9290182546,185591,12835.686423064715,532,1111,1217097.867373788,1118,186390.30233534344,224068.06384568918,117.7,118.1,238.08,245.913,97.673,97.876,14135.4,38.44460598118211,90.43397397599959,17.291,103.74839473328781,1053000,0.365,1.8925,-0.8018521865587354,0.09597306933758304,-1.1995499475029388,-1.1605079338537196,0.8813958059549623,0.8205096534046078,-0.13154120241972556,-0.2637604564591441,-0.5167212196929559,0.5708318566409797,-0.45041983287960496,-1.1045723148276156,-1.091555315255738,-0.3497708459172668,-0.6452126045326647,-1.013101258130502,1.18065945008178,-0.07844949501489103,0.689482023794405,0.6742861529781445,-0.6450269515258908,-1.7021078108325154,-1.0195200248397884,-1.5974891024465816,-1.5993536501179575,-0.47980664116795413,-0.37631861241686826,-0.9351090749970603,0.14017703476575952,-0.47247856856833637,-0.48951413499920166,-1.6618040184958474,-0.784447601997502,-2.5460052937332485,-1.1808270360749866,-0.7351413846005089,-0.2129404310218949,-0.6186286805598569,0.6569302742587558,-0.612559468272925,-0.9464867543267355,-0.03067544905967932,-0.6536804646067305,0.5638864370151518,-0.3954721450143375,-1.0408312176990546,-0.830854604253674,0.6748189515104976,0.6112148060173797,0.1404856955599012,-1.83914527464016,0.43339336754419827,-2.128536212800599,-0.9279747332726767,-0.7410521979932831,-0.9879612532618494,0.5100224928532696,-0.34463332569614324,-1.364078519463639,-0.9199271095340479,-1.773200092275735,-0.011585818678377144,-0.7930163850213812,-0.3096927914090446,0.239336010355957,-1.210747116313581,-1.6274275063387384,-0.85565499712453,-0.5797772011380481,0.5156857082850359,-1.001541235513224,-0.6848090280924264,-0.24344293529636182,0.32738563338393667,0.10567904280702672,-0.44914858248634465,-0.8172325812376608,0.04905637764832328,0.631684823579789,0.48906772319651093,-0.3043293302616539,-0.9004472024294183,-0.8217780269366411,-0.25628650017649923,-0.008725059518493172,0.42898207119738685,-2.140487127968121,-0.3282513988353754,0.796503824188902,-1.0155355898849066,-1.332803314811263,-0.19799725941367058,-0.2554991538938681,0.6247139711833414,-0.8576928444798799,-0.5140665294381468,-0.9265337368144663,-1.8425370786794313,-1.9567069793789695,-1.6993318807699795,0.1415999034573964,-0.8983822029155434,-0.1407886944107068,-1.3622992149010833,-1.030979810798829,-0.49747408459545617,-0.45972830412370547,-0.12520990879115795,-1.5572825035362814,-1.8920577989289966,0.4348564431851417,-0.24497884766506345
2016-04-01,143855,151074,5803,5.1,120372000,1.2,8,1,-1.9,-10.8,98.4775,234997.39777331034,611862.0717806374,1866614.1484699186,232182.91102425684,1227497.8825018113,185887,12869.796822221997,576,1163,1210190.5238129254,1160,187938.9344136826,226765.17710448705,118.5,118.7,238.992,246.551,97.993,98.117,14106.2,41.58460298184564,88.53189064266626,17.669,104.22528971290944,1330000,0.364,1.81,-0.8192914172519041,0.38265683223394625,-0.5448328643698844,-0.6798783330367617,-0.6214731323096612,1.03977547846253,-0.6111108238631678,-0.15203002948206915,-0.4241373799561497,0.39007145927143344,-0.3488614832582696,-1.4442550423788143,-1.1694301289154292,-0.1640750887667291,-0.5379731446896634,-1.0662062465806037,1.1907893441878314,-0.030490813847624282,-0.19217300753812927,-0.04684796818314753,-1.089150887696291,-1.573213393224665,-0.7248932952117939,-1.916552669027601,-1.4866928461530349,-0.4886587058478853,-0.563897502654092,-0.5837588295568059,0.3807630965617683,-0.4945037338813465,-0.5400514914697239,-0.9803427406195913,-0.8734952173291273,-2.4247993799032597,-1.191146217779198,-0.892981934307696,-0.1866137339611663,-0.7257266882216785,0.5734327805194963,-0.3516924561223932,-1.064695205858282,0.26398271805810375,-0.1570843969909787,0.36320549961081156,-0.4858175541991212,-1.0690240458850093,-0.5943983373386278,0.9072724253340434,-0.17104540561084466,-0.23489404754823184,-1.4286078177305381,0.6001400699662368,-2.14160399541956,-1.093506553439279,-1.159609421831873,-1.151949178455718,-0.1829991463997015,-0.5131902718885347,-1.3834307034634077,-0.8224825045749367,0.11634301706873827,-0.5824359357269214,-0.8447627862417316,-1.0575692319211136,0.31797397598807886,-0.8607619329864437,0.6030422402106547,-0.19848593723343402,-1.0910704945150118,1.1408118098966336,-0.9021420963560985,-1.256708416599243,-0.4103023237081823,0.32903641940592815,0.058882146713115056,-0.794305214203006,-0.11985368812597182,-0.25706340888910095,0.07694069755034845,-0.4220940381118324,-0.4832229085800477,-1.3881642552268503,-0.5145838685368284,-0.3939954788558547,-0.26237892142276603,0.5186785928543624,-2.0048644573592753,-0.4043980554148394,0.09466569038165827,-0.4142381220188245,-0.30090061648825084,-0.4020934330249875,-0.9493515720468679,-0.20282216042537343,-1.0940734467295783,-0.7417759293615174,-1.4575072689668893,-1.3586408088315696,-2.2609376170807227,-2.2806278673375577,0.05537744278764704,-0.8298280705324205,-0.5887047820813226,-1.2695386892717906,-1.2608492133687117,-0.7611643221342015,-0.07996497606358402,0.459476690792556,-1.4289914561435437,-1.7992983986389515,0.28185857890584887,-0.4982834776206266
2016-05-01,143900,151132,5777,4.8,120421000,1.2,-5.4,-6.3,-5.7,-12.1,98.2549,226952.81855878065,613439.2224384379,1865056.5880561068,229559.9726956894,1226798.9771071693,185964,12890.792945707213,571,1148,1213090.7868328018,1205,188607.58204028403,228374.06905545422,119.9,120,239.557,247.137,98.153,98.284,14095.5,47.58896824345664,94.37754281657931,17.695,103.64066841866943,1098000,0.365,1.8075,-0.48366872736118016,2.246064983445657,-0.6366801637673698,-0.6451187624163733,-0.2586561803587663,0.4170440630162675,-0.5510914132407394,-0.03944913467220906,-0.3274647350765363,1.0354924892973913,-0.02394352514226536,-1.751074913347359,-0.923361351514828,-0.17624398056514662,-0.6762143099456563,-0.8657395492502549,1.0518915179636417,-0.15616520404722975,-0.7612426192654825,-0.3606119186404587,-0.9445872921205115,-1.2091728108840025,-0.5256619333708678,-1.3914558442035987,-0.8517996475400902,-0.48188968802255316,-0.4418158757524276,0.44345187039906964,1.2387444408846677,0.5810974575823772,-0.06099891498142293,-0.3908999541534065,-0.6695183674195415,-1.35691833997866,-1.708826390229144,-1.097272708749299,-0.1966315454654212,-0.5126056872863854,0.3329381680160134,-1.1639814659478847,-0.31452658623413077,0.19436327270987758,0.14742202271402313,0.6245250362894796,-0.5368582795252861,-0.6698833255318307,-0.53260362220126245,1.2307671139758272,-0.14632150643811434,-1.0510070977698929,-0.9640558081488287,0.5122250138835707,-1.7759417653321043,-0.8991802991632171,-0.3362443469944289,-1.0928971944824948,-0.0017288431940553186,-0.8102747058609037,-0.6615982830353496,-0.79349210860581,0.6849245613804769,-0.7323135114272397,-0.20297627469675533,0.09347658180381307,0.17394762022061488,-0.5477548076208041,0.9784228160778374,-0.7094234395743867,-0.8626666968837488,0.632949585480228,-0.8354887850041555,-0.28955812103477085,0.10792323853295839,0.07273434633403661,0.03149726120584694,0.2623098706097775,-0.41479486177545116,-0.22345634167653805,0.2746378585108518,0.02724692625367157,-0.5914132021307014,-1.0646061866210232,-0.8081572863297499,0.12716095570156435,-0.569937889935121,0.7217683369832734,-2.373865731868983,-0.4839535740406641,-0.06863022598751267,-0.9817786632906943,0.19011861752555193,-0.17685927702969814,-1.175015084053333,-0.40684382063770164,-0.7712527815456103,-0.6627396148882796,-0.8006368092702683,-1.1917654224992447,-2.1723698974921013,-1.7100542654318924,0.14196883294076562,-0.6903863831004698,-0.6339436730964678,-1.2367305158386095,-0.8956475678073216,-1.1742799099108263,-0.0726315797908372,0.35033055539220004,-0.9269220466216833,-1.5598979272025004,-0.21594067700566025,0.1818630400310025
2016-06-01,144146,151223,5742,4.9,120685000,1.2,3.8,-2,4.4,-8.8,98.7315,210963.6409865243,612206.4581744216,1864194.34185071,228867.53114670733,1210596.49122807,187425,12948.080345792016,557,1203,1238346.3005339436,1208,190015.76404780065,232445.4614797864,120.7,120.9,240.222,247.54,98.325,98.386,14104.9,49.5906432748538,92.78180006295611,17.735,103.8637351892152,1061000,0.37,1.6975,-0.21303697159915885,0.26948430443223065,-0.5419127803786247,-1.0723222683917424,-0.5128352415409507,0.19482052446049855,0.5962336928728158,-0.15772383740619283,-1.2727682119473869,1.4777519355784003,-0.12080606977027325,-1.9856686580436476,-1.567278670599248,-0.6927420173684299,-0.9278485955179618,-1.4554012470057165,0.08588212127235181,-0.3231916506939199,-0.27711297334555596,-0.6578066321909959,-1.464733989144775,-0.5951922987760578,-0.5292412732493766,-1.5362960634425016,-1.5811832232096408,-0.2107661460628492,-0.2973875824564246,1.3560506043500689,2.323706487704716,0.6708483934955638,1.3116167943260457,-0.6754308475825817,-0.6273723333928293,-1.199335230319313,-1.9407485481019977,-0.962375175198805,-0.8512738530431688,-0.4439970191777954,0.8266932771491049,-1.0258834021317254,-0.11065037993230903,-0.5452780042248485,-0.42530485378271426,0.5576548250632166,-0.4576819036771529,-0.7398519696431485,-0.9802561110552779,0.35513689102174406,0.2651136907077566,-1.2100394731342876,-1.8703449665548972,0.22089488645350275,-1.4199863177039724,-0.9447599597178348,-0.27236124758262226,-0.8714709205195754,-0.27843900971225494,-0.569704301444952,-1.3243117925426582,-0.7413514365857264,0.616476149005933,-0.32628658140133066,-0.3367594136658822,0.9012684505728698,0.0158578151226267,-0.625225924847682,0.8408164005322213,-1.1119002334645685,0.0792222854150623,-0.3260073580891199,-0.8843770597157408,-0.4316214962115794,0.6361586715341431,0.21873975900649334,0.2138706414570906,-0.1709332655101835,-0.7380825325652264,-0.690947263319614,0.06345540011007669,1.085103731952329,-1.2421673193831753,-0.9221751264333015,-0.4922602722235725,0.32444419279484876,-0.7379574261805318,0.6283336997953727,-2.517282825295289,-0.9037027429789664,0.02303808491878513,-0.8534652124311441,0.13423734510560031,-0.5656602610357012,-0.7734845939131642,-0.4552871597897469,-0.48668638164561095,-0.3487428519367367,-0.7626185175486306,-0.9550397332075075,-1.575626462264763,-0.99551181002379,-0.6218050843091342,-0.652239382697801,-0.6443755324204318,-0.9768706449775709,-0.9906681871458731,-0.22035395633483057,-0.3006561187066158,-0.365561439559119,-1.5052442205374508,-1.8376547332986277,1.9881605532058242,0.13482146979951945
2016-07-01,144520,151554,5962,4.8,120896000,0.4,-1,3.3,1.6,1.3,98.8452,219351.85373492504,611465.0912122999,1864011.4142601385,228581.88769803342,1205240.8940228997,187333,12971.771979418765,628,1239,1235008.4399341075,1198,191368.89630066502,231973.11423399975,120.8,121.1,240.101,247.829,98.342,98.529,14160.1,45.40277806023876,89.8402471027341,18.109,103.86491810258009,1297000,0.396,1.494,0.7730736752265339,0.5405408685248232,-0.6726462514885628,0.18936330515289831,-0.5528635427325962,0.464009247013465,0.7629458050357838,-0.07447770349206752,-1.3376632200579543,1.3272008600337,-0.6066042750532894,-1.1623420639135251,-1.3649365783025715,-0.1754141469671962,-0.8053366969737974,-1.4763527785219654,0.5123116475146359,-0.1435014899368492,-0.23344321843844362,-0.49217780367534386,-1.0773318968089303,-0.6406532139282616,-0.6822157770239704,-1.7596451581160668,-1.2443354619070495,-0.037016914268538564,-0.2325701561412996,1.003073002811926,1.1589823589078356,0.10220297158582829,1.1704983755564609,-0.7715278029636687,-1.0859495214367698,-1.2620377207513533,-1.9212702944821813,-0.8583295930961606,-0.779032467349593,-0.521882092239037,1.9221229254782726,-1.214773408312547,-0.14049289852722757,-0.10533543379980899,-0.10259133286831779,0.46938691181363107,-0.40379715528848775,-0.5467299372739558,-1.0996501843177284,0.04797265807737873,0.11084156559619736,-1.3886909331799369,-2.4957644576811866,-0.17062250408607874,-1.3637938534443832,-0.5756322832821116,-1.4299490757912834,-0.866440670696793,-0.4377904147823309,-0.07488392331152527,-1.3532563967792757,-0.96254332101922635,-0.48989591148900036,-0.49122071200019723,-0.29743145999729964,0.37777645654214176,-0.029102538855026082,-0.3231163499216236,0.8352913974342322,-1.3921678367313428,0.8449928351668837,1.1565353989461291,-0.9185231230211094,-0.4193525035483421,0.6949038477547901,0.1000298978731908,-0.016076294628515852,-0.32791697447996976,-0.22756340178729464,-0.25657237252901133,-0.37356530373202435,0.8066225881142011,-1.3946426430358754,-0.7636626846339611,-0.31584120708282204,0.32784989946871157,-0.8377835502385544,0.3091331614185408,-2.653314886271051,-0.47105245964279846,-0.2360192506001318,-1.0689007309419893,-0.38017946371426103,-1.3290115295339093,0.17661206858542844,-0.07239737544931629,-0.16669062388994,0.00875041527114226,-0.7515343927596896,-0.5821397948025703,-0.7221789414773412,-1.5575240868691562,-1.9708850570284298,-0.4267058669166267,-0.7757272968277912,-1.1555717997520516,-1.3839397796940878,0.25146432924190604,-0.7152775543323496,-0.7657599769945959,-1.2953341757215289,-1.7656510835906476,1.343048277860021,0.029652002567792945
2016-08-01,144662,151779,5677,4.9,121019000,0.4,-5.6,-4.1,5,-3.3,98.7427,221418.77963829853,609450.7458442916,1863516.5913561315,228441.59668558778,1200821.494938007,187053,12985.611145523413,575,1171,1240112.105118858,1201,193110.20623686266,233876.25788239116,120.5,120.1,240.545,248.423,98.479,98.703,14176.7,45.41069669675768,90.57180738642204,17.927,102.97950111103508,1054000,0.3925,1.5525,0.9849510375572358,0.10071114142684512,-0.6438788056046392,-1.2404443049106497,-0.35568049416064396,0.7448507221830352,0.8249938690503913,-0.15542722619216492,-1.3002909072765492,0.8392966854619502,-0.31431132642634313,-0.7822476008252233,-1.5639752978750747,0.6284353657079278,-0.25569628258643395,-0.8634562760343081,-0.06434964793262168,0.1559994042998689,-0.4138445725296548,-0.8326690014432756,-1.3955821259030767,-0.4003325444877247,0.8755741826596264,-2.2076712551545836,-1.3251317811083774,-0.5508968021775231,-0.2854460766676651,0.047417780228449696,0.08058506148922799,0.2647405135708399,0.7125929767293765,-0.640229842865152,-0.6286699182285866,-1.3266546691059453,-1.7876075418527662,-0.6434324204868482,-0.35429286922294234,-0.723011645767989,0.8808721359034714,-1.1552252182395542,0.3862660602877125,0.06109264929380106,0.40276377128160223,0.69944862421788,0.03505667769064153,-1.0822443805978317,-0.6770310719801929,0.5210050677902129,0.15822887788527426,-0.5455134371268154,-2.547259046482534,-0.012428966318003193,-1.2329559824858598,-0.7823490000757127,-2.012221648017145,-0.1011290851949995,0.010032158549744666,-0.03207074546175196,-0.004455208420421797,-0.7119271367045052,-1.2639366080879557,-0.8551172376160252,-0.3763040148889666,-0.3617113000071543,-0.23636753730310925,-0.5095845995934065,-0.22144258975411565,-1.093285793523,0.48838731649824285,1.2676215149859438,-0.8321909800985594,-0.2556998206637555,2.548508580643686,4.595058548884858,0.7549036715409047,-0.15052354915544922,-0.2844120243569195,-0.7279751892957177,-0.49663781511578803,0.0302451063665709,0.4761992757375796,-0.5283548983625432,-0.36548403548937264,0.7591660353608847,-0.7589638758247622,0.9048991111382355,-2.5089534393768487,-0.5159441336794106,0.03379909775652659,-0.8339919925646079,-0.0706063890718368,-1.75292071558193,-1.7847783738633252,-0.13924324870743268,-0.8412702016969675,-0.30349678910217426,-0.6311576231824241,-0.8822465121995855,-2.0052315509460295,-1.7856789889978844,-1.909238156894833,-0.18998870964618125,-0.2209164130579476,-1.5924863759861034,-1.306513683490668,-0.16746771105774813,-1.7204191492209435,-0.5998340850224064,-1.2520440337061505,-1.6959658541824938,1.0746619582162273,0.48406739608246563
2016-09-01,144967,151761,5868,5,121199000,0.4,-3.2,-6.3,12.4,-8,98.6552,219853.85036385382,610051.0814262258,1868702.7585065211,229130.60223379888,1193327.995459429,187853,13020.290677639716,558,1068,1249101.0074392396,1303,193292.52224677196,230796.82970830885,120.6,120.5,241.176,248.842,98.666,98.834,14209.1,45.790849938175256,91.69467972684757,17.956,103.04238678044342,1006000,0.394,1.622,0.04875512081159113,-0.4780165386139639,-0.5097636872905684,-1.4995875498756353,-0.22194719644670918,0.6898163493080482,-0.23236284134997914,0.11720493641113147,-0.7195588997082826,0.185446049930595,0.0883398727949271,-0.6495283676751076,-1.2625347211711264,0.14553989249001567,0.3433929201943252,0.8472393796317166,0.23280505455282144,-0.3741578103454921,0.28017472832490825,-0.319127277183616,0.5524270099726367,-0.20424249695811172,0.7458862355231672,-1.098431900600834,-0.7043566697162458,-0.3044039955027734,-0.2530972483099111,-0.3560701022056616,0.35433137486204447,0.44621830560849174,0.23458156044477677,-0.36788683385643506,-0.20315227347812415,-0.5849191357827837,-0.7244159441634919,0.7154054690697466,0.44667373501607943,-0.4782303382044356,0.33891846176820495,-0.6070532362644727,-0.10384398757780101,0.19339161973225846,0.848346818363827,0.8117701118373266,0.4160175403419159,-0.1424042893625047,-0.9872072684746757,1.4565947384904714,0.6419680862975023,0.38493772343891364,-1.3716833859566302,0.45562597900780377,-0.6947588513916276,-0.688565443593018,-0.787124800306984,-0.31191267460357,0.2327455167662032,-0.2070913658687235,0.17703439963557102,0.10813567128076625,0.22979385251800624,0.2518620985195358,0.7163833520270169,-0.3799355330065648,0.2135646611265852,-0.29306450008369683,0.4813512749843936,-0.7297175391871985,-0.05106704232091809,1.224456930989954,-0.5737859561722722,-0.16400106509465456,2.6888819902419323,0.413798576685538,0.8654167751802355,1.1003851168170495,0.926266036434844,0.43823162741527955,0.4095784339092178,0.6491192951384979,1.241645732371865,-0.5417371681424171,0.3967484504763068,1.143689109439335,-0.06087565651318845,0.9154401116861188,-1.4507051075199477,0.11970845616993797,0.46725860435943134,-0.6704250375249126,0.3217924044359973,-0.15782145084475618,-1.2376599065720588,-0.1846550361371332,0.5389697032307543,0.043652239404056103,0.25244931559707573,0.06156624233152492,-1.4456053947748813,-1.2432814240968044,-0.0866278091358709,-0.2234375592968092,-0.5509076855184314,-0.6325332406900557,0.39277938575429455,-0.15617477179280426,0.16673995202051692,-0.2654521186329333,-1.1208063546842582,-1.1311743420929041,0.5248412129179677,0.6568277807423131
2016-10-01,145066,151793,5591,4.9,121356000,1.6,-9.8,-11.3,11,0.7,98.7237,236320.1440304244,610224.7441032488,1867317.0294607058,227081.56329651657,1204510.0538091194,187741,13014.32212647166,575,1313,1255310.1104502974,1254,191510.90342679128,230507.34312416558,121.2,120.7,241.741,249.142,98.868,98.961,14235.4,50.349961564914835,88.68949933831843,17.954,102.6085591417932,1279000,0.39999999999999997,1.7625,-0.6547516104099377,0.26474765352922125,-0.5042840386217025,-1.4184637333424512,0.039797838438244006,0.07984033522114263,-0.3708009261474215,0.15699637572017955,-0.3624974616829624,-0.1502442450117596,-0.04305252460210878,-0.24279949060768652,-0.8430543577680836,0.3456233476948775,-0.6823332484662108,0.3107781229398054,-0.41736827171941476,-0.5383692796762783,0.4275122488611677,0.020870015811503318,-0.4127790208320777,-0.8575132737554866,-0.37293993394681035,-0.7169370041349936,-0.6985489297192813,-0.6096451338102808,-0.06521860197559368,-0.7466827952005799,0.17069904282453494,-0.0024918068315137655,-0.8591929459149243,-0.0505906482650752,-0.5642782340056876,-0.7355094468392777,-0.8587281385047727,-0.3032009005402946,-0.1601330907496312,-0.8157284015211677,0.16691341180266592,-0.7043677015463906,-0.025208487064393603,0.18082484619632228,0.5218141538401774,0.9001629663827128,-0.02019759233025153,-0.9125372515393789,-0.3694051993363431,0.425510387245676,0.4589049487292607,-0.4032001638735104,-0.4101903526713188,0.42931339163901966,-1.1399985945289914,-0.8459614029973791,-0.7134651068483068,-0.3136594659053309,0.42951791823755037,-0.4067969863294167,-0.3559625886641041,-0.7342416235306719,-0.1509801648578075,0.21779079071072133,0.06092948294530541,-0.8154951342224306,0.07065221152401804,-0.43428347133454864,-0.2657044627089875,-1.2362975282839224,-0.9433199463167126,0.3248192474511181,-0.44446949458502333,-0.5358791718012021,-0.5525522020732404,0.12146821862732539,0.436324309782341,-0.33917799804461657,-0.705689380079209,0.2165987858979304,0.18176806108256272,-0.24818771655722266,0.17455937961891677,-0.39105247543115884,0.5214217571938317,0.8528854930588242,0.27084082380672814,0.5743660397760635,-0.24708918845431724,0.4510518036820592,-0.20224075857461596,-0.5904939406609414,0.019553125296659188,0.7217262154377954,-0.7806101520975828,0.1179335553425038,-0.18736635307560434,-0.005821423760669137,-0.27084374844922954,-0.9390046899613428,-1.3441327753507752,0.874344480463384,0.9512728266453804,-0.2231916924086136,-0.4468693159873696,-0.028538939514680006,2.388612896304923,-0.7512045401243829,-0.3261452534325706,-0.11521609646488605,-1.1665091800176912,-0.9855086801684434,-0.043585999792640405,0.7226308560330638
2016-11-01,145183,151954,5971,4.7,121571000,1.6,1.2,-5.5,10.5,6.1,98.3443,217699.51769951772,614501.3700569257,1878395.174330183,226787.3934540601,1199777.555333111,187539,13036.268591824148,571,1140,1278936.5122698457,1230,189738.22307155642,234123.0119007897,121.1,120.8,242.026,249.481,98.901,99.005,14273.6,46.167379500712826,95.23605730933292,17.792,102.74816722627013,983000,0.4075,2.1,-0.48731945125061027,0.31117578535704066,-0.5621116680341626,1.4154121510548556,0.2882084782463393,-0.16263464570296168,0.3767142571825469,-0.09249064114965798,0.0552168093614383,0.12826266303014563,0.18238245451713675,-0.5414561239507855,0.13047132482023935,0.2128394082931095,-0.09995892003485884,-0.782315697893273,0.22765115900633365,-0.18089653048886284,0.4658474149531143,0.4632923535377578,-0.923301585617273,-0.8582063160852107,-0.6068673846771069,-0.33008929010557564,-0.037839495071119056,-0.48754165520234305,-0.40121655505643494,-0.8459865782833458,0.47296233896410944,-0.22997665295873443,-0.6430012148590515,-0.04569494714423865,-0.24025185863135454,-0.4309737560465826,-0.8069321309121202,-0.707820123516838,-0.3157744247909984,0.1519880780428401,0.029263140553548117,0.5283127866348416,0.008277649782636426,-0.06449614570136802,0.40618726366184754,0.7864076234738131,0.16868244324283244,-0.8996649879955532,0.3647327703537908,-0.11550675287680988,0.3440225845274174,0.14057728658197116,0.3048961547040103,0.3756291099716847,-0.23958545352234195,-0.7086206301911713,-0.9161656612086488,0.6990566289459703,0.34994750374668215,0.09778521723586367,-0.5096458813948953,-0.41313358562673325,1.0853504787999297,0.6932473771830422,0.5755031564498185,-0.3956084006098814,-0.05010706552152338,-0.5015776038698039,-0.10270177541906211,-0.9145668258815542,-0.5507816430832078,0.4227413990939147,-0.11486609795732793,0.03765262781933622,-0.6899177740923763,0.2824488510673674,0.343951818161065,-0.528998398684688,-0.6894954435039159,-0.45393805182523794,-0.12234007531502102,0.0232700150583679,0.3291049480271107,-0.1727733079394634,-0.03713715809991916,-0.02023302151458578,0.5970443425221382,0.5957746856242877,0.4636554648716827,-0.006505075125126505,-0.4129030632310341,-0.273893596910348,0.10789904685785928,0.8430055849176752,0.8246289829665796,-0.13394019793419099,-0.3717397916131068,0.4274293608763433,-0.4525016413044052,-1.0199827644875143,-1.4727291182039515,0.14725194801989666,0.8592567937681965,-0.628108145574974,0.5124200621574644,-0.42718105799812484,0.5256162880909672,-0.49887539080275445,-0.26393058195700975,-0.5396434311589848,-2.127570487179032,-0.38795723270293175,-0.44757118524774075,0.35043540008720464
2016-12-01,145408,152157,5964,4.7,121677000,1.6,9.5,-7.8,22.5,6.9,99.0406,221225.1819402247,617079.6701355594,1871624.4399110677,229292.12383038425,1194555.4198504104,189297,13127.857798952266,561,1252,1282356.0880580593,1248,194389.88200381547,235750.11860181086,121.6,121.3,242.637,249.92,99.071,99.12,14313.7,52.457328582531716,98.65199933831843,18.277,103.06884717949468,1261000,0.518,2.4739999999999998,-0.1518541110816198,0.17644800258215096,-0.1923281765088764,0.18434074846231702,-0.40137486469408323,-0.16980425731813986,1.3766882986717546,-0.10274497805963544,0.02363927998951084,-0.05810430680584376,-0.006787068937624696,0.8588946382595671,-0.12722397233205637,0.3085757570700192,0.8633098920179968,0.018365956043816856,0.585122702582387,0.35852512624200616,0.02062888691039686,0.7382303492993461,0.05251608559061907,0.013812937698366513,-0.08453968912301078,-0.31983402738933503,1.3605116240397366,-0.19566738312463178,-0.22125685410549306,-0.30314917216253734,0.15860714496234884,0.13985797174319203,0.7570089017946157,-0.23950968527748495,0.37646397360002987,-0.12618999331883998,0.27513881249542366,-0.24451654041272347,-0.3307267660141097,0.2751776881757655,-0.6364590156997455,0.44992741734236924,0.5610478973108757,0.16758717662716163,0.4876663886438192,0.8356302160674581,0.46690369830817136,-0.4313075248324987,0.6441275983908346,-0.3341680007721484,-0.11586056889541017,-0.13053218683337034,0.020362514569791795,0.6781867941181846,0.008936251033552074,-0.21140223433101865,-0.6615000302119209,2.21908452065978,0.3014683297127834,0.4990463594632386,0.4549840533441617,-0.12837258891880463,1.7784176345819964,2.870440874691822,0.42092262192648905,0.22323919819856897,0.3199092388897666,-0.6743878891311909,-0.45743072231669174,-0.8034824792119675,0.843459877790052,1.1981484974595755,0.3739208627369996,0.49895994282111156,-0.4854469432501236,0.2128336202024622,0.5362233443343785,0.4303406058367068,-0.5337640814706947,-0.5674232851074017,-0.11028823455812087,0.3500647239796592,0.7847545609381835,-0.14858333101232807,0.18818170504594256,0.6977755588221268,0.7095687839552981,0.8379090381154279,3.99848555573689,-0.17286430693406807,-0.13354952152866323,0.6075816004787644,-0.4931836936570409,0.4571896977511258,0.9968243255417462,-0.004166891659770866,-0.5364616659408019,0.4047273400329703,-0.4968007682020331,0.5683693219645636,-1.1432322292618224,1.380873480618532,0.20345745360737547,-0.05580498731705926,0.9170596899812855,-0.25702680085278057,-1.0925450343627,-1.0238276629016263,1.163546304871529,-0.24786881202769367,1.6216744729730872,1.3755528781405897,-0.1127156243965966,-0.09761969428928295
2017-01-01,145628,152152,5617,4.7,121905000,3.4,9.7,-2.5,24.4,4.9,98.8158,220951.02110587127,614555.911956642,1872600.6367768655,228994.1780374255,1186953.3740233884,190631,13135.815627796606,573,1190,1262958.6429497944,1303,196513.86109742487,240311.30908688702,122.3,121.6,243.618,250.467,99.451,99.385,14373.7,52.78981609033595,96.81594861368075,17.652,103.48495567941225,976000,0.6475,2.43,-0.029502557376265677,0.7776595663044761,-0.36407205172590573,-1.226815623581111,1.0149961224463961,0.43240460363878314,1.2519972699583044,-0.039182088740964446,-0.7617386969458189,0.500873887907667,-0.3325152230192166,0.0952662133050798,-0.3368652074481977,0.25389934532923764,0.5565505114413234,0.23122361250196383,0.8346838455823261,0.5731165877857598,0.4998223409339426,0.24579872568426234,0.17173668544428672,-0.1900689413342166,0.06940182773317385,-0.6049833472661309,-0.10729711280771548,-0.58913759861192,-0.10752245503281692,1.1973688641819609,0.1389452357240432,1.1540884895625978,0.969913256301094,0.5317790141564753,0.32318062392870833,0.06929369136173677,-0.7515971521156152,0.40448595823338407,0.29954004145033497,0.3510784199009786,0.8882380280091858,-0.1037837523565815,0.5460834117514024,0.016048501227570476,0.8462700467142819,0.4256651807428157,1.238958918101837,0.3972151050268655,0.992011919823599,0.34526011596304157,-0.405997083721248,-0.3995578436263926,-0.18010400371267932,0.4987801090266254,-0.5548046469410554,-0.21085223601911157,-0.5472216664083026,1.6903834715790698,0.4584384022809622,0.14244960211945415,0.12975784798778153,0.2661043436529025,0.5736322124322468,0.20541767390142837,0.32921043807020206,0.18777073891993235,-0.0082485436944865,0.9163848241459338,0.8184017521460856,-0.7433644082360833,-0.3044690759767328,1.328487817541157,0.0237315428556717,-0.3834898422570946,0.6581634370415015,0.5529123414803856,0.6341953554040682,0.47566489682705815,-0.35595836004323145,0.4298375990230848,-0.01163964490108288,0.07372695722091922,0.04836492040072555,-0.8456760572672671,0.26805203234513225,0.7106387506805928,0.5973001592336651,0.7466279226680614,2.2838029598707354,0.12369201633476085,0.5675704433697885,0.49337873990005343,-0.7023440452166855,0.7246660778724014,1.1593141270558818,0.17486043110838304,-0.07772362603047929,0.8236195616739737,-0.3775062818038436,0.23362507223373694,-0.31549709449986363,0.9720854630304036,0.16525299956126588,-0.06068344473693583,-0.0774066271238568,-0.3064572028315486,-0.7961840969686788,0.06917862499122966,1.8513688425563777,0.18291795970375999,-0.377056784757115,-0.7489397606349955,0.7402649263783605,-0.15276190754226276
2017-02-01,145848,152480,5923,4.6,121991000,3.4,19.5,7.1,41.4,5.9,98.4356,222845.58070411504,614822.3645894001,1872099.4978165042,227532.9865643765,1184648.4445604805,190276,13142.811238527504,587,1271,1282637.117667142,1234,197308.85867491417,237259.253308698,122.7,122,244.006,250.998,99.586,99.561,14416.8,53.69228606430623,95.57455368614451,17.699,104.1732745140291,921000,0.6575,2.43,-0.3410708735337837,2.083853418988289,-0.189610721477458,-1.26564313986378,0.8109903977311494,0.5532863530450727,1.2165028991785292,-0.004778690557282625,0.15143420256688614,1.2038172940163252,0.056098586209230576,-0.18797246100645798,-0.4460331455556274,0.32229232359518656,0.8441500803778166,0.22888143188711593,0.994329861280023,0.0672233147692492,1.165290845672394,1.1332239488364755,0.4526234390756195,-0.37271209066050676,0.3612746182689328,-0.36245260524818934,-0.15293331626522727,-0.18629108241190845,-0.4206395110820547,1.0605183743824642,-0.7635707354105714,0.5783541639015348,1.1488845066289675,0.45327180545401724,0.11067431421994903,-0.012313390246879531,-0.10691661681175942,0.6331702176776424,-0.3544835196040794,-0.20734879403819736,0.6204478381944084,-0.492565041707972,-0.11678592448761742,0.7034479196989627,0.9776403483452107,1.056442770229287,2.037532083931006,0.12883387515294284,-0.14954510401307047,0.4262964583940697,-0.09232436684367333,0.4034422126100565,0.075520063460428985,1.0760667614315904,-0.16454337640454464,-0.4632594446018363,-0.7071164565208702,1.7866354227289392,0.4610399721283624,-0.4476475420280608,-0.10154275910278779,0.5143855569192666,0.4194807594729395,0.018020729491368598,0.48547576755528893,0.1363081669433652,-0.019692590424810884,0.9185185784934802,0.9948928870176413,0.7742012188981666,0.27231589827400426,1.602632493371323,-8.971544770735793e-4,-0.07336024137438012,1.0086222711793627,0.0927686305271162,0.03699074448988802,0.553136714151873,0.03428657760559043,0.28446631855909615,1.225966307946369,0.6113853701221568,-0.35890747706979303,-0.4989206105672267,-0.10934725190312077,0.3658776948731979,1.1671695666002875,0.21968790136528427,0.7048122145101724,0.46969809125554535,0.7093462713860278,0.5826732684498728,0.6383193150462849,-0.6416779608746079,0.180990035382602,0.19191268912342235,-0.1814857128233145,0.7309857904991608,-0.02271485995611719,0.03741952635180307,-0.3246507045815429,0.7200636138700629,0.5606586209573148,-0.21039014404702228,-0.2338466984439901,0.22559830438617923,-0.6299826107823079,0.40941161619002875,0.31045341177172775,0.11138299976005796,-0.9436216352846607,-1.0347831405123937,1.0964061324943466,0.3962799587873318
2017-03-01,145969,153065,5811,4.4,122097000,3.4,17.8,10.6,30.1,3.3,99.0492,224174.41101120212,616310.8454312553,1878625.7288157875,229174.66217913298,1184522.027427538,190114,13201.285979806098,632,1190,1280419.952780429,1272,197129.65288591955,238445.7728437233,122.5,122.1,243.892,250.944,99.535,99.519,14476.3,49.56045612096248,96.3339739759996,17.061,105.29147369289447,935000,0.77,2.4699999999999998,0.16801212521307912,2.5677255317834056,0.35370290232980994,-1.296445783949491,-0.4012456616418021,0.9058446077808779,2.7631618861871066,-0.032586750093101094,0.32206716439716476,0.8155644784629792,-0.35767239779964777,0.2455555831130393,-0.32252980312452606,0.6402273463352578,1.2630000287861884,0.1426116482434532,1.2013852197515342,-0.047244229420836246,0.8500987694157531,0.878766249343746,0.8403713397977789,-0.2560185613246321,1.387741057863431,-0.41880661047574924,0.4254718484852586,-0.14413401919385763,-0.72782120558685,0.5674652698072712,-0.8626863517844487,0.8675579425779556,0.7056852702566072,0.9291264210681818,0.020573423551361956,-0.18515285575111706,0.4823322493165588,0.8028583923469407,0.32196918784323136,-0.29833806744112795,0.49176350081061637,0.41187213871630907,-0.18225895717027804,1.2730290506342254,1.0073734448010112,0.600295803011788,2.3802382908679243,-0.2193019985937153,0.31326462701451097,0.5546295678353336,0.24299821360119672,0.7857554594419539,0.402446406459504,0.8594033412789741,-0.03285209140810498,-0.5676855410312215,-0.32364694182905185,0.9614589581025063,0.3443389354667558,-0.7400833539981141,0.6737482659499694,0.5636181192590607,1.0206682874802875,0.5933946058527592,-0.05703356688579361,-0.07559604814395621,0.029760154225800237,0.4022803895370511,1.0516027972792203,0.46234057255129024,0.5877917889008011,1.215620706373105,-0.13298337668918842,0.007903822697846806,0.6783928922345952,0.2440816372381503,0.07608587725481983,0.3973392625932775,0.27192243658595194,0.5733697846755643,1.0044612960387596,0.2031797336977031,0.11940739768999321,-0.5199585649018436,0.4119284284869065,0.7251364232907955,1.2189255652725075,0.122357079749322,0.14646148981500412,0.5888990076280998,0.6567797625543901,0.40097115939478933,0.7916411802002251,0.2870969657794256,0.4394444595695516,0.06969357995230914,0.16161025235744544,1.605488451721004,0.053969801182983834,0.3618958171051332,-0.5034644970982366,0.977608417281514,0.07409197745220292,-0.3787086791987071,-0.044020354439822884,0.5798231367761754,-0.5371572820987323,0.24205940731048825,0.6161384652567933,0.4597542653012239,0.17377041793077672,-0.24293681214031504,1.4483098497775333,-0.0981677329533789
2017-04-01,146174,153255,6091,4.4,122244000,2.3,4.6,16.1,21.7,10.2,100.0416,225690.64928553527,612674.8558535974,1870420.859874783,228214.5901228378,1183880.671847581,190536,13205.515166708448,598,1146,1271726.2471797443,1251,196578.5911255954,240927.55076460267,122.8,122.4,244.193,251.227,99.725,99.723,14509.3,51.20080220606668,96.53189064266626,17.166,105.20888790838244,1139000,0.9,2.2975,0.2309389321311594,2.517618039398878,1.7870392286283658,-1.1222259279963394,0.05351492780354019,1.1130859077745776,1.1561050568841147,0.07751032581727525,-0.02930669537763158,1.4555096898631612,1.0729549644508567,0.043232124020734626,-0.3805159311826154,0.6104596982972865,1.003677371060243,-0.45643585875496995,1.4442101194971273,-0.13421462984586785,0.4281238694321746,0.09152433377383415,0.5451995729616896,-0.6225964096825982,1.5619857165471258,0.23769875222318698,0.020459294823930742,0.5022543372579903,-0.3518243498565475,0.16291399044908506,-0.37079853596364554,1.420219450627045,0.6845967672486503,0.9519665158087196,-0.1562506475041644,-0.08459097595983578,0.39142320349680404,0.5616402453042026,0.3620595990983509,0.01642996975006243,0.8952208075279396,-0.1424661790811587,1.2428848132966255,1.2108741170324515,0.9884578114493016,-0.14750525684735005,1.5628634892930466,0.21462582580300368,-0.03359611310420907,0.15640373044640474,0.30711885917381077,0.31127960767825097,0.5768706498766899,0.9529692878652144,-0.2301656094836376,-0.4222084235259423,-0.1872006067800394,0.5372793328717219,0.11629185274457457,-0.5295063008038337,0.9721767188228844,0.09895612224494527,0.16072568858182398,0.553027329888831,-0.4301165120495823,-0.1561637668159827,-0.42908656948019774,0.12347299199201063,0.6631064490564482,-0.07317374089608068,0.7991466151704355,1.026688230120409,-0.29180002865272864,-0.06307374013185647,0.32751970198036906,0.14387782472094615,1.207133846946858,-0.3716738824333186,-0.2060667520716612,0.16849114290522377,0.9642240890072106,0.8283219295499603,0.17461451079570914,-1.1860156364835264,0.8292595210742828,2.1107487189582446,1.721995128023751,0.20224598373975683,-0.30786417416503736,0.060280094709889404,0.9301486733728189,0.27194782186032695,0.736540750642401,0.22504905872875253,0.6396463533038027,0.04400680504265618,0.12650975044800133,-0.005497049925493957,-0.04259376650195747,0.8850729167315553,-0.2567654686215628,0.6798251272913264,1.176564162948015,-0.3126706030274962,0.028111248441617245,0.3065126752025981,-1.1683733476000708,-0.07119372409400829,-0.010867551330179671,1.3002452347341877,-0.13536257234624247,-0.41123200976250185,1.4233346281311074,1.1355790107013477
2017-05-01,146380,153069,5826,4.4,122485000,2.3,3.8,6.7,33.5,6,100.128,223145.60301759595,616438.273710399,1874256.1273597144,232548.5042434943,1179237.9767661162,189650,13213.9202664473,635,1157,1286209.1450813587,1208,196156.77855580745,240281.09387853375,122.7,121.7,244.004,251.43,99.682,99.803,14610.7,48.63465821311771,96.7775428165793,17.081,104.47118681953829,956000,0.905,2.3125,0.3084838996478864,1.6782716854795767,0.9928872500172173,-0.596736581670313,0.1165659200235854,0.9056690521469641,-0.012953436405391427,0.34042979125339484,0.5392651309381387,0.21961882427093127,1.0692209044330538,-0.0814727145039586,0.5747060003554506,0.5446703440812021,0.5271935203079194,0.05947949250441215,0.9321414228447429,0.18314508989403042,-0.22355049239915276,-0.21050666725083997,0.31978983607935124,-0.5010173235142794,1.4029370855677081,0.016110178279125486,-0.4489351421612474,0.09676094886914105,-0.6638201470156389,-0.44777379522677513,-0.1409083562792285,0.8879478315653835,0.548076716379235,0.7594316475795496,-0.335555358059419,0.040518289091738505,0.19565961772624013,0.7661153330811296,-0.2824717891542654,-0.24507877738905842,0.7716358445831092,0.20789156897953592,0.8299635985644909,1.1231647875566535,1.3292787005256939,0.2424922921224475,0.20746727172381785,0.1752663729653205,0.4766916746498407,0.0197479982455368,-0.41671421903154326,0.10492724314961238,0.30792282532280746,0.9356567415365213,-0.1811383627874813,-0.3511588855199219,0.08394235115692486,0.7211947499640685,0.3061560979502672,0.023109532631779367,0.998580210780309,0.32670493758056895,-0.7294739714857713,1.0983152304151114,-0.19286966558200652,-0.08439068475915854,-0.31414864885167904,0.15537869846260696,0.9353165825565781,0.2777191346718438,0.6537909956870334,0.861738564626721,-0.4455536361124563,0.5275833893105613,0.478525536132546,-0.027854533458914685,1.0122098617695519,-0.5781429122055071,0.6653188688604096,-0.17936935150395658,0.4910397126711158,0.20694981880426613,0.21017546059751702,-0.7825126065942585,0.7187223407681111,1.6442993853659373,0.9974474578949479,0.4185084126801404,-0.16600274790541847,0.38522955572191564,1.7954490568926262,-0.3855744800599187,0.05522845565993542,-0.7599769724940635,-0.014994571998361541,0.086099413130090785,0.10539113232060532,-0.5718295906238197,0.19625901270679652,0.7670040800450727,0.13274847522851915,0.827372841006522,0.8488790662484261,-0.12594285107477698,-0.025193788710330928,0.08104194440673981,-1.2093163300415648,-0.03107884340560389,0.48424880421683403,0.8974910379111709,-0.31555674843171916,-0.5878556775900079,1.4926381385489667,1.1527529054583945
2017-06-01,146583,153318,6305,4.3,122674000,2.3,19.2,5.4,28.4,11.6,100.337,237200.04811258346,620965.0582362729,1881445.6694913201,229902.9729567187,1189938.4559870095,190500,13256.21955375579,619,1249,1280438.2254475472,1353,198454.38325682096,241132.24946374516,122.4,121.6,244.163,251.746,99.766,99.937,14618.7,45.28596916785278,94.28180006295611,17.13,104.83402602970804,992000,1.02,2.19,0.4463861360586152,2.267291615175425,2.1393216214898025,-0.1627550057956588,0.3262785288205867,0.8920669575142155,0.5131296715858626,0.40527310688315155,1.1185367690146588,0.5865059025724256,1.1527516990162208,-0.055951804466285504,1.0101828754386422,0.8352721936318771,0.678651805835554,0.12933085920808027,1.0207912510037154,0.5491385141391212,0.17122824133438216,-0.37008002064925527,0.47084158448396674,0.18390231700383985,1.329076841233795,0.46312712136818024,-0.23437701485964854,-0.035926880438486214,-0.19784154964594977,-0.6484197872415213,-0.9810909326184994,1.2903142734445474,0.38621565066633623,1.384671075165749,0.34490978839783343,0.7464569624746915,1.0028765605197587,1.2101899710616342,1.1962330491826387,0.3747120623631217,0.6841628185678819,0.9613546802185797,1.0972189614704906,1.8458860909154515,1.8649974573398338,0.38526405522785245,1.0431502172132998,0.5279191642221103,0.18887841603399216,0.1387211330868222,-0.25785662552915717,0.5293859138378411,-0.14752064941605286,0.6623562499023677,0.30991868039968873,0.30806583434032847,0.43073612914543347,1.107178437710496,0.5514017747845384,0.13535118069603877,1.5026081056161806,0.682793399522873,-0.8919400341132078,0.9765179847383829,0.33650589908924755,-0.06950618790615379,0.024574054354917448,0.20393976454859258,0.7862035974049306,3.020528179338187,0.6490013877448947,1.237941187141226,0.17138452417511274,1.036929872240726,1.3766491650619703,0.023071835760632528,1.5892233671971405,-0.17608942098686786,0.6462496354286668,0.028332836627271873,0.31165914231962033,0.8684940448647602,0.38468843774558376,-0.4484610100076597,1.3105049363413248,1.2098361495904593,-0.33033081146838944,-0.2699518547414736,-0.43615069813332563,0.5395858977448552,1.858554751240786,-0.10882677478479938,0.24623636707805285,-1.1662992220886486,-0.3619031659143446,0.36654481593120536,0.7271830674456916,-0.07252004067364902,0.6108792308723211,0.7601178011346452,0.7418374581035616,1.0511007650732545,0.04564267389219484,-0.02075505500210481,-0.18162594008891741,0.4234106155174842,-1.1038948297202043,0.04283113531631364,-0.22076970020773734,0.6089077979378716,-0.33538362769665053,-0.07802416397950487,2.1147180190755375,1.238705870418363
2017-07-01,146772,153569,6238,4.3,122839000,1.9,8.1,4.7,22.6,7.5,100.0865,218249.9524062403,623720.7298377805,1885125.802843307,229322.76584872196,1182621.7648768073,190421,13289.480276144004,572,1206,1278137.9317254992,1256,197649.36925743715,241589.93216636777,122.2,122.2,244.243,251.985,99.803,100.01,14660.2,46.72204242357444,93.2402471027341,17.237,104.36619052417305,1254000,1.1524999999999999,2.32,1.4854302550199838,1.4901623939320086,2.020550578585272,-0.45955741615007517,0.47271196770900487,1.0021825853883146,0.19936479643726257,0.08770908158203092,0.2098610417895985,0.6587063097076122,1.035664631220468,-0.05409184525746,0.03488974564726439,0.38842644629933143,0.3970430427210185,-0.03851314214595364,0.9093201847097948,0.2789574124991337,0.20083236350389932,-0.3840016467483792,0.772042074807055,-0.2546906833084725,0.6001192350362228,0.7550623939031921,-0.07951804219997739,-0.15558238921239814,-0.01882525680228413,-0.7065851239992517,-0.5649525585416093,1.386413417986156,-0.4046209136613402,1.7161979926632056,-0.18314266609873525,0.3867103397256419,0.3192898660024254,1.45755353934084,0.7486274413822758,-0.09861354153813365,-0.07742486360378373,1.3462350609405895,0.8254244933768892,1.8581158231598722,1.9282103607048695,0.38377650264586877,1.0017054956818827,0.8123222544847224,0.3418480782321199,0.11556139498728689,0.04418919906006542,-0.19320049869252764,-0.7038088204327431,0.047480550671891115,0.29681661537720533,0.49910876645850116,0.4802013978860839,0.36603844033581695,0.39828042379312045,-0.27958742211159765,1.1553571784074348,0.2595256372487646,0.01582669152059548,0.5379322272160278,0.11698530856514507,-0.11390227168183663,-0.09471176480495351,0.49532563209597735,0.4093095026815084,2.447338666953918,0.36354749789429075,0.6242575010284149,0.24904793979936804,0.6269566745687372,0.32502347250769287,-0.14824260802549802,1.9855153556312832,-0.05482873029869666,0.3066949460312214,-0.11647884010390566,0.17500079676176683,1.0802679256231986,0.4071731432345421,-0.7962254208129208,1.399510149459004,0.8332687000278167,-0.5607335063954736,-0.4723659532930676,-0.7185483652206738,0.6018589654466804,1.3772964900805356,0.4754573475103841,0.9408175723564626,-0.060330675027959836,-0.3750377523959812,-0.029809770243178414,0.3443763623337303,-0.02685773110620679,0.18368489391974216,1.135107681077843,0.35738032419965265,1.5957696923785858,0.38626736492064817,0.03793680176354965,-0.6047778481852374,-0.0423405849613335,-1.0869932620221747,0.29131705010261894,-0.8526122661137148,0.5090624598352964,-0.46402821417649476,-0.12383597441642023,1.276225206149974,0.7688011389447728
2017-08-01,146919,153503,6276,4.4,123004000,1.9,23.4,5.4,20.2,11.5,99.6323,222234.99655093125,626402.8712247693,1893454.2713483407,231551.48110010294,1174883.7813790278,190070,13291.011426914733,556,1159,1273699.1012426645,1319,198903.2961100503,240283.1235566397,122.9,122.9,245.183,252.535,100.027,100.118,14678.3,48.02703270117068,97.57180738642204,17.051,104.19568133344653,991000,1.1575,2.23,1.6890752809607685,0.5896345563921297,1.1829509538551604,-0.5776920689720807,-0.04685448852068287,-0.30155827421255543,-0.38455417926695046,-0.07538679875907163,-0.2778943991813626,0.035140417862321666,0.30964573614318835,0.29304298152510455,-0.4377111990637643,0.3122040579095945,0.2476890178718765,-0.4512638115688224,0.513816296576465,0.1717561000753256,-0.15378477547893651,-0.26340228987735803,0.5718763642560356,-0.27322627648233666,0.34651927170369135,0.42842616889600954,0.08588189628567909,-0.005090172193712995,1.301098212440121,-0.5229321057036168,-0.24001910217918,1.4774160429877008,0.24873170777699138,0.760185778694539,-0.241370296301889,-0.06483158956625155,-0.05536716438623723,0.5148474120766741,0.7143151906470081,-0.17056854036185315,0.059906683016355766,0.7130781766190526,0.719233813928539,1.1807043258304286,1.3026480656692332,0.49812023420607177,0.10206745790538566,0.6531119700416427,-0.05101895435147681,0.49083118680313875,0.46598558526999684,-0.6385558826947735,-0.9919982465135042,-0.49358083717238427,0.29809843572981626,0.12259305586540842,-0.38328722878786725,0.11362694743359766,-0.1009019130692484,-0.48093988356491246,1.064201120976346,0.048570908191950174,1.225163931309162,-0.10267943044782266,0.08031186151292581,-0.2842912871653246,-0.5061755824037605,1.1502474097443134,0.20006361875425002,2.5734154765835062,0.22624719885026714,0.3829913584021496,0.12759564301328116,0.7094932837073356,-0.10283813995739889,-0.999562806833159,0.9069933621788978,-0.013179523671692311,-0.3675662578385855,-0.02732747370060007,0.2850211921476247,0.33842976740060426,0.04829650056961875,-0.6251775216969514,0.779152596142887,0.4238965700905448,-0.36676419680718403,0.6220538082816227,-0.8629658989678305,0.2645672476479525,0.7989294318278516,0.5643807206471335,0.12166922763455437,0.30022881093988885,-0.24992509404764782,-0.4042849223209774,-0.1635711708660195,-0.21295800723369676,-0.17847562234311087,0.5049884715074249,-0.46713425871411274,1.0850759765298061,0.5995558428325884,-0.06922093042906761,-0.38762250661652975,0.3587191078616826,-1.010288025868304,0.19895118626577085,-0.5819009506252966,0.24505489496077715,-0.2632454217632306,-0.2646492745440714,-0.35788519713396877,0.040663261434953066
2017-09-01,147007,154286,6320,4.3,123250000,1.9,20.9,14.6,24.3,13.1,99.7482,227262.9482071713,627531.8725099602,1894156.6371594062,231326.69322709163,1170785.856573705,193042,13363.844621513943,637,1181,1274926.294820717,1273,200323.70517928287,241750.99601593625,123.9,123.9,246.435,252.812,100.4,100.24,14706,49.6215139442231,95.59467972684756,18.313,103.55363628278585,1362000,1.156,2.186,0.8407895898046268,0.6340615698675501,0.2537150684313482,-0.3680173626228286,-0.3032741431143674,-0.207406162474354,0.9117930603188928,0.14311449481894414,0.25831410144511924,0.09318303613711265,0.009851924705464074,-0.15557977369285073,0.527549028261031,1.162967890122459,0.025901970500658355,-0.11537156539569479,0.7708938447295428,-0.5393260511099024,0.07197294924615216,-0.03834059650346362,0.4101682377078297,-0.538619883252389,0.8039129304599576,0.19810505080317428,0.19994481689480761,5.811287664025944e-4,1.2423315747324206,1.9490570959267686,0.2549442951918856,1.3716679106498335,0.6633766828839746,0.6096363423816098,-0.1341222857743354,-0.11143494013682124,0.11168251554814262,0.09802408739646987,0.5634228529429622,0.1632273891052106,0.7745494701812898,0.6671312918737922,1.042330479343992,0.4911037069396204,0.5019583494430454,1.2093452353582652,0.02038842389490215,0.2848909456808481,0.06696229694640125,-0.11621195877519344,0.720415750207691,0.0077737988440402354,-0.38997267563128163,0.5764807689537755,0.32210124450810323,0.3478507509274666,-0.35677865250621454,1.3607611023828619,0.21965420720485665,-0.2537984112608367,1.2184530865788432,0.2492751428464992,0.052545550017150534,0.45938322113043306,0.16491553264969985,0.1922076344602999,-0.4153758644620721,1.6649551994000231,0.4490579900302869,1.8243576946793063,0.6548806054336497,0.691280910782643,2.1374881111205113,0.5942679975390691,-0.010933257892863901,0.06262785735914564,1.7201550791424507,0.13620388419046053,0.19192737049543734,0.09823330038436236,-0.20137648216243714,-0.12603404477712737,-0.1149888441270795,-0.32199634371599734,0.5535060588368499,0.30880400798326113,1.4954206929024216,0.19777398085972978,-0.21280582257510167,0.6320832801825553,1.267395952726459,0.654216175509152,0.17279142045093934,-0.049488921410012196,-0.22033648562073704,-0.3037355957414349,0.8867655845711808,0.2120299922634404,-0.02507480742816833,0.15040850672820352,-0.014641829975438636,1.0093591535955089,0.896689040399839,0.3639132701783043,-0.30358952627594227,0.42911682794286304,0.09672870307345786,1.661646984400482,-0.40786270718582757,0.8189074905020446,-0.34440041671767896,-0.41322943297180414,-0.5176487569176602,-0.012744142591016371
2017-10-01,147150,153609,6408,4.2,123359000,2.4,26,3.1,27.6,23.9,100.9893,226844.45593896406,625075.8472510966,1893677.5727757711,231987.14824283056,1168309.2777352259,193048,13376.47093931225,626,1257,1277108.5535804876,1356,201783.52945857495,244405.20834369495,124.1,124,246.626,253.526,100.531,100.486,14748.6,51.307556873004344,102.18949933831843,18.482,103.76147033193861,969000,1.1524999999999999,2.355,1.244540530828449,0.9357897958084282,0.2460525910442538,-0.40052354265902645,-0.17784475052773857,0.13557738333149993,-0.020589801944480707,0.38180676973969324,1.2516158698675999,0.267215766795015,-0.014272652453951859,0.4179228313675673,1.1108401049585006,1.6449928474637994,0.524875232305462,0.2502618835454337,1.4005624246907538,-0.7595099747824121,0.4242321758543577,-0.2440717247503557,1.0912755978989161,-0.29160555323158033,1.174094921177535,0.354848606797434,0.4266568521669069,1.1047553286813108,-0.0572362288357946,0.6829749715334896,0.6380494793844325,1.013356325892878,0.6491435354418125,0.8386659512916196,0.41297807863215463,0.11324352243533733,1.9165309427049175,0.417361342973813,0.9594859745335779,0.5772297429475559,1.2244499895997407,0.3445034576222046,0.8563594449477778,0.4255912036909361,0.460624528878252,1.2593191854996468,0.10301836331553552,0.8005900417718546,0.6345871444256033,0.15392287349638412,1.2614045430514993,0.36935805750215983,0.2547385328299555,0.9239926563627949,0.2322956698405798,0.9691396800314833,-0.05650713292460674,1.4563351619810543,0.022679743821056166,-0.0406665250267805,1.3614996708359306,0.9331705463277091,-0.38954927004222173,0.9734839770423642,0.7910244944464437,0.6176312806794118,-0.250387463287464,1.730584643312673,1.1226009756299637,3.234488551354434,0.870926327153781,0.8898914513585506,0.024201106574093155,0.43208064887331704,1.3062194951381252,0.20135764929296418,0.7749859036977652,0.1867638653705027,0.6578432550183977,0.30101863604547074,0.4666308650219998,0.009022928104446389,0.035839603442319824,-0.2590713917468491,0.6741039103179234,0.5206420874910866,2.204111033449873,0.281062078869659,0.13057550704193494,1.161877663718942,1.9223049646137789,0.9029078127079051,0.19970380424528586,2.522105929199992,-0.2488246006566158,0.45352975394221307,0.7264553789674855,0.5162180396406052,0.4607761826286917,0.060883697778323496,-0.2679186351995356,0.6712193423332591,1.1629762085305275,-0.04341538102725365,0.17228202258750167,0.6690127690520863,3.691927101850064,0.9843160111687429,-0.5436323259215619,1.6274792485458058,-0.5772860040553,-0.38054394567780503,-0.45961411754611203,0.3563933052518244
2017-11-01,147373,153805,6271,4.2,123569000,2.4,17.4,-2.3,25.2,18.5,101.2493,228258.25676682394,627498.3858952074,1899576.4701905083,235340.45194934198,1163868.885026074,194493,13449.81375713931,711,1273,1300521.480009933,1299,205502.85572386393,250661.0379935436,125.3,124.6,247.284,253.816,100.675,100.535,14771.1,56.26024335733797,99.93605730933292,18.003,103.61577137259106,991000,1.1575,2.355,2.0296237101613994,1.1543495515745263,0.09484937985098241,-0.6480560418966614,0.24518484122357603,-0.04391683086919987,0.3247954912608338,0.9289790655368461,0.6154199932516258,0.22577378049705343,0.11061820628625799,0.2243784688338403,0.9317039157225782,0.12867078809716243,0.3532468184613237,0.9036594837397638,0.5014364249841441,-0.6239908729078056,0.6441591202531582,-0.38330536562970324,1.1485034929287938,-0.11964276082011845,0.59437867259755,0.3897910622761642,0.7803151950098408,0.8160969980458477,0.09324735550628546,1.0163623448000856,0.16122680851749274,1.088095913538406,0.5739435456177038,0.3350267598440224,0.3603282223702177,0.7705289531189421,2.018750175240462,0.3159736136127665,0.6655209251064322,0.5483266736773077,0.8508309036980483,0.7271031964022199,0.5318178489816945,0.02261823278760433,0.02007700836008836,1.3493998644383622,-0.07628024166572918,0.7800923481113728,0.7740625830801507,-0.10427664451222071,1.0194721523447727,1.074961126447484,-0.10503077052833151,0.9634442539457673,-0.08670137736458852,0.8236757748064847,-0.08093700946681619,2.1840732120369597,0.1230339845845016,0.051870154733440844,1.3865985793741928,0.8899620311703397,0.6767541199788378,1.1232556327173016,0.4273640363040927,0.4771791346632892,0.0642397607542606,1.3871388617468283,0.844627209843601,2.9096573219460238,0.1305702330823023,-0.04085081601312063,-0.18961505437430898,-0.02131023166917246,0.6412840951418228,0.04713925200081326,0.3739443621142857,0.16829581338322439,1.0231706716433298,1.4489639103248513,0.11131853625859893,0.4899779993152052,0.1434504153923654,-0.0881832107979656,0.3159875915907092,1.082510324870534,1.1897404931061757,0.4344997721810631,0.2977382095340532,0.39184221418829357,2.4499277870037455,0.8233526095905542,1.362191666503593,1.907890005341139,-0.12470891760888797,0.3248835825394986,0.8232629204964595,0.7912105409018158,0.4359390579089327,-0.28169012493010376,-0.6347301890093484,-0.7247534697969356,1.7296955221545902,-0.22457139297941506,0.49853106504991634,1.7586029214455927,0.1312800963780931,1.596931735893651,0.2660738594889138,1.6992743640112384,1.4318173403959777,0.6499658439195082,-0.4255326878976128,0.3966447831285097
2017-12-01,147523,153904,6336,4.1,123783000,2.4,20.3,4.3,29.1,12.5,101.4871,238261.87004691482,627486.3371718194,1896850.9029510657,234391.64459785164,1170332.569603555,195148,13554.81496910366,630,1177,1303652.0169409153,1311,207982.46397079976,254137.53087154464,125.5,124.7,247.805,254.344,100.821,100.683,14797.9,57.40867478005575,96.35199933831844,17.887,103.27889689736249,1213000,1.274,2.396,1.2111025292468864,-0.20605996327823264,0.0992178708824815,-0.09793206260999462,-0.11777503313436308,-0.37046858720263215,0.7640874589367447,0.5776578628592857,0.15781409235873586,0.23777436627160756,-0.11005444214467558,-0.8158230975756693,0.5395175813785271,-1.1891386678852145,-0.37831602665645425,0.40876484867946994,-0.22882183150755503,-0.18853463471013465,0.6787370515570353,-0.6890092091270318,0.024516109812904224,-0.19187909952073826,0.38935079785332505,0.153239279901177,0.42834864794528693,0.8160211302633581,-0.5191179243223161,1.2196499974961141,-0.5517756150072772,0.7335988098492425,0.8293834697914169,-0.5804090163563547,-0.5465022819419666,-0.13497558560943815,1.2236437144356327,0.15006606373930165,0.8373105584167194,0.5104200774806222,0.41915387340288396,0.526599311476226,0.4139991990148616,-1.157354270952178,-0.35665319699983034,0.48487731077644136,0.0140856810464014,0.31075007589888265,1.1380651653021783,-0.3530424251231232,-0.155448408233867,-0.3914331254092733,0.18085545490163502,1.6555846362125621,-0.17012616059091284,0.8557765997088262,0.1159224065091474,1.3498412629156715,0.1860179530360114,-0.32953209668385736,-0.16883631637290433,-0.2998557837838676,1.901023351273966,1.0747437479803756,-0.02812798121266338,-0.024702247861945387,-0.311394486909803,0.31556729196477507,0.6604158752039493,1.8296586700206825,-0.14511244668900392,-1.9726694612686912,0.05098674735149427,-0.08365167755263274,0.8564257513814306,-0.20860264334360898,0.1976547970643266,0.5153550052837902,1.201275829238199,0.15708753268373116,-0.1989098851862838,0.5519606987512398,-0.8771234341392342,-0.3550899461090775,0.2725783901273241,0.20339060004982903,-0.0945282531361377,-0.12041253537631488,-0.06130395472089243,-0.24436568205309173,1.6635556876453617,0.19180035135973156,1.248941176451198,1.407484378258154,0.301140533365523,0.23201421260092775,0.6268741795615229,0.5120471425919542,-0.1893297459265304,-0.421445450092679,-0.7346897490477932,-0.8058998125777727,0.7117125950680037,-0.4855687191009269,-0.19115966956732175,0.9428947225474001,-1.1305231062663812,0.4832324598295564,0.23097064716399993,0.6414939319860291,1.6256525795644268,0.1324341291475456,-0.5425907433654436,-0.38163777887039374
2018-01-01,147660,154425,6621,4,124027000,1.1,23,3.6,22.3,3.6,101.4852,224389.569066888,630787.8536349173,1906965.5424272579,235173.27246316662,1159640.9055425448,193448,13540.944080475103,590,1299,1320981.432622852,1317,204816.25312503087,251330.54674453306,126.5,125.6,248.859,255.204,101.199,101.007,14886.6,62.945286020612855,94.01594861368075,17.176,104.36658336128718,941000,1.41,2.56,0.2873849912457076,-0.9939132297946404,0.16662924728560857,-0.17657925496130045,-0.6033438573119677,-0.024660638771855592,1.0366383371421533,0.03096455897735989,-0.3535883048767982,-0.28722539858160945,-0.327516931763497,-0.6840616262011308,0.39702404641188743,-1.3782057355552377,-0.3610805191484467,0.19884935485123476,-0.9683344040974111,-0.1933465570008998,0.3729205046195305,-0.781700004344463,0.12344304585162431,0.276007934076118,0.7082795268656176,0.012188257880112116,0.10575599075442231,0.9655984746040354,-0.32387900488196364,1.0566162766842786,-0.4030022561452472,0.5549280804488361,0.5192791074894069,-1.090246264349899,-0.6014151337700883,0.2627957237691336,-0.04097795127314841,0.6659049537655874,1.142886745391738,0.8281398594396552,-0.05880934362113233,1.4873030009165822,0.30159099246429405,-1.160451210137428,-0.24232667116988316,-0.33318972538847136,1.6943141561267783,0.6684566825883432,-0.39656473680828536,-0.13290751836705417,-0.03838591962248432,-0.8391683091810979,0.08506173829100078,0.6810731637038607,-0.3202546914776868,0.8122121827028487,0.15022481246401329,-0.2984898932366009,0.1465993895944496,-0.44254504075979245,-0.05457520738680438,-0.29918614132232607,-0.3377185780543587,0.12103173043367049,-0.725290063613115,-0.13101839419516959,-0.6682228448795224,0.1368303718718297,1.2948530498405035,0.787293361033182,0.8921894694841797,-1.5287328356206737,0.10642345892891855,0.2912453036441325,-0.029470979001874592,0.03239944475244605,-0.2047249745357892,0.37762764960051415,0.5119602565126227,-0.01405891171997374,0.2969993780254504,0.05558124103296506,-0.038897677972232106,-0.9522043749874282,0.43191325918340123,0.28878813425418126,-1.2479423389610358,-0.4085819400966515,-0.0736880502404172,-0.6459670981941845,1.2493939495386222,0.6560687240306602,0.15932255154984126,0.9351863704181931,0.7861039491969959,0.36201814385445785,-0.032606782171837045,0.34434522259047273,-0.13519124590469161,-0.03099157375597503,-0.286873353778567,-0.6225592477933903,0.22025060992323872,-0.23554486948090686,-0.4942614573361706,0.8382050829147939,-0.604332679536955,0.7190751173266048,0.049250520863111574,0.032803486198532586,1.267241850144341,-0.1416939904305188,-0.331796635159387,-0.6614217836696293
2018-02-01,148054,155197,6552,4.1,124253000,1.1,16.8,11.1,32.1,5.9,101.7319,232154.68959533013,633795.4563382503,1912819.4820299991,236275.3411690463,1157331.1903447188,193978,13546.876232547134,618,1277,1337446.7539638716,1321,207520.50958428648,255632.24737713972,126.8,125.8,249.529,255.711,101.416,101.198,14921.1,61.36112644947542,98.97455368614452,17.447,104.70703548181935,884000,1.4175,2.8375,0.8215638066853912,-1.2806023880807396,-0.23256593010220772,-0.17771742484618286,-0.31450465576696923,-0.22001674615969335,1.8117822568394817,-0.09014959114992814,-0.35055747799591813,-0.19376587093044745,-0.5216115056190785,-0.7038743514896432,0.5272265266751717,-1.054026330844047,-0.403629942654769,0.04580191815308806,-0.7273357416282146,-0.2807186660318777,0.6419226079852454,-0.407452552947843,0.3905481057189028,-0.35785600614020613,0.7462078425249342,-0.16301171903115327,-0.3880540612612936,1.5451652199128711,-0.35960960324557156,0.7432585067454482,-0.26579239827999934,0.4270517533115377,0.556965215151999,-0.8395476763740042,-0.36169679620312933,-0.10025057480299365,-0.0849131697044035,0.062240320807340474,1.0983496286463683,0.26755196181152713,-0.09145989079215285,0.8920760192528835,0.382085915047863,-1.2005513305643896,-0.17573000217212598,0.04745316011137218,1.0048990646914064,0.8473425842551504,-0.0638473413341008,-0.004284530133165834,0.4750579877981746,-0.017525212142604368,0.5924598381984124,-0.19885462750031138,-0.43336668129216116,0.44919678465530283,-0.12374262555901366,-0.4475990485123541,0.22584856167467113,-0.40972213776349953,0.6753368553473269,0.06166761629500907,-0.7670170823719441,-0.09025087522428585,-0.7380000376381788,-0.20212316863662014,-0.6721685025233015,0.19566005926370222,1.4842901366057875,-0.012395948139474477,-0.38156063062610135,-1.194244556258096,-0.4133513132995818,-0.0401486000242888,-0.417651888746212,-0.283679307560544,-0.6373175926733634,-0.31127755126307155,0.26324859506977477,-0.16781367153214974,0.14645302383656156,0.10708569181248465,-0.17782626148592295,-0.5210322744863569,0.8254096230296868,-0.11795439505623224,-0.3366233122111536,-0.19892090115808814,-0.5875375922385594,-0.480131046581448,0.21762210046802838,0.4519436142220469,-0.21358597201354504,0.21720887356155272,0.7110479048094285,0.10438934625629923,0.08277053148993817,-0.2880388983656059,-0.1715352289860297,-0.08784846548523614,-0.1976885957234401,-0.6518298281548726,-0.13063641594429076,-0.4173444460100183,-0.23500548890512774,0.6345683931823326,-0.6747190259395831,0.5271224873933374,-0.21261814635318393,-0.02336930202071425,-0.4938948401328197,-0.7415787145116708,0.16126849505258833,-0.12910518672197305
2018-03-01,148280,155214,6818,4,124444000,1.1,26.6,16.2,20.6,11.7,102.1943,239485.2448682085,634971.0413301288,1908866.9863054983,237323.19451558252,1162483.7476852764,193972,13586.147117922857,679,1318,1326542.4924155865,1385,210046.8854655057,252902.76190851422,126.5,126.3,249.577,256.271,101.524,101.419,14974.8,61.788345612860006,100.8339739759996,17.662,105.39336820843802,1129000,1.486,2.846,1.1449946349486257,-0.3150918709858038,0.08492564322825416,-1.2410793755340745,0.13195465371095977,0.07242959484990219,1.113588531665491,0.0963919021667071,-0.4449027816659052,-0.3583923569613668,-0.38432732712371487,-0.1705969417574027,-0.1877622183679433,-0.675742851870149,0.19945862839971756,0.2082826732789668,-0.6844113778472979,-0.38436865726669117,-0.013621866672820605,-0.5049183735107203,0.632731749085513,-0.48753153001036165,0.8904440801181507,-0.07100447040520337,0.5827858482762025,1.2370934886229248,-0.5540973134061505,0.48674993036371017,0.1761240817880467,0.9772340467022576,0.2487543819374392,-0.30425773984015986,0.6326897089242759,-0.28415158934829304,0.37770566965525176,0.5427042282383646,1.0679195326088307,-0.009085892620085712,-0.2086441685281013,1.042615979616309,0.6862342545331691,-0.9424762632364339,0.3245906764825106,-0.3286904637473413,1.248519297677339,0.4107684879279941,-0.36854437282975855,-1.2889101027586547,0.32925063371536756,0.5840777041686714,0.7453780948995751,-0.07219386422915489,-0.7828618487436608,0.5295208600773471,0.22074708536767737,2.1772100908443957,-0.09169828996133923,-0.8572099931577684,0.9366592703686095,-0.692878285742143,-0.8665195729193644,0.25029273968993593,-1.2450166177054327,-0.12338372332932668,-0.7052874208887134,-0.3207522910997432,1.1952084736007058,-0.6600545085175206,0.14908035551136492,-1.465931264615713,-0.3937097789232161,-0.5598876901454115,-0.3801348457513094,0.02876243490687095,0.5102883134828344,-1.265272365787351,-1.3704036057222657,-0.3837974211424705,0.4321496793448236,0.32645210701334754,0.2049792424027951,-0.8527890393892962,1.1989457878252112,0.07959356266956913,-1.270002970624445,-0.38340841174067314,-0.43326278362362547,-0.777292871496545,0.1528943632677076,0.36378519919720004,-0.20641718017961908,-0.846575214444827,-0.2455496974796473,0.00772172392350377,0.06582447786880542,0.26736786270245766,0.18633699661317915,0.06885523147366146,0.1891934363293354,-0.1761490588621193,-0.5355629101810092,-0.42622246320790474,0.08742732996235465,0.6000466345646278,-0.7504517566247011,0.03674367325810838,-0.15448983536683747,1.1410218628501627,0.5161610034987335,0.003651754507306404,0.48714666423128394,0.04274038584345917
2018-04-01,148422,155312,6877,4,124526000,2.1,15,15.6,22,20.1,103.3551,237981.25110547725,633374.6044847984,1906545.6070889365,239551.52015407893,1162429.495116247,193486,13598.254819880902,642,1276,1331544.9167698445,1378,208534.28453510997,253862.78324784306,127.1,126.9,250.227,256.63,101.766,101.602,15007.2,65.10032820391879,98.33189064266625,17.584,105.45627387296204,886000,1.69,2.8625,1.293744658943666,0.7023504529790975,0.9618426194507101,-0.8917994949877622,0.17020567078612248,0.02843594212435202,2.0063827413386752,-0.039862831645835504,-0.3472891711947724,-0.47754253183768725,0.5938822227055529,-0.8634432323007759,-0.39629901969199727,-0.6505877063156424,0.6365721592090611,-0.11080541350831782,-0.31419750453982354,-0.35269188919769773,-1.2430572526972914,-0.9233354716725393,0.4162727272270296,-0.7843330887527659,1.4628078433345517,0.03684163389788682,0.3447552826267095,1.2645325651163577,0.41065390394528994,-0.25934250481450755,0.46912809285715024,1.4582731121577381,0.10581382028515612,-0.5399249564952072,0.3638828679104489,-0.12544908695008464,0.11388020407978369,1.1684960760334575,0.2791550591316331,-0.6531447989402025,0.05781023510634328,0.8709070156546915,1.187279407636587,-0.6165515231143435,0.8939589438286861,-0.8893412200962865,1.9834498596933177,0.5299144757398891,0.24923072102794086,-0.8754563183020948,-0.6860917653070964,0.1488262962828335,1.1217139310090258,-0.3927253918476764,-0.8680294289045638,0.1376747163369542,-0.33980640874947593,0.06836732363261688,-0.8664439167184788,-0.5811009617911966,1.4975531227784804,-1.0946979232622729,-1.2088511282229306,-0.49360175675350904,-1.3639179066130092,-0.1919555285437846,-0.6255680131811834,-0.0701732794601474,0.43702073228682764,-0.2163718874368767,-0.5302551185163152,-1.4558841511360359,-0.11034221992112869,-0.9392911428848268,-0.04886171028572278,0.008660234032149498,0.5103972819929796,-1.7785343460428886,-1.5606919802423143,-1.2066832302884578,-0.45602426325343537,-0.3451986563701114,0.16398067917913936,-1.6688106795586133,1.2361777174749613,-0.4386057889399991,-1.791636254028686,-0.9179873873607118,-0.7906928745580096,-0.6430818099330513,0.9088299105884664,0.7025142653846451,-0.191065426068216,-0.3917258288626706,-0.05179814996868523,0.03978072861812397,0.0602662818104622,-0.32983614654499444,-0.06212593305820066,-0.1180138368899455,-0.22533132062511185,-0.0911780587843852,0.45739714411826315,-0.5196034028771348,-0.25957171131250983,0.3952931315816249,-1.1424349162733993,0.10821134520133173,-0.3637377028175937,1.9729867655082676,0.24119974071831318,-0.3541597441728857,0.48417573133973685,0.7228650018019308
2018-05-01,148740,155652,7016,3.8,124636000,2.1,21.8,13.7,31.7,15.9,102.381,236717.3168793714,632127.4070295562,1904474.1496303845,239175.60157345916,1162383.1431906691,196163,13640.242885590684,662,1357,1335163.4769131164,1338,211524.31308305787,252156.63962488106,128.2,127.8,250.792,257.145,101.941,101.78,15057.8,68.64755103442187,97.6775428165793,17.829,105.7144364302564,885000,1.7,3.0025,1.15295350724863,0.2947123527636436,0.45063236828656805,-0.9233692136614668,-0.8277665464985308,-0.3751479917967376,1.6654792480667284,-0.17817723310472472,-0.3547669085144826,0.07328378656176117,0.5127180757184234,-1.0465882556842139,-0.30185096365921926,-0.8459144982251716,0.2960971211454513,-0.019184732605690452,-0.6921917746261879,-0.1909832005286468,-1.0861480521640723,-0.09238698102618828,0.4480262106874628,-0.35539829951264335,1.3720026504524379,0.37590434955353297,0.7986650541657145,0.8955268111004473,0.8310155453854757,-0.20869798916936233,-0.7666093234982126,1.350782239178089,-0.26612607365834984,-0.32309640446738774,-0.15981085127091518,0.04207840769555701,0.06441309704033932,1.1442423358124105,0.10385061253290005,-0.18047471687876027,-0.16047435504155508,0.5164712661375763,1.3052009742435229,-0.1273823480499762,0.840885946445118,-0.8279024706819627,1.4701713205707723,0.4749038145166015,-0.26561038450880536,-0.4430207770277814,-0.3598545834815251,-0.6744354871637033,1.743177014633023,-0.3376106968696417,-0.6807069647539075,0.3435801243471476,-0.013158462848807534,-0.14750614557873515,-0.6694540293701275,-0.6186476404691379,1.4014246543914144,-0.4195869991077116,-0.5867393052631736,-0.7750511035510546,-0.8768459299474636,-0.28315471803785836,-0.5230030121041275,0.703544137751803,0.8300830074962111,0.11952832055804173,0.19228648115179636,-0.8107889534669067,-0.0960714778216668,-0.8882012223943305,1.4793370758414468,-0.18229175719769372,0.9404578921657035,-1.0333699187581145,-1.2120305175694939,-0.17435883494153642,-0.5738490015987473,0.5730333078112445,0.07228465554332122,-1.2261351577199313,1.4712254294007134,-0.5032474391803666,-0.5987761374637697,-0.9707497191141468,-0.8646963301722796,-0.5861284666350881,-0.06774804084414385,1.241479956872413,-0.21105382216840565,-0.36008730955437684,0.8985520385976828,0.3659383259197044,-0.45967691155584545,-0.5951357286501241,0.03661845981255244,-0.22341257731086858,-0.697718684170926,-0.24844174161555363,0.01820396869599855,-0.43374829856677816,-0.24269106792853137,0.06913671556894765,-0.6877507360606397,0.4504941597435135,2.1259813591614263,1.6499653492483184,-0.5685801797080918,-0.24578214672524828,1.0745112779293955,0.5891119508435434
2018-06-01,148959,155762,7230,4,124843000,2.1,25.6,13.2,22,7.1,103.2256,235615.3642591812,632033.0494271236,1903581.4196206084,239754.38355761598,1161624.6361328643,195296,13653.37306060042,636,1192,1316246.361328642,1345,209164.06119828674,253083.92711876036,128.2,128,251.018,257.399,102.029,101.872,15119.3,66.52030305109332,97.48180006295611,17.743,104.98362168902358,1113000,1.798,2.896,1.2893905967889012,1.5246658737352248,0.4644002190541679,-0.7618797668390576,-0.714973197857301,-0.11546018094036967,1.2776379315407957,-0.30068105311881366,-0.1605596079260937,-0.16309517686528602,0.06550878286107024,-0.9062748918585689,-1.233878399618056,-1.132751406096908,0.6264290541680185,-0.25221807887100745,-0.3019650704561306,-0.2464832186316867,-0.9683530608546379,0.12128197295343968,-0.08782739135798347,-0.1711709791112195,0.5430358913729695,0.3783116270332801,0.8702975618542497,0.20973602846620376,0.704468263719071,-0.7599909568606857,-0.988082647847507,0.860100794110075,-0.2691315489576431,-0.43984831166326105,-0.5115071456880572,-0.3503600667626392,-0.3886346413595617,0.37918461763445216,-0.09477920134932342,-0.10966569619007908,-0.3446984470562822,0.288744155559904,0.45393402817052475,-0.7389875039018017,1.2224977022873549,-0.9236725680540252,0.6746419580482935,-0.193504917702057,-0.030936478245572527,-0.8536249370815571,-0.7328640164427678,-1.1499581396120844,-0.19703889679285658,-0.9093018167323638,-0.25935126565791167,-0.0736095269989866,-0.3109630411508634,0.14927233227979783,-1.5161394253341232,-1.0381982666432228,0.15830942849285046,-0.22346946649733762,-1.090682483418157,-1.2686963345699185,-1.153891992118062,-0.5946376334083471,-0.9028140924789945,0.08187575682286351,0.2654565708079314,1.3411777036781924,-0.3532889880793615,-1.6053702023040117,0.10800752183396224,-0.7228145660985945,-0.5457509505910663,-0.03515628291018023,0.9649283686535204,-0.634462155564047,-0.7525490216691527,-0.3275495106642089,-0.9270529384432304,0.4274153764043549,0.28057918090903794,-1.0456450231477277,1.0446026531305808,-0.8222336874367079,-2.0975782066866753,-1.2990863665775592,-0.9844732857838739,-0.7997535360127638,-0.802965910832195,-0.5724525485493631,0.030890292731288713,-0.6050559776035059,0.5866683055720127,-0.13169903641040995,-0.4905138164088886,-0.35366675187149177,-0.31613477655896677,-0.07373336922715071,-0.3921593113975733,-0.16955554887011634,-1.225975770855351,-0.5094266338749613,-0.2232763595477952,-0.4910525654183264,-0.6721438226666385,-0.1934702835333928,0.8170118038261235,0.7628699100890496,-0.5167611047943407,-0.23057091794836823,0.37116824841780544,0.07216093217070345
2018-07-01,149020,156146,7190,3.8,125014000,2.8,16.5,6,24.6,9,103.3561,228382.46668690094,634167.8334002369,1911175.289083981,238451.29580857084,1154538.51199859,196304,13682.40696319649,628,1208,1309230.7391053194,1334,206849.62354484663,255483.32142122835,128.1,127.4,251.214,257.699,102.137,102.006,15184.7,69.49489411280926,97.7402471027341,17.629,104.57723680756217,838000,1.91,2.8775,2.308062665686937,1.5924059839083535,1.5107765586842643,-0.9027057419210649,-0.678793142276793,-0.6464115825349614,0.06547975225513193,-0.34386213280972966,-1.2246597670021984,0.10166173616826114,-0.10432511581962119,-1.3040933920654068,-1.3193846800540356,-1.5602913372312135,-0.47540791749110545,-0.7357027880470476,-1.4582289678265776,-0.20121269842946948,-1.2288040084672214,0.3504021569569234,-0.16422689454402187,-0.8691947984632569,0.40970782049715565,0.5226731711646297,0.012365150227608977,0.13444977453376789,0.3086269719633523,-0.8053233680818058,-0.4091523120495383,0.9693305122483821,-0.21057534958449858,-1.1254853929880284,-0.7881092379104169,-0.8326464138248817,-0.9557363400621219,0.17012122603078075,-0.3008164163208487,-0.4799727429694095,-1.249514996128302,-0.43682708197248976,0.9833433801028968,-0.43075560801057183,1.3764900819132955,-0.7287670557312989,0.5216956676947567,-0.3442705209813819,-0.45097040086448203,-0.9106634201724755,-0.8819165180804347,-2.0344024944123946,-0.9102700054711805,-1.7746767332738038,-0.9576753818578694,-0.2678429902871588,-0.22434435442897938,-1.1194480839312426,-0.5123982294951639,-1.267573416213828,-0.41463713852899753,-1.0913671048502522,-1.4640827765405808,-1.415321318929848,-0.9658377478296365,-0.842685286832705,-0.8483476757156017,-0.2954858264535192,-0.11929609936370125,0.16872262315343736,-0.3067637462086834,-2.0903789253770877,-0.042340924172524524,-1.4372705006327697,-0.624027688276766,-0.19396300268565625,0.8505140644462357,-0.7490870677560602,-1.1671813942211533,-0.6678820597948354,-1.0152883237007433,-0.5281687223273195,0.3345775281809693,-1.2209454776020006,0.8063755361134318,-0.9412019439583837,-2.052171996001972,-1.4031315875584847,-1.0918260996631173,-0.952224592303111,-0.7041313056729765,-1.0219268956177594,-0.4376260158017432,-0.45795742272155704,0.6402548527572044,-0.600587870748394,-0.7009127651739687,-0.4113226989092954,-0.5614359566177154,-0.2576263728570309,0.0809097236416962,0.08758399539336942,-0.8954051863741809,-0.29947891405019544,-0.05073302262954428,-0.5356414997061281,-1.5033482086357401,-0.7131940655068851,-1.030923443863562,0.10732123839483952,-0.47713919848225306,-0.39630452690729573,0.019854881588667495,0.5186818945915781
2018-08-01,149279,155504,7208,3.8,125258000,2.8,25.9,10.4,9.1,7.5,104.0585,238392.29805886038,639607.467125861,1920453.8822808438,240557.49060738884,1155837.116468378,196074,13711.255479023168,593,1288,1311172.3152786475,1273,206484.81527864747,254972.21352536007,127.6,127.3,251.663,257.891,102.208,102.016,15238.6,66.58969943644334,96.97180738642204,17.564,104.37028973998076,834000,1.914,2.896,2.27901700170276,1.410227176722103,0.9541921313264474,-0.6492214378088593,-1.0475583721201698,-0.6444471104391493,0.05417095900203729,-0.42100185925042016,-1.6490614916289021,-0.5393019298979209,1.2642117356527163,-1.515727885804307,-1.2436122819973596,-0.9670724641277635,-0.818582969437664,-0.9483001798921619,-1.3021144618280784,-0.20898723360174948,-1.347998354013307,0.46489961973430904,-0.37085663338863173,-0.9242025613396825,0.7355485019927945,0.02004449498132626,-0.17744424931731767,0.367255303695338,-0.018214472251342623,-0.6938406672432407,0.5551222629444109,0.7234991371580292,0.06399891252541137,-1.2818044427345745,-0.8435481664588524,-0.5738392137559825,-1.3300225666728303,-0.6819766789032589,-0.5687730349801495,-0.9380242164352681,-1.3041956656087186,-0.9022174270616257,1.0774576696894107,-1.372688487539257,1.4702362261713153,-1.3501955677449975,0.6155087301714081,-0.44507067292235836,-0.281611660580318,-1.2677419865790562,-1.2923513544999188,-1.662844483507562,-0.6167056326241369,-1.6286037952460446,-0.9337297883941608,-1.0824167815945798,-0.3414304528014933,-1.380711353650676,-0.5946187723814031,-1.2914964223055674,-0.4772505108192576,-1.0453340551471548,-1.2882162760540337,-1.4302649918920656,-0.905451660078382,-0.9168835507904217,-0.8229025485520808,0.15286070821800735,-0.06906298028982558,-0.37773967326994096,-0.6030261739149173,-2.417994387692075,0.18367588556355408,-1.500628459972051,-0.6606658587133512,-1.0027860306621037,1.0272604488935322,-0.21908513549596997,-1.2806148929825953,-0.9113837387093158,-1.2110992355928558,-0.78787685613065,-0.03521864059626642,-1.1450851496724483,0.9916448317278735,-0.9066805171110266,-1.8210005988030107,-1.5430560922686307,-1.086189075181588,-1.0237936577412639,-0.7447599527868656,-0.7456689895053376,-0.3436540638867293,0.8802521080404722,1.385708073332427,-0.9661337632438087,-0.9186367367948871,-0.38088273185989147,-0.7982336986650158,-0.2565227674086896,-0.5362298570385107,-1.0297704966147831,-0.9972735787321356,-0.3141360906416607,-0.7588517228020952,-0.4312730514791566,-1.4490599542537013,-0.8761396534265746,-1.1364822633912202,0.3222502558881607,-0.48876717324565333,-0.49441785812022776,-1.0634699216755825,1.0778202858387909
2018-09-01,149358,156015,7411,3.7,125336000,2.8,15.1,6.5,21.8,11,104.1038,238914.05807572888,642689.7615653498,1930274.2327599092,240790.6813255482,1155853.4632584115,194902,13686.851920560837,595,1250,1294032.2990099397,1314,208434.06432463042,257803.3158233904,127.7,127.3,252.182,258.368,102.418,102.205,15237.5,68.57193071530395,100.59467972684756,17.776,103.06327687339686,1026000,1.94,3,0.48102721083505207,0.5986049638392491,-0.11910972558845617,-0.13168223020912265,-1.0443242604632665,-1.3543980414640453,0.21305062826092805,-0.4551836576026241,-0.7331607466387499,-0.3075062524360683,0.31226661996783456,-1.3905663755157736,-1.302638045534798,-0.8686584364362596,-1.3759292948735222,-1.2707656423185614,-1.5319880122803065,-0.7927369150155337,-1.042923286750452,1.2655267274776505,-0.6998132742163414,-0.6401957111123017,-0.036691786689281546,-0.32526790130115824,-0.7479841485143722,0.14443774312049376,-0.3812285184241882,-0.5460399582573062,0.6349620876456374,0.34590793196367525,-0.17850910658032024,-1.1157357539047559,-1.2566092955048451,-0.4136888814375464,-1.5435000934423406,-0.41070927475206065,-0.7729382052867644,-0.6855517096349497,-0.6299664859864341,-0.6192096267981851,0.8139654006311927,-1.4767262471559388,0.8041783064531028,-1.8641177106626745,-0.05718351059253465,-0.6962454358382157,-0.2823008880953603,-1.265045207483458,-1.965458777680524,-1.5012532540861498,0.7230409256689536,-1.441581734865578,-0.7368401450485432,-1.1313890453127442,-0.09570315070522492,-1.0415171800926182,-0.8911876328132856,-1.195923601731393,-0.32219623470405656,-0.8233770456446586,-1.4137262470398666,-1.1960712296371905,-1.154361212000814,-1.181229943881899,-0.8998298871787597,0.4503571540045254,0.7508209708693218,0.2779833374053605,-1.1748372335025838,-2.478373511040507,-0.7368714969484408,-1.2130968402549285,-1.3385684333308903,-0.3340183610467641,0.7114649102310463,-0.873616312388448,-1.2619192313950203,-1.1579614609118591,-0.9027881826220336,-1.3303418131027844,-0.13616675099827136,-0.9416680067296365,0.7815165809978946,-0.4373424774242343,-1.3850749083453495,-1.1235396942779885,-1.1554753184765056,-1.0629680860781676,-0.5516150842720723,-0.31393818061434087,-0.34960249118501563,-0.2974855155799766,1.6119739908518278,-1.2707196924733215,-1.1942838451509197,-0.1565074175044302,-0.7286451329506936,-0.5248037159984758,-0.4669560192286616,-0.7064144360143706,0.022373749081867688,-0.33860157324669976,-0.020108961922954423,-0.7008239044753597,-0.38853516540205435,-0.7809036252331647,-1.6525927425608926,-0.1135900391198198,-0.5112873830595305,-0.4834579586903218,-1.0261011572701362,-0.4519047320370421
2018-10-01,149526,156391,7304,3.8,125591000,2.1,18.9,5,20.3,5.6,103.9297,230100.8821092646,645746.8687557874,1940747.6004553933,239859.64228276233,1148355.1830011208,196389,13726.887275208344,554,1221,1277193.820361616,1272,208600.80900628687,259726.10751011258,128.3,127.9,252.772,258.917,102.595,102.366,15274.1,68.96047565670843,100.08949933831842,17.991,103.72169143862821,852000,2.185,3.16,0.08462699715507796,0.526105748015405,0.046999813017652194,0.05535888855652316,-0.9581573290292094,-1.222679927253169,1.634946481553935,-0.48658013757199126,-0.5131717291099231,-0.5459240387751862,-0.10043587692482567,-1.0787418292310285,-1.1791179390648776,-0.8523045456746912,-0.12274274875534441,-0.8035054002992832,-1.6053436172256217,-1.02773922596252,-1.128406894786852,1.0169754341659403,-0.3718875092931475,-0.25512541689716495,0.4722143421221894,0.25366067778540907,-0.6845237179988977,0.9023852158409575,0.1263766585080966,0.2868519328891134,0.34389555673023253,1.1783868485606774,0.24324106351206037,-0.9008215051011519,-1.1298873511892409,-0.5046615126982991,-1.1776606958499167,-0.9449140589568915,-0.9122033125672934,-0.7660012568882879,-0.6424256511132662,0.2902558473406277,0.5997909512758727,-1.2163112583028002,0.7121207627771884,-2.15414324875202,-0.14285806579574112,-0.5244121112499416,-0.17795781409562467,-1.2226222737636647,-1.3667558524996797,-1.4209589466354713,1.1313223167374202,-1.655827805544405,-0.7692615125909179,-0.7465013533887292,-0.23126815250936894,-0.9863493822854801,-1.1301080600564826,-1.0327301218929639,-0.3293771335319157,-0.8575817667907346,-2.0711705020926248,-1.3886365614035316,-1.2000605628258354,-0.908688766889523,-0.6503145046687989,0.36292557218442306,-0.22591283432292414,0.6305695519905105,-1.1531877883424093,-1.3395202296397595,-0.04004417734640844,-1.1551878776958142,-2.195549536307782,-0.19196974839025732,0.8985421587116603,-0.6352742638952198,-0.9821667075550428,-1.272839300813101,-0.6044461344697326,-0.956462688077982,-0.020692180204788725,-0.696196541971843,0.6253234998121546,-0.9233447247726615,-1.890215306464886,-0.9349004025897465,-0.7416872463267401,-0.7823011480557591,-0.24799992754039324,0.09209931960920889,-0.018786384717131364,1.3910462525576075,1.2365884100075086,-0.3246831135042217,-0.9518951379702432,-0.7906046471671301,-0.5036563113989017,-0.39964938964782715,-0.30827806220845233,-0.849375220483504,0.13463276720570216,-0.3974162982360852,-0.35313209343324625,-0.43492039978847113,0.6031018141880902,-0.4018426690060516,-1.329200305490253,-0.009374218009140955,0.11379596805963132,-0.19368916444395584,-0.593436083242957,0.04006330474696222
2018-11-01,149617,156721,7594,3.8,125786000,2.1,17.8,4.4,13.8,9.5,104.0126,226678.3591542434,647111.9555685472,1937088.1919168802,240500.82821787006,1138438.0785345417,197492,13799.961025041412,625,1181,1267855.4029036344,1340,206054.7598168177,254190.7824222937,126.2,126.9,252.594,259.439,102.63,102.556,15315.2,55.500341030887654,98.93605730933292,18.061,103.15387469826702,901000,2.2,3.114,0.3106257767977305,0.36761932119341834,0.6596620797533592,-0.6970138756414683,-0.3210446614489927,-1.3226164761126717,1.8515651610140078,-0.22499307268065258,-0.6507171800457012,-0.6635524391952992,0.27456023948409813,-0.5803483703516872,-1.2599344418443728,-0.7917087600650528,0.1577854690110092,-0.09881202246594861,-2.2289640998640685,0.973526743253589,-1.0091902742752143,1.5146106427315513,-0.0021921921902501584,0.14733233728075232,0.9327124964661406,0.3047971094463828,-0.5862367273890812,0.6012555672194122,0.3320963752321683,0.7719493397146477,0.49417294611770096,1.0295662167695394,1.5280605808619376,-0.9816142604668577,-0.816534863859232,-0.43486779464054837,-0.5469532483358521,-0.6575384373413118,-0.625243999141868,-0.8926951929952585,-0.1749206339266285,0.10771350478245081,1.082860203508433,-1.0806182975524574,0.5309486791701518,-1.1029572837793014,-1.3166882246271265,-0.285173366259019,-0.011886747835352394,-1.3446714904276,-0.6289873117365429,-0.54079731736721,1.3483286616415726,-0.8986612553777898,-0.22417834158026823,-0.36747696797671975,-0.08584263235282008,-1.2473837640840473,-1.1810705439522724,-0.9691271956105433,-0.44306591370001314,-0.4451403595687341,0.7537570540745193,-1.0576093664569168,-1.139780745381649,-0.5271254378285924,-0.3040728350718299,0.13723238774985685,0.11558945702453076,0.9363787992647649,-0.7431606170067474,-2.2791160271222166,0.12640352289822263,-1.2294111341314933,0.16474268570683237,-0.05576443835238849,0.8650612826169647,-0.49363072458340496,-0.5747278190323118,-1.221806029395313,-0.629371235688413,-0.48995336823258967,0.0064841068669729465,-0.6547077782278397,0.8343107039572992,-0.4845565925760563,-2.254282181744126,-0.7386985643501449,-0.888427195495737,-0.3664801672504129,-0.7696383185488617,0.2426870096889228,-0.18350225899759096,0.8506597968751077,0.676528491110399,-0.18178827394202232,-0.737913709557098,0.1306828645954719,-0.19096533833935053,-0.03357555214314062,-0.03239456961182962,-0.823190734910801,0.029490330600453276,-0.40458363152547266,-0.24894104064394085,0.2589765466937176,-0.033824788769575675,0.2631640435572461,-0.2903954698783734,0.7230229830535516,3.3243663163004507,0.7378146955805464,-0.4733664463630396,0.5341795468184302
2018-12-01,149809,156817,7489,3.9,125808000,2.1,11.3,3.2,11.1,8.6,104.0451,233144.76003154792,653668.416081635,1944731.8418168216,240101.84905697123,1134907.1576712981,193504,13682.047886583385,546,1095,1257600.2181088792,1317,203457.60995511242,257216.5801696186,124.4,126.1,252.767,260.063,102.701,102.735,15506.5,48.217641503003875,98.75199933831843,18.077,102.17927537602532,1123000,2.26,2.84,0.7705137828172602,-0.010111163933645112,1.430191198310788,-0.15310832679756628,-0.13081030598459606,-0.49807910400259986,0.62623570932351,0.17341849590803832,0.31990803464548545,-0.3728504040560539,0.04151763869849084,-1.0340147681405945,-0.3411651962360047,0.05854446134214853,0.5062450190809281,0.07042109951487956,-1.4535413112386315,0.8269620584323248,-0.8437855825840583,1.5177328404078063,0.816106672851199,0.02518028609809193,1.068877886079369,0.11898494707035624,-0.9642380966660788,0.3941469283981175,1.1099053327751733,0.9771160179373379,3.8221335600541826,0.7517934456266635,0.9601287261004708,-0.8257070284363444,-0.5457304402210208,-0.020152154954407045,-0.0026021708395162716,0.1764599623027471,-0.3580491049135094,-0.6717512902839863,0.4311171333497032,0.403981651624107,0.7482233079162214,-1.2331715740022018,0.7990072994230973,-1.0841035466541438,-0.42031936373186196,0.05191609196536898,0.3322828380579825,-1.2104736231477473,-1.03039561102234,-0.4961646635119502,1.3084263717800517,-0.7546147571453201,-0.1831327507771848,0.0741615468671078,0.8384026052726087,-2.2480231211327775,-1.02765037458641,-0.5704219045083528,0.832834097267289,-0.6992722630754763,1.7640387761107985,-0.45341618567213365,-0.2991940568389423,-0.11984055300602442,0.20868264767780836,-0.5011947038712727,0.761072914198867,1.4028507926121982,-0.6800916715136373,-1.9484242535205956,0.3254957231239873,-0.7622111752888376,-0.3929702328647033,-0.06253105029826221,1.0562959811283044,-0.3398023556583652,-0.3832794097856895,-0.15302947392218738,-0.9450483123885847,-0.49024717937253515,-0.7727676736991721,-0.7892759841925149,1.258951201725248,-0.49920614321988827,-1.5726119917265147,-0.6367786290526654,-0.2520560209501345,0.20731640061333295,-0.5648426619749796,0.3636041976622253,-0.343910107618126,0.06725940988315512,0.6953543968564853,0.07164776672377592,-0.42493518807536257,1.0498463345791376,0.21511920303295493,0.23308911753552902,0.6099124446625673,-0.20680974032478466,0.019143311261683678,-0.24080808226138234,-0.10650860221809705,0.5408462592886841,-0.724873575796575,-0.28976152296225677,-0.37506384898354017,0.812028698522891,1.3363027587789986,-0.16441535362593238,-0.29173702769210696,0.3733368409840855
2019-01-01,150059,156487,7502,4,126217000,6.2,9.4,-2.1,14.4,9.2,103.3598,226846.11487802977,659515.0416958928,1970331.6764875697,238275.46566908268,1128261.6319850364,194187,13721.261008495052,595,1226,1261157.5481256333,1261,205168.1474553815,252820.31797989248,124.6,125.3,252.561,260.766,102.648,102.87,15536.3,50.05455537370431,89.51594861368075,16.97,102.42976695844257,891000,2.4,2.715,0.6068835302119837,0.7978515850839645,1.0769151576240275,-0.6974745263383688,-0.11740708903116552,-0.6654700371429856,1.0890251158889372,-0.15519513433296678,0.2832998731237679,-0.2675077204167294,-0.011604491812924556,-1.0915016560121327,-0.8638513525546404,-0.3527654543751007,0.11367960866678736,0.012976430400185677,-1.2475561361448808,0.34157697505922185,-0.5020108154487646,1.3492631658780896,0.29866226686259106,0.035911887127774045,0.953169345953393,0.8858699273324827,0.05147145589509651,0.3283688198146079,0.5326175000714879,1.1164937940506146,0.43308771589178374,1.3464434399529883,0.6752221490523783,-0.5875459885076741,-0.1333023865434504,1.1167114227507355,-0.8069586609126451,0.33044496609358975,0.09152769158924651,-0.44795967291656624,0.22792935724428942,0.4115982706887432,1.457738634523633,-1.5413776075305643,1.4739071398366144,-0.9808782088768595,0.20941361742198572,0.5666363335974671,0.6661561940842713,-0.3423314103351949,-0.7026585550180853,-0.961229483015674,1.0762795854597282,-1.0528752091587805,-0.5053807992564243,0.5062111567391756,0.35640151724261115,-0.47948735461082975,-0.23082121884571316,-0.7554022283027821,0.02088436807239652,-0.1638216776226267,-0.15460633149697478,0.8519010666657724,-0.8509592441337798,0.6809006110548592,-0.11571065582483027,-0.3038267761552167,1.0834052517790789,2.0369661244296,-0.43542576804645516,-1.2706290509460703,0.08702434605901627,-0.4225985265618084,-0.15403161511330035,0.322665986198445,1.579222808161056,-0.3607880295741002,-0.5049640037989603,-0.20320884750478843,-0.9786750152052011,-0.3671387285201263,-0.06544712163287146,-1.1763268247217948,0.9822834220784198,-1.0098228330858043,-0.35365410924925833,-0.6366373215539269,0.09913888633572296,-0.6425986302027751,-0.2302819622028126,0.06421885838526084,0.03970394424319035,-0.1068823760366657,0.13171690952312382,0.006910124753937392,-0.35202716273042484,-0.3585567352443467,0.2175462026426138,0.26472942466632277,0.8689815173241324,-0.1563141949516496,-0.35422335878670075,-0.16550122014681465,-0.1591048537928888,-0.07370423812487213,-0.5130784903009342,0.30753837213620355,0.09398856037332992,0.5339464851503987,0.6910055235876165,-0.4776956118843505,-0.12089723433430913,0.06517237375670522
2019-02-01,150065,156863,7066,3.8,126376000,6.2,9.2,5,1,12.2,102.8251,221390.36913143258,661133.2607258159,1973889.499684492,238387.3351744525,1113638.2200785717,194123,13728.071881442296,648,1121,1275976.3117974252,1287,206809.8720292505,253111.75074876501,125.9,126.1,253.319,261.186,102.836,102.963,15560.4,53.43459488894939,93.07455368614451,16.962,103.66155355309029,890000,2.4,2.6775,0.953452745242124,0.691511595676419,1.0571743106594051,-1.9177874393888583,-0.08519209103326586,-0.8324887789107125,0.440980628389838,-0.2798484079480355,0.6025632974950624,-0.4641111135600256,-0.19349333728433935,-0.8110668020321051,0.2458988788415803,-0.24950083955507776,0.3680080345983462,0.06911333513721986,-0.1570117384780231,0.06122801115635895,-0.7528644481826569,0.2836868078575474,-0.01598952345691032,0.49726894908341707,1.026567246387663,1.441949057034023,0.6533304148642054,1.2251875297366202,0.0833915216364486,0.9588368393524102,0.3238503824311826,1.6349251327054732,0.6023871938544617,-0.553255267175937,-0.03121491261980481,1.3628567722555243,-0.6276571006111581,0.4257786051896719,0.037997665600495514,-0.44961219965500576,0.06762663508495034,2.7293895907187338,2.007998117433868,-0.9718732493134822,1.6184864555494003,-1.3493558382962922,0.22636140443389333,0.7900118603937509,1.009943351375567,-0.9631261257673092,-0.5002282159477884,-0.8351481693906182,2.125874037796681,-0.8094149351709189,-0.019902454187365942,0.2467668880531971,0.651532099668337,0.8641198103311578,-0.723755824874696,-0.5207235115799735,0.3816494320256458,-0.32005426590595953,0.1326978648104454,0.6515310626284733,-0.4279345955655231,-0.9419874420241152,-0.2876514784942921,1.163321690730804,0.7869325576816144,1.4458449376612739,0.1221130807550314,-0.9216013647259551,0.08160012837717118,-0.4389120055107284,-0.5720001872782221,-0.0907712077560956,2.428560361772613,-0.5341690970647318,-0.6997762717350359,-0.6457705799887299,-0.7206890847088226,-0.40074004298199584,-0.17285506284932847,-1.0488473657252881,1.5036218291926071,-0.9516283238826264,-0.30412270333245783,-0.17252482561814095,0.09918425546183884,-0.15441390318363188,-0.45731164721488266,0.2652602431290111,0.33685082329225224,-0.4897426027750662,0.12509287820542242,-0.012664260451501494,0.6014355263528011,-0.4338799720338743,0.1451361330198055,0.7184897679258728,0.5301261748923485,-0.19974963029552814,0.2834573601753646,-0.24458616344974565,-0.019109479124902663,0.1157128456996481,-0.33933211415837417,0.1525357136234265,0.33518109391416107,1.0568898283698356,1.3605390051953075,-0.3675051799426797,-0.3455372895955051,0.09550527773303252
2019-03-01,150295,156701,7317,3.8,126340000,6.2,10,1.4,10.6,7.1,102.8361,230012.90397694748,658960.5021878547,1966155.7977440297,236523.10588052665,1108692.2352986834,196358,13824.331273224732,718,1191,1283204.4552678303,1305,207668.6491573606,254332.53451571276,126.6,127,254.277,261.567,103.069,103.058,15566.5,56.41851575158389,97.8339739759996,17.842,105.00827501992549,1059000,2.402,2.592,1.2582259896840426,0.5003729485145822,0.9279269227504435,-2.2042383248523714,-0.501555063431763,-0.2369357064033238,1.6240215778869336,-0.4986213315511039,0.9143906277648163,-0.1572425009783808,0.2858658497896017,-0.7593166571863188,0.1389297581064548,-0.009763863969895037,-0.030989264890224175,0.05457293947035101,-0.14025873211617929,-0.2411687591529464,-1.4155518694343183,0.3188934579920587,0.9089649296192303,0.12125142024300122,1.4330845221671293,0.6122349520853492,0.8074816321156869,1.618511490398791,0.2896221628432574,0.5525284600120863,0.8831688921511593,1.6317927073554763,-0.10552343177499793,-0.013848114298232428,-0.06041241727668341,1.2105018313352458,-0.23040995257614189,1.0537576146094623,0.08547618043543949,-0.2203013333666912,0.09619642503412894,1.1191422250541556,1.7540232815791208,0.31663066811302276,1.7610045456689374,-1.7092624394567124,0.5531694823492056,0.9816539269602497,0.8147414411753926,-0.8942815743273635,-0.6198860189562693,-0.4444588732814635,2.1562866131202725,-0.5283459332147149,-0.3131210960424057,-0.2699455962909452,0.4643974863967226,-0.16433935343469477,-1.1776818350248683,-0.727937246032156,0.8736527427002333,-0.8840202978757395,0.014867469978057013,-0.5580533501294401,-1.1588620585753522,-0.609406807952957,-0.4525724231130778,3.400163003048667,1.0637376753064343,2.0408751756740067,-0.2076631951276365,-0.5738889885187822,0.3356365505104784,-0.5642233794097523,0.00420924992420979,0.23882262600188844,1.6826976974816403,-1.2947804416262094,-1.9271034378209295,0.14194795636711652,-1.0318853387878535,-0.271292895366457,0.14308976938305454,-1.2770445283153236,2.0225654367233465,-1.3680521587824832,-0.4106068993572936,-0.6741323442534926,0.2529797363129009,-0.3204925216495571,0.4727551541284182,0.6870882691077485,0.7417029550883009,-0.5659481399626863,-0.5552481288515092,-0.048093755269573234,0.11177395244856135,-1.249028729901515,-0.2777548465490482,0.6648896346343844,0.796259935342431,-0.0585187432671731,0.16669033546569062,-0.3621362007259695,0.3475235159411796,0.4384225075801073,-0.4707377514037075,0.2200621757577157,0.18162944266432995,1.6228967537309413,0.8138582974103895,-0.19857130761614064,0.39606634834624427,0.8422330489837672
2019-04-01,150593,156625,7272,3.7,126393000,-2.4,6.3,7,6.2,-2,102.2748,221333.20433436535,662988.5835913313,1969418.7330786837,234216.33126934984,1096897.2523219814,195642,13825.46439628483,702,1272,1309165.0541795664,1311,203869.0015479876,251848.8777089783,126.8,127.1,255.233,261.997,103.36,103.265,15534.2,61.784055727554176,96.73189064266626,16.968,105.85102579642619,839000,2.4225,2.5375,1.2908606147202097,0.472202744697132,1.028718818790487,-1.7606830105891675,-1.001219876341692,0.05001540004687467,2.8659533847985665,-0.34182039656298563,0.6711151654083831,-0.23099093555369965,0.42709258326327004,-1.4205442423374905,-1.012914234550283,0.1153588661736787,-0.27327279898153384,0.09702680785044898,-0.31956400193808265,-0.4840937811419359,-1.9835815058090942,0.9905168264657103,0.7582381989262995,-0.3570176390620122,2.231601145676856,0.8070714217268311,0.5319231579270968,1.1616392669557727,1.2135864366593396,0.04296444459516914,0.7200230373206551,2.200182322992125,-0.3024562353229268,0.025543971684645495,-0.6036700230829587,1.2259742627262487,-1.079378221933777,1.2873474237330955,-0.3132279894967015,-0.619265891698614,0.08083700112696353,0.401533882715019,2.09046656129216,0.29900451765341174,2.0561255042467597,-2.427278956261363,0.6484382887676989,-0.012574511954513756,0.6204796565654038,-1.6345438386715687,-1.4490832908574307,-0.6891879010132714,1.4979802631028878,-1.6599845605950263,-0.8588822951459539,-0.2883933060047853,-0.14201819346049283,-0.1170228011575304,-1.6262995627481769,-0.4866187444124783,0.7430064036211743,-0.8023660398276435,-0.8512111868242719,-1.2798020223113067,-1.7654450938986739,-0.5607155746070804,-1.141222618589242,1.1478328041082473,0.3318547360355293,0.4688118256380464,-0.47149762824828884,-0.2355027561767393,0.5815432936320094,-0.6548995676344991,0.1514709158940319,0.19958340142372577,1.7497485148248706,-1.6293592021013588,-2.7305804465666097,0.01575606874283407,-0.6232340915297513,-0.08296601387752339,0.16444625328788792,-2.336742626473819,2.2918551835146936,-1.7406759850804754,-0.4626997469018001,-0.9655949999465626,-0.06392828009272947,-0.7540659528527686,-0.48286860086306466,0.8927591320807909,0.7758190249186214,-0.7253825299839469,0.24135952256855853,0.08007769942011723,0.0969768611306623,-1.6607690180163663,0.15297473297266,-0.040472645564251133,0.8745013040226335,-0.6208689281219046,-0.3676165287183334,-0.3166774724707289,0.13744585517523122,0.16075185960039118,-1.0668495821954844,-0.032437586445093404,0.07651152554923966,1.4872958530185454,-0.0015428393538692159,-0.6163884025978318,0.06442585768937731,0.4777371970059873
2019-05-01,150621,156821,7275,3.6,126505000,-2.4,20,0.7,17.3,1.5,102.4176,213120.3171073621,663529.7529849664,1969615.6937929238,233874.413883115,1079619.084449171,197708,13876.637501812733,618,1293,1318862.0873012035,1347,207837.7725141393,256993.2808043699,127,126.7,255.296,262.217,103.435,103.371,15532.4,58.809880601343835,99.6775428165793,17.967,104.04721479620754,874000,2.398,2.398,1.3264886207691036,0.2605590069403497,1.3395572737172745,-0.9877970369443085,-1.1358364749183427,-0.04714830240549395,2.627024403939812,0.09458996046367071,0.5682716411207793,-0.7735957012409908,0.8929204467181853,-1.8638747999788934,-1.104003596419395,0.43078326677239687,-0.1706627127744766,-0.7799736828750835,-0.6266912811060832,0.20444958893349477,-2.4883314990305823,0.8899545622198743,-0.7343270404012063,0.22408733409686174,1.605711519975804,0.46006325095707207,0.2802229792807709,0.5459601724249136,0.7516856303335089,-0.27311031423079746,0.5039268248665796,2.4226405165547273,-0.7959827570566973,-0.01282539536965675,-0.6415224198410667,0.7420004981535937,-0.951626504932874,1.0689908109296204,-0.9269747162509752,-0.7547023150062537,0.20189694538605907,0.5721168429763104,2.2861238982400316,-0.08667424568676098,2.145330029514383,-1.6993238739880552,-0.5222997809507108,0.36743788665374066,0.5037578219938708,-1.339234512773396,-2.5950274220526053,-1.196797421354312,2.0430748923064277,-1.6959554163308497,-0.34758574962859023,0.5401264259304472,0.020972476831312648,-0.182689089491923,-2.0450406715126555,-0.08767296698874676,0.11993036051947065,-0.9466548628239227,-0.8439838987801012,-1.8448799601218642,-1.538121872903504,-0.221566649658493,-1.1240866634944497,0.34586368531269396,0.46697852607401835,0.3087059471354513,-0.7729116573937362,-0.7880374406953992,0.30297374282855555,-0.12527000347574951,0.3553269542120822,-0.12716416930223415,2.135339939574952,-1.533360262268363,-2.121396720461381,-0.6391210021711867,-1.4182752885576706,-0.19787570155005768,0.048601402319747654,-1.9083680866555022,2.2428170870066575,-1.8176854089050851,-1.4651941049264694,-0.8553006000081442,-0.42068452306790227,-0.3147693824833195,-0.3817386532082697,-0.022285607283105996,1.0390100653514234,-0.13905032939360923,0.36655769943390826,0.012405610308945481,-0.6816446840335506,-1.0546888086292219,0.21921183228206736,0.4631675491478876,0.4495857040016672,-0.4427697726736128,1.8695925900458836,-0.0707125734971386,-0.27261716953409215,-0.1287375884046003,-1.2760990421034133,-0.3470240577475815,-0.8145657742490916,1.2985214731968409,-0.0020607780178503975,-0.8448336884817322,-0.40560297376208715,0.7888430051816456
2019-06-01,150839,157232,7194,3.6,126520000,-2.4,-6,-4.5,2.2,13.1,102.5425,212008.6196900004,663653.3183873836,1967413.4036418295,234133.77913493873,1061152.4486877199,197972,13923.601716207339,729,1243,1337693.7497584168,1315,205134.12701480425,252066.98620076536,125.6,126,255.213,262.739,103.484,103.56,15562.1,52.81975957635963,97.48180006295611,17.781,103.2477609901841,1126000,2.375,2.0725,1.3143905647201322,0.755783819220851,1.7665145625875223,-1.329139550516969,-0.827925587922995,-0.30166146291536416,1.317672224671986,-0.20179447271341,0.28038101906302987,-0.9207547129248019,0.8193843197716479,-1.5224085469905644,-1.122179675776908,-0.03392306168272212,-0.3750936219857058,-0.8896306723909762,-0.30844247004583203,0.14595153527923685,-1.4643850640884064,0.8744275060662183,-0.22042312918258422,0.44360634043671543,1.6230861880652316,0.7322326124787614,-0.19300957820846373,0.2095614903032142,0.6871066642385765,-0.7436365812216514,-0.2831900653322153,2.052124761555659,-1.462976536584658,-0.12980667311461397,-0.6683469063931934,0.12222365883133592,-0.23668201884302442,0.4418291187997188,-0.29458656839650327,-0.6267126752200407,-0.47077377914699403,0.4319989758090234,2.594548111798406,-0.3481946765221643,2.589601014327382,-2.1676843238363697,-0.6748563058796551,0.3274570497792357,0.5208615567406314,-1.031144462500504,-1.8988622614537403,-1.4633104679229232,0.3442955754103788,-1.1896288497920282,-0.005034119256709602,0.4193616248923969,0.46588062113823775,-1.211543532556933,-1.8576969032030193,0.4952038821262033,-0.01196186383118747,-1.1582610242621043,-0.7110888853601924,-1.492597047043696,-1.2576359413057459,-0.6218795879431348,-0.3785089308479662,-0.13757454797205987,0.31541927905554373,0.67003105211896,-0.8245507279622019,-1.0340159244452256,0.503805960766707,-0.5485779985523503,0.12530133232301705,-0.02084404366145645,2.2850333406121592,-1.012966616064189,-1.399155396992552,-0.48033342311639027,-1.185757837952934,-0.6695729076423227,0.029192576941425807,-1.611791112303223,2.0564517250812484,-1.7708320198711809,-1.8600300454154481,-0.979194614112276,-0.03484005494978923,0.2327303278496958,-0.215010023620383,-0.16164668276042074,1.2500787830631686,-0.35619262209242175,-0.19651803960219066,-0.41583933476939794,0.586797069811739,-0.8072042063563316,-0.1286168231314896,0.8243781497059569,0.8951027679434006,0.16467629484097823,3.4300062506688223,-0.18547282182004754,-0.5888219922955036,-0.00898191952278439,-1.171352505830065,-0.05727680707322939,-1.2115917735679085,0.5226485315646197,0.08393927280792536,-0.5647551762986303,-0.41891252137546364,0.9409780118981242
2019-07-01,150936,157529,7042,3.7,126555000,-4.2,-1.7,4.4,21.7,12.4,102.0057,216850.66877690065,662577.4449441239,1970330.7261119313,229235.10451448534,1051540.2134681824,199018,13989.307289957731,648,1240,1362800.3705776767,1352,204753.8167570593,251519.94750149583,125.6,126.2,255.802,263.28,103.622,103.678,15581.4,55.34538997510181,98.2402471027341,17.682,104.39870486310933,834000,2.4025,2.0575,2.2610422080350507,0.5175572558656019,0.8598266379701679,-1.3315144039337183,-0.9201343134799262,-0.8063931946058964,1.211649808716983,-0.12407220043732854,1.67792626477324,-0.6661916070219316,0.5180703849730162,-1.301134197807066,-1.2151622625321887,-0.041997544362433914,-0.4803659539975332,-0.6479257468245718,-0.16183586136794015,-0.07250832706598215,-1.800449504870573,1.1527193177076072,-0.13699862472399765,0.4098690125837635,1.5989544487347462,0.5191442459519913,0.27919117375670466,0.9495077461744762,1.270460708256526,-0.5628578327818553,0.7872461079831949,1.8577978640369992,-0.6040498941690154,-0.018507399139197717,-0.40226115225541015,0.3340246481491867,0.01249574480074913,0.21670355763726648,0.10476766480405829,-0.40140662643479175,-0.9722810962453884,-0.29023059565246484,2.140778155246276,0.4924224753500584,2.859785359178252,-1.9056360007230313,-0.02516353006945763,0.3865237654469639,0.9284673194743641,-1.627580719409881,-1.426776079401048,-1.5738525257470775,-0.5715663365878051,-0.03041739759608006,-0.0038416483948811864,-0.25287395549211344,0.4320404026287688,-1.2600185109088797,-1.318095220592613,0.4382664150604696,0.14778678645657023,-1.1838285570655187,-1.1512122311652309,-1.6176154593730134,-1.676727133736347,-0.718003868847453,-0.8499188374164416,-0.08027845962926104,0.007460327801892194,0.29877252735846926,-0.3030006353571846,-1.113096355481561,0.8664377375836894,-0.31668378564644,-0.09020329792584629,0.008293445930133966,1.8822581105543115,-0.5738860090285522,-1.6888127377579356,-0.6896944619069142,-0.30770917194928676,-0.5990477327447075,0.15911883578489655,-1.7779981235681894,2.433051123014455,-1.5102576064335937,-1.6775032535214875,-1.1508596674455391,-0.271842028216925,-0.07053479331005187,0.03992626811145546,0.012546590057606003,0.9925072718476794,-0.22081970269381956,-0.3577308483537384,-0.15649731855548776,-0.09619893854982178,-1.0629839032197124,-0.22045586575325432,0.9582294654778372,0.9759582154148998,0.006712641101191921,1.158443605201101,-0.0600586901254289,-0.14268845568854396,-0.2874049622101248,-1.455727749931076,-0.5704841099733744,-0.9564834379822489,0.028161383839325295,0.00607750852539788,-0.6619274821246987,-0.21154910513959493,0.567597896126134
2019-08-01,151171,157829,7178,3.6,126558000,-4.2,7.1,0,11.7,9.1,102.7814,218878.17111989966,661741.1015722967,1967149.1308976605,228934.11787402333,1045122.9863991512,200191,14042.82820488087,712,1375,1376208.1605093083,1489,204413.04138130607,251459.43860326032,124.9,125.5,256.036,263.877,103.67,103.797,15664.3,52.86968264686023,90.57180738642204,17.882,104.89034286139167,1055000,2.164,1.678,2.083876510906621,0.5800099752801867,1.2841806310111012,-1.0049635292030679,-0.0024379665679089735,-0.3257359715976078,1.3045675768648461,0.03989707345148708,3.967322111007355,-0.25128871232726524,0.1966708207403263,-1.1448760365518251,-0.23672648259671084,0.09999489899997525,0.19279593830774586,-0.028264094905317737,0.12271858453442105,-0.058806687464882434,-1.0338387211225213,1.4165850152692152,0.2519708453993999,0.7117542284848634,1.6175904880222702,0.918266674122818,0.36196650725183516,1.593347163822737,0.6304391085483246,0.17975442991650262,1.6065891400905468,2.291345235942363,-0.22874380179433637,0.3240124145234977,-0.4069950146849877,1.0979973688095401,0.4547794422578324,0.8209044501838045,0.08933336132882055,-0.33238565162506,-0.4788463809089621,0.2659192301730577,2.1455030188688315,0.3345605653069569,3.033708916293094,-1.176666842680011,0.1879314185393638,-0.031638475171746984,0.9527213708786997,-1.7031351283750227,-0.7493001483495716,-0.9092467243771603,0.3120403977583023,-0.32222626448041386,0.46521739645177307,0.07663003577327207,-0.1376076955501463,-0.7054615477883873,-0.6043333741189658,1.2578087453585747,1.3859563694992334,-0.8933039552371967,-0.6797356574281616,-0.5294938801844483,-0.8119326159835387,-0.4448581728600725,-0.3498947578983226,0.2580278903442179,0.07234254375593469,-0.36824638607571936,-0.5125125728617257,-0.26102272881989397,1.3632870335521952,-0.3482988928166229,-0.00073206476643311385,-0.45562156818039706,1.975142146169396,-0.6874019919841304,-1.6026138500579736,-0.7173174035211244,-0.5569366583034215,-0.3071360713943843,-0.10952155189852521,-1.6461315785850654,2.827071401680551,-1.3676733001973984,-0.5773432193238378,-0.2186205354083361,0.35579198239615134,0.7921105834742114,0.11783637195804963,0.8023272914180999,2.3620071335987456,0.5321112772078319,1.4671567724524175,1.3268573714907304,0.45147100907961224,-1.0041319216445967,-0.07460686496893286,0.7171281438960727,1.8164707471360213,-0.5225039994706088,0.5720002712664629,0.02678151002320766,-0.2865264226085469,0.25551601524478224,-1.3023071808240287,-0.4050301521023187,-0.6094920877534913,0.7154573481357366,-0.01756278925465537,-0.5547065847551158,-0.46168424345473325,-0.1404128073357749
2019-09-01,151365,158339,7124,3.5,126367000,-4.2,-2.5,0.7,12.9,12.4,102.4601,213430.6344172057,657717.4091176386,1969128.6897207676,226505.5478970048,1035474.7283892301,198605,14065.533629606778,712,1311,1387272.1313371828,1474,203304.6378683736,246182.9890198876,125,125.1,256.43,264.388,103.733,103.873,15697.5,54.90056201980084,93.69467972684757,17.72,105.3128947728599,838000,2.0675,1.695,1.1941410436532172,1.0983715617109264,1.5108263311624952,-0.6858281319002615,0.10228052368124238,-0.025039146248708833,1.6683288156278768,0.13299623927448084,1.1706863518110937,-0.5264440379890024,0.2406805908150484,-1.1034479544196092,0.20174703396410187,1.0210565290920357,0.8773020103311884,-0.1983632313381813,0.36649998213423707,3.93482191562682,-0.606869141051759,0.745291714862782,0.4085055941546343,0.40658856983466307,1.8071506484477884,0.9294432634958333,0.9694682092484285,1.6431972779719914,0.7177476171711489,0.7265956968408678,1.3620593237138414,2.2766993574025536,0.18175583482646893,0.3501131154892908,-0.5310241602539973,0.994288022055121,0.5943001576962463,0.5464210977080369,0.14343940092312604,-0.36614282270751114,0.5251150484223555,0.3629188334921105,2.3643499424217755,1.735174012534063,2.89219459075416,-0.751075470741093,-0.44170043119628327,0.4790270530114644,0.8384900562563172,-0.6507846352598964,-1.204418204829756,-0.725652081735062,2.3593654817544882,-0.9531993336294584,0.4211665809862344,-0.25805870467272884,-0.25295991156313913,-0.37895673559474774,-0.6043121114178084,1.1588332934619086,1.4947193517503576,-0.2613502520712096,-0.9233190524095031,-0.37397942676859014,-0.780200813134577,0.08210450660159387,0.3306670399196475,0.30222551948855275,0.8017913999046135,0.11148960871851395,-0.0737829125223776,-0.20482644587405577,0.9387898083046275,-0.6112628093073365,-0.07473707940598875,0.13141772073931415,1.9202853910757083,-0.4913272429893488,-1.0665576499616212,-0.17868792100668213,-0.6670610083817491,-0.10175063232026252,-0.19609321889296097,-1.460058453368351,2.350029989965724,-1.1010039559513214,0.8590698546468449,0.02535022033503523,0.6002118767271672,0.9324976007448528,0.690022878402631,0.7758966879364837,1.648747925592215,1.8149693754029212,0.49591597134487325,7.825269204872163,0.04077874420537217,-1.2051790447687378,-0.16028074118536864,1.0728250522469451,1.1422676016331132,-0.603550410357537,1.0495752106847662,0.012086051973560327,-0.29311680189407896,0.29767080939584833,-0.7263809508517487,-0.18584538371963788,-0.6703142215093245,1.1126409663428032,0.1301799069073826,-0.6167645675883325,-0.08095453123915858,0.10578179232089083
2019-10-01,151460,158545,7289,3.6,126443000,3.2,3,-2.5,4.9,11.4,101.5878,213491.53651471846,654303.9156249699,1971192.3945910782,224034.56604790362,1027183.2327723086,198576,14066.418391600988,722,1325,1386483.4435174225,1525,203608.64921042754,243328.81049298958,124.5,125.1,257.155,264.97,103.917,104.028,15718.1,51.926056371912196,96.98949933831842,17.049,103.96546944983787,849000,1.8425,1.69,1.1311632067911694,0.919440159089115,1.8381174780733316,-1.2822192351683543,-1.2036246574919933,0.07201604563664835,1.665640575669292,0.3248342649436752,0.4705843963110519,-0.5132997578715689,-0.19593969660731778,-0.8893609575529758,-0.10046352586035026,0.9670420299157177,0.7091658149170986,-0.2326250403116098,0.03909430039133319,7.857381573631528,-1.0433786058736638,0.4786645718564223,-0.4369133848321183,0.3630922658386907,1.4362446455707747,0.008605618224831597,1.1023034061762882,1.2552301081227801,1.0571910631228012,0.5043978882384836,1.1734425712303023,2.1522260210390307,0.4754835830478365,0.12922634125440532,-0.495864014448588,0.2245013674042803,0.07151394528664444,0.6090972324797822,0.2993811214771764,-0.5184815981349365,0.17385343715407792,0.2897465945106361,1.9805863860091777,1.57262292110439,2.4000576197521664,-1.0126061407617424,-0.3744853546299421,1.013382545202804,1.6065628409654233,-1.249860809482347,-0.8578067504357684,-0.7088817746692732,2.4131431008883957,-1.2260469103733627,0.4968640785605917,-0.30914975668886946,-0.009061964017957143,-0.40641583427484196,-1.366662618508228,0.4459250864044849,1.0148469564184603,-0.5890123452720031,-1.144524614459744,-0.2912100262182144,-1.197158857029734,0.3292728510325766,0.49858735453878966,0.2698242005161269,2.0982136297141625,-0.18707576314424107,-0.6374950539968598,-1.1249917337724773,0.38977154626649546,-0.8225679742256191,-0.06678509255547155,0.27802230042215853,2.090180074776268,-0.4975441945020435,-1.0219518314793303,-0.8070797631281833,-0.18902359362036014,-0.246191571740909,-0.03394543877747028,-1.2674149091137505,2.9216041671904627,-0.8917916752055832,0.5219804151018769,0.7198343607674162,0.1284171444855935,0.7264481986014244,-0.007327896980229634,0.4960299667372574,1.7138050444950284,2.563116356087949,-0.2713515627770524,0.345253002684317,-0.03070543902587705,-1.075354646188352,0.1165469758721344,0.21807976426326442,1.0910616695655981,-0.7820946339295844,1.0812902119574845,0.05334031025385126,-0.0359078327769884,0.6514615165138449,-0.9166409009592296,-0.17745704317272826,-1.192955981947714,1.1060497986100075,1.2512957831280775,-0.6709490527436129,-0.2572277979436347,-0.454634078317914
2019-11-01,151668,158629,6888,3.6,126463000,3.2,-2.6,-5.5,12,13.3,102.1494,205589.09482427133,653924.0944397447,1963704.156121947,221953.587633623,1013786.2416365455,199402,14141.928785664844,713,1353,1406264.9004075981,1527,203796.2393293855,241128.00892101822,124.7,125.2,257.879,265.548,104.024,104.092,15766.9,54.823886795354916,98.23605730933292,17.549,103.74621362914635,1122000,1.592,1.808,1.335395247353429,1.317701767940408,1.7363410582221508,-1.2569173209261184,-0.7229484929265624,0.20776842157136,1.46783513472447,0.5757908784794497,2.214590854501073,-0.36707852342568376,-0.656904726515567,-0.40135080660395034,-0.3909935359023509,1.0672080174874161,1.0516035256833307,-0.11672509757663577,-0.02027832098975284,0.34392333340792186,-0.8340117798400787,0.48170430708862716,0.07469968072537637,1.0199486412082546,1.2231406945045016,0.2474364527900814,-0.07799608525102678,1.237810858745533,0.39385536503574115,0.7648943407380054,1.1424374172967862,2.5787274874112365,0.5055750787486857,0.10842775697330584,-0.19635525559677403,0.5559981029347224,0.5923172696025596,1.3679834053197426,0.7131457117197793,-0.2969745171714294,1.098356219082575,0.21223192502113966,2.3631812845412385,1.7532995959377367,2.1378862506176524,0.6525480854823587,-0.009977677243615436,0.8315772051954582,1.5044903352907995,-1.5786606281292144,-1.318260608035306,-0.2845505723370917,2.826368744796803,-0.8045774147997315,0.5729501145578894,0.5047924872197207,0.3239161121485548,-1.2054729991584994,-1.0870701024118468,0.8863447655098143,1.5905156029397811,-0.5658774358646289,-0.9247489535281199,-0.03531446973543053,-0.7953020255698944,0.37511810790029526,0.13184194697953694,0.6742772994724804,0.6757975659859895,-0.7318436388738927,-0.1193262164555204,-0.7231968710329425,0.45328154642724977,-0.6097874335664073,0.5771119709578009,0.4373136953747585,2.0836927106931498,-0.45169488047565726,-0.8075022379496996,-0.7652543597244152,-0.5690223502650062,0.15070368643483245,-0.07139028454447768,-1.081628215317289,2.96183998754796,-0.7832413339820748,0.526589984662013,0.45132738779356935,1.3790530740005735,0.6459367270520371,0.40561077907520854,0.40993729950406516,1.7027642428522658,1.8709755531057546,-0.37901742302680913,0.4057539104535121,-0.03964638765171382,-1.7344631435766316,0.35089817725198436,0.297266505549908,0.9582973209086673,-0.5509108870071261,1.0167549504093945,-0.08047900691432683,-0.328071481802832,0.8117590571175922,-0.37638686936168403,0.7800822619205872,0.20344126106384627,1.113818664442119,1.4116849359280272,-0.011845191791130593,-0.11915314126996888,-0.33955685273691977
2019-12-01,151795,158845,6699,3.6,126910000,3.2,3.6,-5.8,3.6,13.8,101.9421,207583.3836655258,652028.1476794461,1953011.8293731906,219943.05271937646,1002696.8468079802,199461,14164.725282099955,700,1548,1407407.9400232008,1451,203650.76169384603,245779.2861457045,125,125,258.63,266.02,104.307,104.322,15683.8,57.407460668986744,99.75199933831843,17.491,104.31694829545437,944000,1.55,1.8599999999999999,1.6428847372830595,3.0062883607773734,1.937779243222641,-1.3884672685294375,-0.3191940825337438,-0.34389172044248656,1.4846556626486653,0.6861436253453228,0.5411067398890457,-0.41758508655022897,0.3084366798213487,-0.6689439546242919,-0.12669429031622087,1.2100615330089781,1.4230387616966174,0.4443772925825413,0.26039992604151063,0.03071255512490303,-0.5337519007617457,0.5573559077572878,0.3820889824511265,0.9739382732439763,1.3021547559939577,0.20363135948659583,0.4268284890999211,1.2757276525095493,0.4116249453536829,1.0173169117038385,0.007944970227991538,2.7654027418991176,0.2817654891069804,0.42471438711079046,-0.04052384611573182,1.128153126013397,1.0903204308667824,1.9950039704852633,0.3684160031108942,-0.3196938729307936,1.7518340068736873,0.23275698229975586,2.536166957624348,3.0299958052593317,2.9774207471932277,0.9069395293222524,0.4962437619062203,0.623048271004099,0.8663663444019257,-2.1498403553112144,0.7501276399500033,0.43215002952322945,1.6766250591851724,-0.7614125975729273,0.497276152758539,0.7126510918067791,0.7997183248363904,-1.814530428834488,-0.16805290881504564,0.7061095090370662,1.299198573693142,-0.39817183326329814,-0.5095389848156296,-0.5615583069364964,-0.3109461528895648,0.3692573854056449,0.06852427861846117,0.9108500157935968,0.9329680986904899,-0.2295112907486904,-0.6654931168280789,0.5800513080756335,0.591195435567146,-0.04106529475774812,0.1677919933371293,0.2145204938403357,2.3076722274620005,-0.22446706832219473,-0.7627620405342845,-0.08981084240408815,-0.8044446978250994,-0.25417088214904526,-0.6598276863394031,-1.19730687768167,2.7399012097963618,-0.8425291335590863,0.39131902972216265,-0.008082069496346034,1.850024188693153,0.3091628724586523,0.18050885141362769,0.424187384194742,1.6245166803605309,1.1776140412600615,-0.6190070120515996,0.3932698977548097,-0.062316039203309186,-1.004266003163764,-0.42921472694302865,0.38995105629404747,0.6918269595096012,-0.23206017312378135,0.9467284980289399,0.21165621402718693,0.20741011276420854,1.1266385954913576,-0.2629452141892625,-0.6572898543833994,-0.675431432823789,1.4622878599146296,0.5607633049795262,0.20911872039044616,0.16948708402755078,0.619842087545142
2020-01-01,152031,158508,7124,3.6,126626000,11.8,11.6,-2.7,16.6,-3.9,101.3372,219397.81074325557,646439.8241699308,1954964.191651865,218050.35482048287,1006927.8579568852,198790,14216.090941303784,690,1578,1427464.3503576936,1507,199135.21485553397,241064.36568057537,125.2,125.8,259.127,266.716,104.419,104.488,15857.3,55.08576025435984,98.11594861368074,16.893,105.66449210778978,862000,1.55,1.776,1.5368367038440178,4.793311629748873,2.93482162647975,-0.9982276718990067,0.6979366173761531,0.2852790565967789,1.769788849361693,0.5789963551331486,1.1077999793727662,-0.30878787496430327,0.13416149207064065,-0.8984681841359039,0.46087714903896254,1.524626602645092,1.4732194895905795,0.10699490322789604,1.4287850747062172,-0.01605228671718626,0.24264964120620877,0.4850437857696748,0.7362861333638829,-0.049230165748691816,1.8422539838785768,0.9907984185894507,1.6514357097338332,2.5051850862308402,0.34635125113814336,1.3512202338703223,1.1566949766743504,2.751322195965333,0.5573404825209656,0.5257088061963618,-0.10313587396400635,0.8837940311366634,0.354081776837991,2.1446602892727604,0.5802543057937132,-0.28781890171735625,1.9358423174534742,1.3521614658726304,3.011287064098558,3.5085039086279135,3.8745315481102254,0.11225407365194398,1.3184581900307708,1.3970874712429182,1.774278132816785,-1.293896762203823,0.9491103820388941,-0.17872154177871674,1.6109244866938017,-1.2943115684500708,0.1718746633300131,0.8128440818023437,0.9845835099457257,-0.6671814910620828,0.2075160492851764,0.5218973832785534,1.8875535311017984,0.3207752365430715,-0.5905799117081415,-1.6126477229397698,-0.8209579850917293,0.7868102259145751,0.09561026284930355,0.29918947416039976,1.1075350859806337,-0.08474319195958807,-0.35717556807515427,1.0981589813072323,0.3590502002525374,-0.40686887443698216,1.1358902734483591,0.48614972541800483,2.3485183224395834,-0.0641280583136962,-0.33933613900891013,-0.04012956318575152,-0.2162616011461498,0.29094006959205204,-0.013847436495389073,-1.6953509011529064,2.8083788707146677,-0.6803148012339548,2.2281029723284007,0.011837070990838335,1.2844411579443826,0.06036921502485462,0.11564270843651346,0.6609138849991167,2.4098864902313197,0.7841533011202471,-0.16051716909517805,0.4453898185271375,0.2565639132199623,-1.0557327209105434,0.7064525693146171,0.4438916688731735,0.5782685308502726,0.13228785174999105,1.3548703457723448,0.30931888805054775,0.9003388937449069,0.5832628711347869,-0.09992208287843203,0.46077545431738587,-0.35637508029838877,1.7695476930165088,-0.6638423901964114,-0.5634636460683567,0.43162344001949127,1.3325752042215442
2020-02-01,152292,158714,6966,3.5,126733000,11.8,11.2,8.3,36.9,3.8,101.6718,225916.14773151206,640186.1470619183,1941732.914259041,221333.2568083336,1014422.092767431,198777,14189.456768157946,707,1537,1433260.6345835605,1442,199292.14375221205,238387.80956753812,124.3,124.3,259.25,267.37,104.541,104.684,15916.8,48.344668598922915,100.27455368614451,17.088,100.03931034482758,1051000,1.5825,1.5025,1.0401217144875388,3.255823451742218,2.7637261571425853,-0.2655591575805465,0.26595678745788603,0.2268873687315614,0.7962637897900401,0.2870838087315504,0.2789441374021495,-0.3769008081548224,-0.40965652523709034,-1.3205803364993374,0.3052157320838539,1.6990332803822168,1.753344380692469,-0.21840584233303265,0.34462083085521394,-0.05817715462224063,-0.11179637235181974,0.38526251361685954,0.053586031635415636,-0.017501040579647343,1.0446030915007907,0.2894691629368908,0.1790002705981598,1.7715030508449752,0.29958530216082363,0.8464194189568074,2.0434612537803005,1.6981890210377393,1.551305619204184,0.5123702417443177,-0.1632072467420439,0.21275092472373872,0.1830955610105291,1.0832093595355534,0.40802939226165613,-0.13657894221389147,1.0564484514859447,-0.25747867795249074,2.13315076510887,2.272273848669669,3.13227861813191,-0.6703584362965579,0.6303541945111675,1.0481312760880375,1.211056238893491,-1.182761137653939,0.3468456254554042,-0.4130711571857835,2.1401406760041874,-1.714722687265862,0.1792578215920952,0.23358438097512235,0.42924436689124557,-0.5906032120086431,-0.363282854596829,0.723476262390807,1.1832604266697475,0.5826873157108211,-0.8517617178525748,0.2930173575906666,-0.5693607205786301,1.1100180687695627,-0.16320660909831522,0.424968208065155,1.091045657544211,-0.21227409183434448,-0.48503329774952847,1.186320182833891,0.29550066279017884,-0.7763297027271617,0.7702700884214647,0.04209915494765638,1.3877823244458973,-0.4011218330466193,-0.08561580245684444,-0.11783961790380518,-0.3491630931929749,-0.30921511273048397,-0.08196191906979251,-1.4434231798922896,1.9758460997211758,-0.12521167752274828,1.5993746432256675,0.17084476042632227,0.7198045876922083,0.4280608694772436,0.22259726696807833,-0.08641672796398643,1.7495663098142218,0.7751278274191576,-0.1668893417849421,0.22072434778750535,-0.6192144137349814,-1.2390929740744816,-0.09597215191000316,0.4121224025865151,0.7779275075168312,0.26745858764775243,0.5726977888370302,0.11787460445721183,0.6637871625316583,0.16973321340543737,0.3510207300459863,0.11578293135128112,-0.4264847964599142,1.5459527797689847,-0.2569386910215905,-0.30174864923132094,-0.24222673678264608,0.07196256236968034
2020-03-01,150895,155353,5894,4.4,126631000,11.8,-15,2.2,-17.5,-11,97.606,193027.4718950236,636300.502628247,1938462.6857775336,208351.87814142654,1005925.0661857807,181467,13247.227870928136,621,1252,1444196.7540191074,1358,180575.91221271534,222516.59440586274,121.3,122.5,258.076,267.054,104.252,104.596,15704.9,28.018647124275798,88.53397397599959,11.836,94.53322580645161,9341000,0.7625000000000001,0.8875,-1.6812594398930498,-1.1397141690818509,-0.011243255879130443,5.997796932214989,-0.5520774828947326,-3.120658183404261,-2.2187783714717995,0.7105824111037338,0.57317581474694,-1.7176953691773158,-1.2208681365811636,-0.4389619037636947,0.3905995112863901,-0.35216779990533753,-0.7062876364918597,2.7515699964820373,-1.862517410355027,1.1167038752478056,-0.6479650075455263,-1.2960693281971019,-3.873240511120608,5.1740411412760645,-3.027452378433849,0.9378683516716595,-1.5709384848195054,-1.9465661902966516,2.563188087942466,0.18146874646237832,-0.14769824660088648,-3.401001889405226,4.256245672040036,-0.04070497579100574,-0.9001233458917604,0.39457503212750517,-0.7503653437574749,-3.816756639158006,-1.7340879677727157,-0.9218607567518663,-1.3916909812228329,-2.1826207748532784,-0.39367702999844034,-2.376036281285758,-0.38433433357051905,1.3036496625345464,-3.8650007162433146,1.8365244688700644,-0.46091257520879747,-0.2873126858631176,-0.6546972825230069,-2.8850204024378225,2.1210201843897623,0.06993187297638703,0.2992738685990996,0.34396735968582304,-0.37695723941958575,-0.4311058613543044,-0.685400875440705,3.9156410392624967,-1.3322434165302046,5.472933543106677,-3.286382258074549,2.505311860594311,4.380974506308336,4.718166003220424,0.25941176332499755,1.040756544506443,-2.130692958431454,0.3768193563376616,-1.4770330126627482,-1.1424142291044104,0.34918372511431994,2.3881186524422704,0.10613022083318792,0.04284457099594333,-2.1042742036789837,8.09039364190822,9.720934957588058,0.5478239261917663,-1.1808973995460577,-0.7448556845594906,-0.037034607917131465,2.3480177204810504,-2.1591203881444283,0.5955717418024963,0.1022587282447868,0.8658772486176709,0.46653041990590094,0.17770709631571274,-1.6878218896736588,-3.885847757952633,0.30343111083767804,2.2812951289999543,3.4213581941417806,-1.2771693192040305,0.004729255278494826,1.5548302239589538,-0.5043755263866526,-0.11891785778761195,0.18784262551990852,0.46555296141300584,-0.9072303968841368,2.6017584393122632,-1.3675599594735568,-1.7386954299963362,1.7719175295145824,-1.2922897537008278,-1.162974272835928,-3.561417254132306,-1.3244210127926925,-0.26081215742089336,-2.908284213329577,-1.701209870408806
2020-04-01,130424,133185,4606,14.8,120537000,3.9,-79.9,11,-60.5,6.3,84.6812,155120.06704104337,637270.3892426096,1919097.2600924005,167748.0566766522,1001496.8646753423,156632,11784.582486490652,579,931,1405597.3491817333,1066,144753.74938593872,195916.85369448163,118.2,118.2,256.032,265.746,103.817,104.256,18030.2,15.941512469056129,71.33189064266625,8.944,68.25866666666667,18653000,0.0575,0.6675,-3.1032714447619494,-5.762734871488538,-5.781762679289141,4.187875488784262,1.827825211007199,-3.041812467149079,-5.302602814463887,1.1002066727080688,1.2548148971258037,-1.259805128749275,-1.1806895581635144,3.852932880781588,2.9023755870315835,-0.19297257655550895,-2.715779185237306,5.652167920527123,-3.047853518870248,1.0071551112386672,5.05110472764101,-0.6572755910603738,-2.2982412623232142,4.905166310221918,-5.550604851349804,1.4398501859890964,-1.783366553926392,-4.151357961426065,0.9337463252105076,-0.379034159679309,-3.3890062340578524,-8.814540516141115,-0.563241836332413,-1.2180900950920996,1.7306190952076634,1.5429310302752204,1.9812411790121454,-7.3734106844204,-0.8253897810540356,2.1469528856795574,-4.5966703536515325,-0.9210265764253499,-6.2852898168011455,-7.164071177375895,-3.0386633633556994,3.175470870723559,-2.5638886549120246,0.2938454014905862,-2.5249970639844457,-0.18546286178748494,3.350445078880999,1.077994701685592,0.4645575056307082,3.620536885616999,5.866513348203529,2.423943337877338,1.8685538748676047,1.8573492085584906,4.7588244026240005,2.8975789029514067,-2.139464975562114,5.488595549834648,-0.28532786621039796,4.88407921503676,9.504668984477302,3.941734808760099,5.234845254222137,3.8699526647208504,-6.0529310620629495,2.3313830067964783,0.27982702254423897,-2.42853725195778,-0.0014743984033649942,3.6949981066661373,-0.14488192282376314,-0.05120929787684066,-5.7296265294562385,9.105619826483712,13.202926299564673,3.3662405274814002,1.7540830889563837,-0.32032236088719207,-0.00386904588467995,10.408752228961546,-6.0816596073059666,2.4488489465054495,0.40962902914143995,2.2664159356366276,2.1294568579269315,4.374518309648047,-1.7440124310051162,-5.048086062686736,0.40789004658513683,1.540549670165457,1.4406162145471124,-1.780903042375838,1.8750236791964172,6.038399224086607,0.5347312591660269,0.3702993063639556,1.7852979787979661,1.574734208909035,0.10605085554537938,3.209558202127694,-0.5598903697726552,-0.6105886058741667,7.165159435565439,-0.6367907421747789,1.9786572267730453,-7.625975978995571,-0.9465937709539128,1.4780780071945852,-2.5169642767728853,-1.967448465984876
2020-05-01,133040,137173,5612,13.2,117310000,3.9,-44.4,-4.1,-43.5,-10,86.0108,173417.4413457282,629290.5671997998,1866019.0088676314,174322.03552938005,1003702.0998133072,187039,12752.564620744077,709,1053,1397578.7670573744,1260,140327.57857459053,193190.52293242488,119,118.2,255.802,265.412,103.914,104.37,17114.4,27.484265835209882,71.9775428165793,12.508,62.78774193548387,10867000,0.05,0.67,-2.4365094867165897,-4.236563705402563,-4.221397808793169,3.2221013380815955,4.773706909604683,0.990643487330236,-5.376147444074176,0.9889996135690301,1.6289528946781728,2.9875983360679443,-0.22470202075724977,8.36977201882602,1.0361319014153931,0.8320400648059096,-0.7533028176624834,4.997758132306922,-0.7419961767832387,0.6924639124013489,9.455502256350037,1.1757068597003475,2.0166796340702273,2.760764209075107,-3.7296754212014713,0.9953563622758892,-0.5335385501505167,-0.5519796567446814,-0.8678150933924069,-0.37630345476009197,-3.9370807263668888,-8.111415688497225,-1.942414154118739,-0.13591377787261147,3.482347471999665,2.2291839977460968,4.297098527126887,-3.4587413771621964,2.379028794895083,4.715511786031517,-3.3624780993356733,-0.23672935646801901,-5.49584093127223,-3.6905526848422032,-3.873159609749314,3.2276678214368144,0.9604114562009798,-1.1343713336561076,-2.019653511357637,-0.5043145786380182,7.03749175303054,5.8676008157158535,-1.4436788676145276,3.7369264173641095,6.375262600723101,1.4418327222705312,2.666982434753089,2.9069388237393223,8.817405080156732,1.9959244616208343,0.7538228821517269,3.785365621973598,1.6825657930988835,4.761287951353432,4.305474595680447,4.108111919496545,4.329120353199414,2.4857220619777793,-4.935421407029546,2.9567285309769873,3.7708548349593847,0.18439702424608717,-0.17713219742211103,2.657100078220403,-0.5171826260997421,-0.30575557780163054,-5.332455602211853,5.946144398755907,7.8481392307139615,5.222471624477012,3.1999442922952333,1.76461541293934,0.0546719387418055,7.959487879868188,-5.993925126172665,2.660578141270905,0.61684724528924,2.8716734647379027,2.3866371363069208,4.669093513282847,-0.41938048953820983,-2.9137981463747633,0.7128837497600563,1.0277462678723845,0.27221926778611805,-0.36356861446338556,3.1466590511577404,4.388428117579813,1.2165993594107616,1.1033192108017114,3.1158991044005484,1.183117917120769,-0.8287866802676062,1.0926387465695924,2.4139384547989704,2.017053366077241,5.1796250461857465,1.6237540259647671,1.1636219943391786,-5.3337086596065575,-0.07530778133340003,1.6963264933317972,0.8539997846796966,0.004488484102538803
2020-06-01,137671,142342,6129,11,117202000,3.9,-0.7,1.3,27.8,0.2,91.6745,188283.94078650716,619513.9735016741,1839369.5726158803,201751.84442546987,991316.5696084732,201538,13470.589928333635,896,1254,1401917.8187330307,1338,153344.9099613366,200741.60774418848,120.6,120.3,257.042,265.849,104.233,104.531,17047.5,36.75419492866943,77.3818000629561,13.47,69.86633333333333,5961000,0.075,0.7375,-2.1396396415088743,-3.2934496919164347,-1.855124929107764,3.33565856708195,5.260397489830394,2.273897856662925,-6.949162206586529,0.9828111963127166,4.001823050930646,5.064448233795872,-0.020236122000791966,6.131248342473276,2.086662771263514,1.248614040073888,0.7809634052779277,4.07648981839641,0.8113633576992747,0.3933312965601583,8.056773753139492,1.2260154141293615,3.269119528825279,2.2236194282886617,-2.143771781147769,1.0411984318039988,1.2166260524692294,1.0354295588972764,-1.1721456593011585,-0.7755522152362376,-2.8837380614232027,-7.107072696948567,-2.3358541469999103,0.6948992449715048,2.945411911904044,0.7309629171173367,3.5694434865341633,0.12779741526174726,2.3413580831780934,3.0529788832135543,-2.0691716460855893,0.46604640941828573,-4.926219514005427,1.1792840676899476,-4.543457659767556,2.4068383270631775,1.4439555032418019,-0.3900991188505331,-0.8673989788187505,-0.3642596950635448,5.814439861030963,5.6037560130227035,-0.6940120002572885,2.517639065878482,2.601114503764907,0.7139040515216823,1.4873898439571316,1.4794735518415163,8.952881114286075,2.086968552637339,2.1965980165932555,2.761630665061593,2.0296493345981212,2.9577329740087164,4.307946045661105,2.9738618451954815,2.9151080340193816,2.0888298057235706,-5.116211035853778,1.5186694029797827,3.3754232900698664,1.651689936082361,0.24064205273040395,2.284255554787866,0.16254650071092783,0.03384041639447595,-5.449757503261192,3.273199828397592,5.085723314383711,3.895652792931729,3.390501380393897,4.366143450864947,0.3754813532686304,5.9211077107465195,-5.890393327555849,2.32393296692129,0.7938417534434776,1.942077777016604,2.3517846932575415,2.5801844843666184,0.4246458869333809,-1.115783722068741,0.006393678478154453,-0.36042281974415846,-0.8049135559112355,0.09922263834210787,2.6388833690608364,2.3329189140461266,0.6380466373632299,1.3814913505979696,2.8623703067658344,-0.20841544319902158,-1.054725560698724,0.7434268752796676,2.753217871713794,2.005519783340433,4.795917625722336,1.273631495496451,1.518326947915119,-2.1213871485169182,0.3134127289544975,1.3709202071523865,1.798363493794231,-0.3762321344677687
2020-07-01,139255,143779,6530,10.2,117184000,-11.6,10.3,2.6,29.7,-7.8,95.0037,209242.18660341995,618259.6304655522,1837179.2443017727,215015.68417428562,986613.9397880725,203716,13679.469033319307,983,1523,1409242.18660342,1546,164240.08262882064,221378.29463295208,122.1,121.5,258.352,267.389,104.564,104.9,17195.8,38.93309360774263,72.3402471027341,15.225,77.977096774193555,5534000,0.09,0.628,-4.20820800809119,-4.00590081904846,-2.326884307129129,2.634477127613518,4.387268676821298,2.4763763915164945,-8.16943454328601,0.9174072164213691,2.8635193155443037,4.63217365414452,0.08132830402639939,5.7965331172171375,2.692791096110574,1.6441144749816963,1.5688684497031702,4.591928388737359,1.0015799798495868,0.21790856229423017,5.850457895383213,1.3063979223447326,2.180239664917479,1.5322662763460397,-1.5212523201493613,0.19751960684119663,1.3439637593643687,1.0514544667486283,-1.1958072367027237,-0.7143390798332719,-1.5817356036909163,-6.906835975782698,-1.686970466770117,1.2651319884566183,3.337072611271423,1.3760890977352922,3.060725646892231,0.09183934747916285,0.8987415935269983,2.9513318062996863,-2.8546875489577443,0.47299667662486716,-5.70328271462251,-1.115506115060036,-5.823437980684224,1.7114430265731577,1.0814865718460827,-0.4280752808949494,0.03944190776565812,0.4432058255152564,4.520594912467119,5.5735183617897555,0.1104325648682504,2.9543225931745782,2.290376877240175,0.255801143671178,1.1035715719575987,0.9770946939264842,4.170280284321054,2.1277734001619724,2.3885016985041445,2.8758780687774133,1.9365818403322808,2.2427277004590023,5.328492519114881,2.8411073909324527,2.81227232364993,1.2838197960087037,-4.483860087614735,0.8968632866160954,2.718279486627264,2.827011489176271,0.13673202616655963,2.023857904403699,0.2667349802875052,-0.05930318104709216,-5.971529634869177,3.4927108649732403,5.4697820443984195,3.1821623347018044,2.9743499156103845,4.1142190387697575,0.7907706550768716,5.7621089398331575,-6.204867222866472,3.5220680157452144,2.113922494212337,1.1981069764297985,2.5006006941851893,2.2179273781106135,1.040778667366985,-0.12419899038305078,-0.4316182393946302,0.2446075403834797,-1.1274547741974563,0.2913774342799659,2.2816660407217375,1.445391013893284,0.8057741098382881,0.6044220095136208,2.262618618940254,1.532414950263188,-0.285193044248012,0.5988536373683981,2.2392622423476323,1.3351455713470637,8.061797783536536,1.9178383152943028,1.9748273016286817,-1.4648948377544362,0.1790331759959788,1.2226178083264503,1.226969395820274,-0.780783118375287
2020-08-01,140819,147245,6429,8.4,117294000,-11.6,7.6,1.3,15.8,6.2,95.9294,212686.98694785818,619842.3064822142,1837356.8735892957,215651.12931059138,984902.8001563587,204667,13781.402843059672,1022,1401,1421919.7803350273,1529,167928.34192988643,227169.23927655476,123.2,122.1,259.316,268.422,104.887,105.235,16524.8,40.36725237636695,74.87180738642203,15.932,82.82096774193549,4612000,0.095,0.6475,-5.997749194197171,-2.5450241841966807,-2.504358401504225,2.3304147519423126,3.980534864486282,2.795992043832641,-5.682297002860077,0.9154248217553904,1.9286329349688462,3.3681736082218112,0.28213434336617965,4.752730535735495,1.8546784221097077,1.2070758554417704,1.2030898842744797,3.6439853290628825,1.2058020626110297,0.33365581857017623,4.332945014370543,0.6208147409628414,1.997300251830194,0.7340926039055153,-2.1964774730906935,0.4876231249005065,1.1225733700256761,0.31524110499041286,-1.169002460470796,-0.37792911128113954,-3.000579027102183,-7.181320273439873,-1.5651591011080304,1.2166503923068706,2.6974156609446602,1.2335047532462173,3.193426403733536,-0.1640989814971337,-0.14448035886162003,2.9149391049760056,-1.7797303728407485,-0.004616999333929328,-5.1733177326680035,-0.5255605124663998,-4.967948077754085,1.6313124545763171,0.7771241448326254,-0.8687068221937002,0.18062992721700566,-0.3663243557952215,3.4457181211782295,5.497934539872906,0.9124245626679703,3.0366871125220065,1.1308045446251949,1.0715540416462401,0.8482670332966963,1.2476332593267758,5.028298062143417,1.983085118761867,1.3991828894183063,2.1476560071889432,1.3037228749772003,1.2512255660836213,2.836233874164388,2.2933592126044737,2.24365096536955,0.961371086448195,-3.3083037424166006,1.0021039778210556,3.007423232346644,2.785340325637619,-0.06866553102570067,1.1346850820339052,-0.1942017233115978,-0.4999705619134121,-5.486827583425455,2.419546020302421,4.542877681901496,2.9662903963511673,2.090122009721611,3.773311765091803,0.28121671787223174,5.415586288371752,-6.308616878212202,3.0608217717110526,2.072111949520635,1.8883196449920254,2.200455430962486,1.2402484154112141,0.04231901085154681,-0.11282484268466196,-1.0263521410191732,0.28470201299860776,-1.3580233929031515,-0.2514422938633299,1.3816185028654242,1.5625617499197813,0.821382189825473,0.7829439687998647,1.4616898554403566,0.7224050215379917,-0.07799533779248954,0.5684871329603017,0.4315998723709027,0.20897744064469861,4.181017462197338,1.190884089578769,1.838234897138369,-2.035184320577141,-0.06201382882505552,1.2621647400720715,1.1890518602500664,-0.11829004531606623
2020-09-01,141770,147620,6511,7.8,118220000,-11.6,10.7,5,15.8,13.6,95.8914,213085.6957904156,622697.6753041524,1853466.3516060049,216531.80511395007,984588.6563981494,208195,13970.451040496542,979,1463,1437865.3161472115,1624,172543.4571521048,227930.62087085654,123.4,122.8,259.997,268.933,105.046,105.395,16616.5,37.72632941758848,80.89467972684757,16.739,86.14966666666666,3407000,0.09,0.6825,-1.961450558103456,-1.4568140166428614,-1.5576334467182869,1.5801478730973906,5.626729991635423,2.1088694241788777,-3.641928772121564,0.9887990518921659,1.116448704683008,1.7067630343059506,0.25237422834105616,2.1305359574016824,1.074442661922792,0.45894121071414856,0.31020895716457375,2.4056281380940625,0.6698694716215017,-0.4449913227815695,2.781182661508893,0.8888033849619718,1.3982104363836005,0.5916009721803366,-2.584582418033613,0.4571068442474663,0.54973872783049,0.5334768915254025,-1.3511618040933238,-0.4279510794900651,-3.3192358708746723,-6.505750878769432,-1.4964799584976698,0.8708477150332675,2.9125142332524545,0.8083020147182979,3.109180496833532,0.11590816029022233,-0.016927131897315664,1.4088222676294406,-1.2176316690808344,-0.8061914743637374,-4.002968530421327,-0.19457338647379793,-3.938330585795433,1.3670854352869632,0.8702083574890285,-1.0914044805559353,-0.25163956944706556,-0.9342718493345855,2.4151351272794694,4.625688440923005,2.0389884276092385,2.7900306543482003,0.4880395564526666,1.434566730494013,0.6891613128664006,1.7466809901781812,4.148880180697961,1.1431818702244068,0.7228307167476783,2.2772599519733148,0.19236222046295776,0.5550415412482502,1.3082942924024312,1.9374062410377584,1.3986587558196097,1.4413787103070237,-3.257470656984743,0.7189653197543363,1.9864525512313351,2.2689455253055684,-1.0551591380939778,0.7029644943660034,-0.44122630344497665,-0.08435800251097472,-5.22521457622115,1.249820520072135,2.2592545172050142,2.464416190473229,0.8019000232427899,3.0890890342826953,0.2388787344426571,4.509248352270059,-5.77503578616039,3.1229354830787917,2.627437617199498,2.4147057659418594,1.4319987283394333,0.5423062835453629,0.12850941401206256,-0.11467335799000938,-1.4247810213730951,-0.7356058534741433,-1.691192818669859,-0.9197523880551877,1.1618869271232548,2.6961864536921594,0.7846641866429978,0.5939622899128358,1.4371956161318944,0.32747377845271264,0.06576346999565866,0.4221035236353605,0.8021445066257067,0.4814466336698927,-0.23683120101872332,1.1034819023905806,2.9668348480813926,-2.3803303020612985,0.5036699972529082,1.487108825410052,0.5430842311667284,-0.029034403575327224
2020-10-01,142461,149931,6798,6.9,118860000,14.1,10,2,29.9,22.1,96.5256,219819.99124693166,629506.4030597683,1871870.3030152519,219415.6375468575,988604.8370216734,207097,14010.617852453714,1031,1543,1459831.9791448633,1613,176586.49363499705,234694.49888683806,123.3,123,260.319,269.306,105.106,105.47,16552.9,37.48596654805625,83.28949933831842,16.613,90.27774193548387,3977000,0.09,0.77,-2.0046616970867985,-1.8784624763627424,-1.7540831177887886,0.4856762960833657,4.042047845136342,1.108936153590101,-3.6793362017562687,0.16870618273122426,-0.49134643397040545,-0.1037109601009575,-1.1234004702165408,1.3339091644812764,0.20958964134049435,-0.9255323919409546,-1.1128804215542774,0.8489354637144109,-0.03294127143320949,-1.197401273655337,1.6187690507623,-0.09766003105136827,0.2981711682457204,0.26462074479862874,-3.1634737116628546,-0.2552773395599689,-0.3178683545518081,-0.8334695655426106,-1.5116450208221552,0.23243394666297723,-3.1530607817290783,-6.085083762262526,-1.5337086806362767,0.35919731004773064,1.5797208916754923,-0.41193144639417834,1.457908138661868,-0.20610738329970113,-1.2537377370156617,1.2243178781369555,-1.0440549773344323,-1.296371837027146,-3.9902422301472766,-0.25053066137292335,-3.8552595946942163,0.05166030003168124,0.19932064737833266,-1.3393625342239472,-0.7722582356858716,-1.3257205892142983,0.9938814149478691,2.3844888951520113,-1.086365171662418,0.6689165931205874,-0.2647519279122965,0.003464252847270455,-0.37223317263698324,0.22474050776716825,2.19879532003627,0.46360443483353386,-0.30714208012244,0.6212159304230617,-1.5902497197211138,0.47901478271985043,-0.10736196333282136,0.05812808437933248,0.2750473157019726,-0.6411443535026236,-4.05182586461487,-1.3929779208670612,0.9962353905048265,1.924286703844374,-0.9494436617214009,0.4536565624006399,-1.4103202609744057,-0.09980587162953661,-4.572882789796013,0.23683875647595187,1.486759121162482,1.5829624923537546,-0.7909786078089104,1.1049761696383413,0.07184879212175495,3.060986791293667,-5.619219290067911,1.4017981369661001,0.6826696108679188,0.5533756333025805,-0.6418881356532953,-1.1554311492907703,-0.6923008695390688,-0.9785870732271056,-2.439634163362698,-3.0683590011406183,-2.473555372326757,-0.09125815965206477,0.6404219010881366,1.1200394534620401,-0.13943912052857624,0.25695081315563584,0.9311262254933801,-0.38107335049890784,-1.2153908068913575,0.054749002213007464,0.7000889162056491,-0.7002856420330204,-7.3910946525853545,1.0375529923534283,4.776279902218371,-2.919894608416281,-1.2819944448240324,1.3596260621069358,0.2394541274376505,-1.6459774830025697
2020-11-01,142731,149934,6820,6.7,119428000,14.1,-0.5,0.7,29.9,21.9,96.9529,220109.28961748636,630201.9482062248,1877830.9445134655,219468.7574245664,992523.6398194345,204645,13974.72083630316,877,1553,1474902.3521026373,1714,179945.83036350677,241435.97053932052,123.4,124,260.911,269.981,105.225,105.578,16350.6,38.907103825136616,78.33605730933293,16.352,93.33266666666667,3005000,0.0875,0.875,-2.9544102508586816,-3.067522005356452,-2.0093455365791604,0.7654127478843435,1.5341455834771485,0.8121642792358781,-4.498264373875494,0.08600445314732152,-0.4572380930556721,-0.27158889078898374,-1.2487377012212413,1.4405251478577263,-0.3218277827638678,-1.1512034816215095,-1.3393480849336887,1.551120443563353,-0.212442876805365,-0.5594687369145369,1.453352821635252,-0.36190751287376677,-1.142258004043122,0.7732251994247673,-3.1959748993785255,-0.2436707151160434,-1.3687651519175685,-0.8962895673088418,-1.6260716908591892,0.6473066975062131,-3.234470426922117,-5.684991149199541,-1.3395412085466407,0.21106817627735974,0.7792682398281322,-0.9661833514539394,0.7815687967262752,-0.5835885911774388,-1.3966975874363632,1.0888509482080289,-0.7591088285665901,-1.8143212665895585,-4.108075380709148,-0.9832407039807668,-4.001255211925094,0.4454773273810194,-0.25970656834316813,-2.006120886111182,-0.7612844745380014,1.187967955964738,0.5526817336850219,1.2941188630060079,-1.7963947602299903,-0.712376042827417,-1.0359175105120584,-1.1474612422519233,-0.6336601892451104,-1.1097195694179645,1.35152164643831,0.38710730470396526,-0.6400297735157876,0.9159356991845081,-1.2944792410830575,-0.24751435049244502,-0.5783014734612917,-0.17474968749144973,-0.03987340001301096,-1.5751800294451004,-3.274776238264034,-1.2711628961100514,0.3898974044271863,1.8436412968234734,-0.777560619875843,0.8711876150665413,-1.3267235662568402,-0.1895716856885308,-4.838736059629133,0.2743050647708436,1.4243296737582574,0.7952376531594928,-1.870574113675738,0.1696210861122056,0.005671182698200876,2.3084000547731804,-5.673620731978662,1.3979566913618013,-0.15551186009177845,0.46681475092704683,-1.1537983857138117,-1.6429772906139757,-1.236539378052828,-1.007748277649797,-2.5047717876239224,-3.592781722323149,-1.9921656955880402,0.07603651673660528,0.3277767691079206,3.457055256073588,-0.46094832639061223,-0.848415811465366,0.9693823169259906,-0.5729051278594899,-1.9759336240793983,-0.08761466950056031,-0.2229451607470131,-1.2600204720351214,0.5591339622501088,1.2886295224931905,-0.5036203030164965,-3.45249151507789,-2.82131297023189,2.8975807518998433,0.12414408652064021,-2.1552244419474587
2020-12-01,142548,149975,6773,6.7,120141000,14.1,5.9,4.3,12.5,19.8,98.2039,221477.90708676315,630349.1342605734,1884091.2563764728,223698.55237013908,990333.9956476488,205517,14029.047213549058,878,1635,1489063.298325291,1744,185079.0046362002,243761.94531176085,124.6,125.5,262.045,270.341,105.69,105.904,16391.2,44.48859873214117,81.15199933831843,16.972,95.00193548387097,3347000,0.09,0.9325,-3.7833533655164384,-3.227614225387446,-2.6116693550448904,1.2710395017811615,1.1710062309884774,1.0872268295462093,-6.061862183252472,-0.0628475687827812,0.25436744807438577,-0.29091662234965476,-0.16503246791234225,6.073524830242624,-0.06094385984118433,-0.5296446173113196,-1.20077107796154,0.8603582056648205,0.006243795605535934,-0.11693756076311915,1.3731641125087115,0.015057287677065004,-1.188442749337864,0.14492360682694777,-3.397676754017708,-0.1801478248300899,-1.9474043751563168,-0.6885020271133573,-1.4624452006668323,0.8666992666333555,0.47037197078622783,-5.941606883060965,-1.8620479875602167,-0.1288301437040214,0.9946199746799449,-1.1276459116714308,0.7168727026280465,-1.1161657850340843,-1.3877892003282464,1.3869806999418914,-0.9933891498163154,-1.3607821888102412,-4.328601312672568,-1.1460048436549637,-4.315274496296817,0.011976197066548816,-0.617222122235015,-1.8575657369275274,-1.1536888637175906,3.5815458766995194,1.4212366822294504,2.1344030826574674,-1.6173958077942339,-0.3107228773003134,-0.1902553902147599,-0.3627027219683137,-0.7274332231475794,-1.63944039179571,1.7057385634389375,0.581595025707867,-0.7380409499834032,0.895259231897387,-1.1306448787229806,-0.6197826188384774,0.10677477728135551,0.27191189650358244,0.04591666084006121,-1.4288303681898136,-2.494326139214445,-1.0746951583241557,0.5297665297208614,1.2546311442929268,-0.7334057712072214,1.5752121632461458,-0.03325676913842318,-0.35583680532543427,-4.788638660394428,0.6678403630991049,1.2846305687541306,0.8712977886527327,-1.55063027467816,0.4238055043753258,-0.39206874054308655,2.6575674626275436,-5.92169378580374,1.1797907817995665,-0.6852265177486869,0.5758668005846765,0.11822767436642322,-0.5981829863398249,-0.8970624107141223,-0.7194743924685842,-2.076627995122342,-2.8912548609188224,-1.4741843616770633,-0.1520752863512677,0.9132051355634454,2.528331324785092,-0.23022942156578696,-0.05523720372653997,1.5305831010754012,0.09719081694678534,-1.8239769002451212,0.18921275437998586,-1.0059542773904915,-0.33919976397028734,1.4243798196770536,4.606653066261428,-0.4300177872686496,-4.038664644123936,-2.2443922131525973,2.6256870397680316,0.06685368996747847,-0.2545988179112898
2021-01-01,142913,149852,7204,6.4,120591000,-2.4,11.9,5.5,29.9,25.8,98.8135,231002.13983390364,636765.5515021257,1897263.519396096,227433.2362395483,994605.1676517443,212927,14216.698245713264,896,1639,1509559.4958664442,1883,186905.53623106435,246084.66955120047,126.5,128.9,262.639,270.416,106.083,106.244,18146.5,49.01822158121471,77.31594861368075,16.697,97.7925806451613,4139000,0.088,1.054,-2.533867686585942,-3.729031446779842,-2.7697807144371214,3.3153949792439064,1.997047836951026,1.6169913772840692,-5.241410120502641,0.3174035088754379,0.6232745081569365,0.013911282952521758,-0.03220815465286746,3.8510415243931586,1.2780848166902699,-0.7149998524371128,-0.4556133058744998,-0.3080275956419141,0.03292296610901374,0.7730273052329787,1.2164460912504604,-0.18691420613488763,1.0060619707246015,0.3009211939905002,-2.3163038965405405,0.202255679136047,-0.38532432061272537,-0.5700341225509925,-0.6479071088286701,0.1640418257948336,-1.8745915156067976,-5.391051654945714,-1.8510391200245575,0.6889040889531503,1.4163242998966084,-0.40813786565292576,1.11337819489128,-0.8347237659756582,-0.2651392166673192,1.6322257223613468,-0.9014476058857906,0.2516355135138771,-4.951582587884401,0.0636574393449931,-6.856937948139123,0.08631099416083135,-1.038486877223248,-1.1274399171705505,-1.6457995618295977,2.3547768811678536,1.8304842090856757,2.673407965704862,-1.69753984328055,1.0076059231784817,3.3816941671259015,-0.5062301748183458,0.2940191620157935,-0.3658561440432829,1.4866134750965105,1.3643087149091622,-0.23391171872801736,0.29886623243836974,1.977284918789727,-0.2662689498464848,0.8335646193235059,0.06929018585586971,0.1499417266789839,-2.011655937255431,-2.4833617114296276,-0.8260746944396244,0.8929591696781571,1.3672354577828345,-0.22690398209880658,1.0483188912211636,0.042645279772403344,-0.7794044277103993,-4.74854892472587,0.31798290810686913,0.8241417216709525,1.7646990275286534,0.5165393192649486,0.3549615074118511,-0.08757477944836066,3.7133345346970597,-4.1244763162372555,0.9553097286673581,0.49639651169315957,0.7364751497190783,0.06782821919223263,1.9200182742824194,-1.000622094802089,-0.2239416342544936,-1.668689639289608,-3.2554664398168054,-1.3289840147968637,0.33967232529899694,1.7836080471778923,1.8414989323595137,0.2732590524544195,0.21688467102772835,1.9573376321612086,0.43589828194227903,-1.784301184431309,0.4388686059565622,-0.8800573126392712,0.005916632143452278,0.7143812323678298,3.284818284946203,-0.34511232182100204,-2.3144946104534823,-1.2290740071585644,1.2441563215715208,-0.6367340941404419,-0.38055444021967466
2021-02-01,143422,150189,7752,6.2,120782000,-2.4,10.1,9.1,30.1,17.4,95.5072,231700.65088146066,639847.4702031539,1905251.2006983536,220659.1466220849,1006423.3453240788,206732,14073.691427712709,774,1407,1484146.8568906086,1715,183133.4353955537,245496.89586835852,128,131,263.573,270.776,106.471,106.477,16633.9,55.45171924749462,76.07455368614451,16.124,103.26821428571428,3020000,0.0775,1.2625,-2.429904215999308,-3.3396744161552867,-2.6004349353900897,5.282235450254093,-0.35087492649076213,1.3160718234809397,-3.8210332091468686,0.013199532435532277,-0.015967169945304976,-0.41941384096200973,0.09451735182175386,2.6403518944221966,0.8481121025253794,-1.6144799428935284,-0.5914125211070735,-0.6867450453164191,0.2652226219630318,0.6717380682643522,0.8111466832773873,-0.7282757421993534,0.1166706376904644,0.1914551832125371,-2.718435214481064,-0.33061086068400786,0.3645479994251861,-0.611039674548758,-0.5082773829312734,-0.8279644770554961,-1.535250450814371,-4.289633284018537,-2.1477467499931016,0.8812214929396714,1.2022369889475857,-0.041363567346831456,0.9386015519524503,-0.910290829898849,-0.034801001964913925,1.637692845664169,0.15015705798478585,-1.0091753837554278,-3.8148050911853986,0.6676268151731423,-6.059260491220505,0.23912321062053626,0.2158534949324497,-0.07481716805178697,-1.2809964092050026,2.187210751257224,0.8627753910886967,1.871273190906384,-2.152980755640464,-0.16326868051307483,0.8886485861076024,-0.38851837900818065,0.14836865949411393,-0.10706176321648264,0.5852292248638793,0.7673383905027324,-0.5265551575928948,0.09049381394604865,0.9516443620040245,0.3130378511692432,-0.07565218944667629,-0.026469351426440427,-0.18151260716824413,-2.4830508497022534,-2.861481055475586,-1.4747794996857038,1.4571630746750817,1.1391419131298226,-0.10732611694038924,0.7075395135040716,0.42222835623207194,-0.750137071943173,-4.013167959678965,0.16556667113873658,0.01351077398874756,1.8523371267455977,0.3403638443995548,-0.11197280955211081,0.03837441889363706,2.855057043598225,-3.768518158827948,-0.4357339224108673,0.6607807191838042,0.5602253892541751,-0.7448708354665491,-0.17038566986936193,-1.1148165600553763,-0.003266510049603407,-1.8182276082158673,-2.8258027905847003,-1.6204932504180114,0.020032568543370086,0.9690432672510199,1.1781816639947642,0.5866542864817528,0.14009559886463113,1.3904104509905966,0.7545826551582776,-1.7383168932029014,0.3733236100920167,-1.5860875106841086,-0.44576877821009164,0.39090902045573395,0.6865057205825256,-0.4042463916944119,-2.876113312837831,0.12083771378374454,0.9418004612817221,-0.4683159620450008,-0.3087583465724526
2021-03-01,144246,150644,8470,6.1,121185000,-2.4,23.2,11.4,40.1,26.5,98.1929,232771.50758651618,643386.0901412661,1900731.6682644389,222818.40944764184,1015603.7446744898,227898,14680.095672322295,861,1668,1505034.0085208162,1732,194011.1368562673,255773.03983855294,129.9,134.3,264.847,271.453,107.032,106.898,20445.8,58.23492039763809,84.3339739759996,18.496,110.65387096774194,2677000,0.07,1.5925,-2.054631908887214,-1.2114649080766269,-1.3988212699383684,1.8278308775882337,0.12575256894544135,1.975213648191543,-3.037078610784012,-0.327787840725886,-0.6701324605519939,1.104565775052746,0.16134659920795444,1.9315167484793339,0.5894643073969009,-0.8245843986549708,-0.6313146417115801,-0.2831087704248767,0.21571460683298693,0.31461197155032794,2.0808599665960488,0.0033222444324752243,2.2715904961770987,0.133112385488093,-2.1594986416425384,-0.1462014365311441,0.6592253260046893,1.1331688350498133,-0.9781241462333792,-0.3016634840938638,-1.4889127088325134,-3.2403644026252576,-2.3214066513950895,1.4403229859244038,1.0061477031444142,0.5325008825005272,0.9084669289136784,1.5495901909275485,0.24984046016993228,1.9749587062608183,2.3812315069153995,-1.0167360276635529,-2.9961870738535574,4.638765362521499,-4.9487639317183145,0.30198998000068455,0.2977102026467996,0.5027117275656892,-0.3785865233920934,4.973312921586153,1.6130120041774472,3.0051409533005904,-2.174466868965394,-0.26210876950081435,4.920610128304418,0.1874433169709167,0.21454881468181553,0.5416257871179732,2.108982003543998,0.871997272556287,0.33108927263398774,-0.19103904969311342,1.0391479404352644,0.7554153955562611,-0.7442617830627007,-0.6931866409922627,-0.47491586637796906,-3.5780679452802406,-1.6204244338210638,-1.423115219026493,1.7145700335309226,2.312850772288977,-0.3847102979792209,0.24106206126540866,2.8458996667887613,-1.3375897084674655,-3.8594692347159834,-1.1401467008056518,-1.551192933373188,1.2555240785517383,0.2568218765476983,0.3008850412133625,0.19931589696606852,2.487010314461145,-3.8438760704633284,-0.42654280680034795,0.23505675189819503,0.16728130789416423,-0.6974989610460756,3.1481828195591177,-0.07722686308566054,0.03050658493310402,-1.6882866312317928,-2.6209848389916592,-2.415476125294228,1.409198374576315,1.2472180655726353,1.161735196487179,0.38295621288162107,0.326876000710953,2.109029845754426,0.47929266162953826,-1.5222995943716655,-0.13599772259086235,0.5062095061642955,0.03067350494682286,0.03234696592656082,0.5005263287968841,0.4361297395465632,-1.926907711526218,0.130118243388183,0.42221329647090267,1.2095727256365132,0.00603386231014974
2021-04-01,144611,151081,9356,6.1,121239000,6.4,23.5,28.1,44.4,30.5,98.3317,229857.29151181804,643887.5055745504,1891107.8512989883,223585.92240225954,1020828.3781774937,228396,14786.494722759031,837,1492,1502530.8458451019,1738,192576.5571577226,254389.029284971,131.1,135.9,266.625,273.626,107.632,107.549,17335.4,57.343540954363014,87.83189064266625,18.697,122.00733333333334,2356000,0.07,1.646,-0.9293777748500441,0.8791395008361815,0.6358286432459352,0.6761091380731465,-0.31468288109881976,2.30822755288344,-2.184488828414044,-0.1212236485090153,-0.7529483826828725,1.262472593098214,-0.2088692378768165,1.9534625370318945,1.0893350940409623,-0.46161128732203405,-0.5493967240135205,-0.7837886976869273,1.3053545661674335,0.10249660487258883,1.2390500448962096,0.09470653210026893,3.233487026019177,0.7745129945116883,-1.0651852662186791,-0.14552125579991176,0.8040138970458635,1.4754324317965568,-1.1583195713980143,-0.27870457123099346,-0.5114194067172038,-1.4984134763431944,0.44947786319551997,2.0074618188542575,1.1625229727469724,0.32940181149190884,0.9977017868986346,3.361664987608239,0.20552082833730503,1.8317669826387306,5.29524523150201,0.01789256262593885,-0.8616741436675934,7.317930377982593,-3.46477730939543,1.5497977447566011,-0.05002673388023432,0.6453175247759861,0.12853926446610453,6.411342060866842,1.0735315868921036,2.949110252051093,-2.0991968555474827,-1.0478048076001163,2.4809204062903327,-0.20519074233821535,0.04481220771307666,0.018347732687701266,1.2614822081886696,0.27142296576631275,0.6493521809397823,0.185312704042618,1.58365324942932,0.37238592990478553,-1.3220978103247472,-0.6816425914484823,-0.6192488145956119,-3.5506310294823935,1.1816030203459325,-1.456687416347251,1.7029249222561211,3.0498916570231636,-0.453831628985704,-0.058634512717021,1.2066856277144902,-0.7836726751556875,-2.722235488473413,-1.5116939521357755,-2.0903314997256692,0.4415861901432605,-0.10633216272319931,1.3844615122401733,0.12926167053306686,1.0016764738463317,-2.0910319566171887,-0.15365784141088545,0.5908376244999374,-0.03244610296601146,-0.42725800512003004,0.6702690843335519,-0.25531303898370145,0.49335748825526754,-1.5176546682428491,-2.4994105676042118,-1.9889732868891437,1.6282081931475134,1.258341606917598,-0.17156950766637685,0.33769741447708607,0.2760151069781857,2.1679598928744217,0.4879239627706439,-1.5556268764123387,-0.25823228441508866,0.7328994933232811,0.5630025039845983,-0.7464237119888963,0.7413978340359191,0.2284920743439246,-1.1439986963024174,0.3548248083773571,0.2662559317990906,2.437528561498626,-0.20447403080964136
2021-05-01,145032,151535,9905,5.8,121363000,6.4,31,23.6,32.8,37.7,99.1867,229478.4811062634,649283.627893219,1890201.8716951774,221424.6099238335,1028286.992531243,225512,14743.862308659322,726,1607,1506754.2335280634,1681,194294.90497670637,255876.0999778156,132.8,139,268.404,275.457,108.184,108.103,16836.3,60.23996154699402,82.57754281657931,17.466,128.47064516129032,2346000,0.06,1.62,-0.9524030769046128,1.130240693549779,0.6693466353295425,1.7519900691552763,0.29940709726993975,2.559908492246342,-2.0394206230693706,0.22443257433856453,-0.842032615627916,0.6015840642490878,-0.44357790865007324,1.0834796504939315,1.5595135416401744,-0.3046021062661422,0.21978007296570656,-0.5181011984047146,2.3678105462312673,0.21025185515165926,-0.7701639706633508,-0.31819919504237026,1.963611954319245,0.9970727665269004,-0.13252428532868815,1.1300588051039215,0.6156736005817336,0.9127457782944983,-0.8826475343256325,0.3018646342067164,0.30297726255561425,-0.3212341044954803,8.629423443652197,1.912516169770688,0.5460218446072678,0.2632522269543345,0.5719955615673573,3.2198000429297076,0.5098934701982941,1.731139232367323,4.983808827446926,0.25163031197306424,-0.43577999725949945,6.126774740696403,-2.6300375933738342,0.8136408097043827,0.13646617712756826,0.6485113288689623,1.2371572434825273,3.4516862106510096,-0.40448363874460186,1.650918878894197,-2.2080892981941975,-0.5860355052246655,0.6299864564289965,0.48007811517417,-0.20574042864117428,-0.11689362752140647,-0.3788106742750354,0.5267149440693717,0.8969271052728595,0.5704911255460798,1.0983277492110846,0.1871321581935639,0.9957296624964166,-0.3369596154598848,-0.33277219537750435,-2.929565792882359,1.8868740001930335,-1.3949806558057787,1.8021337518187317,2.5427165502861153,0.008198775836309458,0.7647407084836393,0.7496604566961234,2.007886113581054,-1.1450103489355201,-1.0407804307779311,-1.1487591493589104,0.07360911453102437,0.050287221609775834,0.9479622544788483,0.43046502659924946,1.1933908102099673,-1.8662188139279878,0.04100548938805024,3.130014619087678,0.18622538741658795,0.1423040600054645,-0.34060928042213684,0.05971046083213827,1.175053764388726,-0.9151296038791219,-1.3337867907174576,-1.3847963488003785,1.1683120086280463,0.9491426390876613,-0.5901682870794599,0.06367641006689292,0.479063348494521,1.602965837775037,0.8135110070102594,-1.8525906881227119,-0.007992940418222542,0.0880730426701385,0.2217807072505042,0.4776697497638558,-4.006984946040404e-4,0.6732894075639999,-0.0329764256501027,0.8494581309628179,0.2963602220143575,1.5949944360099082,-0.3728496939697212
2021-06-01,145828,151734,10298,5.9,121715000,6.4,16.1,29.8,31.3,29,99.6483,229250.19310699968,653051.0905947696,1898503.040630366,222707.54404678705,1034089.8223415603,226054,14881.744951631294,689,1638,1507810.7183580387,1657,195774.6349358149,261511.9358516938,134.2,140.6,270.71,277.608,108.748,108.595,16757.8,65.63798874462059,84.78180006295611,15.903,133.14,1639000,0.07250000000000001,1.5275,-0.6399653142166577,1.1783636262361095,0.7795997882421695,1.559744468992224,-0.22786009029938406,1.9429752663505937,-0.8574589435086304,0.20180175957954277,-0.724108176814539,-0.06557516101675076,-0.5192086077759733,0.14117736313564744,0.809783221677834,0.1652723602562114,-0.2849388289396049,-0.6430529571111517,1.3910184499187628,0.17007064729753069,-1.4134823806616055,-0.18810082030116235,1.1310314254894063,0.8388467007021113,0.628953033750369,0.584778632864131,1.1118352162120113,0.5160409360598328,-0.716052395629838,0.9583114289106522,-0.17817003138382176,0.9394629902662515,5.758428118120886,1.9096609627649974,0.1832589079802166,0.4889217525348566,0.10067889114506236,2.897048635876171,1.2012320274191268,1.242609416130392,4.920518385896267,0.8861053676821702,-0.10399599485708759,5.007949181748004,-1.5633855366160987,0.6732064940106892,1.2520585186717907,0.15891355225370302,0.8008038095729288,3.058488902694882,-0.7579941118764826,1.3452174099947052,-1.0356427516094286,-0.5745223346565091,0.09890795015628556,0.7448949500122735,0.15117906830993594,-0.09222629576343845,-0.8094702498333798,-0.10277798470096099,0.468950285605919,1.0369209304473304,0.9473886493908045,0.9699572025626555,1.0085280083539663,0.23797841564374791,-0.0076498479133303085,-1.8399142114783495,2.929800992326653,-1.063690090606761,2.285807226717509,2.729483308637939,0.18437476996599722,0.9664098986240834,0.2388474133430759,0.6000109028577604,0.04992283380455223,-0.9728755074691862,-0.9409188105213656,-0.11463633196364825,0.5795430144582618,0.6612316582158776,0.1878275823271248,1.2560418376178997,-1.194451543078832,-0.09661535055637792,4.389428707665497,-0.45001243574110716,0.47185985236756256,-0.6019963894727228,1.1597334068497296,1.2890971156612894,-0.9716564791142468,-0.7255969201608451,-1.738786525021235,1.1507841901943419,1.1525681977838158,-0.7654777827993251,0.41560321205378054,0.7244550451961421,1.9692599947342053,0.7227070088403802,-0.39948132594525537,0.06482847727079788,0.34993080540547605,0.03003648914748843,0.177481633362055,-0.3295303179483932,1.7077246609222838,1.0436513301971608,0.8833082142829752,-0.012079160995531774,2.0286535913686503,-0.5911230713127484
2021-07-01,146759,152773,11049,5.4,122729000,8,36.8,20.2,27.1,31.4,100.0668,232230.61084420042,657171.3566689545,1908100.7595623017,228696.4081445893,1037235.4152367878,221285,14846.488217799128,727,1600,1520437.4285060626,1652,197019.4463509494,261033.17318691374,134.6,142.1,271.965,278.639,109.275,109.062,16867.8,66.33722260352322,81.0402471027341,15.207,136.96064516129033,1850000,0.1,1.338,-0.44172119627961437,1.0746111503100226,1.170830713942968,0.48012783192951763,0.08768380810308139,2.3055286791976877,-1.3556103795970367,-0.05308484451687142,-1.0075438395873262,-0.6257699680934234,-0.7302457246300155,-0.21553243632969182,0.8497872873530443,-0.6871363805839033,-0.4564263909790617,0.6292624623776847,1.092857763360771,-0.03704635284366495,-1.4161852281858767,-0.06423692331878833,0.6220280132238786,1.148653556219159,0.5181818029806908,0.3928394927922424,0.8349107417338941,-0.50275115056852,-0.515209015387291,-0.04170577391911025,-0.8678796646723761,1.2152147218645073,1.2091884246817919,1.5033428442471164,0.03109636160920424,0.9119570710942567,0.19552097593265155,2.480225313182914,2.4388980184654474,0.05393410318604615,4.958108840218335,0.6674764115539416,0.03890302341780487,3.879272791558959,-2.1846465284470775,0.7004744980898782,1.0884123283509788,0.21208087351572713,0.46193756753610005,3.7148313955862573,-0.5680200259079249,1.1052767914576422,-0.8157397607469676,-1.7394177445093406,-0.14374009399023926,0.08621528798153268,0.4248217105298413,-0.48514676213844166,-1.5432776741699852,-0.4614562312887228,0.5699803168670854,1.2280862732578821,1.352956071574389,0.8512823881639108,0.1852806813225545,0.08490182550196708,-0.12283114810266574,-1.9634132174939225,1.7359820046858356,-0.645026370769435,0.33423351317944955,1.9947230709046868,0.10965737533921675,1.0091802769311746,-0.12167523467377142,0.5957015196401654,0.348054617744771,-0.8036210858041212,-1.1633212416723413,0.3618605480022624,0.5970435278952904,-0.11559136635590908,0.18153125068476045,0.7667022511205783,-0.45186734774622833,-0.13946661244919695,4.100183572396848,-0.7472575349330682,0.9426332596372903,-1.1336448019432248,0.42268153115091517,0.3281493463481921,-1.103268455077858,-1.5303928829559053,-2.014614747154504,1.1560886803066324,0.9577539931947365,-0.6600712484544358,0.4565113688155664,0.5525638957314379,1.1526337708179206,-1.4989163496948252,0.03417182308269843,0.401389354944331,0.6608884626593695,0.08363812263697709,0.08187951568809275,-0.9725088480390839,1.3779242199345754,1.022565772441151,0.7714570564324225,0.0036300467924384205,0.5173516620351588,-0.828957188978582
2021-08-01,147246,153250,10956,5.1,123976000,8,21.6,28.3,17.8,25.2,100.0412,237176.44914327379,662890.9952606634,1915277.5282551988,225703.6091870215,1049120.4885162232,222009,14938.570907765219,691,1595,1519098.6146554868,1770,197754.28363106088,264483.2300401021,134.3,142.4,272.752,279.021,109.72,109.436,16832.4,61.72985781990522,71.07180738642204,13.765,138.91548387096773,1440000,0.095,1.2825,-0.13150909082125867,0.038385274127547414,1.4005003883783351,0.27305568202367175,0.4907595226929251,0.962694577147714,-0.6257609715228232,-0.07788276946789846,-1.1206994357591702,-0.228072778710454,-0.46776454502577114,-0.1157980444701171,0.8508073741538632,-0.8278533118161411,-0.21950628968482344,1.0139751065413156,0.9741403249108394,-0.08401678871272654,-1.043854529814312,-0.2545171797290535,0.5037606587215004,0.9754701490140408,0.8127332051215537,0.20395356749017318,0.5517035093065348,-0.7910271722074728,-0.4918604240359184,-0.026689199781589207,-0.3617508038206509,1.4151995091968705,0.3962403141150329,1.4033779664799024,-0.21234715750548547,1.078668671299917,0.3506748286098393,1.9016315334760374,2.143757719796548,0.4964163887966392,3.2089577467208663,0.02668703831240335,-0.4269918735419266,2.4353440437881906,-2.555556531099561,0.44265219101276315,0.24686576442035868,1.5098281941663265,0.5917704279559477,6.611048670866515,-0.497017599891539,1.004174493376407,-1.454569987131777,-2.050197933332388,-0.3648789631831143,-0.13578730496688535,0.07085323617451045,-0.3401405699858997,-0.7357741642412948,-0.601589963664125,-0.09457145743326385,1.4248327070739726,0.8527964188488819,-0.1791951095465671,0.1955177564349902,0.1633586056127542,-0.2917119242379814,-1.7256527410322964,1.2932141398674406,-0.8451273391031983,0.5976317609794979,1.877971473929226,-0.08007875761137158,1.5261961923698393,-0.5185712556639331,0.5323598428943057,0.05279140150736149,-0.29232838149303486,-0.7253232407095801,0.8156284032853942,0.5531321762533494,-0.7096095746409772,-0.057230436914584334,0.6564195880111452,-0.10520833391177864,-0.17924456018554266,3.0061962919609853,-1.0539357727662726,0.9084259044906755,-1.3009520651182913,0.43669942602582157,0.15991695409375245,-1.4159507956524462,-2.8416971374253253,-2.722074502998212,0.9175002564176271,0.576026571957689,-0.7016653724505612,0.7785483265602703,0.604170972705587,1.067466491257018,1.0957526171801473,-0.17373338551767525,0.23327909681891806,0.767652058026999,-0.34612083942587535,2.905229633951981,-0.8239656481072757,1.6019726605432894,1.0389732330151595,0.5384629122184909,0.03733279569122702,0.5150060847767706,-0.5701719175290704
2021-09-01,147712,153843,10879,4.7,124871000,8,28,36.5,31.9,21.7,98.9955,228330.62237044174,670305.414959063,1940730.1095968487,226764.01901005933,1052097.7400565213,222555,14973.147836833354,731,1563,1517147.2189155545,1625,193589.10283787837,263645.53327214735,134.9,142.8,273.942,279.727,110.047,109.657,16641.8,65.10854453097313,73.29467972684756,12.722,142.87133333333333,1422000,0.08,1.3375000000000001,-0.25533050501758353,1.006942047632341,0.9502739412426329,0.543703437599841,0.08415971217425772,1.9395756113958333,0.5690802092214037,-0.03811896501173558,0.11440449502787821,0.17794920042825457,-0.1685831843288707,0.9246029920622607,1.5493223652331418,-0.40336407663796126,0.39139978398349423,0.40790902848490723,1.8981651998295204,-0.923679747358419,-0.38368641664401304,-0.13201606170640595,1.30482730457741,0.6389682427341947,1.3491868239220532,0.15638866714322933,1.1070661662120598,-0.539363904738848,-0.6654976782406247,-0.3816791753998666,1.4081217670745196,1.6877147953554346,0.2744691656883115,1.5426602786592205,0.8742339820737346,1.5750245814802952,0.5820519469118632,2.3383937578061893,1.796346804825462,0.782405233517636,3.307691869032241,0.8504299069665934,-0.3456736113543463,3.2014024283688367,-1.8165461384275758,0.47830309248768554,0.9557503820500483,1.8601024206233885,0.580069588777528,4.771164104418248,0.08148614804559329,1.4027432767447836,-2.451322915842528,-2.0435091043495577,-0.3143081433045487,0.6687729284594746,0.4727064484683328,-0.03637589299683806,-0.42136370577162496,0.11822826980713202,0.41957285212968176,1.5383721149559673,3.3117227546250145,-0.3802669305937229,0.7872331335052809,-0.1569948320149927,0.1338165155376071,-0.12062209898680887,1.263130577091022,-0.48230221241699267,1.265683976341812,3.062043845728285,-0.3150853219184936,2.3735119871770105,0.14320698887549452,0.140545938456146,0.677747958925909,-0.3099501656147451,-0.2888963420089644,0.47104437899196167,0.22874970902436725,0.16454691015446682,-0.11487852503982426,0.4978586085426686,0.3705264372307999,-0.4111421992776787,1.4411745457312317,-1.2032407148674709,0.8049786633009892,-1.06669385983721,-0.09625124285591796,-0.3509443162432279,-1.2492777066896137,-1.0961726061746846,-1.997957269080885,0.13116166182881928,0.9495549348679913,-0.656147017599406,0.7499668197956684,0.6637970921737536,1.0780802062790564,1.916716162604832,-1.1012229019930053,0.4823582742717313,0.3446529225517401,0.545969420079955,1.4123200216302663,-0.22591499818548264,1.5038257907407182,1.9168441564926386,0.39717159144445596,0.26366407258786434,0.6863228421278066,-0.49160652722719234
2021-10-01,148569,154475,11341,4.5,125666000,2.9,19.3,38,21,33.6,100.3542,232864.97322581516,681234.5924273756,1959661.7338539574,228962.1729982572,1053859.004343468,223693,15074.814206120587,683,1587,1521993.660884406,1719,205845.17026214322,266294.3264012426,136.9,145.5,276.528,281.649,110.741,110.184,16648.1,73.57708527103783,73.18949933831843,13.181,146.65193548387097,1424000,0.08,1.574,0.5497796996527518,1.0363107800979006,1.1333449074791635,1.0497888269941595,-0.25344884004277013,2.485919739697652,1.823638341227603,0.4207486068041337,0.18606288512208571,0.6035791634225582,-0.06436075913048207,0.46328868424999037,1.8162052979411172,-0.1934090993942675,1.4397550827226484,-0.05328092180346629,3.3774380087242797,-1.041149969854049,0.5443308430465837,0.14295879096859257,1.304402966928143,1.4337647630399,1.8538294529694592,0.6656201258193448,1.4738119941896204,-0.1539898774005939,-0.00930072779415262,-0.10368142437179119,1.262162177529736,1.9351926474514332,0.1215403886621085,1.636273968143782,0.890790151949371,2.5629803203318597,0.8059139171081979,2.649791493834689,2.4674592850000416,0.6577998393191726,3.1741043005445704,0.7558974199419412,0.534550007977004,3.5456537594233613,-0.44442718962006583,0.6597582540000636,1.33044721828928,1.521165465423061,0.17280232492459335,3.3767478791588625,1.0822573397735145,2.096534178864206,-1.9886099508675215,-1.0996988412987683,0.07711058238468935,0.5033926769591966,0.5030942870006924,0.3756832555020229,0.6359009778065109,0.18248817504277925,0.7524691895034109,2.1975049445992894,11.332849978627538,0.5325286855993687,1.2938726268701748,0.8455722719695071,0.18263244676119633,-1.1679705329610732,2.9257431727362295,0.11182052948191439,1.9315492654722295,2.934915748355931,0.2669437961748846,2.4331885701601363,1.4389706562215072,0.2931667457924875,0.852712978950604,-0.2430260824806399,-0.027152520811450927,0.8221968610676766,0.22359399164534938,0.4275021133055701,0.05707921675088358,-0.32918439954755646,0.8432957927337498,-0.1417543403444049,1.1332767869593046,-0.7856969635060774,0.5520024843317255,-0.34540890096855403,0.5926554144798132,0.9784377291182359,-0.2390831178531793,-0.6801698011792178,0.17667625170338694,1.1154892150746516,1.2842961271450515,-0.025803496534159833,0.8747514662807943,0.9274522074796706,1.193885933436678,2.2874062259928007,-1.6361912661975346,0.4683644695571042,1.144336382512205,1.0006916151157919,3.2808554828809755,-0.12082944158919853,1.2279071816643694,2.6270605362889174,0.3178350978394944,1.071721172168558,0.974660148420439,-0.24004653149002111
2021-11-01,149206,155530,11119,4.2,126264000,2.9,23.1,32.2,42.2,39.8,101.2684,236419.15523271455,686898.0360505785,1974844.0600522768,229939.01892206978,1057304.2776432608,224111,15109.855618330195,787,1704,1549778.495202224,1766,206835.2614115326,278714.91346067615,137.9,146.5,278.824,283.411,111.51,110.792,16598.3,70.98018114967267,68.83605730933293,13.484,152.53666666666666,946000,0.08,1.57,0.9031836466179817,1.2273680187163414,1.4630990312658836,1.5051678405390798,0.30557340788801096,2.603818541194509,0.9001700305197413,0.5224585300485219,0.5015540790033529,0.7409641640295845,-0.08399000945453876,0.22559616799168625,1.4226713013637908,-0.05076670781098555,1.294529767754569,0.15649385560401394,3.0013147092885886,-0.12802331265594386,1.0414876655833585,-0.0804413698673932,1.305825913458721,1.2221101309009905,1.1427446078944579,0.8107375107215654,3.03487589257094,0.0783594317634361,0.2237460857394701,0.4192710638854143,0.776114314113875,2.45136022418636,0.05021507379762733,2.0036425209031434,0.9371630611150735,2.325473324170859,0.9120515554006285,2.9085543894426955,2.6098445426789656,0.9316141848320988,2.446251499188438,1.1248415169137513,0.678047992841733,2.817192413589283,-0.09400293936117864,-0.703235478972665,1.334335789569571,1.935819311399642,-0.1288739670356113,2.626331582535209,1.3084319144428744,1.7684773316289049,-1.639804644619996,-1.026543904212869,0.21094075914154461,0.7724235604139736,0.9865692447685515,0.21152430046243972,0.9955265699387288,0.31881588021546897,1.0804757125011428,1.2609774057069292,1.660372903869742,0.11289224792476005,1.4242900276115578,0.9713363410332785,0.29227571669650393,-1.3569754580936617,0.5326627967810377,0.20080041885003588,2.204397664455601,2.791294191699653,0.6232546668345378,2.537850909647407,1.3390927835857123,-0.4036754567198357,0.22044103528625245,-0.3447045252782764,-0.004333969292774367,0.6616256929366225,0.7737099542046811,0.4767498330169779,-0.04269691347373757,-0.4993033595698419,0.7544678409260668,0.05849508514380268,0.3151196415744806,-0.5673831149317217,1.2552883945167728,-0.16260799597930792,0.6299007685867799,1.1547935608325737,-0.07758881178448968,0.26838355984776036,-0.6263208915630901,1.0388742428689044,1.0581770340960033,-0.4213543842780665,0.8067945643454246,1.234803537063667,1.4791111610387984,2.5013396029937023,-1.2825921362338122,0.5001197820141787,2.093850352671925,1.5113425886548637,0.7563466420508307,0.6384389137543509,1.344884766644962,2.1235684672142847,0.9539973133395221,2.183484264062046,0.9751381591190875,-0.11534434394260572
2021-12-01,149781,156099,11417,3.9,126962000,2.9,34.6,23.1,17.1,32.5,101.1948,237828.92684969833,700330.5976599745,2007016.5556039365,232053.71543650478,1060720.3642811952,220771,15064.470999189101,834,1757,1565945.7677261832,1913,209954.4648506073,281948.12022705196,137.4,144.2,280.806,285.221,112.221,111.458,16525.4,63.90069594817368,71.05199933831842,13.166,157.18322580645162,865000,0.08,1.466,0.1904271439191147,3.482927226917661,1.0667194511177236,0.47290061570731035,0.8321641124049557,2.013517689917066,2.7034480526345472,0.18735029223328828,0.27254406505536055,0.7781979656316335,0.39361173039303177,-0.742269754442372,1.7381515211259917,0.18748181527765306,1.125953130626686,-0.547613036413277,2.3651677691857276,0.18797778357083583,0.1888806827034006,-0.09072834848111677,0.9385009008824634,1.3450174668400745,1.0869613027141172,1.0144858900110896,2.3691943871526755,0.28025688670713644,-0.013668761510196095,0.308858354932834,-0.30694654401178045,1.9463645303382773,0.16133637581258622,1.417852645973361,0.8602841658258108,1.8868902419076543,0.3654128596060465,2.663322977072376,2.199510920228626,0.714418495218466,2.384469718650184,2.094756846283132,0.3748355349239185,1.8647514365444866,-0.10253902224202094,-0.8590551290220811,0.4134899185736598,2.767058084006594,-0.14199835136360522,2.7622695373407478,0.5788262765452946,1.1849124731271705,-1.4245289242850878,-1.5734957699317056,0.07200735120624156,1.3558792729810878,1.0785219354302535,-0.7448899453112848,0.3079079125000398,0.420785544349863,0.40184704701640467,1.2319384045710895,-1.1753070365176388,-1.5936829062534634,1.545587580723756,0.08717453680617228,0.3508120504679503,-0.7136749331742341,0.6824272602671774,-0.10932408971980435,1.4068660940936577,2.21332211343054,0.6593042098775201,2.9593360859927076,0.7386424885074329,-0.2014583156613162,0.3544332049530406,-0.08237979180617633,0.03879838975212266,0.5469653412870931,1.2513660900396575,0.9900627789614255,-0.18001627870516135,-0.6610961927793654,0.24293815555563097,0.22502317785839648,0.368758834069472,-0.498452550190116,-0.07029245052734631,-0.038922852174966396,0.3737322262516536,0.76614543884963,0.12082486103267177,0.6283520481350113,-0.32298482066915435,1.1125907521795129,1.0955800479295963,-0.422647802038637,1.0108646350156045,0.9057748285280924,1.7778209088600834,1.1966058688944647,-1.3548929870460318,0.3859002074870435,1.304423179405252,0.21638169831200046,1.0754544156455532,-1.0436396540696733,1.3482574815962234,1.88511909845896,-0.1773921206783991,0.6644929047209662,0.38633132072362264,0.21318996482570912
2022-01-01,150006,157115,11238,4,127179000,6.8,8.3,21.6,23.2,21.7,101.2146,243586.4013619919,707219.6211959992,2035152.0352565804,234144.67617223522,1069328.580549053,223510,15089.912747393064,798,1712,1605277.7186635453,1915,204907.9591402426,280779.5984961339,140.1,148.2,282.542,286.799,112.776,111.988,16143.2,73.79229623324112,65.51594861368075,14.866,156.63258064516128,1188000,0.08,1.7650000000000001,-1.0132195791555736,-2.346615921310192,-1.5057925726796393,-0.643598700519241,-0.8080324223277197,-0.26288410702611603,-0.35271764978541775,-0.5707273894080332,-1.1557797402907886,-0.3110654447631255,-0.0370293216582224,-1.1070208240083605,-0.015992559914814686,-1.3448319752151918,-0.7290549791142936,-0.08851554130210033,0.19914830234799402,-0.26515725937175244,-0.36400451860905975,-1.7747755754963237,-1.1947189119366717,-0.5823898702498816,-1.7306540334131695,-1.0300823091137652,0.2823334523228287,-1.0440337768551073,-0.35111394524155537,-0.8628695854123607,-0.43278802626086776,-0.739130872714938,-0.214086076783715,0.13140690970553423,-0.020192403186515998,-0.4743056636049742,-0.9211684895781656,-0.7824843019854222,-0.7898779125814207,-0.6051800789445134,-0.9255899433005651,-1.9211947290977234,-1.1366789722785622,-2.3281661926573753,-3.1757961871752167,-0.6033094309292845,-2.5399757987270744,2.5255085874604477,-0.6600143012956035,1.0639518727407202,-1.2209909956039948,-0.541177980321867,-1.6882122422462185,-2.2549688359891396,-1.1786460300834565,-0.7596564870717947,-0.3206454903515131,-1.0179738363551607,-1.0890840123409262,-0.35702311756758437,-1.1049784402711547,-0.1483762311876809,-1.2895667244228317,-1.6673122011853168,-0.6339074604242642,-1.202769223320237,-0.7155221138491187,-1.0896189257454507,-0.2675246541615835,-0.4036378799167299,0.04479270587193713,-1.121002004387152,-0.5242230857363284,0.042215758612352786,-0.7667833646696274,-1.2348397298435188,-0.944881670543626,-0.4649788427457488,-0.41173713883840807,-0.6573923911914389,0.2247358145940031,-1.0036396907541116,-0.13184026718322897,-1.2938922692572783,-1.7859980624300607,0.3973964166175395,-1.525552319091358,-0.4843062582894384,-1.206087485096784,-1.6249161001709493,-1.2409732061040764,-0.40475534966430343,-1.3697863458214907,-3.045404082010681,-2.486727772523418,-0.8118774950600262,-0.4312386918622779,-0.9341647970499661,-0.4291821008482893,-0.3553573268097358,-0.47327557128930986,-0.2657813170889233,-0.6107966594948815,-0.2523233260555017,-0.9616121191729473,-0.5155648856754002,1.6311347060480703,-1.2057551402301816,-0.5539053170465245,-0.4330961380407808,0.004739912534545076,-0.25070338014078136,-0.7876918217621066,-0.3561989189795755
2022-02-01,150875,157598,11661,3.8,127710000,6.8,0.5,21.6,17,23.9,101.8458,239157.9800685529,721597.6878816449,2058418.0016526217,233879.93550035686,1072266.034593661,224269,15099.348835569965,781,1742,1632585.5369242835,1860,207922.3537082889,284643.44562028034,142.6,153,284.525,288.256,113.489,112.492,16143,80.7479138947387,62.07455368614451,14.168,159.2592857142857,878000,0.08,1.935,-0.6071980477536157,-2.4552949893143916,-1.6461318269241065,-0.699235653204745,-2.105094851893744,-0.8286693153610605,-0.19228332272848744,-0.6651374694265981,-1.6966338939204983,-0.6265265296534948,-0.002979200564624555,-1.2888889030330293,-0.5313016444751205,-1.285753206273882,-0.9766061039632046,-1.370491549849394,-1.2413925592145991,-0.5256711853248217,-0.35131696474445884,-1.5839076083459136,-1.0060059993567898,-1.0938164126289307,-1.6272589758416438,-1.4501550748686685,-0.6341699924033628,-0.9665451313086755,0.26269527094886924,-0.8168315779512563,-1.0180639226313057,0.033767206222336726,-0.8590819510716319,-0.3988986088188256,-0.29906049697859793,-1.167517951902093,-1.2292928089945638,-1.32790549026557,-1.3377360658942454,-0.9278273774585731,-1.48417246506397,-1.2226925391863435,-0.4021471330567821,-1.6721379308910116,-2.2390283719610236,-0.4558395405895416,-2.6124998880086387,-1.5906605077574116,-1.4321024598243213,-0.7589160384097529,-1.1618316048785036,-1.7593383272695298,-2.211514752378247,-1.644491930658687,-0.8382495657672264,-0.1918580378580806,-0.2499646623232979,-1.2472814732128568,-0.7632090820391904,-0.9241161790923357,-1.3218304157925642,-1.1915377456704324,-1.2559336247589787,-1.0618543440487236,-1.3606077616489867,-2.2014198313601003,-0.9252924791775332,-0.9762284087228184,-0.5987311816896794,-0.7566392698438413,-1.232596246455278,-2.2777192509913755,-0.3654718642526339,-0.9402934026690132,-0.6771834755401684,-2.290915619887764,-0.9375425302536177,-1.149202133587559,-0.9516429312888728,-0.5198240305091724,-0.36893934511977944,-0.44570152813982866,-0.18042679234085537,-1.0901533143957023,-1.372526496895123,0.3333457786085756,-2.4334240935840286,-0.9517411994409001,-1.9509698977912062,-1.3831348771754768,-1.4875006544060083,-0.04046741773401663,-1.4727566529203078,-2.7475380857888627,-2.4429940698779298,-1.1246422043229698,-1.359011458979384,-1.314488378336901,-1.0210088745229053,-1.06944092967115,-2.165038160078765,-0.711285798773905,-0.006930916437365653,-0.574337955432309,-1.440658390189693,-0.7680406906340098,1.2701300816328025,-0.5807820206936019,-0.44388955129173535,-0.3639234199817267,-0.30766075448161334,-0.6426292702805161,-0.937416827149749,-0.5231708433256297
2022-03-01,151346,158206,12134,3.7,127987000,6.8,-2.9,32.7,23.4,38.2,102.6732,236708.3300579095,734158.7401409743,2090899.6664979113,234763.16502022027,1069290.4995239717,226470,15172.986051061676,713,1678,1640927.0759636296,1879,215432.05024063445,304448.46229768795,146.8,159,287.467,289.044,114.489,112.916,16065.5,94.76892976617842,58.83397397599959,14.253,160.48032258064515,860000,0.16,2.06,0.22727705382459643,-1.9696360546393605,-1.4715737752294538,-0.6758870982602804,-1.7757938788212202,-0.877594376121899,0.5596361905721767,-0.38590000016472636,-2.241515848215409,-0.5264895928197786,-0.06654235437495212,-1.5397972005269036,-0.5457345441365915,-0.7183177189834458,-0.5361473641251266,-1.3422978709191045,-0.840448994889643,-0.6397932612929214,-0.4114162398702599,0.08335068399510989,-0.9671010904119203,-1.7408760944458614,0.5666299033614624,-1.2054866600763179,-0.4348488470687487,-1.1253240847118609,2.196527116632546,-0.4247738023139884,-0.6149560453541126,1.0471061816841452,-1.041666524355725,-0.07934682364862003,-0.18657049854875501,-1.2814531066571413,-0.8740838736708068,-1.3203855807155542,-1.2519319971135427,-0.8493947564265586,-0.9447272088317804,-0.15693984715808468,0.07863617978063617,-1.4533398596814755,-0.9265146010876206,-0.476057401949579,-2.4371549540279926,-1.9480620218221598,-1.131732941376172,-1.4732291920255498,-1.038618375934227,-1.5514671958417479,-2.019434343738158,-2.520143075446268,-1.2897357067792952,-0.336484171795182,-0.0043758369107315094,-1.0414189382588255,-0.7074773015979945,-1.292276445504609,-1.1848307738979205,-2.0995458715943576,-0.6674094166384237,-0.9789281689023803,-1.2594248250704538,-1.9997460017460353,-0.7068049750530385,1.1227759591577848,-0.5656424310541971,-1.104812795376477,-1.1793567676162378,-1.8730163496393142,1.1939331068189647,-0.8916364192389559,-0.9589132194926782,-1.5573045249350843,0.3784992909745336,-1.6026361938658087,-1.7928975369285456,-0.8234629949461736,-0.3455632200150848,-0.5860100948295295,0.028285176411665107,-1.373324422303987,0.2329899576508581,0.03187482053450191,-2.1503615059994394,-0.8821527287643338,-1.5379495059448245,-1.4414305697451926,-1.1772934157447164,2.359991389355191,-0.8650605891941472,-1.5053463924772177,0.35285236630058736,-0.7624054280299817,-0.9597438075540096,-1.3962182147440432,-1.0137953588824253,-1.0543872613178655,-2.3505944945480395,-0.7253656859019637,0.5909258572201546,-0.7532320690827603,-0.8028672225922423,-0.512258271520932,0.4084960248355651,-0.7474336283266783,-0.20337782657055894,1.085680796463375,-0.06149934772640172,-0.6247065407945933,-0.74277220616981,-0.42186013363448854
2022-04-01,151651,157891,11881,3.7,128311000,3.8,21.3,21.8,11.6,21,102.9024,237700.37877138754,748336.4534807785,2103120.904271085,236502.24215246635,1071622.6217945926,228772,15232.530802385823,636,1828,1670298.2280464973,1835,221493.31707954197,295833.5147372546,147.5,160.6,288.582,290.474,114.845,113.301,16063.7,88.62379729200227,64.73189064266626,14.681,159.78833333333333,1066000,0.33,2.692,1.1463374900549286,-0.7798655036849143,0.18486973998146566,-0.7516792581737868,-0.979070904376439,-0.6326817177614315,0.7156738399461229,-0.3522178587349155,-0.8927856580674929,-0.5184238143220969,-0.13324545035437968,-1.4983153169504944,-0.35634142640061695,-0.25825375429122094,0.20560220587953387,-1.0254002372922384,0.10213660328019321,-0.5067205136501375,-1.6026499761609863,-0.08096372379966248,-1.1193691572582092,-1.6710245934794403,1.1507908523929253,-1.1897011841419338,0.4968097450533911,-0.7783793612360039,0.3620815463277508,-0.5285347842158897,-0.017888340712191076,2.0954404921638434,-0.784315716912222,-0.040396116062161584,-0.21686886591993265,-0.8731505040940456,-0.45447139053390934,-0.9812218280874563,-0.9732910027898298,-0.8965058520903674,-0.7464949163377922,0.35796561761199297,1.3076533861512625,-1.4010432095085898,0.6297267576282644,-0.7783253940923663,-2.1123935413635353,-1.1011623031853544,-0.5180999376282011,-1.5460324830499304,-1.3678264086138991,-0.9839600910168109,1.1449074666934391,-1.598375345351416,-1.7210477907439723,-0.6425006361925703,-0.24734323886421183,-0.1491144458571005,-1.4171607858069646,-0.3089247783006506,-1.5804422618407195,-1.7815705791922254,-0.9357120155874319,-0.6038802557942418,-0.9747851444756412,-0.9074668799056309,-0.9886419169599314,0.6556562346716699,1.1873747229363567,-0.5378299225325609,-0.7770629346245447,-1.7690117440926425,-0.13850662562390242,-0.8488714514976221,-0.4593492171018699,-0.2509787406255869,1.5068432694648872,-1.829277337993591,-2.3095545637172092,-0.7626734561784597,-0.9035983582133617,-0.9342140565158895,0.011605413419246053,-2.1072090848116622,1.284632817628286,0.5352253759050697,-1.3586667947858226,-0.429982966364789,-1.1499711428209365,-1.4680143928919465,-0.7275039300692705,2.3973613504120856,0.11437776479128337,-0.6318824512162174,-1.2323549572940034,-0.3437034197917281,-0.7446796390151432,-1.4731704341963028,-0.23345978186428332,-0.9957727588620168,-2.361256766320832,-0.2815168146013064,0.2861711291005827,-0.614917763988816,-0.4188899669673349,-0.21341235529773445,-0.22107874763110608,-1.0817992570111654,-0.37010832949553,2.2118292593481943,0.44698523427815695,-0.6479281902510639,-0.5586676670192662,-0.17326182851285576
2022-05-01,151892,158378,11483,3.6,128556000,3.8,-6.3,20.2,3.6,13.2,102.9659,234986.41186754598,759468.4184106212,2116067.7440884793,235284.139100933,1069327.171071991,226519,15206.50499385505,648,1540,1670962.9398833325,1712,222470.6167454259,295393.0172577937,148.2,164.9,291.299,292.039,115.542,113.709,16049.1,94.81400702774748,58.077542816579296,13.286,160.22709677419354,840000,0.74,2.8975,0.2518812657928574,-0.914142818544571,-0.10420856472876833,0.30281758574685846,-0.8442235305605326,-1.4062315479773275,1.3725064952836101,-0.28879691675746616,-1.3683483377086412,-1.3964229360161626,-0.25722423626027974,-1.4475943581544175,-0.6183672181655199,-0.5468817790113247,-0.1511968789361376,-0.5760088352706284,-0.7451163452684,-0.18591455537234652,-2.3760115111928015,-0.20373799701768747,-1.276573088993179,-1.368195906896269,0.47174945733359813,-0.6089263882587019,-1.0274281803618623,-1.1479737708470579,1.542875268946828,-0.3613136630665018,-0.06390895142010977,1.8618437524064426,-1.366253471010583,-0.2990868641868656,-0.6322560873906645,-1.394720045993581,-1.540252632487536,-1.6840615972409132,-1.6502905014604325,-1.0460783619431897,-1.1523037031562495,0.347610540957372,0.9667800828346738,-2.047196478359063,0.6370073452378512,0.09821528790313296,-1.5100819971218244,-0.24179108809790503,-0.3276528745803331,-0.8051922321541712,-1.8794186534555064,-2.113717082921635,2.5085299909152496,-1.3327200618080877,-1.5715469197897667,-0.7176211573576861,-0.6425612604259405,-0.5473643336214887,-2.4621277689129917,-0.6478899666562938,-2.4581829101287256,-1.4499977472065224,-0.8906707465101386,-0.2986808631451251,-0.9100381477100876,-0.9915641880338795,-0.8562817190249707,0.504667506589042,0.9676655417641238,-1.0449575140428866,-0.7801031176970206,-1.8228016341256312,-0.03395337822236666,-0.57377429488387,-0.08678897921673802,-1.4758672263504278,1.5333019953193991,-0.8576198745726903,-1.6556072885386113,-1.4506760003577408,-0.5468495933540959,-1.8409214222277779,-0.023892953416655222,-1.8215422373365682,1.1587241746637138,-0.4353701422948751,-2.1669252003519657,-0.523594963434684,-1.4816649246761942,-1.3649869915987314,-1.0152298999847562,1.781209344361386,-0.2435499663787747,0.06331012255954677,0.1725517984349508,-0.48780960850527677,-1.1173673461864473,-1.2747585592519952,-0.23446761104999134,-0.9709035258291961,-1.4157409470371778,-0.3536871472150419,0.38494478030932033,-0.41409559663573947,-0.7613198345543833,-0.8540802064900549,-1.1844019364907523,-0.8778417123536654,-0.22697745260082822,1.5256979769066576,0.21552257163952931,-0.829731680175019,-1.1805331634137817,-0.3795380785371671
2022-06-01,152353,158094,11256,3.6,129051000,3.8,-1.8,14.5,-2.9,9.5,102.8224,233356.48326774186,765369.4129348116,2125772.810508965,234129.00515300393,1063078.4268333463,225746,15216.8805892087,543,1542,1644622.784679888,1745,224225.97765602628,293859.2655468958,148.5,166.7,295.072,294.009,116.631,114.376,16015.9,98.4643876842349,49.28180006295611,13.669,158.32833333333332,854000,1.07,3.125,0.1591702178099018,-1.1269948915996348,-1.468834151343661,-0.41889895648452663,-1.0827970905985653,-1.8193169380268954,2.464769322913971,-0.26314252330324917,-1.685527733686623,-2.28477753897592,-0.6492758689177376,-1.111773116994495,-0.7729682192338652,-0.5397888039679676,-1.040942042282449,-0.3259087950323092,-1.3940127442909014,-0.3461327670158722,-2.109186135923425,-0.1167296374041106,-1.9767951219763629,-0.7151574867174927,-0.5335305237736103,-0.4291726137721725,-1.198056018080507,-1.4963820297177914,2.5776808841319454,-0.33404260608162223,-0.7650664214255936,1.5712500325158343,-2.0084741621181093,-0.5081091646415619,-0.7032819020226626,-0.7418444609171949,-1.381750898752117,-1.8976716518091414,-0.8144117555619714,-1.6364754596059958,-1.6941062866263732,-0.8218621119657177,0.7392473455916503,-2.9989410857873726,0.5462017423280461,-0.07853082800322025,-1.608347796339628,0.5567760787294721,-0.5238768012692262,-0.18028839613497835,-1.6312111938829938,-1.8966384364375153,-0.16421248692215035,-1.1615629962165588,-0.7910456465315729,-0.6702430203037136,-0.3659486067842474,-0.882051872673574,-2.2749197593883985,-0.43496230609998743,-2.576652031942092,-1.3992180555419733,-1.0402414826798103,-0.0706757435458385,-0.9662728058799439,-0.5358681561259295,-0.7539614529756635,0.3972865975481186,0.834446878502347,-1.3208799901204262,-1.3064925420358084,-2.0480976652827216,0.9729691543532405,-0.5926441332673171,-0.9012932521169001,-1.395369366757762,1.0255697942859618,-0.8313918985487339,-0.9000442373258936,-1.6880174357115894,-0.16235384870402156,-2.1815862064263722,-0.27797248380777123,-1.495524736198465,1.7076461065297797,-1.2091309640559336,-1.9985798614493455,-0.41954789385558217,-0.8108178656724044,-0.4982665912158004,-1.1762347685915981,2.7996335369293295,0.10879535538548513,0.7525721668946818,0.11430005902880262,-0.9143462883142579,-0.8993555751001137,-1.464709580386268,-0.17269055342817266,-0.5629058827112806,-1.154580668376028,-0.8037051813759203,0.1838287536655934,-0.3696781681717399,-0.8345070038429343,-0.7325034079582259,-1.2136486435882738,-1.3273329799713163,-0.1343429370120987,0.2219084471519115,-0.07578288728429633,-0.611986339480038,-1.555947084811968,-0.8110549465047364
2022-07-01,153049,158258,11610,3.5,129556000,7.4,3.6,8.7,-7.6,-12.1,103.0505,236803.75786460028,770091.3750835747,2127825.7744695833,234330.8018035007,1069728.7891515659,223622,15209.751247192744,519,1392,1650845.1766642095,1719,225102.4326687353,285996.2969947369,146.4,160.5,294.94,295.08,116.662,114.638,16219.1,87.106341396513,51.3402471027341,13.867,155.42290322580646,1091000,1.622,2.934,0.5725336441168303,-1.0855124619775682,-1.9228036190561462,-0.6141414930794222,-1.270427991402454,-1.8327497791005753,1.1988453387598712,-0.4493469557496382,-1.2925906538988203,-2.0493786089858794,-0.6133489250585125,-0.7824022436461349,-0.9442369269427483,-0.4800034189645492,-0.4063348638125808,-1.3797456132555364,-1.0270985213331547,-0.4801142368845889,-1.8804560283745384,-0.5007538178944528,-1.6511249087167457,-1.3752542754493808,-0.7878592363090277,-0.18582359104226073,-0.8742922733124776,-1.6888669641796368,1.4211230295065724,0.14789902083091913,-0.19243389751439252,0.9847353190337208,-1.0478800337741496,-0.6567154784941197,-0.5184204776036387,-0.7414282500321814,-0.9864422214045974,-1.6006185672976316,-0.49315878639839206,-1.6922143719379064,-1.504103900147534,-1.0079685225074964,0.4915195223489092,-3.556685751740685,0.8397010899484486,0.18870233384194218,-1.278081259460006,0.36295031984258835,-0.8354500254189756,-0.5762206148897854,-1.0051258649586083,-1.5231309898389829,-0.5976234993454866,-0.5948866775395869,-0.8337658947110692,-0.8211843166406582,0.08207681029258478,-1.2643281535231141,-1.910882468437493,-0.6123255633624993,-2.6651598161108265,-1.012247490463896,-0.6774531045170634,0.06541590595165453,-0.8099374415424858,-0.5953014068959359,-0.7610214890001342,0.8628444243152905,1.2154759672963387,-0.6954845432736267,-1.2487642492604263,-2.265599779942397,0.6287021091112073,-0.5946046674537846,-0.8403569177781679,-0.7298090822575412,0.658654082337941,-0.4037521048272747,-1.2166710436112063,-1.1419279510517066,-0.33651482167944774,-1.9206271028147481,-0.14737103452581998,-1.5168533694677848,0.9047123460638922,-1.1823908939715941,-1.7982434015557636,-0.2413481829725719,-0.7772494778904865,-0.5566217495909448,-0.9039327347700701,1.1719544486071949,0.252031229163611,-0.13586460639510514,0.8192745279555818,-0.9650454954395998,-0.13625048234820458,-0.7171446456233729,-0.06746198430004126,-0.4675580805768666,-0.992737966708019,-0.8524390355982837,0.6825730698996176,-0.27486837371145384,-0.9055352041332076,-0.810215516303668,-1.3709929423805198,-1.2034539128641573,0.39407000229342715,0.19972090785335778,-0.07077018905519826,-0.5901854333804569,-1.1580254478631526,-0.9073336305488037
2022-08-01,153286,158735,10148,3.6,129879000,7.4,-26.8,-0.9,4.4,1.6,103.1703,236425.01837575427,777318.3364386935,2136541.6864682697,235186.57800721357,1072307.310986137,224814,15296.74706415275,644,1520,1637046.3752756366,1542,224895.30093502675,283460.11179296084,144.6,158.3,295.162,296.582,117.002,115.298,16314.4,80.05846053913609,58.97180738642204,14.064,153.48419354838708,866000,2.33,2.8625,0.3417431642972115,-0.8904467223321102,-1.045610788160741,-0.599442122518757,-1.3257341431138578,-1.6945287530385957,-0.309131618645555,-0.42627071233029096,-1.0403858679516702,-1.6921646588550219,-0.5290001202619766,-1.0750134578179769,-0.4383263384236186,-0.412679769183829,-0.68840802974829,-1.5937365355945587,-0.7781492601014972,-0.03180420203033987,-1.4226812473774033,-1.0238461366039633,-1.2322913805290414,-1.2853644535657827,-0.9727493861786922,0.11936075216981407,-0.6197535704123028,-1.5243739053488805,0.7868524397376077,-0.35213493842213073,0.9310191005370428,1.4507065770221939,-0.6235649213497676,-0.8582161310698302,-0.5039027388744515,-0.7821837558993575,-0.4047567998077346,-1.1639050594762619,-0.4355928755221323,-1.2902414169348215,-0.617183983499658,-0.6374603929218529,0.34044303673184034,-2.3052413614201424,1.1733167498002284,-0.033064784349042836,-0.8226813365073565,-0.46836523998321017,-0.8773805284414226,-1.1821983442241282,-1.3930484479189291,-1.754197123731141,-0.07852471157770938,-0.7224355353712089,-0.8435057845105121,-0.6998628840284342,0.2386053632522958,-1.4872399363384357,-1.8120097767922956,-0.8246887228752938,-2.95001387722772,-0.8998323889578148,-0.2789977692498573,-1.5300761630718915,-0.26566201876088685,-0.21709628224969071,-0.5673330494375852,0.8477282873954701,1.090127913830318,0.2754836715932546,-1.0325843096407867,-2.184220077120909,0.07274019274781872,-0.5692883578706635,-0.687635228471701,-1.508587509502092,2.514235335235612,-0.548184528102029,-1.1313528759553033,-1.640674273473915,0.1186438398149641,-1.6542037928844784,-0.16943904109416266,-1.3774857129437157,0.8971252012400363,-1.768791568752046,-1.3168882117972063,-0.33405374762964646,-0.8859054463643934,-0.7082471996845859,-0.5183775242681986,1.2704682264247817,-0.3749233588788191,1.097962868627293,0.5179602666886222,-1.2575620658761677,-0.08218399798696821,-0.5426612802234108,-0.14101947842593754,-0.5714287218438101,-1.2116281491518426,-0.5513218365974824,0.9772451430684339,-0.1913014450233635,-0.22890849281060976,-0.7583661865385103,-1.2614960519324727,-1.4270183382460142,-0.24851021611552548,-0.1665563663918494,-0.1954443754350355,-0.6360579007279021,-0.6683850139505653,-0.6979565736946765
2022-09-01,153513,158810,10812,3.5,130323000,7.4,-9.7,1.9,-8.4,-17,103.5326,231685.93506393928,777471.7363708393,2142451.471504676,235025.60126771004,1070104.023786602,223282,15324.296923588096,556,1470,1630897.876074529,1613,221840.73540812937,282514.4619474003,143.1,156.8,296.421,298.281,117.377,115.805,16372.3,71.78578426778671,59.09467972684757,14.136,150.76033333333334,791000,2.5220000000000002,3.464,-0.06724689458446848,-0.9343809030369881,-0.8355104781581676,-0.4956826921297441,-2.2344217909259707,-1.4810952981840213,0.14714970670290295,-0.6484808408440678,-0.7254223278261454,-0.8201233792653788,0.003461817115987448,-1.144588067319374,-0.8039637784315077,-0.5543524797185384,-0.7847858957497351,-1.7971872244511211,-1.1924050507160033,-1.265972605578284,-1.2254233551707299,-1.1099202865505808,-1.582127218520256,-1.1426454077642116,-0.5913749393832205,-0.2622131418736157,-0.8877744900623511,-1.5899736742592039,0.17191799922131829,-1.261025621524139,1.0615992701503933,0.884384269580344,-0.5412667738749297,-0.8520718107789036,-0.9082253834924686,-0.7322297987442953,-1.2566964369096167,-1.8383852696936662,0.04405440387577609,-1.3657670736298795,-1.41471592042381,-0.7701317284734241,0.4034273632104668,-1.9202409328475105,1.3440058015144873,-0.383751616544785,-0.8147349338913723,-0.4403272200368813,-1.0319045396567486,-1.1896135353211577,-1.4471866443791426,-1.6192815025178409,0.7758834690349786,-1.2459082473014054,-0.880934118707096,-0.6271311653277231,-0.2397948264867063,-1.4607695031948835,-1.855824940707126,-0.7475470383282532,-2.5595705497919776,-0.6844712698426181,-0.5587201351632891,-1.2588302792828743,-0.6368200655653727,-0.7468889691465506,-0.7774139841956154,-0.39165716824897223,0.863480942139503,-0.7805586279411983,-1.3971847526199395,-2.082880902700517,-0.576318716850759,-0.6520700885308628,-1.1234250159992016,-0.9267083543921961,0.8487560119347914,-0.6158044550859836,-0.8311608599974922,-1.2145700179307193,-0.38170026426602743,-1.4950118900001428,-0.0854680483671983,-1.102072917558925,1.0312902873284513,-1.8287874635468215,-1.7185437705779727,-0.9323333591367847,-1.3277267882468267,-0.9908145501812128,-0.6767133818212856,0.14075363580475686,-0.7192752148561001,3.6844159429956505,0.7350924323099981,-1.9141448444992768,-0.8549137509658438,-0.609464495172287,-0.49937839434888937,-0.5956027704698887,-1.804762020806463,-0.692059791911878,0.349940481734777,-0.20452102415065318,-0.4521511113578742,-0.7246208373079215,-1.2147679201403065,0.015983589520598085,-0.8422118030777288,0.4488087123862027,-0.38775890298173965,-0.6683174911542993,-0.3278389865769249,0.05517319892861111
2022-10-01,153913,158684,10488,3.6,130541000,-2.2,-9.3,-0.9,-12,-11.1,103.4442,237192.83066561483,778168.8169580374,2142795.464189133,234784.67397850554,1072321.042318752,224402,15349.941895479722,577,1440,1618309.285696109,1560,219400.97208438301,283244.69213086664,142.7,156,297.979,299.381,117.891,116.2,16424.3,74.26351460247177,61.38949933831843,15.091,148.5690322580645,1012000,3.08,3.9725,0.07110915398021776,-1.1240423071564976,-0.6446513988501089,-0.6292952747487448,-1.893438805528713,-1.088326708756695,0.5672614628320742,-0.6582922348327453,-0.968435323165678,-0.25602686833345284,0.37833319835974566,-0.7144148142906739,-0.5490266462983617,-0.6129703766201463,-0.5898767677538935,-1.2720972980114482,-1.4521794460085606,-1.7032255817231674,-0.9313704532983204,-0.9767399828837728,-1.0607423879929785,-0.703334641794788,-0.11114158641710739,-0.5247911556281764,-1.150879904889075,-1.4462435772038416,0.658228233156982,-0.8492979511742049,0.7960198806595031,0.6763941383738789,-0.38454546841520876,-0.47488728853528067,-0.6520710695463017,-0.47055338051391693,-1.1131873783859958,-1.6353196388875944,0.4610172445747703,-0.9836676078885916,-1.4358302566138994,0.07577638405148851,0.3329704354324344,-1.8566082933687797,0.9916969471940903,-0.05596818443222932,-0.776542440113011,-0.247131503696602,-1.0847951325806704,-0.8632643111860254,-0.9996607138850001,-1.6215668298959949,0.6422118210381575,-0.8602741028945454,-0.4539004979922309,-0.27200430448823737,-0.349380502020026,-1.2567581570215827,-1.3545319205714854,-0.4527733972011161,-1.9330075079419022,-0.9091911892074372,-1.5002416847860234,-0.46269429586400207,-0.7986567542102332,-0.842086936215747,-0.7824983377145406,-0.2672572415994275,0.9374621363628706,-0.9912028701017314,-1.2295932592495493,-1.8205111825463047,0.13384922182289052,-0.8878229496347069,-1.8139252207370722,-0.9847833853017051,-0.2838731225664442,-0.5528919132538085,-0.6449246195719575,-0.9824532303566089,-0.263066542221003,-0.710473021167931,-0.0254221250440815,-0.7875150425833929,0.7128767430545333,-0.8774764686328884,-1.6681203366622583,-0.7281841398254079,-1.3034650859398225,-0.696704910790965,-0.7630964708820772,-0.24211024222665406,-0.29449080531875044,4.57471277107164,1.179752847985127,-1.1002979035538742,-0.992058024023759,-0.6870704558656677,-0.12317514109905878,-0.6212815135154051,-1.2324564016146236,-0.5328358639528973,-0.375045415569385,-0.30566897063193416,-0.6434251896151698,-0.48021165813011496,-0.998253891700967,1.191366231620166,-1.3600526988799526,0.11597611359625945,-0.34277475417581094,-0.2785239683136022,-0.2412132926553237,0.04708949649194301
2022-11-01,154210,158507,10619,3.6,130762000,-2.2,-6.1,2.9,-16.1,-4.1,103.1058,231008.02733862848,780943.3180230247,2137699.403121521,235133.35194254827,1069727.8825251013,220770,15305.233418766547,596,1420,1618505.1725158812,1402,216101.20029436392,269019.88648378884,141.6,155.4,298.708,300.316,118.221,116.554,16436.5,71.36633931365833,58.13605730933293,14.733,147.77433333333335,843000,3.6950000000000003,3.935,-0.1557899522289482,-1.4781266684101255,-0.5827151490440853,-0.8842369407356445,-1.5605118395956485,-0.8882612628913751,0.1836092605605669,-0.5730000898011913,-1.4366056297790353,0.027619445104059254,0.7267884613927619,-0.5697522042606338,-1.1391340369121936,-0.47847770617161856,-0.9150863249629304,-1.871114210578103,-1.4063989443495806,-1.088994417416051,-1.1860433674802053,-1.2845792029303764,-1.2477933363644798,-1.0267379605811007,-0.7484769671882536,-0.7879350812847159,-1.2867484427912905,-1.190026277260393,0.4398502833090505,-1.1481979551326311,0.11776032558753424,0.5998248058431868,-0.6664223745376614,-0.662567725017977,-0.46867385509482795,-0.8368191676342824,-1.4063385627617775,-1.6062737501793447,-0.6649318646043988,-1.3335322453640865,-1.5354094589997707,-0.6590525252878142,0.6903200191796679,-1.4327586219517294,1.2325494730334547,-0.7216598335950626,-0.5125806103858674,0.08513721543090644,-1.3744695925158021,-0.8309884683089683,-1.3510487745632305,-1.9074066883122105,0.08205341421258289,-0.4550387898611806,-0.594934969297987,-0.5662146247060886,-0.4550867334163763,-2.0758541822945107,-1.172851072962001,-0.798663982794463,-2.484122540680362,-1.2436394736112004,-1.9357788977945607,-0.9097325230668065,-0.45876624962051893,-1.1352158425829502,-0.8128016610227354,0.260971605860625,1.8782741691442602,-0.9249436316697627,-1.1573572110584731,-1.801724895721837,-0.0168720982461127,-0.8401712253780443,-1.1837513211079989,-0.9525446698961023,-0.7004541864129505,-0.6262632612442113,-0.7064886532997898,-1.2769720838518142,0.14419457820977463,-0.6619773868649746,-0.03643222422515903,-0.5712745750445963,0.903856751462165,-1.3029687713193676,-1.911469869170577,-0.6025976175790846,-1.5843983868821496,-0.5041969854201258,-0.6978399592959773,-0.086016722138434,-0.5174780374429521,3.75910251505588,0.9811895559712955,-1.5707610429922465,-1.244457902807037,-1.9783081002654737,-0.3065693421199931,-1.0262818605173285,-1.404883002343873,-1.2283730315951724,-0.10089523119309195,-0.2773562784857813,-0.5434923632378226,-1.0395401652279854,-0.5586355552601076,-0.12068521717818041,-1.0814548213787134,-0.71734736732603,-1.4878543849116246,-0.807035768389891,-0.12352439604519072,0.4435215221571581
2022-12-01,154336,159259,10876,3.5,130884000,-2.2,-10,1.9,-11.6,-10.4,101.8266,235288.80180400834,780612.8223102455,2127885.3144466723,235624.94193559283,1072363.8759153062,218121,15315.99706088528,632,1340,1623598.219639705,1400,213258.11001410434,273021.7984341613,141.8,150.8,298.808,301.433,118.403,116.977,16497.5,64.55917502090318,60.25199933831843,13.935,145.02806451612904,1040000,4.058,3.638,-0.8045803673023016,-1.9643621219766694,-0.7265883186123242,-1.220439201063579,-1.5928444659934955,-1.386657408496305,-1.1867935409922314,-0.5585921128623277,-1.8468673320785332,0.08258544247039325,0.27558764410743486,-2.2814894101124206,-1.2008216150690503,-0.45033300570927615,-1.0952933809484589,-2.273414964073747,-1.3807138310243097,-0.6312260791334003,-1.4984824047836889,-1.526316851078404,-1.3912103898900727,-1.805843908467493,-1.3257326243117609,-0.8711223046671872,-1.4124813635652869,-1.2035370544276345,0.31228575432373185,-1.4305374058220905,-1.703972366142954,-0.0725309917795992,-0.17775981670834992,-0.9112890897689214,-1.1953585781792555,-0.9259979312087077,-1.765322309858399,-2.0315014001145824,-0.8834271975790486,-0.941739687155144,-1.8767845317620326,-0.25117063165160614,0.39281723545453295,-0.6454925705572983,1.157118152914639,-2.151675669210027,-0.6960971821105025,-0.42653628602188753,-0.9620312483536311,-0.7855143747173001,-2.2129679752030547,-2.1694322311290866,0.2887450617062707,0.35223407042333676,-1.243406199914601,-1.4138412838505547,-0.6815124058647082,-2.48104593001462,-1.639924444977792,-1.014469901141943,-2.2212403206478015,-0.8778232210806701,-3.263529340625856,-1.8114266869548308,-0.8042123673013764,-1.5596248708220344,-0.7197452372346398,-0.15447631257604116,-0.06981795793211062,-0.5063766648554908,-1.211152684469772,-1.2882342509501614,-0.15334183029211218,-1.3800377668769235,-1.059497087422521,-0.06434726486824123,-0.5418309222627348,-0.7863575649472844,-0.7279584980529861,-0.930124112678564,0.7661316154165647,-0.9417448452238303,-0.48119197707641015,-0.6705832732500813,0.22071749965714155,-1.5973310430616168,-1.3510061822596844,-0.6471310996115848,-1.898316732864813,-0.697169039909501,-1.0601387545720147,-0.21513409398563002,-1.0411715095673688,0.4610098792219578,0.07025606534184894,-1.3020030043565025,-1.282713528283026,-2.2506897020618912,-0.7354005651605565,-1.380959494687821,-2.137870784689042,-0.4005794135014661,1.6907589619199814,-0.47658377693953596,-0.04021165513197792,-1.6052993508358395,-0.6884028319790072,-1.3023956628184146,-1.0447320136989708,-1.0900398344975561,-1.0570018684993605,-1.5223819876844267,-0.20165327283777557,0.35474851049380357
2023-01-01,154780,160217,10393,3.5,131131000,3,-24.4,0.9,-5,-3.9,102.7476,235989.4796104431,770580.7221423949,2121711.3777180845,235574.377977766,1071982.3203677095,226407,15524.464947440067,639,1361,1623687.6822371793,1443,216651.12136260892,275436.73901535204,141.3,151.1,300.456,302.685,119.007,117.526,16808.5,65.643197458973,63.21594861368075,15.665,141.4832258064516,814000,4.33,3.535,0.6037545036290488,-1.6423550124957413,-0.5968033096429624,-1.3271759130270482,-0.7607177614741136,-1.1538064453523447,1.1787349005318306,-0.3530526368649268,-1.1359916485193082,0.1759555361202148,0.025019266459907888,-0.8564008035051821,-0.1320646283883104,-0.2833996412276618,-0.02516899398564594,-0.9493750192439536,-0.21086867803948176,-0.7332930599933336,-0.2830347273420101,-0.7192976863512284,-0.4642080476474752,-0.72750157439296,-0.27373725046408165,-0.16791208325511942,-0.7861714793813896,-0.4007685438946508,0.19537022651378075,-0.6033169419310704,-0.367697914910707,0.2541401605114288,0.2977218812724836,-0.09248120834587369,-0.8191497680383041,-0.2869372796693616,-1.529724273736567,-0.154848560072517,-0.007790912570725783,-1.113772783927505,-0.3911964484571154,-0.48197678454711723,0.9886314652630045,-0.6887911443015026,1.532258940105435,-1.0101519678771878,-0.19105509242576352,-0.5658403080866191,-0.38812676310333594,-0.27943694706441036,-0.8204166012288482,-1.3932859885747404,0.4433994284516688,4.058568227696329,-0.7902203067180751,-0.08843617521805042,-0.23322428039753407,-0.4242663045128855,-0.4985453822195276,-0.8161972683638502,-0.8657102093034502,-0.6820641995769143,-0.9559023604208454,-1.360988804744443,-0.31719314822330863,-0.0813059092888791,-0.5390508190867627,0.845454245016273,0.4994968444693817,-0.5748984150219535,-2.048627340611462,-0.6170416409615653,0.03580501296180659,-0.6269498728622493,-0.6913020563190393,-0.30805382184096197,0.8023027191735608,-0.7129595365435653,-0.36762401514533305,-0.517192613980455,-0.07893239640838731,-0.5114577556482476,0.050755575702670135,-1.2005518698499515,0.8720380144495126,-1.5243727895999961,-1.5296554870253256,-0.1359051966382087,-0.9452436076626665,-0.5977867845757623,-0.6341869839586853,-0.03536278898321005,0.1046243905892498,-1.2867182452215895,0.9628922692607818,-0.7228144060385701,-0.061931617701903474,-0.9367366393469055,-0.30369735727710656,-0.7765608544056054,-1.120586314848681,-0.4233223336843265,0.7294514419313861,-0.22986669100042836,-0.08427324892072602,-0.48992021585548046,-0.399740261270973,-0.4462784390674194,-0.6786428636040189,-0.23064689239523306,-1.1413083371640704,-0.81932301073952,-0.2592710434999143,0.03849643292275148
2023-02-01,155086,160395,9846,3.6,131288000,3,-8.5,-9.2,-19.9,-11.6,102.8003,229741.79445733284,765310.1732816309,2113875.935624948,232347.30027386703,1070229.7300692624,222954,15520.891784825923,625,1404,1628922.7058399846,1620,211799.73367057228,270862.0530816325,141,151.7,301.476,304.097,119.401,117.963,16879.1,64.3461947554878,66.17455368614452,15.434,137.47607142857143,860000,4.535,3.7199999999999998,0.3865324256468625,-1.9091254881877424,-0.24886093488026145,-1.6441711300207804,-0.9255904634124802,-1.2880424457502657,1.220030501105537,-0.3961989859761239,-0.6643705271461179,0.014780205213838975,-0.028777821632106928,-0.48883669399364454,-0.4244701488975551,-0.14609877334732432,-0.7364783564002307,-1.2620219095924283,-1.0290314827855382,-0.7262982246756029,0.005393969203438545,-0.13082317426996654,-0.6955783641174713,-0.6797216740205502,-0.36625748538482533,0.061658101745453074,-1.4138794157168402,-1.208919721351174,-0.0587032900310311,-0.6303261014197167,-0.6477512847105844,0.6473473127911165,0.13477545925529696,-0.4947911563793065,-0.4549415523216508,-0.9550149818912645,-1.2638815655065336,-0.8258775347161197,-0.2849320970632736,-0.9359417674781352,-1.2529111742136148,-1.2485029504325529,0.49175037946250416,-1.5719983106171014,1.603354391064878,-0.5376156007707606,0.09403343285266753,-0.4373194464652342,-0.6736762452235675,-0.9912995667611159,-0.9440000538817066,-1.6304863204214137,0.39807799024648327,3.6467913887196564,-1.0388531470120672,-0.06223393344992842,-0.3189613731252146,-0.7262856479019021,-0.37514419660566956,-0.704398696697919,-1.2990643648713949,-0.9733906341082272,-0.41531217760008443,-0.7621098878934853,-0.8092628554000857,-0.588512663062599,-0.44698115402580996,0.06425441371980878,0.226277018761596,-0.914550565461027,-1.5406197168274187,-1.7666661216809372,-0.2993721571750212,-0.7571652135602366,-1.2626718157317105,1.8864114869903408,-0.005511548214610987,-0.053676645318224026,-0.4831615841649126,-1.7578749328198229,-0.3632826981954814,-0.2799719127497409,0.0020707622566726105,-0.834436941920665,0.9246326767810371,-1.805164459372245,-2.0953034550240934,-0.08204819409290466,-0.8669172779201058,-0.8282612144963623,-0.7238250431533553,-0.24751370912667447,0.06693718770893155,-1.853223700183689,1.2751497420349742,-0.968670785578472,-0.6015175973164709,-0.5920250643623164,0.09280913596111322,-0.3091181864215114,-0.9622724493966679,-0.6111136734517754,-0.42696183087638057,-0.16459000640928853,-0.23921675617870952,-0.12624387410648608,-0.5535597479332494,-0.692177855758515,-0.816415819150959,-0.29255451285471906,-0.4093588554416435,-0.6285867560733734,-0.7951001967033875,-0.025158133996729087
2023-03-01,155171,160812,9572,3.5,131235000,3,-13.9,-7.6,-21.9,-22.9,102.8143,234806.32020944686,764190.7773121545,2117391.5495025585,234292.74045820686,1073657.7082967388,220483,15483.760340602075,644,1342,1643449.348824371,1493,214892.97633685477,265348.4228752101,139.9,151.1,301.643,305.123,119.553,118.304,16968,61.294990506302646,61.43397397599959,15.668,135.68129032258065,915000,4.640000000000001,3.684,0.26547959491338075,-2.340877950915224,0.7164275953203508,-2.0014261947995804,-1.517990805559346,-1.4847896954528732,1.7092685152522091,-0.44196672714007473,-0.7235902677363234,-0.38214290726873734,0.017079047470073796,-0.459297941251347,-0.28147556749799385,-0.23407855488886709,-1.4038584288428957,-2.4127156073990212,-0.9841602180499854,-0.8711733809770248,-1.4398541907566318,-0.36743591234804673,-1.5268476538547744,-1.4653475442337205,-0.4166843660124436,-0.7795560667920138,-1.4084961007636287,-1.5426603057028105,-0.963376984662146,-1.0821733881195004,-0.7045467695190298,0.8839927378590976,0.074959560643166,-0.7553969782910311,-0.9871993126541716,-1.1341496151360944,-1.4032881988105554,-1.6100530202888461,-0.7919351977046405,-1.3245767252238123,-2.0789219473364002,-0.8045381848867261,0.4365386319818314,-2.083384873438149,0.9914956946017789,-0.6463375562080143,-0.22941234665677993,-0.38959362961866073,-0.7262188114192766,-2.2138853240460588,-1.1922448373146295,-2.0304322710548,0.26390521603053924,3.2808544943146014,-1.4434892405349502,-0.7568595338463603,-0.6057100922877015,-0.7081538957975069,-1.497092358371601,-1.023143435740004,-1.8744372107108815,-1.5958317884219408,-0.10903639946604067,-0.30016956700826886,-1.1551803678266717,-1.0724636213815697,-0.5108873542656047,-0.9066535110662225,-0.26759692702160065,-1.3994277692691137,-1.5482549779584307,-1.8624827513499715,-0.6875181482998529,-1.0035895192145785,-1.7640523985024406,0.8248474402947478,0.9178114559662576,-1.4932518372787553,-1.5324075998161937,-1.852995805045926,-0.39717076579109173,-1.022823932354171,-0.0018734682322442166,-0.8343369806532198,0.8220609232060732,-1.887917596373512,-2.6273046061187437,-0.6374016094256897,-0.9154448701287801,-1.5700783878791378,-0.9666052242690147,-0.7511863391674243,-0.7589751879465332,-1.6405109673429743,1.474998759865483,-1.6808744226992234,-1.2448411945552977,-1.1930010965672642,0.0892361987238756,-0.7675578310331683,-0.9808069383543271,-0.605212804205618,-0.8008861801968697,-0.6245931552972706,-1.0762893994441727,-0.5075390385411636,-0.7619014383972837,-0.9247670019829846,-1.0199495982292517,-0.8298669846761026,0.26250537433878696,-0.47111252362495704,-1.1310118876053945,-0.22617730855794627
2023-04-01,155387,160974,9992,3.4,131367000,3.1,6.4,0,-33.4,-20.1,103.2241,239025.58973076602,758186.2132199717,2104737.1863883696,232824.87288488788,1080367.5918979745,221389,15536.134033508379,687,1368,1658991.414520297,1470,209190.63099108113,269834.9587396849,140.3,151,302.858,306.49,119.97,118.715,16983.3,66.22488955572227,63.23189064266626,16.446,136.67033333333333,1083000,4.83,3.4575,0.21481269704332362,-1.5429086043906137,-0.1905885336119018,-1.837362274076574,-2.0651079309212044,-1.7538738358297294,1.992280200938636,-0.5727172466893541,-1.9650145746088608,-1.17356753437961,-0.31696820601329045,-0.9730133958821072,-0.8433079264040247,-0.5082356066858209,-0.5036719116422343,-2.9672047171664357,-0.7030089626235867,-0.9384962795733847,-1.8238694549330685,-0.8717213480439956,-1.6543874200389135,-1.1382293340085026,-0.37062727904640824,-0.9576564341709071,-1.4139719299298408,-1.3090356368596399,-0.4357917891221079,-1.0168929258845623,-0.29535810951167535,0.8409013514926051,-0.14598410899545458,-1.1099888557027118,-1.5090046525930878,-1.3865544773524685,-1.966453046817807,-1.596833596478264,-0.9683403492506363,-1.7125275528693504,-2.088749381574663,-1.0478337066580958,0.4776505832461298,-1.8508458034123856,1.1407225968961543,-0.7166205252676757,-0.18424996098160795,-0.4401577612675254,-0.024878690182209406,-2.119213899072978,-1.186284545718827,-2.589586627400368,0.10566239630809333,2.866091356184016,-1.4453982492861148,-1.327517811419614,-0.41488027506962566,-0.822509501974054,-2.1082130534807138,-1.0118362689848255,-1.0695689814742044,-1.6160680224714143,-0.3972998444112641,-0.5354715345367322,-2.0493141750170962,-1.1562641876576607,-1.2349355967327922,-0.8840798577384095,-0.4761393082373262,-1.4745460084918407,-1.952080623346012,-1.0840360049039628,-0.3200820788190016,-0.5050428251207806,-2.134059852173984,-0.1397073954648164,0.7451611740941678,-1.8469293363410275,-1.9274628918816445,-2.0133140955716327,-1.182107135787049,-1.1913560319301324,0.0015144966462338732,-1.6449007275378318,0.9464274012927245,-2.627654988370425,-2.02807543269365,-0.6259306724664742,-1.5971701948200443,-1.7032779316501236,-0.4660203860966627,-0.4533288556880393,-0.8408692697027141,-1.5627359339312579,1.6158651984909642,-1.3100988946734808,-1.2476615650471512,-1.2609691700003898,-0.4670283803465961,-0.721270751472986,-1.5483240767406907,-0.5369696997488219,-0.6892198663702438,-0.6388545620776108,-0.9388892498043868,-0.5785084749936751,-1.5266177239229861,-1.180177598568516,-1.682575246319643,-0.4750623487585663,0.15134248741904158,-0.7011686207677513,-1.4594470711551044,-0.49881720883301267
2023-05-01,155614,160796,9310,3.6,131419000,3.1,-26.6,-5.7,-10,-12.6,102.9809,239131.8461794573,752721.8245380389,2095605.9537828455,235291.326785417,1086857.8325287164,222178,15545.530214749459,741,1583,1674572.1658065591,1532,208823.03978691524,263814.7161644748,139.7,147.9,303.316,307.623,120.14,119.063,17041.9,59.58048942899949,58.6775428165793,15.948,135.04290322580644,905000,5.035,3.565,0.058415498834149586,-1.653427263607467,-0.8597487405771824,-1.3437147093753996,-1.8129466835378159,-1.8925382582310533,1.0430085800725089,-0.6246938562998515,-1.7100642693226367,-1.7249296540193202,-0.5230303703667464,-1.4037707361436795,-0.39908155895078473,-0.9723306355147924,-0.6761501635350115,-2.84210683720405,-1.2121456678687292,-0.7440714985629793,-2.387463655131216,-0.9565246981981048,-2.0534349833796606,-1.053175273413995,-0.6240360667882029,-0.9400998844686366,-2.416371190314367,-1.5123974590584157,-0.6178543426671617,-1.0044161998745453,2.3545193419659083,0.17028207177276336,-1.2934249536418811,-1.0838821159210172,-1.4602886489927114,-1.0027988544232924,-1.856317901858817,-1.897984539163007,-1.794075125645588,-2.143143432888688,-1.8597561211135172,-0.9013962563053536,0.16928980088683637,-2.5101576484857944,0.9757041523397421,-0.07858566095632116,-0.5265934395877603,-0.822092915607681,-0.2998022217098478,-1.2989948823147492,-1.5987619121882457,-2.6245299397994275,-0.3068952795128152,2.1288177383343685,-1.1890320688695333,-1.4305786137880712,-1.163352147383026,-1.0304777013382465,-2.523164984941388,-0.7098731627385881,-1.696133245622016,-1.353048078598396,-0.6119258886818143,-0.05382547236910864,-1.054673288369716,-1.2759077250078037,-1.0713335986495869,-0.33134751537904783,0.3157998924587514,-1.475028346281182,-2.6636118020940454,-1.2857172774640544,-1.2014399090831642,-1.2949511102601121,-1.278593956641941,-0.17775033968927606,0.3305139676174962,-1.0960821120051145,-1.232796793665539,-2.0263544181301727,-0.7329386091857929,-2.0527970732761123,-0.08417020254483977,-1.193376853154476,0.5920245093778675,-2.5192245821577393,-1.981382270989143,-0.5781178421049692,-1.6991551565319927,-1.1695565694025585,-0.8094567438785386,-0.9656306011946646,-0.11166655838306233,-0.7228176459363235,1.0438144047480922,-1.0402208013103404,-1.397041519127543,-1.0259866023272703,-0.6345059604597301,-0.9126746869259533,-1.6960567076537916,-0.3709220776180309,-1.0038418738172348,-0.6180447142439338,-0.8123578127297229,-1.0081658254059034,-1.8606511837585702,-1.229935416587784,-1.3475594089322058,-0.885203576871191,-0.03321670262562386,-0.8124897992871181,-1.5004581986735157,-0.6735833637299026
2023-06-01,155871,160979,9191,3.6,131565000,3.1,5.2,-1,-13.9,-14.6,102.3809,244826.6699879603,747527.712043841,2090625.7206166901,234839.5400008303,1098296.1763606926,222663,15562.004400714077,666,1415,1679755.0545937642,1493,208466.80782164654,262276.7467928758,139.4,147,304.099,308.291,120.435,119.37,17050.3,58.3302196205422,63.48180006295611,16.428,131.944,1007000,5.0760000000000005,3.738,-0.03667165050375636,-1.5083000066696384,-0.7223099845886461,-1.114497700273203,-1.791276020889843,-1.8502182817843704,0.42462534152389464,-0.5479958065377398,-1.611031839085493,-1.840240554874457,-0.39912028917714315,-1.16171897306945,-0.502274168456631,-0.7135293548358995,-0.44711449523089775,-1.8594592048816219,-0.8551593428566342,-0.40647238052017476,-1.613260460391474,-0.8000606408282477,-1.6706973431408776,-1.1774441750751246,-0.790737906017859,-0.15448307720775267,-1.9077456085957036,-1.1523149740726903,-0.5415393811354091,-0.6060566940766723,0.16347024468259563,0.2771100088764797,-2.1614865852468657,-1.408082780902269,-1.0080220680084195,-0.8275085800711927,-1.193789886110737,-1.2694702178951949,-1.7685779071863783,-1.5057773050674674,-1.5293302720393407,-1.0086028448651971,0.9982669270815808,-2.7876165818475114,0.9472394276747844,-0.1516011264734658,-0.7011817862658357,-0.45899717526316797,-0.30734631762093506,-0.8905395107235095,-0.9203138294660029,-2.348174256380494,-0.6528366188343969,2.9145800889692106,-0.8543708319007599,-0.8115212250067336,-0.5984532753638532,0.17238099120056785,-1.7897569386752203,-0.829098931635609,-1.672735013943409,-0.8100872679634649,-1.1525554684767008,-0.08818968611859002,-1.0318545686307186,-1.3585823721177435,-0.7190975345622297,0.04003285897225893,0.19827827192871428,-1.5754366937021282,-2.6980148828832196,-1.907903486461255,-0.6857766644947001,-1.13656673056496,-0.3404609362679041,1.4957348815619682,0.15072999072753124,-0.6102741403532631,-0.6735225615372078,-1.4276970421745065,-0.47703664345734,-2.3603573259884074,-0.12124591182254683,-1.0209463154586844,0.27767973453980954,-2.109555431287277,-1.6064606221609548,-0.914709024330955,-1.3074494891801423,-0.9176554488779365,-0.6957811338920374,-0.9873084209367428,-0.5809059532517538,0.8218555463386895,1.3497771793133928,-0.9161038897834284,-1.0089252394722483,-1.0441934930852823,-0.6319460238512951,-0.7881616960891277,-1.300470956441076,-0.42130179682564206,-0.07681918346921549,-0.4984307269135928,-1.1238730800821153,-0.9699641526965261,-1.0470431405344431,-1.1615659338120004,-1.2409159947978274,-0.6348445123819618,0.10836659632926265,-0.6699933173334985,-2.588113217904206,-0.5312983668082986
2023-07-01,156019,161183,8606,3.5,131703000,1,-6.9,-6.9,-14.5,-16.3,103.0722,237008.07641917776,744514.8344085308,2074760.8625447403,234770.89172291418,1103153.4519643777,222715,15630.856233105027,700,1473,1681132.3570871823,1501,210553.24300568833,264125.4415496111,139.4,147.5,304.615,308.959,120.598,119.536,17061.6,63.07733129902652,71.3402471027341,16.302,129.45290322580644,1174000,5.0975,3.9,-0.29167627635822957,-1.3140594830871646,-1.3705905727789038,-0.5589549075810605,-1.8955792613712374,-1.8177121225682615,3.0426447706885273,-0.5464853507247207,-1.2758240740582267,-2.3697762797580424,0.10824571207438222,-1.0916417481335665,-0.29669523710047147,-0.7006387970728563,-0.6267638253207554,-1.5917523897273462,-0.4287261347563615,-0.09239813014536281,-1.9626300535452705,-0.7558905439776159,-1.2294549135150266,-1.1155657708627886,-0.5115086135852611,-0.4649641276823367,-0.9811127079264301,-1.1870404529995349,-0.27201148254151253,-0.25128427875668646,0.7910450782859906,0.7191195290878368,-0.9095764990800663,-1.486653322031083,-1.2820593665698907,-0.6665817218311869,-1.4212470229031746,-1.4181430915726294,-1.6521669083023742,-1.2459803994299392,-1.867473665154425,-0.9590054639942662,0.5295713729177922,-2.5770882028691937,1.5007263227856444,0.06939512902333736,-0.8656433220854943,-0.7818100612180938,-0.5663459716263922,-0.9959087168197467,-1.2123014195079025,-2.181031520674225,-0.6083248425989014,3.0159917367210367,-0.6837798402096935,-0.9762510253381814,-0.5368346285450639,2.98429612953077,-1.734128872823156,-0.8395954499464603,-1.6468369249261186,-0.9748031608289759,-0.8150226327811598,-0.05223740758198801,-0.74762181961909,-1.3299433123898563,-0.5725817549952417,-0.22801711464766847,0.07999398272974939,-0.8732947085966554,-2.184216699103869,-1.605820549863831,-0.4881867774405725,-1.2771874620660335,-0.03265100687233218,0.5026218670833466,0.027947115929979383,-0.6206353339824409,-0.9220694936893123,-1.672687221113586,-0.7846209326186576,-2.2733309550465792,-0.015402420772838035,-0.9968267105977134,0.16258137001073109,-2.3972898834574132,-1.3413657680381375,-0.8900934392409144,-0.33937785981254937,-0.775434537249697,-0.6904702079053585,-0.30238112884342766,-0.2889771258941732,0.08724080580677959,1.16939786070195,-0.9231193485828284,-1.5678110509706866,-0.6789982048087408,-0.5501918147489073,-0.7655607309940822,-1.210518560394623,-0.904804833171224,0.7028650734064834,-0.352271477609336,-0.8295382384741841,-0.7694495650904017,-1.4855626269615605,-1.356256049191097,-1.5319594223447002,0.6979666122424244,-0.06092436674954593,-0.6158926260070036,-1.4463950566873327,0.3647482395023476
2023-08-01,156176,161475,9287,3.7,131822000,1,-13.4,1.9,10.6,-9.5,103.0951,235867.39966105897,740735.7500103335,2078151.948085483,235107.6757739842,1104595.5441656676,223675,15633.943702723926,652,1305,1692567.2715248212,1578,213703.13727111148,262999.2146488654,140.3,149.2,306.138,309.646,120.965,119.658,17085.8,67.28392510230232,70.17180738642205,15.909,129.27129032258065,980000,5.33,4.165,-1.023601658285263,-0.5961136638095714,-1.9639452160275856,-0.8737115414666581,-2.698045209832247,-1.8523626846598038,2.7520410920230796,-0.876353865580779,-1.5872596118359255,-2.150942598069595,-0.3365038712241892,-1.1740407788952967,-0.5382628388585456,-1.176757901147566,-0.5456047546925559,-1.8866428497973589,-0.5917150180457533,0.0012676551968303276,-1.7499223064373355,-1.2118199192701518,-1.7331682234960908,-1.2129531492354308,-0.8268870863769033,-0.9899391305350154,-1.6833568735023081,-1.01409889208523,0.08526242958249226,-0.7289097339264242,0.6683027351230083,-0.1559324962492183,-0.251908610853221,-1.8190073364638641,-1.5049491659932643,-1.686166973245715,-1.383811151757111,-1.7408836076603014,-1.7582326302571174,-1.5396635789751845,-1.8540367683030392,-0.5212021784037177,-0.06451237296376594,-2.3346814746455546,0.5492871407749453,-0.4275750095441586,-0.6245218767917173,-0.9549101845397971,-0.7290046234152986,-1.5202842834915167,-1.9624493133234193,-2.570019847457185,0.0636319623964095,2.5521623442705694,-0.9079647857219535,-1.2985311320243873,-0.9151599427209173,2.0028532125151015,-2.0255351695624175,-0.8278096739274189,-2.005617916089491,-1.6360725878039502,-0.44658698622175697,-0.4295206731276794,-1.0105539452083228,-1.3926593369159936,-0.9315674952503358,-0.4211599688421602,0.713482764731811,-0.67175361235444,-1.7143293317332815,-1.9834850728507034,-0.5005598669551774,-1.5836281380005377,-1.2467264824287985,-0.7040678186278783,-0.8700770297303317,-1.1668929628335394,-1.0905018879009263,-2.140772918757079,-0.4023238676825246,-1.5465906455814484,-0.2243082441315811,-0.8957857437556684,-0.45020446241169726,-2.0654009197140413,-1.4709389951646306,-0.9995720411943813,-0.6993362088162504,-0.669004272460122,-0.7922875479456244,-0.2554097130543579,-0.7742947636124781,-1.5413769079785204,1.3058179712320783,-1.1437776908152881,-1.8202770907810684,-0.6867814697966604,-1.0279405933114438,-0.44054963923216617,-1.8159627406931893,-0.8774892540855392,0.5341116581945677,-0.4304745401947466,-0.9384920596186326,-0.7645487066868146,-1.9241713241492946,-1.2012675226286698,-1.3664486990086933,0.13184858309184802,-0.2421041127941829,-0.6371407724023193,-0.9445061760914931,-0.5295580726507794
2023-09-01,156334,161442,9279,3.8,131917000,1,-6.3,2.1,-14.2,-16.8,103.3081,239632.74485735706,739098.9150403256,2084960.7154868674,233060.37714087998,1111414.731396278,224288,15672.930379694697,694,1363,1693110.464876799,1515,215542.85055236556,266802.870159078,141,150,307.374,310.616,121.387,120.04,17101.1,73.67345761902017,68.29467972684756,16.193,128.16333333333333,1095000,5.33,4.336,-0.846382508806829,0.033000768639681335,-1.2554201391776871,-1.003161231431403,-2.8407921842262387,-1.7420866894844806,0.6088554969504345,-0.9962246452399541,-1.487873199384207,-0.4642285050330399,-0.10615813598423351,-0.870291399877027,-0.9237652436335061,-1.555473243641537,-0.551183434284385,-2.3755075410876683,-1.2888914522044421,1.5204320098727229,-1.0880616339123865,-0.6491128222402806,-1.4725831007778494,-0.7351429307669477,-1.069689367900417,-0.8809489683055844,-2.024276269817408,-0.822446344142999,0.06692947587815413,-1.52568298191795,0.2880546354964747,-0.49166365062359596,-0.23453113359646446,-1.2189565095478485,-1.7146738951000766,-1.988606905218552,-1.723126858820142,-1.438567642454462,-1.6724906246103284,-1.770203019703114,-1.4002300759727866,-0.8939128107861831,-0.354680897210692,-1.635021633317967,0.17013093175583102,-0.229590543873194,-1.0381151310184547,-0.6129132845114246,-0.3974259957039615,-1.2051800469266092,-1.2532083201404303,-2.825846782958942,0.8841056430723926,2.5116812248638034,-0.6241109616523608,-1.295262521459841,-0.7601931825952593,-0.6047119478378857,-1.0966286244052998,-0.7349044212272996,-2.4000225535134883,-1.8045122651479069,-1.05313926325273,-0.03029863988880601,-0.9940935893074663,-0.9469459642798996,-1.0640525155958702,-0.8162150177456046,0.46998068952426636,-0.875514851178956,-2.2116489478398798,-2.2659300256695034,-0.989748985516023,-1.2704084077248992,2.1878415546282213,-0.8566364070729496,-0.8495738872335113,-0.8226421931356782,-0.9332547194436279,-1.5901368451191502,-0.24834015817454333,-0.8925032273101421,-0.22895113790706392,-0.6064354427206406,0.03763159844717136,-1.5143228804834303,-1.5734568783354383,-0.9150178239029746,-1.3070966776001876,-0.985366725776102,-0.6473313423873533,-0.19759643197830715,-0.33819443887059786,0.4531996230193639,1.3566482643122633,-1.6160274137159898,-1.4825273149539948,-0.8036938823273703,-1.0392562632353133,-0.6482616484094971,-1.7260514420910185,-0.627797755334551,-0.674466385893184,-0.46237311476594695,-1.3506733220556855,-1.0691648751094633,-1.7907053409629505,-0.13405829050144602,-1.7146026235080276,-0.034320993737703157,-0.5801062789678192,-0.4991662710706837,-0.4202120262172818,-0.42665530555202635
2023-10-01,156520,161211,8550,3.9,132047000,1.2,-4.5,-6.4,-15.7,-24.3,102.5781,229796.32847695207,735329.1440525115,2082899.1695729822,229840.80183823226,1115124.237158317,223027,15705.27338763476,673,1365,1705747.7701550801,1534,214775.86249495557,267759.2838141672,140.1,148.6,307.653,311.433,121.421,120.2,17152.8,70.53145666729807,65.28949933831842,15.805,126.2216129032258,841000,5.33,4.7825,-0.52540778758766,-0.13511863543841773,-0.7267676544529589,-1.140944051040878,-2.5206692294829685,-1.4919827965897985,0.36120785665864497,-0.8146393838596299,-1.4900275020349847,0.05846137170957856,-0.22935853460437422,-0.9255572524919129,-0.9934660378820452,-1.2062098620910517,-1.0130812136168594,-1.6595158973909165,-1.5530518514868907,0.947912668793637,-0.5072795185714767,-0.5115381278972977,-1.7479518304685415,-0.867070342621477,-1.3571649711483533,-0.508006064347891,-2.3157643214365713,-0.5487571654507879,0.06252340481373792,-1.1433333692514291,-0.5153460500592533,-0.9983038487375414,-0.11912176564241782,-1.2638940735587196,-1.3659562607924058,-1.9432029183377866,-1.6761149552247327,-1.0436979447262495,-1.9068286157191285,-1.583810719828557,-1.7380687086027944,-1.8525687282233116,-0.5400115951889289,-1.437907443582088,-0.1602765058532657,-0.01346317846531199,-0.7078044014041823,-0.8099567138215564,-1.23213580589926,-0.9424837778423745,-0.7038231094619536,-2.5242016342933944,0.8494203600934248,2.2934001770690053,-0.37801361940966127,-1.499943659377677,-0.5150045272990701,-0.2361752619738669,-0.7126214835743164,-0.5398279537729367,-1.9289794494724053,-1.7794302865451193,-2.0223025892610016,0.22416022671130453,-1.0780931347651295,-0.6395363581895112,-1.0212632883448465,-0.4538222125808459,-1.7937108927254657,-0.7993296397090615,-2.1585565340061805,-2.066365150436274,-0.7415805328178561,-1.6583263592812458,-0.8507800710001336,-0.4940848818997459,-0.5254492729737095,-0.7114785386155078,-0.6465822534906976,-1.4787588229819464,-0.526835130308952,-0.7276564466959901,-0.1398698998704321,-0.311260891663175,0.40390901274991925,-1.8236506146552267,-1.1159870047427574,-0.9442564430635981,-0.8357408489474673,-0.889176341958513,-0.9508904828979943,-0.17001208759172715,-0.08808097822988334,-0.1684224110434009,1.1295815077955331,-1.3449858364865892,-1.025072585504339,-0.6095783464333604,-0.6866793908082963,-0.9134930132529139,-1.4669276377633902,-1.0950719158521747,-0.8595532037830012,-0.3900491172109549,-1.2439149531111293,-0.9823808691078962,-5.65118330742824,0.3274470650746869,-2.483752521192346,-0.453039093082727,-1.2176438815460269,-0.24597051928389224,-0.27602580249183384,-0.70875886704445
2023-11-01,156661,161886,8663,3.7,132147000,1.2,-2.5,-6.1,-6.8,-7.4,102.8868,247612.73318782687,733342.6677099204,2077826.1428689156,232445.74393608695,1134400.1976691512,222446,15773.17464893135,611,1510,1721937.157682329,1508,211284.43767244573,264616.3983033398,139.4,147.5,308.087,312.373,121.415,120.309,17229.4,63.987151505168214,62.73605730933292,15.939,124.33266666666667,872000,5.33,4.5675,-0.72161482208789,1.1332310358032085,-0.33265311893932603,-1.1773207552309628,-1.539587017071205,-1.095223965618287,-0.08338416211391063,-1.0393786653484933,-1.2537470449454604,0.19507203104027684,-0.05558759550258462,-0.6050169715557605,-0.9544247955558764,-0.9005989594880475,-1.072488828325789,-1.9358339466601915,-1.4044692789884952,0.5266238188896974,-0.24648108796330082,-0.1829576497118719,-1.498500665903916,-0.8205660258435862,-0.7158145446769342,-0.8243901061635084,-1.8379180142670615,-0.3521445303705734,-0.04834562106629332,-0.8410267506212388,-1.1087094422756976,-0.6731358557897253,-0.4700962454456802,-1.2298298058913142,-1.4449907716479546,-1.6736850499693723,-1.4082316876027665,-0.8267205746043754,-0.9975039286171943,-1.2383657902544032,-0.9803508021020333,-1.059198509102244,-0.3452025816471098,-1.0577956023131607,0.2753616840188425,-0.9247144612071825,-0.5542018128615054,-1.3054992395326501,-1.4228476199279587,-1.1892476008717021,-0.604049164385407,-2.2070550444787576,0.30634215744170984,2.1321866593431373,-0.25306942286429396,-0.8944568536172961,-0.2399198631477814,-0.45486466575285517,-0.4037052194231448,-0.011937760328055519,-1.5680003910772753,-1.5440171849253996,-0.9771543223322972,-0.7271806444630374,-0.7695451031094913,-0.561309915927255,-0.8479199422845618,0.02344475974373643,-1.4854290053064159,-0.316864547258038,-2.474799477760532,-1.8812129740177244,-0.5062731646640983,-0.7364647707428171,-0.12122531900753394,-0.2511676049726956,-0.5969298587770936,-0.6444580981727449,-0.336648536204941,-1.1520499031769469,0.010298460958829303,-0.5837151856166043,-0.09864234259183552,-0.17163667502363875,0.44168328540511576,-1.5916808290584468,-0.4092547487626098,-0.8681517866287419,-0.993794752247116,-0.8862597428249015,-0.977744135735856,-0.6108830119705142,-0.4317788646444235,-0.014308023663158337,0.08129743205828953,-1.2485509489699524,-0.8561406694808954,-1.155647527324274,-0.5575065007014725,-0.5371889081079583,-1.1767975966705209,-1.1829742128795688,-0.5236031739426379,-0.2024454939383632,-1.0681159015702857,-0.46944351941704204,-2.4380209488050113,0.04722338999767201,-2.0114277942002117,-0.8007667208581355,-1.9340776444046428,-0.5800795495675913,-0.09502424260632436,0.22952467461157386
2023-12-01,156930,161124,8585,3.8,132242000,1.2,-13.8,-15.6,-7.9,-20.3,102.6309,236342.32989588985,736764.1979572704,2070499.703018284,230997.02307527835,1142001.7762865743,222287,15863.143698294436,654,1568,1728007.7630302133,1530,213719.34672127105,267102.5147612704,138.4,146.5,308.735,313.23,121.602,120.528,17267.4,59.12731698491801,70.15199933831843,16.385,122.54709677419355,1037000,5.33,4.066,-1.4265013686400343,1.4765530740237394,-0.7206635100915135,-0.7402611408328338,-0.9022864556944639,-0.7365876645195012,-0.6218239492549259,-0.9964406953379816,-0.22754985696207936,0.38825646911892914,0.2191509095709222,-2.1995952529109255,-0.779233796976918,-0.5782160925249019,-0.5230246128092952,-2.5173543206611724,-0.8720028604812007,0.1254110923322387,-0.14417508734103884,-0.4196631603930101,-0.8846604719981143,-1.1801336359804875,-0.6500831392682613,-0.6646499383711104,-2.6010740976326767,-0.5636926474057748,0.03681207625509512,-1.0578209819017508,0.05335154593032812,-0.6828500674319979,0.0580728955747119,-1.0128095750067638,-1.014590325866288,-1.4900769435416803,-1.5202414647813784,-0.7468684362776026,-1.1337055455344096,-1.3247843623449154,-1.1368047495046456,-1.7882876247640405,-0.42207973172576946,-1.4363057416464813,0.49324454656819505,-1.561248636775193,0.5072138509714031,-0.6056189790555991,-0.6858359070383487,-1.0393857302672378,-0.7168566133482632,-1.6364730519913373,0.579088362992401,1.3404424555716379,-0.5449828805181423,-0.04404661547717765,-0.37692786577317267,0.5700841749036268,-0.4093274970155358,-0.00927994199047213,-0.3194972238562192,-0.9171607056321978,-2.810818296705195,-1.8370699415641396,-0.4950144127172594,-1.067708456441861,-0.6613234761259414,-0.1866608241261439,-0.7091298279413494,0.561754882604584,-1.7755366627256686,-0.4903272142459166,-0.44113242399646335,-0.310467290774737,-0.25830267504279386,0.1389874947840045,0.0029250386717503576,-0.29270397928165276,-0.25915747491797986,-0.5883158308895206,0.5642126679618453,-0.6285241125573754,-0.3881620471801933,-0.18526185539282672,-0.14628161990829344,-1.7302674140304424,-0.3335174721938001,-0.5850484109110373,-1.1178449822621797,-0.47535388716052,-0.06811711274614894,-0.6400880569035432,-0.6408305629051215,0.6153285169720611,-0.1120289771591059,-0.7349863466758747,-0.4358455906958571,-0.8201959308434165,-0.35793873223308875,-0.6594802895917865,-0.8628075690312401,-0.46729925267456485,-0.41767636407999137,-0.10655153450038853,-1.172726311240166,-0.610778772700883,-0.4549834561990215,-0.393562930394877,-1.9138121583809544,-1.7028845646955428,-2.7467452359676523,-0.794172030634277,0.1758669199245531,0.3753344085309671
2024-01-01,157049,161190,8468,3.7,132371000,8.3,-34,-8.4,-4.7,-25.9,101.483,226457.02821111248,728360.1523154405,2066602.8409949318,228820.37423739917,1138799.4922818653,219648,15811.734840109733,664,1376,1737893.7886418542,1508,212233.55034189086,266984.399950866,139.4,147.5,309.794,314.389,122.115,121.128,17426.2,60.72145109118454,77.31594861368075,15.536,120.71129032258065,840000,5.33,4.06,-0.4586425581296425,1.1766475335412758,-0.6847221020677288,-1.042803301251215,-0.9486351132043005,-1.0746736168917548,-0.3534238155307443,-0.794037556297555,0.6936871288329625,0.15842386029706218,0.040687018747687625,-1.1570632824618834,-0.7814758674589458,-0.61667346038625,-0.6673935805616867,-1.3652090117063405,-0.5702876183390148,-0.4039638756368144,-0.13902129975340324,-0.11570043372572864,-1.126807444906301,-0.13269278203500015,-0.1566507672189706,-0.3652022557521408,-1.3100062630600047,-0.6836792862199981,-0.0829331334472834,-0.4542569026630125,0.4317776916127878,-0.38156865366762704,0.43649630389543276,-1.0581498645210816,-0.982567878930667,-0.7910823255181786,-1.3409338311784127,-0.8373720399072343,-0.8936682036361969,0.026773949075501978,-0.6777629348134848,-1.3195613914750857,0.5680210686402799,-0.40354097614657514,1.2057588535845105,-0.9141524250934412,-1.6241141233154115,-1.2814286338321264,-0.20106624034007678,-1.5744973967483546,0.22811195160875983,-1.1937177792603695,0.6599231947968152,-1.0024085687059103,-0.9609932175734365,-0.13293507062732646,-0.47377842014760285,0.3930956321488986,0.1387620039563318,-0.08754021547194518,-1.0218157365709102,-0.43883272498834475,-0.4990718140366459,-1.7131226476913786,-0.3202885738657556,-0.5903429814310156,-0.5991320637614831,-0.7349745263031351,-0.39220572218277705,0.19499917806823883,-0.2887918049064312,-0.30909454440486883,-0.3766250659274413,0.22753807766576098,-0.09247016112896402,-0.11533007669735952,0.24297517769229554,-0.26086378458389625,-0.5545806031250959,-0.7815835006935993,-0.39653762121719466,-0.4783369054233982,0.07955957624105536,-0.7567461846493558,0.2558328146926433,-1.3779526001621716,0.32529252018355204,-0.4470039469845095,-0.5665852097909422,-0.589901749275711,0.2945281292137729,0.33943911625578016,-0.7550494566942952,0.5880177700752008,-0.31299980366375074,-0.5040620264492193,-0.9079001445438524,-0.3531529398759693,-0.20698344231746543,-0.21509405111598867,-0.9552252513199122,-0.2781895024382111,-0.03279683057279012,-0.25474833871722474,-0.758555945585078,-0.2732082485956459,0.11404988404063943,-0.4120022393245386,-1.2908601687712136,-1.1285816049507602,-0.7441914394897688,-0.31970494887467027,0.0020857275658593445,0.31269870577955505
2024-02-01,157271,161013,8445,3.9,132462000,8.3,-5.5,-3.2,2.5,-18.7,102.7267,228472.41497542735,728777.7360523781,2070949.6023442324,230283.93227423384,1137458.9775825755,220332,15847.878263425147,643,1546,1741922.053325061,1563,216955.93253547113,273563.60311525466,139.7,148.6,311.022,315.555,122.494,121.418,17442.4,63.06431335412347,76.17455368614452,16.177,119.49689655172413,843000,5.33,4.175,0.3645642991359921,2.9815736196230898,1.582813658907469,-1.0323515638981318,0.5727543073897248,-0.9607655330817102,0.49174549492166486,-0.2948632163117264,0.8005954258408419,0.6743344275725945,-0.009324572875344942,-0.5336291196114733,-0.02136237526913605,0.19583946806364586,0.080615150022875115,0.7098554134602744,0.2217282875016735,-0.3701241011214939,0.6618690569829233,1.3175916894087916,-0.12416991172311745,0.5207488957180879,0.3066874282929467,-0.28143754133931825,-0.6407230079543662,0.3011980290287197,-0.014850829029096027,-0.4121091318597774,0.3194928757492822,-0.21413203687302526,0.7963091364568159,-0.4300626121940091,-0.17966078761408671,0.1197690799874354,-0.7353717970018923,-0.2139460666237855,0.0669360212967336,-0.10083241899020146,0.9054166515161959,-0.009833259624168839,0.35333785181466326,0.42002664846597,0.8239763469946644,-0.09450638342571391,-0.020134148304149252,-0.1750961142483994,0.4554019837386199,-1.1084132446950963,1.1994648140195265,-0.12268513810276031,1.0701125609796236,0.498548091945147,-0.41765610281433724,0.6043318049058237,0.30471270654566374,0.45154717014417733,0.7922595395733922,-0.027152501262493738,0.741296185692229,-0.08647564496996142,-0.29726783842790294,-0.22005746962060138,0.2183438323569013,0.40467512603656786,-0.31776918157637357,0.07800350795419686,-0.09504988352056307,0.08571953295634485,-0.02339387390935011,0.22808246371062138,-0.4203826836424563,0.5427646748756914,0.02884269318039559,0.2916220375832242,0.34874651992401207,0.2973579474213644,-0.03107796334303073,-0.18159195657992394,-0.45333117072753465,0.9671272812223317,0.18087369592295238,-0.44074987430227563,0.2353116070522514,0.08926790471443935,0.7889766497651538,0.477661554348879,0.7346548117153601,0.3261900688572609,0.9313582566855023,0.3240249060879068,0.6920971427471925,-0.019081512464918425,-0.5253226564061133,0.4340856280204854,0.3100936907721198,0.719554514690557,0.10387347651519654,-0.29246937264286366,0.6330918975782365,0.8124986022631596,-0.3785594603005857,-0.05367706581741108,-0.18347906312477835,0.31451984830694996,0.571719906234306,0.08544695127855464,-0.5966978896120103,-0.2591985773875144,-0.03391346205607359,-0.29147278082260103,-0.18627650331295037,0.22596635231068443
2024-03-01,157517,161425,8093,3.9,132544000,8.3,-9,-1,4.9,-14.2,102.5186,229510.54412913305,722922.9041916167,2063805.0956593284,229766.01145535015,1137281.9578234833,220517,15908.292111429315,683,1299,1737642.3782869042,1485,212307.17912002082,268077.1608956001,140.5,148.8,312.107,316.762,122.912,121.829,17486.9,66.12861234053632,78.8339739759996,16.136,119.47935483870968,1075000,5.33,4.22,0.5298123324475769,3.0191972874432844,0.7993164213138991,-0.9774807712342175,0.22987569684392414,-0.1203739812197569,1.2119207472894216,-0.2187741710765569,1.0320751505555694,0.4070524653415517,0.06459396444800831,-0.09290553616174733,-0.1969497836130602,0.4482280336793375,1.0187052180931297,0.16939479804391724,0.4345581657686267,-0.557989952772537,0.2837837813774178,0.5375701842464841,-0.23942961867478368,0.436094715287563,0.7058395474654442,-0.22743989406905302,-0.04764362867251163,0.4485370771471179,-0.5310832035431166,-0.7568191168957845,0.9742292330777349,0.4252972140674456,0.1346384155735432,-0.6362302224415063,-0.193765783685678,0.07276280752194329,0.12371246965136348,0.5422851572197539,-0.021509455559636723,-0.16913750662201427,0.4840811567580606,0.7377181219355647,0.32669254819195925,-0.02881872786359774,0.19325428246810916,0.030246196010722426,1.2550625097763257,-0.21433514716648916,0.6106645197175651,-1.1728730697884908,1.206320552514325,0.05912479578798615,0.6085305375148679,-0.4629570717526767,-0.8505477994204761,0.7357434418434639,0.1811740252961399,0.19790765008309993,0.5409126681385406,-0.5438385722457117,0.5118260139067816,-0.21273014985439082,0.4374664541110462,-0.38782055693049267,-0.37924677128041234,0.21266654698803947,-0.23993230950703498,-0.6387053305000656,0.1055596342837771,0.23492159753427286,0.0027852298045947994,0.20067091067903162,-0.49827509102926726,0.04090568337810658,0.5294793272311806,0.1489226866744424,0.5177926190004216,-0.38968631916892343,-0.7764637402998787,-0.40920412146455254,-0.44799632254331545,0.9992359213179413,0.23884670696318466,-0.49210889399541236,0.5274859861061046,0.46382238842462165,1.5917047910894069,0.35382744087792234,0.819880149074464,-0.24352255194954667,0.7599935904599796,0.07605733841582042,1.5788885803503423,0.42502523108571166,-1.4970116472553834,0.08781786526094497,0.36766086377026475,0.40557313228829556,0.31862035230432134,0.08264135139772465,0.5302339527490483,1.3050385273772513,-0.4898482508205294,0.03201059401644994,0.07707825037058835,0.37077061103584025,0.6454132597276458,0.1376707979886677,0.1399891451730999,0.5198353635212193,0.2763199601816157,-0.1568910383936905,-0.5654028514073485,0.4997391988020284
2024-04-01,157635,161495,7619,3.9,132657000,-0.9,-19.4,-7.9,7.1,-9,102.3568,229431.00118473798,720781.6024798352,2062894.3331467998,231796.41981920577,1135792.07037019,220089,15907.379456968045,736,1377,1755342.6814028597,1440,213072.69097813914,274666.8938766899,141.7,149.8,313.016,317.596,123.234,122.14,17464.9,69.25848385997371,76.73189064266626,16.529,119.15766666666667,841000,5.33,4.5275,0.35818038963462157,3.8060138218973143,0.5055506576830087,-1.0254995654101746,-0.15293728004702228,0.2551234356420927,-0.2273470551615347,0.1989351366855307,0.9483062870092746,0.20598122764801455,-0.307972904239395,-0.5661779221568108,-0.6145236305279382,0.11708050273314459,1.6028609910576326,0.1359350435391441,-0.29142642641860506,-0.39202921324397355,-0.4217254128263219,-0.1241173924635191,0.175929186046478,0.07341476148228895,1.2161423198457464,-0.27560545812378834,0.04212722180815563,0.9161471231913,0.009318302244138911,0.46189656654701605,0.5161035324740284,0.5982796432112529,0.08435178765604948,-0.5315267968307871,-0.20750281720489955,0.29912946441940885,0.19530500062831757,1.0244209601648708,-0.3928077306022356,-0.6711656807201978,1.0013007952509438,0.4969131669392448,0.7518017470753019,0.2432053858236328,0.8887291251255593,0.29888843229402245,-0.1694761091341329,-0.09376005389433445,0.7676055207347203,-1.6367868347678978,0.36849099489322884,-0.0019610283797827427,0.46149760926119465,-0.8966818346703898,-1.026870595025345,0.732222977369611,-0.36618520878202787,-0.25207182260332806,-0.2689580622444609,-0.40934996223090647,0.9197202119006884,-1.0900649691318998,0.21960980662834617,-0.5742352217075103,-0.8244658173197992,0.21474225395648955,-0.45796706244664437,-0.2764082207392986,0.018041699077316842,0.24483588570272513,0.4427066282554832,-0.6748618729945837,-0.24036835658646447,-0.4182060592910242,0.02975092541532046,0.026623070110464317,0.8469708101151248,-0.32762428646142305,-1.153042644006055,-0.45783230655180784,-1.2034988294892173,0.4844792301955008,0.329564026036288,-1.049794363398446,0.7478740613252897,-0.13125751625036897,1.3529048960847512,0.3807756105937563,0.30193567196770277,-0.2189805784104164,0.2980497178432505,-0.03235067047526838,0.6743965494052482,1.4650934874154344,-0.44153752689143994,0.0012769200647953505,-0.06547422394821073,-0.6946913717833723,-0.34473334994745997,-0.0779518804769614,5.404767643381091e-4,0.5231517291090801,-0.1521321521841873,-0.030255370034623398,0.28250440915950925,0.18431982868548724,0.11754753419543222,-8.425236273733872e-4,-0.18386472954902983,0.5720933238406696,0.6010130215533942,-0.28928324665416527,-0.6575649356171038,0.18859816323542264
2024-05-01,157828,161164,7901,4,132821000,-0.9,-9,-9.1,4.8,-2.4,102.9797,229652.50275920276,724590.1772382003,2072571.0842650055,230899.0131792508,1138504.674414075,220739,15984.954229695511,672,1315,1759568.7528403555,1399,211865.38336687657,274054.56729208597,141.5,148.8,313.14,318.053,123.224,122.239,17511.1,64.93864831526326,68.7775428165793,16.309,116.15677419354839,888000,5.33,4.5,0.7549329677751556,3.150588025234396,0.983917649132146,-0.40527628332320964,-0.27190477853409106,-0.5173635356459858,-0.17297450014897497,0.023343450236495755,0.8271715615328759,-0.6016878420493396,-0.03298819249888467,-0.4949004877900338,-0.9082557241359801,0.11881659021459992,0.4306290610071698,0.4366577254865813,-0.49228993747232763,-0.09969432748872147,-0.6632271030604198,-0.20796185867425707,-0.09369138539596009,0.3640511062231431,0.5786024580035893,-0.46930711616409493,0.6849564122422664,0.7176699732977101,-0.3066825266243313,0.23717050885748503,2.109549706506592,0.7446192931604796,-0.873520346015191,-0.8235391287921516,-0.24969886341361705,0.0637303811136938,-0.04408320542230158,0.3673616588154329,-0.24821073572149177,-0.4001612840202934,1.0092377723137187,0.7477474963524703,0.8333123628069967,0.5139042257257107,0.7587016754674387,0.4003452047545176,0.3006869675774926,0.358805879505072,0.5708109605236772,-0.6610248158176192,0.4883086442680259,-0.6172904656782138,0.8754095380254169,-1.355487342900334,-0.28570458080024536,0.1884331082107285,0.23785521510830634,-0.1212336207851333,-1.010528146863595,-0.018629092581283462,0.5513445051798749,-0.6829362522209117,0.6227147947472822,-0.3920629930949641,-0.37116011677924177,0.3082967653692723,-0.20982867275763084,0.08815695889959047,0.4472407290772065,0.012671042581023098,-0.47569914457314133,-0.6949707151216733,-0.3264493884195459,-0.057272962044272,-0.15163081952528792,-0.6396844359688914,0.5517570966993547,-0.26454150683144567,-0.34496218180006993,-0.2604969458068866,-0.7211789921918483,-0.16508916629573486,0.28279773646431516,-0.6180591553579404,1.1432150275485538,-0.11211686763443882,1.0260944977993094,0.013183921577632478,0.4226837733388502,-0.07211669762543427,0.8371422194767926,-0.5398958680297837,0.43575672644388963,1.0267430396280572,-0.7810714945855846,0.2724329820939716,0.014641469581420527,0.45698224074006916,0.23362000254622334,0.1026162734613451,0.0536090620266404,0.3385941751708239,-0.31332415085429566,0.12231181345713445,0.8297135273387581,0.17471241125414844,0.2577331711480618,-0.20812844108108572,-0.05917240540759132,0.2147050093837371,0.40811523237462494,-0.24439098892660405,-0.5551147517883912,0.2602915304054174
2024-06-01,157915,161155,7412,4.1,132957000,-0.9,-7.7,-4.1,0.5,-7.7,103.2534,213620.11526396422,724819.8493949048,2076554.147820531,233451.67748786163,1121198.1940357788,220573,16006.857476351433,672,1329,1737851.4861918308,1454,215153.72581442667,275282.283231606,141.6,148.4,313.131,318.343,123.369,122.51,17515.6,64.6596794980911,67.48180006295611,15.433,114.40666666666667,1178000,5.33,4.3025,0.7567944588850448,2.0417775371923437,0.4438746260348789,-0.4726610335565724,-0.4496046038671671,-0.10415500569093529,1.241354387937395,-0.0865984431218649,-0.3113457807015911,-0.7559519630963005,-0.23920404965921588,-0.47549771318243794,-0.1288861696121468,-0.00977879440307146,-0.21993333052352881,0.1320216712708442,-0.7792244252004971,-0.4565261389519366,-0.4111844628425108,-0.6049395729747986,-0.4095429735702967,0.6039611245109439,0.7135772755215614,-0.26081665359708317,-0.013765339735430135,0.10107493052371898,-0.25603626259232615,1.0318904524939816,0.012986347358782969,0.13715128685152872,-0.5578558110336274,-0.5677218853464837,-0.14574307993041197,-0.100833165535453,-0.06991390282173678,0.21664445322771295,-1.1250186071617938,0.1160098657557158,0.3929309275716952,0.6806662478167671,0.38843759308398007,0.21172318610411775,0.4880067714555065,0.5224613351271475,0.11984169068742219,0.24104415139668672,0.14100571396557787,-0.23165095154302312,0.23039191149875754,-0.21388042628502546,-0.28057981758186346,-1.8186541587785554,0.02781747391563565,0.44676867244719576,0.3367159402885287,-0.10679555111398156,-0.2604716960940883,-0.08936698989933013,0.2446709476472312,-0.0943436860094961,0.5129228378584344,-0.3977184109791876,-0.4467831000072171,0.09943997888426423,-0.017197653362682027,-0.07224049999189884,0.23944444114080474,-0.2534946943741803,0.11317600817562339,0.051817706960815293,-0.4648733729538248,0.12158333356955299,0.5164810059767976,-0.928050414505977,0.4436858705083202,-0.1762290929035382,-0.37261239672693874,0.2857738238760317,-0.5778918160896069,0.282999759145762,0.05589981009813326,-0.446481622991246,0.4930700744943798,2.234788498991609,1.1742349434891575,0.0018311261768430341,0.6992858633053441,0.1973245931788203,0.7179633697144683,-0.638691862157335,0.9429099744858852,0.46306141756790703,-0.09446878040975754,0.3456365020974376,-0.07400536861347935,0.7058220198458839,0.09141601143392336,0.015442965679073519,-0.10509195758230554,0.10945839945448563,-0.001060128739978572,0.12041106818849652,0.9041169785712918,0.003294976384407433,0.9957136264244479,-0.41224876641025815,0.431542763598039,0.17154711540812587,0.2765866185763639,-0.17705533535003817,-0.523749598987667,-0.27364442220663937
2024-07-01,158003,161219,7504,4.2,132999000,-1.5,-14.8,-9.2,12.8,5.2,102.5192,234205.1385798098,725880.6392878819,2073892.8626435006,235460.24681367588,1121893.5868905522,222951,16076.309933238923,707,1262,1734282.0149706656,1406,216073.63949018813,280720.2103985434,141.8,149.2,313.566,318.933,123.575,122.722,17505,66.19461865264009,66.2402471027341,16.347,113.63483870967742,946000,5.33,4.2725,1.5946209094473516,1.488759777595275,-0.6919152022253171,-0.43725058678509093,0.5793203670538624,-1.0091735254823904,1.3598196849941018,-0.534314011554744,-0.3223396509884961,-1.2214106696144205,-0.33889578880334614,-0.36757673520835543,-0.45025343157182895,0.7564243474022461,-0.4626755582886364,-0.0474636951078313,-0.8051412792247458,-0.192851696700023,-0.4646479638822903,-0.9508092055539604,-0.15182577907554096,0.395017562684003,0.4600876011000668,-0.4047379170256536,0.028270206700956396,-0.03489526391464154,-0.09731907181308619,1.1849282983937142,-0.6891491338645304,0.37258007403297866,0.2436394148990725,-0.6550067047193435,0.05008692420684105,-0.6852111302713356,0.5281922920186599,-0.30820194182717775,-1.0660731883633283,0.23185362223425204,0.3310472627554864,-0.1455188510442571,0.8626584172374889,0.1488344263731424,0.009266970765720431,0.5232878346369243,-0.09804284907313125,-0.10944711056628315,0.23262069324284324,-0.8800250743572592,-0.2237093832236952,0.1451600709107374,-0.37878168385718636,-1.8237297115137268,-0.2218333323695427,0.49777830555719144,-0.4582940179045881,-1.148522291860263,-0.14113528170324646,-0.17021049491156398,-0.31081752838825766,-0.4203152883843999,0.37743962832019556,-0.6526823829015923,-0.9312728060600999,-0.22469668673138993,0.02109004436328312,-0.2992870681124123,-0.3079475466091277,-0.07036054108622791,-0.24885018047905033,-0.6547181680553724,-0.3063027032175594,0.029633073656196544,-0.019448188351236212,-0.5806162518239681,0.06002066870995255,-0.05573184353426656,-0.32468318546017283,0.07400699080353612,-0.9394962699634443,-0.21514659881895282,0.6123049533732265,-0.36256526173045267,-0.019891944722575453,0.7634018676222094,0.7927293857190028,-0.08559893629149314,0.167395851235673,-0.051781564855128207,0.0896040395620549,-0.4739960827778058,-0.09352575170333512,-0.28467023871708796,-0.35406538200938675,0.01346562675138862,-0.23861995410544,1.0302345474220989,-0.33647536423442415,0.08561970519999598,-0.4319327156214859,-1.0370811443946761,0.09922394529294289,0.16488859046187773,1.0074392730248318,-0.15041437391515633,0.7208111825742656,-0.7522180138267407,-0.7030103168490376,-0.03912690978626086,0.38899293977539823,-0.06876156363169822,-0.09623625266979682,-0.6647239975477526
2024-08-01,158074,161425,7649,4.2,133179000,-1.5,2.8,-3.2,-3.3,13.2,103.0196,231925.93370889136,725768.0215312744,2077500.8720825724,233669.28802929027,1122564.1937491414,222048,16087.838547770494,691,1379,1747502.1620179913,1470,220303.57157289842,278047.6371365991,141.4,148.2,314.131,319.839,123.727,122.926,17494.6,61.975154978298995,68.67180738642205,15.638,113.56064516129032,1154000,5.33,3.902,0.6356740680943183,1.291012473148755,-0.39565915698469045,-0.15337851997049579,0.8674517486198692,-0.885019106442039,1.5392828350926597,-0.004734589000427253,-0.11867923601629589,-0.6164858856685688,-0.26779808719873927,-0.02334615007347936,-0.316257354643005,0.45798178176881327,0.13786887654099372,0.8436995307374057,-0.16534381819902766,-0.024488653498566614,0.011212216694465649,0.2607909707659564,0.4254726455959264,0.4138223126965572,0.5352675557565324,-0.012658837434572962,0.3204343392035096,0.277014206029492,-0.02525239130320489,0.4105192596259363,-0.8349629263651359,0.893197846804352,0.2624758538954378,-0.11106391400958752,0.012244633729358342,-0.3492000453384102,0.5117275005429742,-0.11888771562196608,-0.46633402589561124,0.10773168830780733,1.104274801002076,0.18253431403547996,0.91230036567691,0.5556449754108947,0.21469290332249216,0.2076911268649241,-0.11200564627896636,0.17037016335099334,0.26877669724853726,-1.2193125776109344,-0.0018425602254706684,0.2984495899313009,0.24095208571963053,-1.8432383213931838,-0.2831378203679145,0.42198873644546536,0.022011605055354398,-0.2902570800928028,0.05857698805322664,0.28549774580166015,0.44413150922295497,0.01438103871448002,0.6781495401071569,-1.4608277185617675,-0.22170985802006526,0.08868107677866002,0.09767647421859739,0.08412384397268932,-0.13380895678380522,0.2488523578446202,-0.2402692103042249,-0.3559724656060899,-0.1858013686348927,-0.2925738649020175,-0.32629113070600957,-0.39255319234495983,-0.5096053908338245,0.2826704967743177,-0.012985172897217857,0.9180733828493798,-0.505173054677678,0.3771500973201235,0.29605793112239687,-0.24720675421653032,0.317587680442703,1.0472499339888617,0.20633968026004185,0.294230014956416,0.700125303489827,0.18028427346892145,0.12411068118018923,-0.30174190883698204,0.6442074284509274,-0.6714480530882643,-0.015608147228776154,0.32080203295296095,-0.26231094612094097,0.8449801895408614,-0.26624203413117215,0.14186803873061024,0.21395656454810627,-0.4585753558767991,0.2436999046002405,0.158276698824762,0.6616546896013127,0.4361426184169021,1.1729819008883406,-0.2865033317084036,-0.6125822977461705,0.26285818292192176,0.5536029863816625,0.07245562258857936,0.6444429029490544,-0.08675981440922552
2024-09-01,158314,161802,7103,4.1,133373000,-1.5,2.4,-1.1,0.9,-2.9,102.5954,230684.44960827506,722596.5999402932,2081566.1444001035,231513.08304891922,1123692.3002444752,223305,16172.55262669539,726,1355,1728614.0762794602,1425,217695.80196709672,286288.41607565014,140.9,147.3,314.851,320.835,123.939,123.234,17519.6,56.67304077005624,70.59467972684756,16.275,112.56666666666666,900000,5.17,3.7225,0.20622528352831887,1.2641557578645883,0.4991167549881271,0.021586858453328923,0.6262114440367921,0.042089326900004054,0.9518270781420247,0.1591303763280242,0.6786461884951263,0.16218362446165455,0.13147849487045626,0.2391371272435049,-0.15329897782187735,0.21701881397867945,0.25956277342301104,1.3504137363872444,0.12175577836246977,-0.933608407450454,0.5872695217112633,0.7361209066299217,0.5726782495991971,0.7456756538181817,0.8669427119196238,0.1870874097098625,0.3659897901904821,1.098052288930103,0.012318296518582357,0.2595130556679588,-0.36559351814150964,0.27333648186685533,0.8380089927830007,0.0012731042853185125,-0.11348433121789128,-0.3577033706499447,0.40329443574350626,0.26428420688611415,0.0795447727144876,0.3083579291458438,0.5103085066009551,0.3383173820688418,0.45577139790057675,0.7476685764853834,0.10693266604011005,0.3134043290888126,0.37069133691832945,-0.009122389722898689,0.44076796768588,-0.5468555772360211,0.43381558278237614,0.15638430574852366,0.42103616983547254,-1.9121407438785654,0.20707985607270632,0.5628216955985121,-0.09332948586369885,1.036270643306659,0.6078089276724202,0.3905066446826495,0.6597058069458177,0.09892144663098291,0.3434016655239346,-0.6041654298789145,0.028731951261445413,0.6821606245016821,0.3269578746587356,0.4710157384613487,0.1499617378546691,0.5940456673177297,0.36794134830433345,-0.609391785272185,-0.09527767924321644,-0.2324562772424403,-0.3657062316871777,0.765770636823064,0.09115962473373163,0.3687316169996693,0.2865398225156685,-0.056536973105757074,-0.4112872864639424,0.9411101646837065,0.23727313922256013,-0.01334920182586604,0.3290186347966931,1.2375685876497153,-0.5294032254301938,0.16377963735426895,0.5033943921575768,0.19109949384079,0.5684924834039085,-0.35823029583927163,0.7570155347062615,-0.21121269823934435,-0.4907705871106043,-0.2519077411975181,0.4670303161285664,0.7099478013228834,0.056434406638841875,0.019293183435427727,0.6206126756931959,0.05785528626750684,0.1629053918486592,0.1945941204109191,0.053534646207680614,0.17725250751774882,0.515352857207659,-0.2942068418169951,-0.04453885782775191,0.19637926930363414,0.3084586828052896,0.32881582597388975,0.5645252079522248,0.3917161081829906
2024-10-01,158358,161456,7615,4.1,133594000,2.2,-11.5,-3.2,6,7,102.2138,231799.78272240775,722539.7336337665,2084080.7956280615,229672.07178207865,1126754.9189232688,224238,16193.779423007283,623,1344,1751601.0139620972,1419,214229.26809640686,273559.7312195711,141.1,148.8,315.564,321.688,124.265,123.595,17568.5,57.93264394640486,71.98949933831842,16.581,110.22064516129032,945000,4.83,4.0424999999999995,0.15264596225893462,1.1091682684441528,0.6903254589458686,0.10369729510375517,1.0372208863961585,0.6097474597152668,0.0982768686914253,0.19524017805087504,0.8583834447974752,0.6786982014245222,0.12448952331284072,0.4819267069979489,-0.12113122375625546,0.20292802478704994,0.17794654547189512,1.2217915711623053,-0.1846700779660114,-1.0437520256798665,0.7281106145289165,0.8192345661206105,1.0287111251992997,0.5582549695635278,0.47446322543672953,0.23898360459058343,0.5452457713052494,0.748664269434316,-0.0038028960754995797,0.515617228972827,0.2479800717733714,0.2805155682449822,1.0016292613193616,0.051987063043345765,-0.012615346714547879,-0.05174576436494461,0.7629562429366872,0.13763689425171938,0.07861598588834343,0.5044620409384664,0.7335537528082673,0.9718253686140463,0.30773415098594487,0.9684098987213933,-0.2145020212643435,0.5724023988219772,0.09990020204760637,-0.21838980801126345,0.32469628479253876,-0.38830444800094055,0.80378224961963,0.5420257953367233,0.045944138582937374,-1.6219340997026275,0.19937485738983157,0.015531122613636867,-0.0183309806321859,0.6894330270442159,1.1163924366281504,0.7909374804990805,1.2461335242852323,0.3386069906731136,0.22670824053886846,0.6623436424856145,0.24983406160579777,0.707281710387329,0.3227605621086471,1.0722597555748734,1.6598310608241575,0.2709585347667909,0.8846377131047218,-0.4657277196442403,0.29066251421017925,-0.17025601426073847,0.616855397541957,0.3835235976784479,1.0893239199872107,0.435649313656181,0.37493023923592583,0.7640978044940439,-0.20629250271775837,0.7222865596141446,0.3896924745422055,0.27258089870757274,-0.023270840075339,1.0219764731253027,-0.3460427054674751,0.5237802621678156,0.27888554188773174,-0.1807375528225953,0.563863898932359,-0.7065772483626475,-0.14691137645136104,-1.3781655042756824,-1.5030356531478146,0.4897549123232578,0.26277616218674676,0.7594005649992733,0.3079758114982394,-0.03551227855207597,1.0757708479533543,-0.010665046323881919,0.7125837758144666,0.10701213229497979,0.042919384963248965,0.48351005721793083,-0.7681505635815893,-0.2519249840417374,-0.29366706784168584,0.40211945830524304,-0.6848094238307252,0.5367087324258382,0.42213475789322263,0.2550921255199927
2024-11-01,158619,161183,8031,4.2,133798000,2.2,20.2,3.1,-4.4,-1,101.9619,226945.5542247124,722093.4251883053,2081239.8904848865,228838.65625929472,1127532.3756621839,225043,16266.288314214742,676,1305,1756280.9990434004,1493,219869.9346457769,282763.5270379987,141.3,148.8,316.449,322.619,124.399,123.716,17592.4,56.230355549481914,73.23605730933292,17.15,109.60566666666666,1097000,4.672,4.342,0.4788797132295185,0.8367751151295487,1.484399909284085,0.9397679497367109,0.6370422317012526,1.3731326460647981,-0.07588951754912601,0.6269703590392645,0.6060544647163802,1.458378243291975,-0.05676293295310062,0.1875439837624536,0.09217086228139912,1.1995248459837786,0.439008447170101,2.071793694731314,0.49433476256378595,-0.037589263183000335,1.3503711805324672,0.915527490423361,1.373264578198588,-0.037974258586658816,0.7330484121079044,0.7397956278650699,1.5592405099799436,1.2725056571437392,0.09581664281670953,0.08188591199972574,0.9941092204977473,0.028740108035005135,0.5128146428842256,-0.03462643941217303,0.8476688552227954,0.8454547669852174,1.3019466446428167,0.975211511045943,0.9185729976391471,0.7341708318464439,1.4207967914342532,1.6896713231466278,0.3464872317429937,2.228392744591329,0.12191354893002551,-0.2709832626461294,0.7401075132405389,-0.07060273655298342,0.9004145545401715,-0.18628403813902045,1.2256918003554949,1.5875172717779946,0.19220854326798714,-0.13987515083191288,0.24921716265295826,0.9664772129124278,0.3491444801313931,0.9028779188963495,1.8098850999679614,0.5889907550362614,2.24286844087332,0.753578322820881,0.5977209983219024,2.391490104874513,0.6068158162482206,0.7414268854181889,0.7645684393353999,0.4083825582807952,-0.04008888999359559,0.28351892020591585,0.7387780662586586,0.28265501121161474,0.21739263844427537,-0.10914177619001318,0.42998109037447974,0.4503155363971974,1.8575464454395327,0.7913858123254328,0.7235976698278059,1.1405683566084444,0.4584188041241646,0.834245403852168,0.5946933728185306,0.43341593551675534,0.21688797910435909,1.8709025321287394,0.3054520539884344,1.1243082533371238,0.8257101338421271,0.7148622652763831,1.120297206509199,-0.17814075035745416,0.8008862327388974,0.4476302898364743,0.42179334300696325,1.2072393838520776,0.558869313239452,0.0816624536360215,0.2233790971595083,0.1399324770477752,0.7381237144039859,-0.19597577371743385,0.664969869076634,0.1628592578239267,0.3993174581869974,1.0470383855277448,1.6238836663882679,0.710454984913567,0.7172668250324965,0.3595885385658008,-0.3126561065251628,1.4634716599272217,0.6277139018032769,0.20484948272148082
2024-12-01,158942,161661,7508,4.1,133974000,2.2,2.1,-7.4,-10.9,9.2,103.1177,222289.19042390335,715168.0305204017,2053667.2161068004,229971.387123404,1120415.3275252667,225962,16356.707194896166,720,1526,1756092.4588639806,1482,213610.75267093588,292204.7944601624,141.4,149.5,317.603,323.296,124.769,123.98,17605.8,56.199857336357596,74.45199933831843,17.323,111.0425806451613,889000,4.5,4.3875,2.1751204019162147,0.8480376946309083,1.2206918521699675,0.7624055349098744,1.0215661951766688,1.5822569850958892,0.5944192377973528,0.699137640963065,1.1165273114001328,1.8297128990994314,0.5327320951228969,-0.41822951832012867,0.3272390512869532,1.4407673300468724,0.6169391446167504,2.097315886613479,0.8191917613608987,0.1328867691673321,2.032723712761709,0.9583731288386237,1.4714606674686181,0.4654524581085443,1.2654522416076839,1.1561212380658095,2.6738693506022346,1.5459454747221504,0.13299139453440695,0.5498955626868545,1.0875104413089844,0.5747640515183918,0.8473144316811525,0.7438427276455978,1.4234904211388923,1.8890786997680378,1.8896335914158495,1.6033172535210558,1.5746667561729988,1.1974431884450651,1.823179476219868,1.8419578260817682,0.8363098238400991,2.3422982335214604,0.3068368214308148,-0.6425715250913857,0.8831628356431085,-0.32348751997938746,1.3537073551773435,0.21623210870548115,1.3119689789713833,2.2401633809323593,-0.2733322207489218,0.6871133412933524,0.4521981809565498,0.4929470082893872,0.9078908538102703,1.5481864886556467,1.9087156835630579,0.5070477658007816,2.3916142587832883,1.058509603599683,-0.5127951096497275,1.1022375548787455,0.9943319396534515,0.9462146140078274,1.0606874329596803,0.9623869059751855,-0.5395003086321789,0.9815751883150794,1.3728122151684607,0.9983294025745693,0.6656188546866502,-0.4037139906822596,0.8439975123885908,0.6694352692610208,1.3078846170056646,1.1939824448652763,1.2202436300852504,1.4956772633184419,0.8395156764519562,1.0453425578011495,0.1951858584400075,0.42321186517448806,0.5684727026275176,2.1417522040794714,0.7162242443787967,1.3373169934372815,0.9178937839541794,0.850699910359096,1.6121126892946778,0.10136653279693802,0.8905932829949976,1.6545599371777242,0.8273425189911326,1.5956822304742648,0.5085050103187837,0.1121761498671475,0.37170746640897184,0.4004365912322986,0.6726621510167883,0.5861562658526273,0.8783692998012186,0.36955631764674446,0.9363667961094668,1.4033417368775645,1.9941428352394837,0.9418433564295672,1.356046962161403,0.7326152083755813,1.7708486679171755,1.6410944915894914,1.067824942879849,0.8905550251367453
2025-01-01,159053,163895,7762,4,134160000,3.3968218491042395,-12.6,3.5,44.3,6.8,103.3418,228996.95660161838,718480.0581520741,2063587.1037239383,230759.8910447404,1118782.0016135604,222968,16256.619990574254,654,1361,1741320.723066723,1473,216078.08992802884,320441.89185950847,141.7,151.6,319.086,324.739,125.189,124.35,17661.4,60.50052320890813,70.01594861368075,15.984,110.49741935483871,854000,4.33,4.622,1.127305079313851,2.7648274202971e-4,1.3960288716035374,0.8355431031862663,1.5435585158227312,0.9238352770727689,-1.4243712155480592,1.408021064362306,1.5406425680709133,1.6698376926057406,0.5314510273706474,1.4858442631823483,1.0107686009597638,1.856742034380328,1.3483175841301658,2.2235680961817725,1.3256109122873434,0.06933925517133574,1.0340107514387893,0.9523009625112809,1.3372426856779243,0.8121756366401779,1.1756711995337645,1.3223456173345722,2.707455610072837,1.0322220758778873,0.0422278203115328,0.5869949285914093,-0.08451059381132393,1.2024676337858953,0.1385046287208177,1.64108739345352,1.3764653746714652,1.6551119537118708,1.5655976951541952,1.4854041659240784,2.2968486378349375,1.291887874571382,0.9887064122334055,1.4657768907713444,0.7768403300181153,1.738072706175545,0.5526987991957802,0.5189411337666452,1.2167546688020139,0.6998705871163355,1.1270718666638666,1.4206694481110345,0.6387551600270996,1.9964677209436787,0.3402418358566668,-0.327882767927563,1.2703409802351668,0.850710744816546,0.327660549383597,1.8522421984822801,0.8069524793232259,0.271170276535281,2.9142927425855065,1.8683484233917351,0.47332976839709734,1.236192254367071,1.7360523759649322,1.091646784180662,1.4936654974411656,1.6476913374836497,-0.48634242984589354,1.7343662605450108,2.21578803639306,2.025407852420466,1.2641784838936418,0.5589701351446157,1.944839034147283,0.9614715956828959,0.8669968355873378,1.1716515282315212,1.5594949668999898,1.3318840052166518,1.0067298455620426,0.790526761653006,0.4975178222698908,1.8827789710493397,1.1951094340031798,2.064306984778978,1.329403498785216,1.1162017531678088,1.5921277900696336,1.4789380338345024,0.7782568504847414,0.22491381915110753,1.843745462467948,1.3274451032513381,1.8165388883603464,1.1947784227414568,0.6136197356326174,1.504991725202779,0.5940669816916175,1.1283759328244094,0.2148936874446167,1.372084569298939,1.647370360632576,0.4396752548570882,0.7500779852042041,1.557939167735665,0.6376263881982212,1.9296289216070113,1.4142224919921873,0.5155808385398325,1.8455341894700221,0.6749362374918969,0.7340292052856572,0.2987048114963146
2025-02-01,159170,163307,7568,4.1,134244000,2.8498841027244692,5.7,5.4,18.1,12.4,104.2202,230214.96815286623,718414.0127388536,2062727.7117002737,233097.13375796177,1116759.5541401275,222556,16273.328025477707,674,1494,1748212.5796178344,1459,221702.22929936307,319363.0573248408,142,152.4,319.775,325.475,125.6,124.804,17756.2,56.95063694267516,63.97455368614452,16.447,109.86107142857144,904000,4.33,4.455,-0.04328686996454515,-1.0464356165763276,0.7884754733424135,0.9606585204512889,1.9237203334835988,1.3936374233239026,-1.5533098624410144,2.0882515076475223,2.2644666652796497,1.020204178156145,0.43805310444739015,1.480504705467532,1.001423075349733,1.9009813184813793,1.9848796487455709,1.7294149451486602,2.486391326784362,1.5443396631873894,0.02872453494394192,1.3405355278500346,1.4074154109251362,0.883982851780669,1.3326573539684365,0.8270965594908493,1.6350616046441124,0.4549706611312152,-0.21988974082068274,1.0324346885252744,0.13055315856853986,0.6045867056295687,0.3599334739816856,1.842501176726444,0.878005653575014,1.40662832082011,1.2982830435203954,1.4672555918224877,1.3888093556083059,1.7004564657699814,-0.7461541033395853,0.658630265114773,-0.3175660990138878,0.8659448379781797,0.10109822309823147,1.5948901440336498,0.7415832657495656,1.3166854532327712,1.729752094560535,2.4644097622906775,0.25670737133060084,1.7517820097273835,0.2885544370064769,-0.7412431494943134,2.5459089659312713,0.45417439364167767,-0.10039175398274428,1.5801289804118748,-0.13330893705855473,0.495405517520046,2.4222634771434675,1.836006820264665,1.3462256367392014,1.1470685281778137,2.1707343343513443,1.183852840417229,1.891563447678656,2.547361822594688,0.06689259160282741,2.1540348747067184,2.2301346483151416,3.336864965032576,1.5339301355996617,0.14881655522832055,1.6633969970002513,1.3826505407851206,0.7433874630939683,0.9121293237706859,1.9710521191199524,0.9833698774510076,1.319719392713637,0.5259405007013088,-0.7426662829063166,2.0196475539151058,0.5901892877716567,2.969933862961992,1.8382795784959765,1.3334077684301122,1.764845997221549,2.653506831822799,0.8885280551054837,-0.5612131030318771,1.1309409958132297,1.35628185651847,0.6758780902354042,1.6110896473686358,0.6514027111184054,1.8165256642020093,0.38941800726518894,1.2429942413292983,0.37690782720883853,1.461290687172322,1.4886099802250856,0.4215949391576971,0.2800813036118471,1.2856044484973523,-0.21858759893340496,1.1775860510889182,3.5465162215598265,0.7698593891103583,1.4127779202844934,0.23199544759663973,1.176301192144915,1.2349438714517462
2025-03-01,159398,163508,7670.473903881095,4.2,134399000,1.965309244653645,-20,1,12.5,4.1,103.8892,231816.59702293895,718249.1681282987,2065621.4452568844,232982.54251929122,1116704.5642641229,225905,16374.239664712,724,1324,1750507.9990927028,1467,221938.027916537,317161.8756389574,141.8,152.4,319.615,325.659,125.74364670214338,125.10023154443184,17933.742290809183,58.22890865432519,56.43397397599959,18.17,108.65483870967742,1116000,4.33,4.2825,0.5358887292927385,-0.9081960163591827,1.4520324836512681,2.2778527952043808,2.9900682384798913,2.625215967758363,-2.9348448338624484,1.9338180128630544,2.744558541192758,0.6809778747492995,0.23875560107509855,1.6949555519408623,1.2772887587304689,1.9533414832019915,1.8161682517401727,2.8026764833104614,2.1646671073195014,1.7430890327662871,1.5936558998273187,1.4952201325841035,3.166452974275847,-0.17764178748125983,1.4858977395999826,1.1529965836098026,3.089862388575719,2.0032713056223392,-0.41785410143595675,2.0901129102914213,0.7631475216157915,0.35985952933251264,0.9224636321471479,1.753694081662373,1.307108614629797,2.040160863199358,1.7706231717447036,2.00997710095598,2.7129934406035674,1.8819769497280168,0.21394748470867123,1.4035273435774445,-0.23482426975353216,0.5261948645168733,0.4875520729685669,1.359536778893368,2.419752824297652,1.3996070178455695,1.3852841910811837,2.6402455657935335,1.492579970131366,2.602160744106869,0.04183032188788666,-0.5166187991367511,1.7924941544556592,0.9733525254005928,0.37322083569272413,1.0302746672717407,2.131501875474679,1.2037376753564328,3.5702441651558328,1.8324219290488755,1.5978582113761324,2.1978511656313624,2.3902254972013814,1.606181138092623,2.642868673510382,1.4081235482021335,0.23263166661367274,2.5453853535549666,3.1260078670184006,3.74031774888477,0.9616629555623841,1.2847587128268287,1.4515623333503203,1.6057309263634951,0.9974567375319413,1.7145428213226286,1.9628080761387847,2.0090782216816576,2.04014004829295,1.4565769817492826,-0.45704962910894714,1.0484601598364882,0.8637608547112792,2.221477494227308,2.0608192259721,1.6567910822354135,2.108272084831019,2.2875683733605374,1.6486352252311005,0.11195873091571999,1.301387891509232,1.9709328463673936,0.02936039865444528,2.5418123034205,1.1087516238374333,1.216659100216524,0.6369544244161542,1.5340685897652593,1.2449813728457284,0.6719958616335602,0.9158321979139642,0.05247792748034316,1.4975878653404266,1.0675321674898768,-0.016864237304913442,1.2831178588728016,2.882847453054299,1.552255048741921,1.1261669534601995,0.3142023671234134,1.8622301255355982,0.3105444689618296
2025-04-01,159488.6469479609,163532.85992902383,7695.306974609092,3.8568036049523906,134733367.1028321,NA,-8.1,0,-26.4,-2.6,104.1768752836118,232391.09467560338,717500.8977624021,2065107.987694045,233338.38944882285,1117571.06404046,226900.49306416506,16447.508250857172,722.322808989545,1425.0871710060478,1758667.1187128513,1489.7224560659274,221625.40035110174,314141.1151635373,141.46044199867046,151.93435838800886,319.9346881356762,326.2711843288918,125.82494933516641,125.28876343227124,17940.244906178254,57.32592306646242,56.878748950905916,17.246477189891056,107.93166666666667,662000,4.33,4.297499999999999,0.16170831914456807,-0.6542398574215074,2.4734560051498784,2.7756934687932073,3.592306192391,1.6402696181600094,1.3918508085663353,1.7342939932177452,2.249225369038723,0.9887216090688615,1.297089642979963,1.4022396709791591,1.1426454152835337,1.807090316973068,0.9382980549923619,2.792401878145517,1.1435051418265676,2.643801254307236,2.40511089258935,1.0355136274128613,2.484532256712087,0.7155479620007238,1.7274629764927707,0.9999724682538741,2.9739135342742475,2.136191303012614,0.28096857959909427,2.777126445784657,0.533791590623388,0.3290939090228839,0.862415536408432,1.6564798555703544,1.2495658217359968,1.45266463621799,2.1782364894946142,2.298446798923259,2.26113069676366,1.940178883077905,0.8802248332240412,1.1314770429082155,-0.3389309783193881,1.653332226090574,0.34097970186815463,0.36478908905313795,2.4388001270275446,0.7740980816257572,0.950038912715483,1.8890758554870684,0.8243317671357542,2.5375751734712226,-0.37954267242427714,0.16676020760337068,1.675995278734871,0.7409176429634421,0.746688559958714,1.2032760510399867,2.436261729665102,0.5729784047854153,2.651505845922794,2.4414124590946455,1.8409393326903134,2.077883160987625,0.9481165503350145,1.602403161097527,1.5010471724076444,0.7528329580968791,0.9283931329254838,1.754283877670423,2.6096842432310208,4.4175496005468204,1.5440194004026317,0.5265119133953843,0.5862803328149321,1.762066902202886,1.4265132696779306,1.9224643391032188,1.140159074287616,2.1498695842073623,1.1368076988140752,1.7668513335166327,-0.3153327649854724,-0.08842318580257078,1.057935958783599,2.155800418731903,2.6149655536905505,1.0745241696668761,2.2031649194599794,1.69429307173944,1.000803106693915,1.4805011492662783,1.4133232436484215,0.6152987433047382,1.2193534490211904,1.6950824529561608,1.0854071100262632,2.3262007713655564,1.3886944895743332,1.0708498258656431,0.7885649792840072,0.661979709005073,0.5600749601929316,0.2657739663521689,1.3590506937067866,0.42756673408603335,-0.17071385206459783,1.6242160459154955,2.1052737336934584,1.0628421791858018,0.6600796694813731,0.269724712904875,1.8354667879261481,1.45300320958065
