date,PAYEMS,CE16OV,JTSJOL,UNRATE,ADPMNUSNERSA,PRS85006112,GACDISA066MSFRBNY,DTCDISA066MSFRBNY,GACDFSA066MSFRBPHI,DTCDFSA066MSFRBPHI,INDPRO,DGORDER,WHLSLRIMSA,TOTBUSIMNSA,AMDMVS,AMTMUO,RRSFS,PCE,HSN1F,HOUST,TTLCONS,PERMIT,BOPTEXP,BOPTIMP,IR,IQ,CPIAUCSL,CPILFESL,PCEPI,PCEPILFE,DSPIC96,WTISPLC,UMCSENT,TOTALSA,IHLIDXUS,ICSA,DFF,DGS10,gt_1003,gt_1010,gt_1011,gt_107,gt_1076,gt_1080,gt_1085,gt_1109,gt_1138,gt_1140,gt_1147,gt_1150,gt_1160,gt_1162,gt_1166,gt_1171,gt_1178,gt_1190,gt_1191,gt_1212,gt_1217,gt_1225,gt_1228,gt_123,gt_124,gt_1267,gt_1268,gt_1269,gt_1273,gt_1306,gt_1339,gt_1347,gt_1348,gt_1364,gt_137,gt_145,gt_146,gt_158,gt_179,gt_185,gt_203,gt_205,gt_206,gt_229,gt_236,gt_248,gt_249,gt_255,gt_263,gt_270,gt_301,gt_312,gt_340,gt_405,gt_406,gt_432,gt_458,gt_466,gt_468,gt_472,gt_530,gt_531,gt_551,gt_563,gt_566,gt_608,gt_614,gt_620,gt_650,gt_652,gt_659,gt_664,gt_665,gt_666,gt_667,gt_670,gt_671,gt_672,gt_673,gt_688,gt_696,gt_706,gt_708,gt_717,gt_718,gt_739,gt_744,gt_77,gt_806,gt_810,gt_811,gt_813,gt_814,gt_815,gt_882,gt_899,gt_906,gt_916,gt_918,gt_924,gt_954,gt_957,gt_983,gt_984,gt_988,gt_989,gt_991,gt_992,gt_993,gt_994,gt_995,gt_999
2004-01-01,130756,138472,3424,5.7,107264006.81999853,0.4,32.5,-1,36.1,-0.3,92.3268,226458.3254128173,391066.9251923101,1440225.160883015,228626.64588323256,646549.8232140819,162100,10147.258234168472,1165,1911,1189376.3702492744,1952,114770.17830665702,171348.00846544755,99,101.5,186.3,194.6,78.909,79.671,11051.2,43.42977353660546,102.12302282480213,16.695,112.68487306491356,1801000,0.992,4.1659999999999995,-0.9244402874530185,0.07330180399706682,0.28300904363493123,2.555050319522224,-1.3601356205496375,-1.3496201335367732,-0.0319607587669132,0.4845858261123382,-1.1821168181251214,-1.1891610503061758,0.8390371002472421,-2.022148580161789,0.2592364808045645,0.26034632220523546,0.18696918942561258,-1.9186689491132287,-1.1683762092456722,0.6798983232459306,-1.7710307283460063,-0.32835185376500414,0.20248906078443393,-1.7833523452507454,-1.173337932138357,0.37483898972900886,-0.6795215369685714,-0.613998184410207,-0.5942893627447561,-0.43592010512172763,0.5328158645375474,-0.2539498401016322,-0.8580491304728547,-1.628638037894013,0.05495667727393481,-1.1219040550544301,-0.8615021057911301,-1.260039792739826,7.784209665206542e-4,-0.980308827011614,-0.5142090288475345,-1.2387681238572466,-1.0723870509255145,-1.796861165851456,0.39567202829720594,0.2023801809129243,0.7442344746900719,-1.2568962900454725,-1.8116889320694713,-0.5084200641541954,-0.885415627020417,-1.0733002352382115,-0.4300589868408609,0.9162415827072449,-0.2365491659617972,-0.7444157720455044,-0.8061908494518621,0.8239996326140481,-0.9479147257007643,-0.06323121546391386,-1.6489850149687524,-0.3409401223133654,-0.4506728617290529,3.4608525389866154,-0.9118111427317964,-0.7014250723588024,1.2463493774962635,1.089989898597545,-0.4188759764883799,-1.129313187305552,-0.7735162470825838,-0.454326729987599,-0.8891237741012625,0.18544893330399176,0.0570956627254616,0.7573120361912327,0.37668581887151187,0.5547138818311234,0.2681328909789338,-0.7158620508474887,0.7707437265204189,-1.2715100050778836,-0.3921485389094985,1.7837006976174365,0.1790348873594585,1.6892718650403065,0.10948621771912387,0.8235301372231074,0.4870803315354549,-4.4227710432675185,0.7471964461681447,-0.11356160339405844,-0.9396223387464976,-1.5687137824153135,-0.2072782118451109,0.16909171598562553,-0.6899372108239387,0.0995484992657558,0.7135531805475032,-0.8285075767169836,-1.2284749185365367,-2.8175458138578806,0.9702130568124667,-0.514087246190513,-0.15622061933024353,-2.030355197482675,-0.17427348579436305,0.2310668699516049,2.322820114770867,-0.8705933981399853,-0.17575143298867985,0.207562692209883,0.23288139049072581,-0.6223404273866313
2004-02-01,130820,138542,3532,5.6,107321787.0936516,0.4,37,3.4,27.7,4.4,92.8995,229727.98664592736,395437.3585239703,1449321.251047412,231215.14473234946,650975.6313466622,162783,10167.811120806304,1159,1846,1185949.1381817723,1966,119037.14101445428,175377.16402999609,99.4,102.2,186.7,194.9,79.077,79.8,11071,43.93186387950985,93.68162789726591,17.032,112.62893641788281,1443000,1.0075,4.0825,-0.8820074603467569,0.3462210578633439,0.3223693798778405,0.7192926891460951,-0.5185741269298298,-1.869855319382227,-0.2939604271612908,0.14730241675460948,0.6781533801182537,-1.3091576579653297,0.3111083785431472,-0.8957702019111704,0.7911770826898223,0.6540955555255049,0.46051192866735047,-1.0783483696064673,-1.1420175737537608,0.9703207773723205,-1.492066871831123,-0.890418115516028,-0.24593543068524926,-1.5874647986789074,-1.0418178576391517,0.6653443065047574,-0.7173980898810087,-0.5472586027268762,-0.49716409732722877,-0.07213433994810955,-0.2589900968655843,-0.3101520416270487,-1.3992789639148842,-1.5678245848021461,-0.6088827562947032,-0.5651302296952817,-1.0063491400064646,-1.147617493206247,-0.1185393120090912,-1.3670664004565916,-0.831170808037466,0.05700248499284704,-1.243763090682883,-1.2325937763935242,-0.030528773836435957,-1.3726893063600758,0.0772763812247579,-0.48997714277044224,-1.2527414546649935,0.7503257793129136,-0.5992255762941021,-1.5268956919505918,-0.5605677548843007,0.5446857391588338,0.27288198155918386,-1.0469771966656025,-0.7541256667305273,0.5378465986202317,-0.6169613558374358,0.06971938498440247,-1.423224035136177,0.526796249131872,0.49252468843634295,0.532509332939414,0.20325325639329267,-0.04396348021016587,0.84668916769058,0.9232561529336567,-0.674670030521827,-0.7716275682709028,-1.1260429752818384,0.1482496911797142,-0.7936102254270911,1.238021767641159,0.31538579750880547,1.1546845974510185,-0.009945650352060326,0.5085611112346968,1.1054416964013436,-0.7960239599843395,0.2299787671060207,-0.6198380883104102,-1.1196660864719685,2.142393512716323,0.3748907363526351,1.1967249845622367,0.7183367678295526,0.4342207391281513,0.8861396476982002,1.277029772072812,0.8658445739229141,0.07187364557008598,-0.7843067086965858,-0.7989221790894316,0.3709706843498462,-0.26680843893431255,-0.9123712024906985,-0.39096334037441294,0.39443284685782287,-1.081872745297663,0.08223957340740984,-2.6367994182368153,0.7002747745350272,-0.215433335918576,-0.0996689448152139,-1.322329764693533,-0.10220924188343525,-0.09499734643031985,1.892463859101261,-0.6186459341639204,-0.16322804095440366,-0.07391203033390274,0.9522874966423245,-1.101661696391269
2004-03-01,131139,138453,3525,5.8,107410352.30124106,0.4,32.7,10.8,29.6,16.4,92.5368,240999.255041099,397333.29966287455,1461619.1608231736,238533.31481458098,659767.1687773835,165404,10225.886690488516,1276,1998,1213599.919190899,2066,122106.3397265117,181139.91338274474,100.2,103,187.1,195.5,79.199,79.934,11115.6,46.414727458680034,95.24104818712098,17.247,114.1037217231587,1368000,1.005,3.815,-0.8955969114962495,-0.8578840206097362,-0.6729645507632582,-0.022219163852883885,-0.663258271859013,-1.853068795119251,0.576867846962917,0.222475456771452,0.011480778690781632,-0.012191414557526266,0.013459165737954852,-1.4093934113715612,0.4809024642133035,-0.025085094542280313,1.3272679560087366,-1.4539499854113915,-1.0847285631991586,0.6152248460289333,-0.26880458443883587,0.20762143312621967,0.4519959072225319,-0.6484107107995257,-0.4927541783603743,0.3037992972795244,-0.7793064100084219,-0.6732060811744727,-0.6834480377308487,0.0891188985824535,0.2315890457337812,-0.3794662116616655,-0.7198925141739178,-1.2427020353195972,-0.5634293492066635,-0.28229305629930757,-0.15576340516032117,-0.6692743598689896,0.16180736855092118,-1.034148640764985,-1.2929529132793816,0.027941587311477396,-1.1963285120477571,-1.100466182427913,-0.3135395928257214,-1.3958650349963877,0.1836351951736267,-0.11215809611461143,-1.4686280998396153,0.5013123662870838,-0.5327025516094142,-1.1872463980270584,-0.5325091916974962,0.004358500502389187,0.34288758986759166,-0.6494213920273779,-1.7360871435237222,0.2506073055793804,-0.6920645467034899,0.5499358077869131,-0.5394523924249528,0.7555493441270655,0.052779917719009486,-0.4837934961770049,-0.1880396239055432,0.11520052262779483,0.5190679702727841,0.7050112115330963,-0.342158698496825,-0.8215936858599275,-0.9330600369133305,0.19914331957635356,-0.6856325874403271,1.6811624632496653,-0.2688080811252244,0.7173587628563073,-0.21096309522392945,0.5181952781508302,-0.14066584028908957,-0.5297578472054407,0.4837212299147887,-0.5944032834089944,-0.954301891767989,1.357048512736015,0.015777337494156,0.9117719725835891,0.7731680131824786,0.17173358566706945,0.682502830009652,0.442321841236885,1.5330963914710696,1.1589329047750492,-1.0846914015435563,-0.46109782536179944,1.0294063716365007,0.2024765406312451,-1.2175512026010558,-0.8634689316331463,0.03836692479093433,-0.8807855608584114,-0.8117905890028627,-2.5883643711450324,0.830918082862449,-0.2816735784209524,0.44843705403140627,-1.970603339386969,-0.10584035399318176,-0.022612503938029282,1.4223186976584754,-0.5829192699088714,-0.4598758997906062,-0.10584545914097088,1.1130348381567194,0.3384208931172779
2004-04-01,131412,138680,3511,5.6,107494322.2497725,3.5,39,9.3,32.3,-0.2,92.8957,232359.53923323168,396632.47044589516,1469901.0275711378,233996.67280014115,664387.6187835556,164012,10217.52829380183,1186,2003,1219471.6809921104,2070,121490.6863610012,181081.59201472034,100.4,103.7,187.4,195.9,79.346,80.142,11153.3,46.24051622009931,93.73896485378765,16.898,114.48722860073973,1393000,1.006,4.288,-0.648145225560882,0.20548321540275805,-0.09890151034634824,0.04241137927266878,-0.12477515372058984,-1.7101325779079344,0.5265380826397009,0.4535201067390039,1.091396771614882,0.01864277878986478,0.6764442203120152,-1.294889939559673,1.590808600771397,0.1054723637196612,0.7965392093117114,-1.1185792871319826,-0.9651961851818781,-0.06956276007086944,-0.1373355620195382,0.8660166850436001,0.6853729047211674,-0.6364882035066364,-0.7004302297308913,0.6440385894346241,-0.7100715463822483,-0.8936641615528045,-0.6225892597709641,-0.18949265980967114,0.595194564191124,0.26700259658068337,-0.9234028417516761,-0.9580469337351716,-0.47789069972845927,-0.6262695098750712,-0.3344503293047282,-1.2966893224097609,0.9672777814855493,-0.42371233838204314,-1.6206043413782047,0.24083130903302974,-0.2402384158268223,0.031489159406770245,-0.2011677040952004,-0.8279069514229193,-0.18005193934415112,0.4133136071326046,-1.0465386012085693,0.8163610228665299,-0.28964887971324194,-0.2516526807282836,-0.08818825023012548,0.248597016918411,0.39953049849847494,-1.0194557744319992,-0.7484414567110033,0.14550545599714323,-0.6590675545624569,0.9974986632146849,-0.40338108894715824,0.1284628260612136,-0.45163848329551004,-0.7508070847052892,0.16208169088027669,0.8742950391298587,0.29317467240549,0.6980916172246114,-0.16723635664746894,0.5101461629126299,-0.4199516385499113,-0.2971026583160469,-0.6983531542373255,0.21387981370008186,0.48917913182564693,1.3959245505261886,-0.07637757877777415,0.6021790931745946,-1.176560913458967,0.4070592923834005,1.1704740121169352,0.5517360224251084,-0.9650016854883616,1.3950360474171504,0.14374650043720671,0.6608387471479344,1.6466884929909567,0.8672359520494604,0.6906455153360492,1.1949273135799832,1.7131836195813979,0.9616611809219762,-1.5873964909133127,-0.7562240655149418,1.2927107813940653,0.11919591581040839,-1.4265317042867431,-1.2840564260725797,-0.34496377108313253,-1.3288073973006533,-0.6236651499761121,-2.9529834029502107,1.630623160732514,-0.1062688815077914,0.5806006128139667,-1.4188044791879126,-0.1843500904432097,-0.18281169921389112,1.394152747888037,-0.5933262781674851,-0.2495558005342419,0.0046607576733920806,0.5809323699438311,-0.7701367994383863
2004-05-01,131697,138852,3710,5.6,107446345.07163993,3.5,37,12.5,28.9,8.9,93.5845,230464.54952012462,399827.89809557307,1477187.9184948977,233242.0481382845,667112.2054168133,165296,10271.468770413547,1241,1981,1224035.2243605847,2150,123356.86648912115,183093.81438118688,101.9,104.1,188.2,196.2,79.604,80.252,11208.9,50.600472338073466,89.88461702770068,18.186,113.42792897071122,1681000,1.0025,4.7125,-0.4145736202440665,-0.1767930622669212,0.1501678928316335,-0.41737032368958854,-0.6412785704264157,-1.7203516670100636,-0.6444711578392888,0.477619042365222,1.1191539846841525,0.2733564895377427,-0.08331757600721168,-1.6520182151087897,0.3453939594859628,-0.549600075852835,0.0918997797109029,-1.2999637190680984,-1.4029202797809592,0.031289976776155984,0.1763900165615595,2.3682733360083366,-0.7704673518669137,-1.6647052762686585,-1.0001874883992417,0.38122160056291327,-0.5902042326445925,-0.5056782914798649,-0.3107176924861186,0.24178672821109037,-0.45017577164227224,-0.5843781100616281,-1.0900631174730533,-0.7126561660892023,-0.4542365259021597,-0.9457076478820204,-0.9567876884557098,-1.4583889587349244,0.8383586311251903,-0.8329763242120048,-0.8898855430931154,-0.6968110438267413,-0.22982401552911996,0.5463105457563603,0.8404758019166739,-1.2910543376368158,0.03176099694714942,-0.42113064450363513,-0.5728518106587014,-0.4238543357730905,-0.6542679558236493,-0.8233232056108976,0.005316416413256409,-0.8722645719865366,-0.5117291420293523,-2.3252108505451257,-0.7454369554611118,-0.2513408708109899,-0.9904709010525435,0.05757480179088494,-0.5542260058264911,-0.9956860162079978,-1.754004099413373,-0.6507303644783161,-0.5965437457505839,-0.32993005404316716,0.05944150473842832,0.5178382555781581,0.33858587908298965,-0.16951042474154904,-0.05361355207723946,-0.5364461780460613,-1.1979483070436556,0.4328823582554039,-0.05576418192834295,0.8672924616583045,-0.1274788701442493,0.45290570398244934,-0.36592615797896677,0.041395372252659345,-0.7378541094315946,0.02747077111352042,-1.0538134712896259,1.09100248638217,0.07836378154071366,-0.10067295393534065,0.6118477770066997,0.6525178969962405,0.530368019014235,0.23760688427826288,1.7383468970966351,1.1377706013020727,-1.0081608839355258,-1.6497859145981404,0.45733417273653587,0.09833615366197433,-1.2181127410239094,-1.387463082724211,-0.90679232203694,-1.8043363984339773,-0.16909581180015998,-2.319568078065218,0.6739994700223222,-0.3906215924645003,-0.1765853100334586,-1.836395643273966,-0.27219665132244564,-0.5629504417363377,0.37337304508153685,-1.280930839231366,-0.38221969896668423,-0.16066269750695894,-0.2834431282059464,-1.2404767976240618
2004-06-01,131794,139174,3337,5.6,107461553.55397792,3.5,27,6,30.6,7.3,92.8651,232541.24337663312,402080.64536333,1491344.1674353885,234373.8647893675,670769.500569954,163646,10218.58676454009,1180,1828,1231460.2096929764,2020,119969.68596159386,187823.0261427265,101.7,103.4,188.9,196.6,79.831,80.379,11215.8,47.62560909922211,94.8888742740775,16.173,113.6597810684554,1396000,1.005,4.745,-0.3158326369503557,0.4429590631793145,0.46723676886893584,-0.6430133034109283,-0.37327458525649293,-1.5547899604683066,0.40296529850184615,0.5747608367498527,0.42662636877540366,0.7273068347601598,-0.44365500474671077,-0.7461500051786175,0.7498543164654514,-0.06631431929829708,0.19140103178466214,-2.143854525393967,-0.5878485001102085,-0.1730572543558183,-0.13368938943584943,2.966587667752327,0.48879775062921554,-1.0707874349786517,-0.10707037580275743,0.40801824091574435,-0.13355187648084693,-0.33849404217500245,-0.4945674143055153,-0.1760359149046767,-0.516191758929033,-0.5213178702622167,-0.07581448335646546,0.12244356575320313,-0.2441803943320496,-0.5037990485174063,-0.23069254792081734,-1.4073943317230329,-0.2962533013898987,-0.7527881805568192,-0.37865872573041726,-1.0915426123752323,-0.2778544240372454,1.010444134866622,1.1384209206287417,-0.5035013964461321,-0.18331520385862687,-0.250475350802388,-0.18615235002333172,-0.43024616918220965,-0.3539953557119211,0.26471191613023254,-0.1754685763905547,0.2858566514216859,-0.45786413029934153,-1.894807512596002,-0.48581028347370003,-0.597650841435685,-0.6090442309327653,-0.07150298635886049,-0.33052298690182713,-0.5698857170622795,-1.4808462562455365,-0.9344610037902283,-0.43505093862118344,-0.23969284308847527,0.32967995328902655,0.7444832059591333,0.834313619049579,0.22268026084299591,-0.9266481342123708,-0.3040569315442288,-0.9432306461543605,0.05463529079286635,0.17075327041532906,0.17424004530185452,0.6215973145112218,-0.7063109696534366,0.495078828743213,0.8000269174380109,-0.4746830544283489,0.3725400301884454,-0.8362783055022133,0.9179039106982829,0.21944666907807198,0.2937239979726954,0.9638223207891432,0.4162859902598223,0.36517158377986236,0.7606732746558375,0.795354375081191,-0.2997281854627609,-0.3422110925542206,-2.243378825731367,0.07043695444480605,-0.209783135976126,-0.7399891045776897,-0.8002088014714716,-1.122994608814798,-0.8398810487000761,-0.6480016891278749,-1.2751846656498749,-0.6335042104204751,-0.43780588774737383,-0.38634377435462663,-1.6236225034614487,-0.3425663717624099,-1.330850318257946,0.5402913058506145,-0.8832964123335391,-0.24870864257799213,-0.27451792549863363,-1.029811686287772,-1.3458460013644336
2004-07-01,131853,139556,3814,5.5,107524588.61289714,5.7,35,6,34.7,15,93.5502,233821.4129278518,408926.8506351292,1500146.9789915981,231891.6213002941,679946.186095989,164823,10308.366184844503,1088,2002,1259225.3300794694,2112,121277.76734872661,185861.96107878105,102.1,103.9,189.1,196.8,79.905,80.474,11240.5,50.922971028095866,96.54732131385549,17.309,114.05480010142824,1715000,1.244,4.522,-0.14609112115796968,0.7274468413802494,-0.42619741138253553,-1.1382705431844289,0.6527836291858814,-0.5862471662983659,-0.7801591382300647,0.43943650692445346,1.1421184989421607,0.6422158603332138,0.3324102813050764,-0.5387805445803504,0.41759699334676836,0.21436433123898402,-0.07960075583350648,-0.9878617174290727,-0.6385675810102913,-0.1737421610158771,2.3324910427121646,3.2396805315852784,0.44976977542007296,-1.211097811624793,-0.24869534423356848,0.5336027459702682,-0.05298608284255097,0.4285431058166085,-0.7224358141606463,-0.670704911802616,-0.6671733207782395,-0.3983664876065432,0.18255450521072011,0.2864497287157414,0.12789539272355613,-0.30094057371054844,-0.1336649750009425,-0.7155599141593451,-0.3639484834538298,-0.6062503490482166,0.20364848032030086,-0.8187910941239648,0.41969091827119515,0.4761412996333321,0.721553415912807,0.3520009671180051,-0.29319495929230915,-0.05274655928273678,0.3343297469582321,0.40195842133846416,1.0792628937683928,0.6654782553134081,0.16621741205928348,0.8144785613687091,-0.8496392012078607,-1.860775051409384,-1.031261207357072,-1.011968554110113,2.141539837638807,-0.24853023186803774,-0.2556407708543084,-0.8371819542267298,-1.3176064257964468,-1.1589104652093636,-0.6007847358720135,-0.19952384616901797,0.2762309197579443,0.6768984682977177,0.5272805922196753,0.08228221964337065,-0.48485054130640465,-0.5901787032823611,-1.932974090970965,0.03295700987536348,0.5556163345683153,-0.11837771216068604,0.9290620235184195,-0.6531323405933356,0.6574712134629992,0.9976675924159548,-0.11524489098423174,0.6133962383249298,-0.4304158555890264,0.552768155957374,0.27721769052013767,0.85246449106888,0.6178721923404792,0.5695790612466909,0.4136527245914632,1.0293865412577738,-0.7812714145697223,-1.881435998380411,-0.945123792093608,-1.721391110662209,-0.034190443506404475,-0.4658933726605547,-0.4891042102133402,-0.47393556457909763,-1.4166616409985342,-0.5502028527531662,-0.25509765789326705,0.5455272431614319,-0.8961657240969488,-0.6714083311260801,0.24128732347643492,-1.4414951915113612,-0.5117272414191782,-1.412606098366579,0.3788065208578541,-0.8734076123517617,-0.10941877822052276,-0.23848521391971528,-0.6834073616350106,-0.817290965620607
2004-08-01,131940,139573,3541,5.4,107460592.79326609,5.7,15.2,3.2,25,-7.1,93.6301,229815.1252095164,412906.2116928927,1508923.6186163088,237213.86936181926,679886.4233357516,164478,10346.483876616718,1175,2024,1267875.8161759188,2056,121700.8981062217,188806.19418107223,103.6,103.4,189.2,196.9,79.946,80.505,11274.6,56.21294373702249,96.67888159754344,17.157,114.3008923634001,1363000,1.4125,4.2925,0.41538972955146786,0.31921565780368866,-0.2812958020592819,-1.3444915138435176,0.8220917823755507,-0.18084618402116365,-0.4637694813607131,0.6506859047070013,1.639120133987038,0.4468620055848822,0.31640580909590693,-0.27279109312655564,0.5068678862123039,-0.14099241406546767,0.15303270824435844,-1.327061011961066,-0.6144408355602038,0.13946826616349037,1.5155765401465655,2.061342049622894,0.5030958389302449,-1.3537003370625342,-0.5325401826599581,0.3877240643166051,-0.14794751263597014,0.3577250073829247,-1.1617975137736594,-0.3549298714540744,-0.350988832779665,-0.8530063987129191,-0.2354534218704257,0.09503264691120132,-0.09294925633555146,-0.24541512062437326,-0.4060329474658366,-1.3629436469947258,-0.4863637884293588,-0.2871409401506354,0.48193352488459507,-0.305729190939628,0.5339501771286963,0.5525373342208899,0.9521520538741114,0.9114617474080092,-0.10040592521490994,0.8244164964834606,0.3077920255320473,0.007933388983469403,0.6062078392131094,0.46040427095700853,-0.09030407152985176,0.4289450564122241,-0.2439024252482278,-1.4891563582869929,-0.7166003513818389,-0.550840490103484,0.28222048258274324,-0.3841212406171287,-0.027366296714743422,-1.440970565997919,-1.0646231628036058,-0.11056237157849952,-0.33493910278310485,-0.2943358865754141,0.2695477358121094,0.44793497733499277,0.06831179678780985,0.47519926240676613,-0.2723246892348628,-0.7216822562716466,-1.1975062526656068,-2.495743004281431e-4,1.4117925125119157,-0.1828526680844446,0.819357642851354,-0.6875792797954348,-0.20897564243696837,2.717461218873924,-0.01874694651802235,0.6910404921883124,-1.380344862838089,0.6981645821302251,-0.37997426321256567,1.4351232230344149,0.4665529561384703,1.1327691462715967,0.5749134284784254,3.6004387152566375,-0.8384462081549289,-2.4502915759017627,-0.4912991127289663,-1.8940665958953686,-0.018871171549593432,-0.7308608647203039,-0.5383450466658096,-0.8727277320437652,-1.401396865926107,-1.2793892589709774,-0.17092235581328197,2.5013731722184493,-0.46823860740508594,-0.1497619659964481,-0.17041658480345778,-1.2046794231002143,-0.7108229672481029,-1.3824453309036118,0.35071767945930077,-0.12581368858477293,0.30203440534325593,0.22528814271370606,0.27965675630673176,0.2569419382148591
2004-09-01,132091,139487,3821,5.4,107595377.12507796,5.7,28.4,4.9,19.6,4,93.7353,235249.17607110756,412021.8715669629,1504102.3552306297,237360.18176370717,684131.8785578747,167253,10413.337661040647,1214,1905,1263457.5052431838,2041,123317.18765604714,187840.80695096374,104.1,103.8,189.8,197.5,80.104,80.656,11279.6,57.36292819334865,94.70175393796896,17.875,113.6008405111862,1349000,1.555,4.145,0.16028763957118916,-0.31072263362366487,0.24707525499556474,-2.0012529894274045,0.6869760361107347,-1.3610528426651518,-0.460209609953653,0.24945330865045293,-0.5969574536232682,-0.31691335981037505,-0.019056792316065302,-0.9453606579103967,0.1682008127260217,0.06176928680336295,0.09372879163695692,-1.9602606085607963,-0.7662374871101832,-0.24721829068963957,0.23726579806988551,0.45286235967204347,-0.683760023672144,-1.291600545958735,-0.7253723516839629,0.5506680840710961,-0.6074840622771872,-0.6751253321408952,-1.3103901968039093,-0.37631768747730976,-0.6468837825571044,-1.6315925670934317,-1.4925535790350624,-0.4453214852331899,-0.14874162808564914,0.22703268459407525,-0.8303886151771104,-1.901982953577903,-0.4834093133231989,-0.39791349823001176,0.00228785265311697,-1.0837244602489398,-0.04418531670707798,-0.2245680248675637,-0.08047593912474266,0.23027649610115092,-0.20434212544311775,0.01520548215453954,-0.17162805904660006,-0.09863390806942098,-0.38010601087300966,-0.30099181171145395,-0.22011300282321555,0.013364777583658085,-1.2400629143291586,-1.8607234180153287,-0.31837421700486823,-0.22528190840660017,-0.22771875732905647,-0.970685207784337,-0.055311664132168314,-1.215301313694067,-1.2741931307117593,-0.1905816546380968,-0.3632595925424257,-0.6512511887527237,-0.24656481917843862,0.6509185410170759,-0.3219415643027995,0.3550610702159035,-0.388600025172394,-0.8138384446725794,-1.1101670259673608,-0.2697751119116759,-0.3288371612932891,-0.1499279199829522,0.3224354795131069,-0.44256886124862493,-0.3264843958292139,1.1874242886613162,0.13881131657186946,0.04648540105405302,-1.3800680779911967,0.8451755041397516,-0.608186891652517,0.7739630684618105,-0.769270485241684,0.65551137133905,0.357345701003252,0.6223637085281004,-0.8076313791392229,-2.1823520293241416,-0.6796385596377736,-1.2274038209417637,-0.6823411301177214,-0.6108532570356987,-1.1183241333797238,-0.9336884868141138,-0.9624174141833688,-1.5307680114549074,-0.6370398327014906,3.179533981551977,-0.057676267970261305,-0.3015327093981868,-0.5266498214507151,-1.083456713969644,-0.49987077612227204,-0.846847217390398,-0.3857049387752344,0.007913062696934217,-0.5921784686713265,-0.24420512031829322,-0.2052229815814448,-1.0276414000223661
2004-10-01,132431,139732,3943,5.5,107658620.19386752,-0.2,24.5,4.2,26.9,2,94.5695,230194.65990453464,416633.1046141608,1505232.1854026597,238009.645982498,681095.8631662689,166916,10437.92263325378,1305,2072,1262578.3114558472,2097,124917.95942720765,193357.19968178202,105.8,104.4,190.8,197.9,80.448,80.831,11282.5,66.04266109785203,93.11168301598315,17.514,113.3618184069625,1670000,1.762,4.092,-0.22834938827095463,-1.009897914449053,-0.027216059981017688,-1.5783731577999787,0.5796091235483418,-1.974759936980989,-0.646523059738293,0.4303317061064815,-0.3381070549672817,-1.420746828599405,-0.3610038945478415,-1.0112928027107986,-0.14593088850506933,0.02504037946730371,-0.25522264588045585,-1.4462982819215287,-1.0552844313961895,-0.40753015513567253,-0.39639209373620393,-0.08129363967600667,-0.9081149029770237,-1.1316522902507824,-1.0135300996163834,0.9478731491728649,-0.44595578167729333,-0.8691513227832882,-0.6564615963091835,-0.8084990716258004,-0.6917705215609538,-1.0024685200813073,-1.8370591127006208,-0.957751117755941,-0.37439720005999344,-0.4144942137362013,-0.7542169353737458,-2.0656420475624797,-0.7224956859565059,-0.6678228536875864,-0.6457204899246571,-0.2809101582009148,-0.7983809335227061,-0.5579403137829738,-1.675211583645856,0.03214605241582043,-0.5517155994709335,0.05045320703788179,-0.393750156443514,-0.8921491372053233,-0.9262117701234938,-0.6892691585622861,-0.24936740961853968,-0.030398141656612396,-0.7993253254090352,-1.579748383202351,-0.28078769465066733,-0.5174488110971012,-0.31276426235876376,-1.053150387469934,-0.497361386806889,-1.390526888147474,-0.8005376934432719,-1.6481191627984095,-0.2649734176340054,-0.6906080994445639,-0.19396176944666102,0.5961659381815018,-0.15758232709193504,1.5011734112004327,-0.8606347361948231,-1.1047545645102863,-1.034105697063325,-1.3876960713233204,-0.9572410673934525,-0.3236997318009137,-0.1620224376152537,-0.07082000701774903,0.4091010293554259,-0.3686379593454674,-0.018110851414527618,-0.6858672452174428,-0.843600166537485,0.7325598312791127,-0.694207861597327,0.3061620259193867,-0.24594996468876024,0.48171274495149874,0.4120286243981821,0.0070995075054526065,-0.6554253806482905,-0.06621103373670588,-1.4445000510203008,-1.2739176071723455,-0.9194905504703302,-0.5980548738306821,-0.9580205886040992,-0.5760597699970105,-1.0203153616263054,-1.5115159339516744,-1.0296968817872088,0.7014699731396642,0.7379239152518674,-0.39117231613938486,-0.4036559039797091,-0.794737406231114,0.4694896135712114,-0.6850534164647589,-0.25723762209867085,-0.34008067806528286,-0.9479260397657105,-0.5313179978140015,-0.1630558564883218,-1.1157316602399836
2004-11-01,132504,140231,3472,5.4,107683764.040724,-0.2,15.3,-5,19.1,-4.5,94.8015,238422.19965823818,420181.2823497363,1520430.499871957,237788.2067411278,686928.8491542634,167199,10456.549196364447,1179,1782,1266740.1372000298,2079,123938.18569058174,196956.3386909037,105.5,104.7,191.7,198.3,80.758,81.005,11246.1,60.006438990564405,94.24313152045431,17.362,112.93181171508763,1315000,1.91,4.1775,0.06037236840083279,-0.5412814302229065,0.6060920390985036,-0.6057503956702106,-0.38866728145810125,-1.904192449624973,-0.6752230602243315,0.6198729110011829,-0.5238572500051212,-1.6640380752518789,-0.053084707401807006,-1.1425088169576398,-0.3565351304240695,0.01680890186588704,-0.5092415389403304,-1.4989275211799815,-1.2764375314162877,-0.40893789741130177,-0.7804845967678931,0.27264045475941023,-0.7503330553663661,-1.3095906675077413,-0.9643471028466546,0.6226361435263787,0.23349927391862585,-1.0984293231679279,-0.5766326247994734,-0.9155772581731105,-0.8252976817013306,-0.5927311572156554,-1.7528100375742506,-1.5132597949626454,0.22682208116294236,0.8004496339150171,-0.5266605450053061,-0.8755207411092494,-0.5454623108050021,-0.6611431722022765,-1.1252740034462971,0.23802207879702547,-0.6782221565792608,-1.1399266192669053,-1.657547971325397,0.12030428959281678,-0.16389958887201211,-0.02070440254401034,-2.1810787557452747,-0.34864924931992636,-1.0805897230992088,-0.21234564783919346,-0.37137454793424374,0.6520073112174549,-1.4808251523232385,-0.3828165132504906,-0.31242208734492,-0.16136664644384568,-0.3775557223392026,-0.9804468957566581,-0.7030850649468904,-0.8899057123845612,-0.8291194733388647,-2.5508131446284987,-1.3910598006104986,-0.7452745515416488,0.020669624492685237,0.6454970276182106,-0.8447664953624363,0.975844790819646,-0.9157658576218142,-0.8431072438770086,-0.9527624980212722,-1.7325135792428557,-0.7623366325760803,0.21119802287937334,-0.203145600222928,-0.11995107814242802,0.38879763494804825,-0.613899252049091,0.1456604320593563,-0.9108356272410079,0.4977794268246746,0.44458803849289524,-0.15049554746912336,0.5126788843328329,0.09978055684125432,0.8776790398737515,0.4510841819254965,-1.9986132329035007,-0.1217228890512901,-0.14759717672344536,-0.6202408075676561,-1.031492452672551,0.05688860239160791,-0.057569066630030696,-0.8173417544931315,-0.999781715192692,-0.499039026991116,-0.6600186367636767,-0.9492307655569878,0.24497821936794628,0.9635403070345426,-0.3103342078992822,-0.6736096746785674,-0.7918643573734458,0.034737173610584246,-0.049855376645163985,0.43201390323089695,0.18265260510507392,-0.08918367392101872,-0.29270904565397166,0.06550378283077402,-0.5672884463073199
2004-12-01,132629,140125,4074,5.4,107711575.71919848,-0.2,21.6,2.9,25.5,1.3,95.5415,239573.76765139043,420945.2853306271,1525482.0840232114,242979.6660932414,691151.0996151038,169365,10525.117263400205,1242,2042,1283994.009975124,2082,127202.6336307719,195169.61423744756,104,104.8,191.7,198.6,80.801,81.109,11659,53.625573940916574,97.55907354943982,18.102,114.12176727929014,1301000,2.14,4.24,0.24849144352335947,-0.3026050489116028,0.5926551698048472,0.16495560516109045,-0.33521830849395695,-1.3885777800023635,-0.3321461133247853,1.0186757923344976,-0.340890386242531,-1.2300856405549316,0.21167787085555317,-1.5738726125759197,-0.08125325885267998,-0.18965218570829737,-0.5236240900051741,-2.683946797303941,-0.7183145954410644,-0.4156507647566174,-0.9484246802371669,1.112648198696932,-0.05629395666091051,-0.4493678099594941,-0.8564733247740716,1.084728699030015,1.9768484917082216,-0.1946963987091451,-0.4560581104057146,-1.021935445795614,-0.5255729103639873,-0.6966124002734922,-1.9606207108178284,-1.4724007540388464,-0.44135796874761746,0.9513890531709835,-0.5509244588627904,0.2932089663520637,-0.46440339342573095,-0.9267707172085268,-0.9892136042354419,0.7747405756014829,-0.5177931114059446,-1.0539915001185411,-1.5804074236100336,0.07268739805426551,-0.09164239689383176,0.21243579961834602,-2.7560803735565456,-0.37949738082705037,-0.5181644119834696,-0.15419425401967035,0.1508004879200127,1.1959930348668402,-2.8761385699700743,1.2418527429965984,-1.0137706032441336,0.4081944784658079,-0.33758868427821265,-1.0368890387364489,-0.6520278070852935,-0.6448084418650823,-0.43916476855359904,-1.361036791831809,-1.120013061706265,-0.5559624466422193,0.039286153852488924,1.0011648005688136,0.28990354999520673,0.5497228329304638,-1.4629107926252387,-0.3632774092196396,-0.9905463396436444,-1.1465193298814162,-0.08268941223253436,0.4641121158577568,-0.3658238973264615,1.7272846799353412,-0.22639056325364354,-0.3566753476176101,0.5380447737477263,-0.8101405799249961,1.908728095989362,-0.06884022281744684,-0.06968328840178357,0.5216000636521807,-0.028824117141058515,1.1542922310029353,-0.06384582776457015,-1.1446512529324533,0.5747757181835351,-0.8088165001917001,-0.4779084852578235,-1.1007186244120517,0.4594994724266533,-0.04866107434118129,-0.7991511053020155,-0.9404119083781026,0.74732938654446,0.9354649941576391,-0.43000954285322157,1.7694802940765249,0.3083685952721491,-0.1969894091167766,-1.5876099884374382,-0.705656428383797,-0.2731263702059718,0.3698001829001516,-0.2771396055395,0.8812152633491218,0.08292381671176055,0.12749673297182487,-0.22146731970581246,-0.2190336870256107
2005-01-01,132781,140245,3804,5.3,107634201.6997949,-1.8,15.6,-1.7,13.5,-2.1,95.8785,240862.9661215964,426719.5669101561,1531011.2502023045,246442.2114279358,691969.7924777832,167678,10503.046707948633,1203,2144,1292943.7502317475,2139,127561.27405539693,197010.1474532488,104.6,105.6,191.6,199,80.907,81.401,11226.5,57.893630959002316,93.82302282480214,16.889,113.40949836626528,1717000,2.2575,4.2275,0.5955310935057385,0.5930787964503788,0.5924239425271146,-0.7189786303703872,0.2019781831448343,-0.8702720783170134,-0.9232362581112541,1.5986299060508613,-0.3480943662991829,-0.4152631171773244,0.4140350138225812,-1.6381952411515466,0.05374456915845113,-0.24117214061443368,-0.0642926449151774,-1.65413878745593,0.035490989216012805,-0.2172765263851383,-0.662183891915342,-0.5666266234846536,-0.9136212224465146,-0.16540944317656445,-0.41819424371487995,0.5962469763068146,0.3218196775821383,0.05235161675290656,-0.29635182310995734,-0.8324885308054886,-0.6829966444785147,-0.6819147324000132,-1.4898517228132448,-0.20274027443647022,-0.19515966474380672,0.826500427252393,-0.11856998381022175,0.11302060918924654,-0.33840125150917927,0.4086990119843684,0.1697413327107325,0.7833801072204725,0.7451791519475955,0.15861692981512931,1.1531851003480453,-0.07355931430168243,-0.5124991378495952,0.2392856881482892,-1.5787013898607565,8.556731233434756e-5,-0.737985371949241,0.0842131367347567,0.0832033191405325,0.5100496970383788,-1.5584081380147892,0.29509194303185804,-0.36674487251730536,-0.9617445391016775,-0.23948124758020453,-0.47457067541561215,-0.22441557945851104,-0.13227370297705404,0.6436619172335015,1.5382741710759846,0.07721147664134789,-0.09537631238448947,-0.36380593146839413,0.15433763846015713,0.0012380561861760064,0.7215132794560817,0.17875021034797717,0.07323382030894696,-0.954976790205291,-0.2212807672179577,-0.1541392605892558,1.0861830004617616,-0.32302797569228253,0.33562439852624093,0.28812682819706975,-0.004441587419290329,0.14188801809156035,-0.6965941860571309,0.04874109688139852,0.16382394850268348,-0.04331800235367546,0.2244277737980926,0.034626112300583836,0.8238203000160635,0.2327016382601114,1.5295125624435821,-0.44292074346827304,-1.0015302646796318,-0.8306994079294291,0.4597583901644051,0.7525787599978632,-0.08038292394973591,-0.3308629645838338,-1.2270911886188127,-0.30587047971869114,0.004935024719164502,-0.46781504158127313,1.480442826755137,-0.3061099388130351,0.09087335379879696,-0.6254349687271424,-0.7944419257624981,0.03039147489974766,-0.1634506777780808,-0.5950228555344389,0.4692036679005004,0.12981434658297275,-0.06592554475419413,-0.3125397322302235,0.7258975639479173
2005-02-01,133033,140385,3965,5.4,107712150.00670214,-1.8,17.2,-1.6,21.1,4,96.5709,242167.08573682394,427815.1654094561,1537190.955098804,243370.06360005916,696129.7638416408,169079,10549.59818567273,1319,2207,1314953.4092589852,2114,128198.49134743381,199802.7905142237,105.5,105.7,192.4,199.4,81.132,81.536,11229,59.1258689542967,93.3816278972659,16.886,113.87185244889454,1247000,2.495,4.16,1.0278834979076812,0.8772262419632942,0.9619415302081876,0.23921966316181342,0.4770779520310032,-0.03787249580636054,-0.6675173791804454,1.0421944543306265,0.3254174613549172,0.2564795521040327,0.2004100001808813,-1.092705118328724,-0.036917895841434775,0.04753179257215047,0.10718514028975218,-0.8757206968638098,0.2845639278962909,-0.1233063134385921,-0.2412442074056126,-0.887500910882928,-0.11290030167053913,0.15258600864904104,0.31366270575327126,0.39352640669499683,0.43865163843069155,-0.3024802481889347,-0.23245223099407542,-0.33002475018364685,0.12398796671594252,-0.770955643500814,-0.07746553102845666,0.02533421438598342,-0.04250874841913509,0.30316058117062716,0.23767583557127409,0.9545833319749752,-0.16444637944180418,0.18121910306590977,0.9502800331989939,0.7982004345694785,0.1417611891739658,-0.0653122255698195,0.6686094351670603,-0.475050679880157,-0.8467775249270834,-0.08141618016658254,-0.5229970622746749,0.2726404400782577,-0.40383896858982604,0.8563040674358248,0.5676079505564289,0.7401519093513075,-1.102628194861505,0.9839737143393245,1.7106092768455488,-0.8148255927416549,0.010912595339514108,-0.1939649490528622,0.5784563147218245,-0.8691362626630114,1.4555194019889508,-0.0076265736108036,0.8178670687774394,0.011418132589396335,-0.43092862148242933,0.4648429056488727,0.4924583028381947,1.3839819135019509,0.06652975399023361,0.11785495489511866,-0.08447707039328572,0.13133394295640502,-0.5671082917031928,0.7968605580967459,-0.2710968105684612,0.07956933668601696,0.2828214371881209,0.15344481175595398,0.7897602543454472,-0.32279517435510857,-0.7896113657771551,0.38311957079704,-0.22257638077319003,-0.3085420761792995,0.12703141635612175,0.6809134597346427,0.14429188321312766,0.6348306970969457,-0.6539867581393721,-0.4482284883558595,-0.47537949238120064,1.6020876693129225,0.7358816808377254,-0.012336694582547048,-0.09489532670043001,-0.9488345413654337,0.6030774726809323,0.004681701915392633,0.392426139010543,1.2159701576746553,1.2364559108678959,0.19735442363757927,-0.6560613887773471,-0.4887642969663738,1.9711724191975866e-4,-0.43601372072900135,-0.39223128629485815,0.6551516507633506,-0.4498939714912868,5.899554329206261e-4,-0.4639490888046434,1.2039728772389822
2005-03-01,133152,140654,4044,5.2,107787682.17196989,-1.8,24.3,4.5,15.1,2.9,96.4345,229318.58678955454,428580.03072196624,1545310.917579533,239995.08448540705,690919.8156682028,168917,10566.390168970815,1328,1864,1317044.5468509984,2062,129151.45929339479,194446.6973886329,107.8,106.4,193.1,200.1,81.375,81.737,11268.8,66.74039938556068,92.04104818712098,17.413,113.10859823473646,1328000,2.5825,4.48,0.5803977047504145,0.7212924523397211,1.31512395999051,-0.7558378225815842,0.3071900979704837,0.35223714943809126,-0.9512585809222753,0.6584736261072941,0.10207472974393927,-0.43237612546681775,-0.36811720461568387,-1.1719431219564278,-0.4857953424937457,0.08661009963312609,-0.03007999512275067,-0.7302262687044847,0.23162406298963661,0.12679877426609812,-0.6566151895942062,-1.023860818088697,-0.060567494566848,-0.3389574960028575,0.686255776961248,0.07572867516657586,0.35663515855024264,-0.2896819012842276,-0.09143465400818052,0.0836872586224881,-0.009786673101619885,-0.6879690382790591,-0.4298749647312078,-0.156181041027537,-0.32783735776181483,0.3409725772567976,-0.9389414195943655,0.45338861250855794,0.49774212838206966,0.4559117370669541,1.1973276140232654,0.039577695924274604,-0.23034473924376853,0.12265252585612627,-0.3941683925283737,-0.5988701981225625,-0.2173870181662971,-0.3762181790016576,-0.6983855751054535,-0.5610189378214532,-0.31950330762530804,-0.2098896718012666,0.2158360733429595,0.1665664123205623,-1.4149665672684784,-0.25442652017010614,5.5207463756335375,-0.7718993164575472,-0.22454972253753408,-0.18894420656842278,-0.13812173637222053,-1.2283264034899055,0.5343457361549373,-0.11931697118876244,0.5950844465903888,-0.23662945670676513,-0.26712664980254003,0.7052127639463497,-0.11965740513599546,0.6105641375387613,-0.2791157053566481,-0.11315708668213376,0.27690060529540106,-0.5539357287746718,-0.4132633085565879,0.3753284662048494,-0.3329446150043364,-0.1434456483643735,-0.46770282830213655,-0.08014082820772411,0.42912372937634086,-0.06442887663009356,-0.80677075412439,0.17064639871535245,-0.03475635808728731,-0.6732233131533354,-0.03567310672706546,0.4053153421455263,0.09382467634034977,0.3726758537142086,-1.0713962974638478,0.8764281101316582,-0.7405969064479526,1.0070510928796914,0.9015898796473767,-0.45967690447521536,-0.3535591764046049,-0.7525068267194877,0.3753147502858134,-1.4124381729935747,0.18721651201615247,1.6569173512618827,0.2706867375097236,0.04465535296621136,-0.29805510674674995,-0.4456760329746358,-0.3892958708896588,-0.7256318423473792,-0.27117370688464343,0.1584072260651615,-0.06571832749757706,-0.21802457407413253,-0.7271547773748914,0.5666237032668366
2005-04-01,133519,141254,4159,5.2,107840322.3158479,3.1,8.3,-2.4,25.2,3.7,96.6347,238774.30976802326,431386.1010011887,1549235.5297435084,246695.58717204028,688076.4187591143,169914,10634.903128561451,1260,2061,1324720.9048686936,2150,131451.04959376494,201683.7616264108,108.8,106.9,193.7,200.2,81.603,81.831,11304.2,64.99761038197124,87.23896485378765,17.756,113.0090817329382,1616000,2.784,4.38,0.418526046689993,-0.5219137688003846,0.3893191023005599,-1.1740648391729744,0.3147975533330952,0.018966146889806045,-0.4727547312522556,0.4973696610015438,-0.5394380557513407,0.041264770055645564,-0.9292042159749573,-1.397821108057577,-0.6649127600971059,-0.1914162322065619,-0.1868154309747722,-0.844732678032352,-0.0584764885193105,0.3031761116550923,-0.2164117460510271,-0.661052216321138,-0.8085278193323423,0.10305145108834862,0.31939403525206433,-0.08542926662183196,-0.10041519921758231,-0.47887426804957106,-0.09876836115839394,-0.027479861686050475,0.05016449036341935,-0.7972022300411108,-0.441981637124406,-0.19092570789717522,-0.6957673105385455,0.7609957840742755,-0.7583891966616223,-0.015214694134292151,1.0989524726381452,-0.7090568879317996,0.05662365800683522,0.27779963279306713,-0.36961379279210016,-0.7884996885653374,-0.416600605482619,-1.0324416982688456,-0.4362894966757669,0.1594372624309038,-0.6120755050502442,-1.062623501026415,0.009011839206306816,-0.3161231346390036,-0.08135629339058353,-0.7740531924511957,-1.9057358426167756,-0.4164923290388451,4.042494454008563,-1.0860051224461877,-0.3954925395723581,-0.4129411226437304,-0.2896242352994116,-0.14579047683539198,-0.10719865398490933,-0.6328957695744639,0.15498653117939543,-0.37036657216326146,-0.524930355221827,-0.020203912527195094,-0.1145076014157646,-0.004585497999361705,-0.76917874525526575,-0.4876949680920196,0.0628337097420689,-0.5531802768250794,-0.08988991466923402,-0.34182526042280914,-0.22035051752727036,0.43556087498552065,-0.4694083141370845,-0.4900069588578445,-1.178602309482516,-0.6772649184796858,-1.493595674077102,0.002670037546268733,-0.4264196275199915,-1.385858283624221,0.08113489521524361,-0.3125657833221198,-0.28576113312381746,-1.2399653752868482,-0.9752516492860105,1.4199069916659621,-1.4060016375433162,0.8931845940453937,0.33311666347774144,-0.3945153967670404,-0.6049322796160663,0.8818319164420062,-0.26655931453804504,-0.8113984712830121,0.6297865092849266,0.7330296637258326,0.9368215352707968,-0.43378173210771587,-0.6136341081697697,0.403100153130471,-0.3025163710885438,-0.7859087320365206,-1.400578700323203,-0.17252589589384212,0.009692876293259085,-0.5026773922772628,-1.0389431471061672,0.3496499662670628
2005-05-01,133689,141609,3797,5.1,107860710.77197918,3.1,-4.9,-7.9,9.3,0,96.7251,253062.49923452828,432215.9487562615,1552340.7153041414,244240.59082168798,703891.045818075,169025,10620.58322820855,1286,2025,1339074.575316293,2085,131146.73786574238,199780.76890102756,107.9,106.7,193.6,200.5,81.649,81.999,11352.7,61.029528836850425,86.58461702770069,17.414,113.63229891220514,1308000,2.9975,4.1525,0.7222250177322801,0.5855157341881079,0.9566851472808676,-1.2049903479702089,0.6849113144438256,0.9139904927328706,0.018515167895130046,0.5259908281898615,-0.4506072931451889,0.16117496251740207,-1.0168854242252212,-1.0703172559930532,-0.8618709196520717,-0.0014787243159926338,0.675563793655976,-0.5518581682564877,0.4252035021522122,0.40303362807691345,-0.7916171562626638,-1.623758244521537,-0.043272624741498775,0.40883738332279335,0.26419548202059523,0.1457300665298665,-0.2955179962484987,-0.893164220672014,-0.6681448841053423,-0.05181483360193478,0.38286942002746976,-0.3824442659468541,0.14584475422390125,0.6314346357189841,-0.3899215864597085,0.037112813822822485,0.24410745886500484,0.5279191322693157,1.2622385452814442,-0.2777273828280299,0.7358390309522806,0.9085788211319072,0.546057578624865,-0.11419995348141831,-0.3527323452423097,-0.47917571465102404,0.151647856449865,0.3482181161715443,0.06511841085207376,-0.3703735167158304,-0.20411974404293498,-0.3448789633799906,0.18633622575499972,0.30799114127516536,-1.2605240055057358,1.0342406634389611,0.8129021638432992,-0.882935294506437,-0.6305634874865941,0.22316915362504158,-0.21469222564739895,0.5230187455253689,1.2328491104956487,-0.7182761926383279,0.3278588829328406,0.5875526360771699,-0.6206509302046205,0.06596154501054302,0.14954163736754048,0.14671446630044194,-0.4705428795163963,-0.4847530998036017,-0.6046062268323027,-0.4910673049102442,0.9399180700312613,-0.33042725823124897,-0.37328175812327025,-0.2544925887711159,-0.312882630933568,0.8627160496086193,0.1466761626311628,-0.007311525203362312,-0.38976697558844553,-0.09844058535221317,-0.29405194914728766,-0.9926112758731189,0.08513750149782419,0.46492031401007333,-0.2794620478961179,-0.7381804268689827,-0.6110468812762095,-1.7603963272637304,-0.40637025046439934,1.2504082927813118,0.9363885891485537,0.05925746859038407,-0.22464416504442672,1.2645054529132016,-0.05322375449835978,-0.806782325167612,0.19895772417874596,0.7863482928555965,1.5770023629170438,-0.12602292366470344,-1.158912316982711,1.1038156401688126,-0.197904514675329,-0.5444852249093062,-2.4721890618685545,-0.10792027209152855,0.10779979042619889,-0.41844002848032996,-0.9223848274969104,0.6045962308902926
2005-06-01,133947,141714,4062,5,107964506.74681234,3.1,7.8,-2,-1.3,-10.5,97.1483,257062.42350061197,433631.5789473684,1555035.4495781458,244947.3684210526,723301.1015911872,174093,10714.0758873929,1274,2068,1353605.8751529986,2178,131007.34394124847,202184.82252141982,109.2,106.7,193.7,200.6,81.7,82.056,11375.5,68.86168910648715,95.2888742740775,18.482,114.88523080236772,1303000,3.0075000000000003,4.005,0.01622106610635718,-0.4219093294504727,-0.1611984187997218,-0.851514150179942,0.6622386502602892,1.2408750175868168,-0.25855571944779876,0.4136198453141676,0.10105177456507039,0.41826154951739686,-1.2612698791567718,-0.4717934322749363,-0.3685289821578026,-0.08782167163173155,0.5972890788227496,-0.7817045934134269,0.6240188294946677,0.42588031272943416,-0.5611554213945714,-1.8401034677964279,-0.11549982651585469,0.266048091570021,-0.0955636701291192,-0.39787704747181785,-0.26720042438870434,0.3378293665796219,-0.456872063539132,0.6360604411122498,0.30623627418180693,-0.30711927864999355,1.1666580113694658,0.35187214883120416,0.07765014982458512,0.26192047882157715,-0.09765997813106522,0.5755613011058782,0.5123688158858507,0.18669648104618036,0.7529298527848101,1.0870078146041042,0.2581362826707281,0.4747203871991176,0.05303252998081487,-0.439951334135664,-0.03045894485569997,0.3165180705074735,0.060165307736120416,0.2023681865331201,-0.4084056135604304,-0.6372135039161855,0.2740945174005021,0.14961172728734795,-0.9886241543513432,0.8052377510416775,-0.23416444694543387,-1.4576576737114522,-0.32704332663575647,1.1538183008536738,0.649897671336495,0.41268370642057917,1.291282963743064,-0.703908977236467,0.0034303265211590855,-0.42412173874787196,-0.40594873332970793,0.08175998541488555,-0.14767082661452097,0.7989454409893764,0.7410888429936304,-0.49561241836447145,-0.3744996444693747,-0.2708065372186222,0.8955340293574973,-1.1039911629230603,-0.1756755789230048,-0.405593418766546,0.21507040770062033,0.6182189882434892,-0.32328674309602184,-0.4292353856790173,-0.03852047423560402,-0.19378447281507422,-0.25868725611244653,0.2196077639765662,-0.37603781433369,-0.06759241688019614,0.2085899558159839,-1.1070817400703983,-1.425710075448315,-2.4683261461544954,-0.03448712972742268,3.1753990481135608,1.6407269874019261,0.4571617278040566,-0.19766436818279323,0.5733107857564983,-0.4725804388394674,-0.8756492699124858,0.08708911196832403,0.8608921278100441,-0.29566605448989103,0.02759700968868646,-1.4016942337517717,0.8821710665733672,-0.11105714858563809,-0.2827302486036817,-2.324589775121093,0.30499660860147393,0.03505928890564958,-0.3099032385404619,0.1813441559693056,0.8230606772713437
2005-07-01,134300,142026,4256,5,108030919.43374114,2.6,23.8,-2,8.1,-2,96.8397,237031.66516344485,433414.18228798476,1540777.6656549212,239839.8459400824,724967.7010457548,174207,10791.263437583793,1389,2054,1363992.150744704,2203,130514.5893766911,201572.2887160861,110.5,106.8,194.9,200.9,82.046,82.176,11387.1,71.54523072422788,96.34732131385549,21.135,114.88397889292125,1622000,3.246,4.138,-0.05328756142550512,-0.07460152786463983,0.39329620314749664,-0.2325549845746952,0.5634306469511908,1.271335590405524,-0.8956768885994622,0.05926662205345109,-0.16063401260722995,0.6463118386532746,-0.7399758141787063,-0.00524984353677253,-0.4450959139325643,0.14591703988540267,0.6474382664187003,0.30631900587728605,1.2073672654799317,0.449034119763827,1.0929042648907017,-1.6015327833078594,0.5772266278842094,0.8485102209300693,0.4195983850170754,-0.18416512243196176,-0.08156233794131264,1.2496412750674393,-0.1321324581973507,0.5983860166508543,0.1479376196087002,0.4631343157118079,0.8916467002338824,0.7078120684031171,-0.6133116868323975,0.374414853298452,0.25745024008351736,0.9603300991925234,0.49998328023987454,0.5875658690390219,0.77053095718061,0.6156483685201507,0.005167365645525324,0.4132886219807092,0.39153673086033697,-0.4432858369560616,-0.23381371107020282,-0.25658220482304894,0.4808800491386255,0.830345039006671,0.30303788568262535,-0.1257355636937904,0.5739189434460765,0.4415714215429163,-0.09123871860369373,0.4098206553186579,-0.17076117614267883,-1.7696184761207006,2.383801086032695,0.8364030065835081,1.033074290405719,0.6084799655711501,1.4352025762966614,0.1564122047139112,0.091412543105583,-0.29437243060176876,-0.28515755055957515,0.18160805101125435,-0.5236558017187114,0.8834443340745619,1.3489155227655105,-0.19891884717707103,0.4274957991649256,-0.39440716448977786,0.8142851013589201,-1.1967610832959072,0.28827118745624447,-0.2703372960143514,0.6217744529660245,1.0814542831295721,-0.04501459434531195,0.2619370697147743,0.14039680976181126,-0.3588813203896712,-0.006570492206720136,-0.13276322224009332,0.3965244170076689,-0.3627270818959217,0.16308984385502667,1.465042088008719,-0.8846802659477171,-0.4724103819437709,0.4039994132735084,1.2624594212480953,1.3433505924021198,0.7824534255234941,-0.081520638358967,0.2239419530528134,-4.312841821170643e-4,-0.7258667397770865,0.08392447049864266,1.7553927948876642,-0.6952033021375462,0.10955292933538034,-1.2498068192107663,1.129799271167923,-0.36812892231433303,1.0179037799996968,-2.4010256230403058,0.8435243493155614,0.10439185600610336,-0.3215667960174951,-0.7001801968576042,0.7246874170722256
2005-08-01,134503,142434,4142,4.9,108111535.12128095,2.6,23.7,7,11.2,-1,97.1584,248660.4270609515,433831.0450732608,1537981.5678393173,244517.2803088241,734084.7566675164,171140,10743.411389101328,1255,2095,1370726.0521747575,2219,131681.17314298896,202993.5540260024,112.1,106.6,196.1,201.1,82.377,82.243,11405.3,78.8691018123991,89.87888159754343,17.418,115.85279997263602,1263000,3.475,4.285,-0.4475823879492878,0.3805312518136666,0.9546660790334685,0.19973176913656998,0.1609500763261656,1.609456172608366,-0.33908225044858453,0.3641689434728763,-0.3866686593139282,0.5942145208636308,-1.094888443715522,0.3854051166822242,-0.9621753655524903,0.2583243311626623,0.44190962572770276,0.7753956884285145,1.2350923649076075,0.4191916428386005,0.8655629324295514,-0.5283743950695894,0.6365386289883179,1.1730598559459908,0.4284230304857957,-0.19753203672843628,0.048671709535376556,1.7759252243635735,1.0483105461642226,1.0588729153474488,1.1083373428241914,0.09034328258510024,0.9744787616476581,0.9637334251460042,-0.4869693749920586,-0.0683858802761152,0.45850457509962816,1.033361834822018,0.20814394648087362,0.9050756042301115,0.8704379267985022,0.7978679653310881,0.3794448546601182,0.2648086215150825,0.3662603749762531,-0.1444484845952298,0.10878471266067519,-0.44572842460045736,0.5630293237949667,0.42600752358045,0.6348607198757046,0.40787650547578785,0.735563235118317,0.429865052446679,0.5225239848679901,1.0894104722024462,-0.12573601631061482,-1.533574946764067,0.029948752340726827,0.6115113329707492,1.2205362109095184,0.5383144017997645,1.3754059127986635,0.9232081250682584,0.48478922244914036,0.04168220620445459,-0.2548388753172845,-0.022531633746197627,-0.5623314406253632,0.15370466809464423,1.12182196073353,0.09857847333908981,1.2393848580202562,-0.3454881078890173,1.7698227275362433,-1.4407185708429247,-0.426601937189224,-0.10138198321866841,1.1448262168818901,0.2357269738328819,0.2429745162950946,0.011480704787081839,-0.5557481146143364,-0.5188552820456984,0.34317095063009634,-0.5876619096246146,-0.048823717484620596,-0.03944707013574249,0.23503618205160332,-0.5230610912851129,-0.9716575993054031,3.5143391430638857,1.074619689916203,0.5632526477147685,0.8160098966863605,1.0482119941439836,0.09882969508018732,0.49314568724892854,0.3595249520046999,-0.09021029747797221,-0.2717590860905411,0.3023602774055637,-1.010227518633504,0.17137459888878717,-0.5071867578205952,1.5645744657004097,-0.7036108062658725,0.8071689753475219,-1.167507909486094,1.0439806396255942,-0.18154309431008464,-0.5022080978310635,-0.5804836689954259,0.4917430358214857
2005-09-01,134554,142401,4352,5,108130487.24972597,2.6,16.9,3.4,7.1,-1.7,95.2764,245271.2451305728,431366.3252055981,1530141.3343840998,245838.7438080123,734552.4936276631,169316,10701.197518395615,1244,2151,1380798.8265281585,2263,128836.62771124898,206847.2562881739,114.4,107.5,198.8,201.3,83.172,82.425,11365.2,78.83662771124898,77.40175393796896,16.927,114.31326753184706,1531000,3.614,4.188,-0.2667333442682457,-0.616875642175518,0.17628342964242633,0.027882346565556243,-0.9830115659195133,-0.013331758397285787,0.009024420051553184,-0.04906851816667111,-0.7387316259385865,0.16188746800318599,-0.534352987194418,0.5086646622468882,-1.3867257824761083,-0.24024620666217064,0.48959208288238426,-0.4570633322080466,0.04431727538089026,-0.10064211399802994,0.6848194296742955,1.3703457152522849,-1.0839877249192493,0.23502467223896145,0.14157893969718607,-0.20412017879527727,0.037064488189152624,1.059585123785265,1.6093671387718966,1.7508404976678915,1.5735319365616374,0.8876231176878753,1.1077261565232521,0.870016676713736,-0.9194990053653688,0.011590959237465635,-0.3892853023992565,0.27020495038876324,-0.40719667270840065,0.12485826900501265,0.2119844571741401,0.4626905083631544,0.42971217634449493,-0.12984246491701998,-0.8175503705580647,-0.29008907565751724,-0.21821925724161537,-0.7405170256633666,0.05693175280420158,-0.11830060984986882,0.28683666245915534,-0.5083500543213915,0.4057438388740082,-0.32163761962285314,0.5976044419590918,0.390340197135832,-0.03705592062777199,-1.3301470630538768,0.2203967093561434,0.012248524893094864,1.2233265755752756,0.46220960502139913,0.4655017172814874,1.2413228182969422,-0.31261415431031786,0.04332667123601794,-0.8387321851795844,-0.09790342366922228,-0.21168879469273694,-0.20153927252977352,0.6601496339243931,0.16534510046749445,2.955005703371155,-0.5601169179170238,2.0704703928819335,-1.2691965422410674,-0.4631016859329061,-0.5888125880708963,0.013207178982940687,-0.07078213052388797,0.06605638907438667,-0.38507357052036606,-0.5232753403974917,-0.1044142125564057,0.95013707644423,-0.9068929490927314,-1.1030389366581659,-0.4509869874086154,-0.07636451741072851,1.2137104610900298,-0.8983072351398584,4.437234454847658,0.33277527573276455,-0.7017900020095116,-0.46369480398430274,0.5517216511031355,1.935630640962524,0.6751915323963252,0.13225465903720335,-0.5752772384688811,-0.26657241313818264,0.05935415608748594,-0.5674246050733682,-0.014461913300634892,-0.9742401098174366,0.6613756155027222,-0.5128414156526183,0.3570161509156487,-1.5991943816355925,0.7027674467956424,-0.44183375583684853,-0.703041997700471,-0.10590853707171435,-0.11701237198578143
2005-10-01,134643,142548,4184,5,108104182.88452013,2.3,12,-2.1,4.8,-0.5,96.4411,251966.86873537,434326.8711361863,1534893.6900699015,249009.06308144768,743576.0158453874,169138,10729.848148370445,1336,2065,1393470.9801332452,2170,131820.41894244042,212565.87239661484,114.5,108.3,199.1,202,83.305,82.662,11428.7,74.86945561490906,75.61168301598315,15.336,113.7195637077303,1761000,3.7625,4.4575,-0.06137175987376214,-0.34506967027756297,-0.0180776804340709,-1.0350041971225734,0.27038662050816126,0.7901185718240257,0.19955762910760183,-0.1520987737847856,-0.5757285067436474,0.002536291714532139,-0.48829732614027443,0.36143909096043614,-1.1147479454966194,0.2658415513308585,0.22973522361226564,-0.17509816043237375,0.4353440406704832,0.0660653412970594,0.6114172111781291,0.025854749707697494,-0.452253236376495,0.26750471744024557,0.1849682761097116,-0.5310062586849894,0.22985577922047526,-0.5874656792389905,0.3941448844380868,1.7118047007941941,1.4447296225996984,1.006072525951997,0.8197368308668894,0.920009462339476,-0.6193301227260494,-0.24849822559451312,0.5934534183543195,0.5172464913832692,0.4743605716683493,1.1496858244221977,-0.010036951877467748,0.9671213682234441,0.45065109426405686,-0.22685579938275663,0.05517336462486254,-0.2528706616308808,0.5746388322931804,-0.44240102623112193,0.9079337064507704,0.3373450868015161,0.267861079149265,0.4966021224311909,0.4408110959260636,-0.28872103760120355,0.5268537466314186,0.6784666067527719,0.1731928498216861,-1.079357817635029,0.030557122884960864,-0.027226508980670975,0.33611052124469853,0.9687991306899957,0.6083082451563381,0.1454432936404376,-0.07196387035206313,0.519183754436335,-0.511459952187183,0.32060891439327105,0.08927213417489117,-0.0043647129249161564,1.2905551347509816,0.4566767390468089,2.01868541528635,-0.7839960973710257,0.8357779835338031,-0.87150383874896,-0.5810456196460323,0.26017104764300963,0.7447912817132563,1.5301113911633502,0.7099390346845575,-0.11158754545923379,0.6131386733229133,-0.5561431442540826,0.30692616276126544,-0.6000750639725836,-0.3938056753635467,-0.03248378366427013,-0.02572653443546308,-0.008715883120563638,-0.17610980411353955,1.8170383976421296,0.12895492329216326,-1.0090909650738789,-1.3379333575545644,0.22140046934210417,0.46160944008442656,0.6694199045321128,0.22679363559815555,0.6580390795411261,0.3225144816566301,0.6828027297894124,0.5737164613617037,0.2698373901340062,-0.5011475193673031,0.5359054610219407,2.452935101232255,0.4565087701316869,-1.273806093806516,0.9917193967720358,0.09984576673469303,-0.07332912930092247,-0.23001738223845336,0.02359625049177493
2005-11-01,134999,142499,4248,5,108180766.11044206,2.3,18,-5.8,10.3,6.9,97.5016,265524.2929833636,437213.55451035115,1552409.165156915,250214.72134342184,768019.1504974078,171489,10761.569089749913,1214,2147,1409931.3132285187,2218,134079.94610915304,210897.2585437442,112.3,107.6,198.1,202.5,83.131,82.873,11500.1,70.13027631088282,83.04313152045431,16.524,114.25715126350292,1269000,3.99,4.545,-0.11325891530542753,-0.38343964679716774,0.6469717198512541,-0.5231436119261573,0.9254654122144236,-0.20836956606222556,1.2436053146654753,-0.26417813655598466,-0.5488934680794284,0.02175434660864839,-0.5106133359496333,0.2914633378017505,-1.2940868286371572,0.11988416895090641,0.024667212244734785,0.010371145406368076,0.7745144791925116,0.4076689393571358,0.24249560436449194,-0.8496462356895305,-0.434259217195563,-0.10071961992695957,0.5227574592812315,-0.03425822432832341,0.37312431851500577,-0.8896910021412113,0.07789053679458988,1.2323996889490685,1.1582540288083276,1.2390703931490346,0.7274476011196044,0.09960491263812152,-0.9493436486247548,-0.8766209850400623,0.7703583817324469,0.8973080357733028,-0.028321375700462628,1.078771961976423,-0.04550872847803677,1.124716255087004,0.1755242047749422,-0.03891277695079013,-0.12653555221306315,-0.11292592011291722,0.05641617412215588,0.0058093396480054784,1.6925081566355227,0.003559484759135728,-0.03732853401016478,0.48284858665396624,0.5562990205570951,-0.36651141062721865,0.1243478363818771,1.1973548275238466,-0.013342393670324349,-0.8501808400171476,0.15193128873814343,-0.5450794295508605,-0.12719935581093672,0.7254522009943654,0.9844270332368192,-0.25134699121827164,-0.2865798755881719,1.133679233215412,-0.9685307858090845,0.10017804442482238,-0.38333605513656904,-0.053068380445897595,0.8216016980682129,0.5912027505557043,0.8252025199674166,-1.2982033427183624,-0.3908648590170056,-0.3611810806353237,-0.16776300677852096,0.9221376626997178,0.9871909665897154,1.1049426200748738,0.6077393842206565,0.04720993567017104,1.2548915166342485,-0.8416939594380984,-0.3194459049994227,-0.6053163820721754,-0.41033307975516986,7.294841256910434e-4,-0.15765255542603024,0.027994106866781963,-0.6925590765165066,0.04527764252567834,-0.15080179859440984,-0.978542242908369,-0.44149694786869387,-0.03417863575357695,0.21121248500098186,0.4090157334948151,0.7964935903160225,1.3347469634563853,-0.1885144143224041,1.5094372519957404,0.6871326304669995,0.28238363928544186,0.3286169368331485,0.859031353616163,-0.3436519988295776,0.7822485693599488,-1.2205357570725455,1.0800096938285515,0.24564533465518465,0.09320080244842321,-0.11517989700663747,0.45401766761018225
2005-12-01,135158,142752,4282,4.9,108207358.76295967,2.3,22.9,4.4,12.9,0.4,97.9723,266445.7302330057,442452.2741215672,1567802.3585805476,257601.85730954757,785596.2276407116,171577,10803.551021881129,1239,1994,1425072.4759716592,2120,136918.83894094863,214589.0221457699,112.3,107.7,198.1,202.8,83.131,82.959,11535.2,71.48957669220867,91.95907354943982,17.174,114.80501585680847,1582000,4.140000000000001,4.462,-0.17717772991820166,-0.13463223271452715,0.3484136782632476,0.7996672532829461,0.7401955141835418,-0.3067280980113705,1.3479928306036928,-0.11041912700423455,-0.23444358742720267,0.17154994907866697,-0.42450896650798525,1.9432658441254373,-0.938713314632308,0.05141876133524088,-0.032635482158090014,1.1482288720739833,0.2414207130321136,0.4433640914776477,-0.15202491247316158,-0.7879883783558946,0.2592202543275511,0.6729531333332788,1.2301335436754675,0.26204254292758694,1.1564803036218503,-0.5350755603761603,-0.03239040320240285,0.4591086840509348,0.8763357655783282,0.8135436849780917,0.5034431527664054,-0.08056540313570276,-0.4916037425765935,0.36742467669593015,1.0268786604337818,2.084085534278597,0.042580261550799775,0.8730867429195488,0.05780814147316669,1.1133416752869616,0.033495665767850014,0.17799390089085554,-0.257566431420986,1.1954878195011347,0.030104358897340245,-0.11066629549594395,2.2541138973887995,-0.17404982868557642,0.5738445020329926,0.2277082153634811,0.5340760150515593,0.11587801116024912,1.1120062127933203,2.0397826521088485,-0.29403042958124503,-0.01061434714923968,0.048700414186883104,-0.7659531668526258,0.5517060850960825,0.6175762872996584,1.9978658580700077,-0.6454006992540253,-0.18997865854871318,0.6619192978874839,-0.3244974631614773,-0.31955204637399326,-0.17612215245932214,-0.08520682163615828,1.1298145311195393,0.6696650180737762,1.12809631823182,-0.5039477942765085,0.1911481225852459,0.0897374630618179,0.13008063832978686,0.13103906588659098,0.9535177340547054,0.700277362308814,0.18549327021755194,0.256812110886136,1.7935050812903213,-0.6172629537024574,0.19304136859901846,-0.9100680251238535,-0.28279096176845364,0.15439875683644336,-0.13807145822171282,1.103439112551548,-0.5452312844993132,-0.30739563320473573,0.7068534584756343,-0.5193603406014425,0.3932377568173107,0.1528074207608123,0.6436928845157875,1.3054063601466974,1.43266134187189,2.151393541569985,0.3607171147479232,1.1034239479545105,-0.3739688331125479,0.2890738168173981,0.8435116271127681,1.7350402030180387,-0.5566641752014697,0.41456981092900363,0.05085084721847925,0.9789638161321718,1.547163667231524,1.515154367063916,0.06798156643891834,0.7643914639792804
2006-01-01,135426,143150,4397,4.7,108341173.54784642,4.8,17.6,1.4,5.4,8,98.127,250843.96772571644,442357.60289223545,1566131.4820326793,251679.55563004283,786642.5647041922,175446,10859.769674623505,1174,2273,1431323.7723561663,2212,138663.2987765461,218829.45866353816,113.7,108.5,199.3,203.2,83.534,83.145,11651.8,78.42315703785286,89.52302282480214,18.081,115.10557416959873,1183000,4.255,4.4,-0.1450900351793767,0.420254509121555,-0.5778662251373005,1.7128927261533593,1.3372133843219902,1.333797546141623,0.6772258941155154,-0.05824363814429391,0.09343994675788536,0.8000054786412398,-0.22756486874990883,3.5852642032062993,-0.39559753432743827,-0.16209249242037388,0.23104596734602742,1.9883338481727801,0.5864658259639413,0.627978966611548,0.32095036998213744,0.058047115056165846,1.281949452266998,0.9193546807305888,1.2471372261292109,-0.7483311680216969,0.1608527856936588,0.22117206811519607,0.2187271583464823,0.4928369311251908,0.6665545869151062,0.7416180698096498,1.391762559187843,0.3714966504404118,0.2752982669763915,-0.5281136192192409,2.293968698072026,0.936475488882551,0.09135792867284076,1.1522336187933067,0.7885285420951257,0.5167098276926703,-0.2149482037338882,-0.024941441530471606,0.5467428830653194,0.6317527527712554,0.9594834348026702,0.3582978281823052,2.632367734253108,0.18213722505733002,0.5546824625628646,1.3486328247471822,0.6776763871886854,-0.6114735948030691,1.83368877002862,1.3552039256244284,0.326026881714661,-1.331754699872466,0.6493557719893315,-0.48295931201240283,-0.6328747576646094,0.43014120997913635,0.8851402974730176,-0.199782025268004,1.023892529310829,0.8915894178901906,0.22820546594954683,-0.347568065745684,-0.2691496216568368,-0.11447696568677121,0.49387643616210863,1.0118000719453197,1.0568398130368517,0.6921690171372266,0.6265145102439078,0.24122224163769962,-0.9548322296653218,0.16615626334077904,0.9432070349561041,1.5645479937500575,0.7150490817466111,0.7001072515355785,0.12255313792398455,-1.227326770302704,-0.08042636648580098,-0.16549330879416854,-0.24804038691422187,-0.11858393532598249,-0.1016558853311954,1.8582878201883815,0.2260992692719091,-0.2830734088303525,0.5121250573022941,0.9952245128929136,0.010102088591061611,0.3105117746660025,0.830084912299142,0.47984126150009043,0.6551712937578988,1.4122329859352543,0.04970264169822486,0.7166119978400941,0.2222427773037586,0.47441445368241963,0.16931442147485073,0.670906413502635,-0.13092638110786584,0.8464496843846958,-0.62699709665874,0.9203254456251253,-0.6076315703178019,-0.3183343919716753,0.23549644868443062,0.6670879152775617
2006-02-01,135731,143457,4325,4.8,108370349.79595637,4.8,20.9,2.8,15.3,7.2,98.1687,262894.8124042879,446274.40658499236,1569812.1239600424,255095.47281776418,802148.7366003062,174033,10882.465543644716,1061,2119,1442427.976646248,2141,139824.60758039815,214369.97511485452,112.8,108.6,199.4,203.6,83.584,83.279,11702.8,73.73420750382849,85.98162789726591,17.071,114.71835306962848,1163000,4.4825,4.5649999999999995,-0.3204779582142535,0.06640639417097793,-0.9111732231730788,1.0318057272259655,0.73310496834028,1.2020209620111424,0.08730874108876602,-0.15003411846731227,-0.10000615002415006,0.1968297064536581,-0.12736457983976787,1.3360330420223774,-0.7401318336604046,0.156897241741762,-0.17489188221791357,2.0418554490764556,0.17498835833610582,0.13824170259168073,0.20466987093369815,-0.47682052337427894,-0.017267769187247844,-0.1982294033541222,1.064409305728179,-0.552167365388692,0.12329348378776493,-0.4564630230977098,0.17838632542596147,0.6337975787065884,0.100178007707245,0.9221084912741457,0.5497398329479471,0.5015032300954936,-0.09862970268113369,-1.162895241157777,1.5863136568622007,0.9306905376566846,-0.068478261030791,0.6382163674727974,0.8314036978234756,-0.018653395149246098,-0.09272113089799008,-0.0226583666858666,0.022074111496949655,-0.17912337957839036,0.7045818463109259,0.3867780596399712,1.6083609157957384,0.1414871020610471,0.4149387996744183,0.37004877712072864,0.5524390941296935,-0.7863295042036136,1.4640580658042524,0.8582607266026391,0.2715239954326213,-1.4834906519538453,0.6921520409185418,-0.7782454802885006,-1.261891621919101,0.0654984599517594,0.8289080738581892,-0.3934988595366902,0.5520557406631231,1.1464986162358215,0.16422816247775904,-0.5181872087311401,-0.9382353699686281,-0.29861582415330085,0.528939056302276,0.9647447165957482,1.386559273568848,0.26066058082949484,2.557705650952291,0.46913453966830426,-0.9969592347625849,-0.17758079255332532,0.8232397519264392,1.059209234941735,0.2880036100323505,0.6190406222333504,-0.6644827895578138,-1.3654513593080513,-0.29331508035824294,-0.47614873162222215,-0.23412218407712104,-0.40196932289552684,-0.19677755198064759,1.1448476000828725,0.21056390389984198,-0.6042742652931097,0.23216470849643717,0.7045386652415012,-0.47212712242014393,0.1296533311897621,0.5865370467705979,-0.006973087206827228,0.6747259857747101,1.398994200208184,0.21512796012615257,0.1329631375621564,1.146517001464025,0.424422198463559,1.0839874749291472,0.4963854479081241,-0.2141103225011129,0.7293710490447587,-0.25479067231980057,1.7659335016747528,-0.1812576428198742,0.42884333406266945,0.48409179033417626,0.496888826756522
2006-03-01,136036,143741,4732,4.7,108462274.84550646,4.8,33.2,9.4,14.7,5.5,98.3913,271282.2104936355,447450.62450743915,1584310.6049009447,256217.61039333223,823509.1825281208,174440,10905.47608243976,1116,1969,1439076.4932056458,2118,141881.40329090346,216388.84245217682,112.7,108.8,199.7,204.3,83.746,83.509,11747.5,75.10806486279942,88.34104818712099,16.96,114.5798956503298,1207000,4.577999999999999,4.71,-0.33099685459388317,0.05952603214141024,-1.4099727185400903,0.5162522400598151,0.48734704584144917,0.7749165183532728,-0.15403807123858693,-0.15834820334566058,-0.662587659016673,-0.2851068803830781,-0.26218701163840874,0.8859209478864992,-0.8982157606195409,0.26954144434532895,-0.566630027013165,1.8516327850682854,0.4321991427383572,-0.08572849192482665,-0.5565968128613035,-0.9194633394941794,-0.5653161181305729,0.3648376398141081,0.8034907059275418,-0.8357030933988021,-0.309551300037007,-0.6590241609717714,-0.09247685544471258,0.21978811442602308,-0.09158194587610306,1.032593537081216,0.3518860979836193,0.30567259012421155,-0.026114645170494957,-1.753705893564962,0.9929316134185318,0.8418001605800207,0.3767232793830776,0.17661192552483465,0.8405719781279299,0.4120652451583936,-0.23739307480256688,-0.5348947609077838,-0.3611416321826515,-0.2066180292288052,0.5682254603513204,0.711473292537459,0.7116071265443302,0.16109329168604955,0.109242292495895,0.08298154711840022,0.44786843473702315,-0.334647893905478,0.7981860981853437,0.7278866267521709,-0.22866844371070832,-1.5846371721058763,0.10515438453884456,-0.6674096187407114,-1.3644359338096814,0.11970230526016926,0.4877248015614315,-0.245853026680858,-0.2953473052747666,0.7236460623616225,0.006942464029672759,-0.6674760648759533,-1.5461511926047045,-0.14536391818692349,0.6331002411501517,0.5841612248196388,0.4875483466833379,0.5019601976571553,2.2475707569751777,0.6958176638621596,-0.8830668499276115,-0.2846616145555132,0.8309119484871637,-0.2585721791837455,-0.3528491377161161,0.39565479711401585,-0.9453204590281701,-1.2434185922138012,-0.15269163157819485,-0.4956245047252055,-0.59443457715019965,-0.5831451964390126,-0.5016554617189347,-0.2953036989383678,0.3877141848778588,-1.5414083119471016,0.3294736628455964,0.7253625415673924,-0.5691144062029775,-0.12071533838076365,-0.0845221552945612,-0.21331960983938214,0.14146322506838066,1.9716487737170234,0.19092195474642926,-0.5202943139593861,0.7992833117178237,0.11653840036078669,0.7341652632067411,0.4244298371863018,-0.29033882423193735,0.3584115546270381,-0.07717210005038388,2.1431582012160564,-0.10498065494399987,-0.1465984588382515,-0.29689157059115234,0.1343966346610979
2006-04-01,136208,143761,4790,4.7,108413972.02439332,1.1,18.5,1.6,14.2,-4,98.6826,255095.9767041065,450748.2022939324,1589799.3336145421,248201.10536637544,832328.995067451,174426,10924.823200808223,1123,1821,1418311.0477209245,1998,142165.5672431212,216573.3642360492,115.1,109.6,200.7,204.8,84.135,83.764,11744.4,82.83116420039221,86.93896485378765,17.127,114.57825407360247,1518000,4.785,4.99,0.030190216845188987,0.23274334007943712,-1.16200497153323,1.6798203628378736,0.3147937417947801,0.9434869568281603,-0.07607633612889095,-0.07318487572387708,-0.2566403937102657,0.146330461182852,0.15733620569427936,0.6256974002520991,-0.8640755838872485,0.2886984248385178,-0.25094432462528593,1.1655353764868335,0.5623991340044003,0.21525322967422778,-0.11532219624457248,-0.5172689994579645,0.2975876273545161,0.25291700525014776,-0.13631305070633498,-0.7113781336863201,-0.4681706048258694,0.6503418504406827,0.5241743393537781,1.2238713300101547,0.13185121830011376,1.2455391417428248,0.6772157993537377,1.046754710079712,-0.1512194836065873,-0.8353210966507157,0.5480763104701256,1.0225151655767126,0.7927739148139843,0.24619888895412367,0.19392496954316932,0.284182809711362,0.18432057869423743,0.5315225067955062,-0.3447350877370379,-0.47322691492922775,0.2864676426767154,0.5444570149776254,1.037271328771569,0.9705569453376749,0.0782294422828555,0.09241031064514947,0.428409944510132,-0.6699086957063065,0.7359360044303069,1.0460196525130758,-0.6282366663935027,-1.6315775528153695,-0.29079561204143367,-0.14920218386324663,-0.16870020681403192,0.9397484851078362,-0.03467100292536321,-0.1313791141677641,0.3166874124820356,0.27713472223310065,0.06081220903353073,-0.08982627882484646,-0.08900538238964625,0.0655243419100782,0.41573939897207046,0.6146150398180263,1.443127732829845,0.2628689429886158,0.7652220071087913,0.4667191579756398,0.043062907666074984,-0.3988915207408499,0.07299714953551421,-1.014462687544245,-0.23159557263134653,0.0475356661913084,-0.10040001666005083,-1.211287461690024,0.2651091355976075,-0.6219166775818985,-0.5449924367373511,-0.3945157399366177,-0.33610345195107255,-0.001048830793768807,0.18121997536073925,-1.0661611225823908,0.8660341643327996,0.8660190975582045,-0.10540744332358068,0.25693985147867643,-0.4216075276296916,-0.33227053820757935,0.0277222834672603,1.0531509508066836,-0.37766175583831446,-0.10667187594843743,0.32128910844555125,0.14629235470630195,1.1092739061938408,0.603700115153372,-0.4964423926795559,1.106163092988542,0.518477291987406,0.45798616783159934,-0.2548897694575398,0.019757215385430488,0.8622838438303551,0.172946735205551
2006-05-01,136249,144089,4463,4.6,108483651.30371578,1.1,18.7,7.3,13.7,9.1,98.7074,255827.92996763907,453028.05798888113,1605717.891725653,255119.07160891878,838247.5314422542,173318,10943.208354571423,1086,1942,1399439.3143751258,1905,143614.94055309918,220449.02265264755,117.2,110.4,201.3,205.4,84.361,83.974,11736.8,84.09098991240027,78.78461702770068,16.729,114.22260347401105,1331000,4.925,5.109999999999999,-0.15725216005219733,0.2141017130618661,-0.9262607593888266,1.9499531339007175,0.409812105918009,1.7467454419085684,0.13857140940960105,-0.0072033885459643066,-0.16662938686986084,0.6656004301854686,0.20138313917357703,-0.1142581785360541,-0.5441452649393616,0.11301110948032515,-0.22599654027498894,2.274219195630592,0.8048278744258713,-0.7110979235941967,-0.26016014307130236,-0.8590237428159386,0.4550497629869208,-0.1329689519114788,0.160791169188114,-0.5016795853800896,0.0835524129555271,0.7727539020729779,0.4229185421666413,1.1108665720457043,-0.09834673361408866,1.3616052222194976,0.2286775069711957,1.418195337698839,-0.46559052210660623,-0.44555149763567015,0.26885169806546305,1.1008642705260587,0.4744328610199013,0.49289625950071764,0.3018443918020689,-0.135004078709123,-0.017265239011651543,-0.30566046580629,-0.02348549801716607,-0.5489525996946789,0.2697181768674839,0.6203070031695015,2.0881150915221984,0.8994267603393326,0.042898100253496385,-0.03283044420141911,0.5525801617332048,-0.5017176151432514,0.5096133096411704,0.6060685289751168,0.06573894362051913,-1.4506357598281303,-0.4467793176889499,-0.023918491696590174,-0.13410583037771906,0.8974186771579794,-0.10155552825505056,0.06353057767246287,0.22110984793318217,0.43544405233476746,-0.19662045932842787,-0.1042749659449026,0.43284024345675226,0.3841573153156266,0.4537508948631354,1.3328822942723715,0.9728415900218441,0.10906711429696683,0.38619616717039895,1.0401380976297823,0.3693671742863471,-0.3665118912758404,0.17263311946825255,-0.9037140079719319,0.2844555345505518,-0.09007594818429254,-0.15664518602618557,-1.1221681032074302,0.519701714454251,-0.5873517385780305,-0.44395281263251923,-0.3786246696195097,-0.4264565060311842,0.36720751015308817,-0.16351902494587417,-0.22100459018106938,0.7466521172559044,0.9377453415022368,0.6688171103718983,0.26946007275707906,0.2621109632641283,-0.2055583493624368,0.2647517587476733,1.0974638191029076,-0.7395227289156501,-0.13538514073466304,0.8709024708226711,0.6533321091538584,1.6077896173044377,0.3974745425179128,-0.44517048601714726,1.5203711322548132,0.7566428115888719,0.21706538755768828,-0.12611366283402917,-0.037209915793137024,1.7870615785382336,-0.17797405491560325
2006-06-01,136335,144353,4614,4.6,108513021.96290931,1.1,26.5,5.8,11.7,0.9,99.0398,261585.21444027952,455416.28729203367,1620630.4465056285,255267.2965270962,850107.0132081495,173833,10949.165769962989,1074,1802,1386001.9628942048,1867,145119.36998190827,220559.54309498752,117.3,111.2,201.8,205.9,84.569,84.186,11751.9,83.90781492036088,84.1888742740775,16.9,114.69437416162215,1222000,4.994,5.108,0.40343380126488776,0.17497532752068018,-0.7147732094713567,0.6123767183084925,0.2621631594227025,1.730949853832706,0.7247851021989241,0.022626758407695412,0.007314889397588814,0.9681701443446054,0.06874795479478155,1.1950290436000175,-0.3925350003671335,0.4070411628357857,-0.29100484843633473,2.750959320379036,0.8633699270291482,-0.6522859524546365,0.04248258921764736,-1.8220868006098707,1.3509444890095383,0.661812594684609,0.48831383716475457,-1.103795840491826,0.3075936514885628,0.2289349925726779,0.14283428136591142,0.603438783425406,-0.05000398750633677,1.0781154156533588,0.9009125945212749,1.70323252538379,0.02460907942370709,-0.19753282332775604,0.9276012102920713,0.9842886687890124,0.02269626779567839,0.9665911318152183,0.6878083206406881,0.28070643558427943,-0.05772916733598947,0.42376599121644026,0.25884653916672745,-0.4089238580679922,0.7338388411116019,0.6572761495774344,1.1653205336189352,0.784336586910777,0.589243194624157,0.5396115325333166,0.7986591632285454,-0.19542225292819052,1.062654506462303,0.4291142343721511,0.036089700544498525,-1.4591639547484918,-0.5256783201993083,0.07566819364594632,-0.27850064182806034,1.307968317824193,0.5530507985152914,0.2722867359278657,0.0037392029146086497,0.8153120767290625,-0.3226538474593926,-0.44262560239889986,0.4794573047203,0.5043472676919711,1.0433939390873312,1.5267544536749145,-0.04163897294045242,0.1570569251079318,0.34922068873474443,0.18156205556129007,0.5753065117473353,-0.3840606715882025,1.439982018832989,-0.9431808711385737,0.447806341769063,0.4276058305958841,0.07635865169094434,-1.15435648911922,0.6783003373530463,-0.49417764264826225,-0.2906257565291613,-0.7586698264901661,0.19867736007999184,1.060237963112464,0.27705224243106596,-1.3613071144547384,1.3205350885207083,2.6591930775054413,0.29116988024704715,0.4050556958771928,0.7948443351016095,-0.5207484317317305,0.48742353344472306,1.2564679806757741,0.38156043442803783,-0.4671301105600652,-0.5319048188725196,0.594513969604795,3.0578620503780085,0.3898944277149205,-0.26301828534179533,1.3666220917707042,0.6733242717097689,0.7221820903757766,0.060967644133562655,0.13609722176039646,1.4373223363839718,0.42537631648742225
2006-07-01,136529,144202,4394,4.7,108480286.53011861,1.9,16.5,4.6,4,-2.3,98.9751,246875.95748191094,458034.5989771147,1620631.4591001868,244540.29083881306,856025.3600131985,173443,11011.100897970726,965,1737,1364545.475971623,1763,141919.44189115934,220767.63534375074,118.2,111.6,202.9,206.3,84.858,84.268,11746.9,87.68766645454758,84.54732131385549,17.662,114.6848477842907,1594000,5.2325,5.1,0.49730560149392056,0.7193770369927731,-0.7814290170475019,0.18841595488261415,1.1132034898943166,2.386827651230637,0.5265471648956195,-0.2810270492597025,-0.32573978531327924,1.5956385975959901,0.4128118687345439,1.6487274093499547,0.5923205720895286,0.4501562087210362,0.14019488268952807,2.6712452286381283,1.3910766274071151,-0.269990738130591,0.32603940629530515,-1.6007834426499998,1.4076724367316307,1.2839482304729144,0.912776862137103,-1.0908581521706695,0.38227322073502445,1.6432169591540449,0.4786243360743169,1.2888255932182364,0.5024239302229845,0.9502013495280154,2.064399887003122,1.7173561854907171,0.9413510716209427,0.7160395794521196,0.9658889125935854,0.511428094688826,-0.01600593403650795,2.091819705601742,1.0406495636509723,0.6444290839622446,0.7332292438965244,0.589676635942656,1.350255158278739,0.5604179174218126,1.0526196559733212,0.8498446387574968,1.2416281418625708,0.8027660986202609,0.8005308993215283,1.1989186458157315,1.1995038693064073,0.06674150599408468,1.5178948327755972,0.8585280475439968,0.1541907317685186,-1.443074277315353,-0.6435578781360214,0.509913781277492,0.5672374323988988,1.4265625125343597,1.2990651818853591,0.8781850015573639,0.7773307002726945,0.3925047674753988,0.4762520402448094,-0.3898472697548101,1.035877842112433,0.5558824622098689,2.4178854826844214,1.6041019866158586,0.7808046437460682,0.4163034689938882,-0.15368922744530797,0.4210040004144716,1.2890586203881016,-0.46319103086929775,0.3990438336447304,-0.4208080526722972,0.3107826339601943,1.148577405829082,0.30193172411408425,-0.9465865855732464,1.314544695630623,-0.05460016050444069,-0.31701855546395763,-1.3738393576090289,0.02441658049219936,2.3132649223761423,0.8291523537089827,0.11412252807736785,2.3716040551686866,2.1104053924734045,0.13426437760636334,0.9287148881770046,1.0867279938866148,-0.052059334723248765,0.38935380693545835,1.4494720199625999,1.0653637855206546,-0.49426087095660376,-1.340619908600534,0.8818995488621875,2.9713511784478412,0.6829338297861363,-0.16443973622281066,1.0329993052370445,1.1852537671611145,0.9395109445664362,-0.0680339714438506,0.1484202051436891,1.9592147865485658,0.7509978662738697
2006-08-01,136693,144625,4710,4.7,108554527.88842389,1.9,11.7,1.6,12.5,-0.2,99.4047,247251.68869309837,460763.5829662261,1624730.7796052794,252606.16740088107,854979.148311307,173349,10974.684287812042,1035,1650,1346146.255506608,1722,144234.94860499265,224442.87812041116,118.8,112.1,203.8,206.8,85.125,84.44,11737,85.81497797356828,82.77888159754343,16.458,114.65260070272666,1257000,5.25,4.9025,0.7736495452631189,0.6752325263373402,-1.0637836244924561,-0.10030171580160874,0.38495972093787095,2.054802062246942,0.4002290615806763,-0.4722831903209649,-0.36753461259059206,1.2632068388623767,0.9706446511169371,1.7652688348740695,0.7217778411062616,0.36577349478170595,0.3047825736918811,2.962228393963652,1.4257923830263202,-0.44086807921385784,-0.04103931601212493,-0.8493794826063923,1.4009967668565144,2.361882841953868,1.161482046560417,-0.7984550889900102,0.7990849692904931,1.3285700003861798,0.2519849716724598,1.4293490945445626,1.3709648544711737,1.060014621683,1.4299178866775955,1.3178180949561187,1.2177117871400032,0.07775312737801474,1.1019198891860627,1.105913511844715,-0.14037199030099495,1.7747310700354948,0.9657145011369295,0.38167291042679397,1.1681761577065648,0.5685249118009602,0.30349136073949873,0.3898525029627832,0.670806082780974,1.1250709330517046,1.4589751222439737,0.4211640904595483,0.572819543411395,1.342667210799653,1.1963673016555687,-0.2513694012154672,1.6140012768394771,1.319914809191818,0.633185951760878,-1.2663320460340382,-0.6089997783914325,0.7628687486460153,0.04121599550367869,1.7486329523911825,1.0508821572197138,2.26465094681274,0.7734615771681269,0.2672608138195149,0.8714660935375063,-0.17725505143713033,1.3327371805610853,0.47373445755650634,2.0727788235216247,1.4381196084719028,0.730878985638251,0.9867736835293182,-0.272857380507811,0.007837553380366735,0.6044293551090603,0.189152908886074,0.9361537274483022,-1.0053738976249342,0.6132694793795216,0.9797992192432403,0.7196723565591397,-0.8140288164193562,1.0564876937327021,0.15264016722167761,-0.25875234523379514,-0.9456141677204397,-0.16885132672329506,1.1165342380257948,0.5252852338424961,0.4035515235283541,2.112775465372012,1.0668481889941812,-0.1884195183902535,1.0531455013516646,0.860346696364819,-0.1069868498697163,0.4975142099440468,1.2108491696537396,0.443405217180698,1.8278264975941254,-1.0246968673803556,1.1095579093069179,1.6624787738241813,0.8018728592215532,0.17466028460648025,0.9228168562695586,1.0244076157882933,0.8898097218277361,-0.020794880772393,0.05377524533867436,1.0242178697139042,0.7552099652659743
2006-09-01,136829,144815,4737,4.5,108571639.14163698,1.9,14.9,0,-0.8,-1.3,99.2246,276437.53975171375,464324.75088926055,1634245.542665595,250274.43405337917,890563.2376151327,173195,11042.613837129866,1016,1720,1337722.3151398082,1655,146110.81011048032,222781.55991613862,116.2,111.7,202.8,207.2,84.902,84.573,11800.1,75.2279098254458,85.90175393796896,16.974,114.3299003685048,1581000,5.2540000000000004,4.7299999999999995,-0.06955533911318831,0.5371421849163737,-1.049869214366596,-0.5116735132102632,0.310026106473696,1.8455887483249012,0.5463740699850275,-0.6568408655941352,-0.48925886723355433,0.7532351462392349,1.381727694440717,0.9526165787540931,-0.07995474707434715,0.5302990505599956,-0.20483988000700423,2.0367328414515122,1.7146174895814719,-0.1387387442627687,-0.14382590458561906,-1.1152384388506162,1.702787303370949,2.190130597166291,1.0805947505501532,-0.40119345821430974,0.6664656638037109,0.7685415613659665,0.1736505691993062,0.9394245612543701,0.7626826886803836,0.7700747071693891,1.3456710972895054,0.8629085610242697,1.2584429712967027,-0.30394547883520345,1.1081661358275308,1.0186367132522438,0.12787208206256337,1.6190164014839195,0.5468578911750158,0.038480763945744165,0.6641357129845767,0.5052478199709876,0.26955883432386885,1.1851490242283624,0.44859529410457866,0.9041719773690472,1.3251517284805174,0.6412471176528431,0.3106045915416898,1.047341475247071,0.448573484224446,-6.58740708111949e-5,1.2695576507137825,1.4484569661023015,0.6212462269520654,-0.6890103932602246,-0.41688382510542743,0.04869915556310747,-0.801674970841457,0.9384784603435782,0.6547891617608993,1.2816862323944864,0.6283314796545849,0.6676216524992734,0.9340296047145417,-0.33201987192846655,-0.2839362802672727,0.19876295653800075,1.1137052551685052,0.8821849797858916,0.42303384386971377,0.16210539218158485,0.08160398938219483,0.32525334407675605,-0.263817910557785,0.3351101333577072,0.7016393755419906,0.011180025069282128,0.092017691607922,0.9449369216590648,0.8666394245143356,-1.1633346240681035,0.4938909777412371,-0.45303356966578856,-1.0839917123838685,-0.951270023677005,-0.19760009472267914,0.6024929831926826,0.47173028693453034,-1.062220920955192,1.7114528219078322,-0.07669369570094012,-0.932700648753251,0.8396101221501727,0.4478849746379793,-0.036795335251461704,0.5921158553308611,2.141759475557187,0.41349210512343865,0.18827962943241514,-0.8786487630517785,1.1246979221666311,1.8584230699047897,0.6217873748570517,1.4498516132719883,0.3704442229754398,0.9344437597452263,0.7081709097688643,0.7686029754816078,0.18793157263566723,0.11644369193912832,0.628202117623763
2006-10-01,136846,145314,4591,4.4,108614504.52004872,3.7,18.7,-5,2.3,-4.8,99.1229,256135.62843852566,468092.84314419964,1640521.1075449595,250976.36419447002,904725.9804963283,173866,11090.174966352624,941,1491,1325723.1234209347,1570,148205.47330641543,218496.61165025618,113.3,111.4,201.9,207.6,84.702,84.726,11853.7,69.51429718306534,95.01168301598314,16.865,114.70020133207971,1262000,5.2475000000000005,4.7375,0.11422229968516451,1.0159240523215147,-0.8541396264795007,-0.40434596942404843,-0.8318670092888347,1.7196959540451489,0.8097609242375569,-0.8641714735272414,-0.32279357407354536,0.608683858835747,1.3582304406840842,1.0267990051349396,-0.12943358921522466,0.6311185337496825,0.08772844222622433,0.803247507716033,1.2565107554214792,-0.5974847411519622,-0.48526445580891975,-0.8208272976394039,1.470685938763576,1.9790337325854068,1.7173374761058857,0.11029165276720738,0.7243580253927551,0.8069620622286432,0.21435927218343537,0.46841097507639307,0.7077130244865697,0.8035630923338507,0.7562512343782954,0.9645329046332632,1.2227516787943185,0.605012100561527,0.6977721249337487,1.4336355392046825,-0.022525011417135095,1.3952241589287957,0.9328677535920196,0.03903497352822992,1.019023132364311,0.9117840068752958,0.041907024878834916,0.7978765924811613,0.3508105812843013,1.3014710810644856,0.5840861676284421,0.3159533777617585,0.3475846983536474,1.2620854064088871,0.21754090777243076,0.12054549077785089,1.9368578622105956,1.4832694433797617,0.8414321779745474,-0.20598365810129693,0.1795470153140244,0.03307952431813331,-0.7544377191017732,0.5591656721899482,0.755779766082294,0.38832976722021595,0.2965207443635856,0.3945775240455918,0.6087124157433912,-0.5231921582741463,-1.0594026056174433,-0.36155781872238457,1.1126137874278548,0.8794866969818416,0.11436282114406454,0.05323893995320053,-0.505311811331278,0.38632965283529597,0.40240566767581504,0.44727045018720923,-0.2235310203291745,0.1355957789329826,0.02588552145876377,1.1656989145261785,0.7634899263770745,-1.106246140553676,0.32142330014831455,-0.3465674260763254,-0.7500515633256462,-1.1375452171978333,-0.358130675724486,0.9088761432579018,0.9416557018411816,-1.7381974080459504,1.460547237745142,-0.06363656621762333,-2.214550859293343,0.5168679525533793,0.542533898042793,0.717972925936124,0.8355188848991703,1.9066019280287376,1.012042638255175,0.08497167352076784,-0.35101871539352153,1.046825244133873,1.9153810427912128,0.7772066570253114,3.4349698929425774,0.42848625358093645,1.2984228049247954,0.6517014793648261,1.1855704183271918,0.36608911677717926,0.10164814462718272,1.0723310171469365
2006-11-01,137061,145534,4645,4.5,108703220.33646208,3.7,22.9,4.7,4.5,3.2,99.0963,265320.8388901347,472399.7120298356,1650233.401100654,253398.4020016287,923287.8167376757,174315,11094.168604170847,1003,1570,1323894.4424118684,1535,150344.0299300138,219904.1673059447,113.8,111.8,202,207.8,84.731,84.766,11901.9,70.06880598600276,93.54313152045431,16.657,114.51906024247218,1305000,5.2425,4.6175,0.3142509297192452,0.4469284248959001,-0.6322020145876405,-0.42160891770078923,-0.520142233040346,1.1189620982688901,0.9075169862622321,-0.9607932306665181,0.05827757424655207,0.5742194354613384,1.88580929711474,0.8446769926256013,-0.75600113353216,0.34799138256428097,-0.49935778799832675,0.45110804145030015,1.393865481007804,-0.9812322078593375,-0.334283214699056,-1.0376445263601564,1.3923263323871915,2.4913546751544504,0.6731669826018898,0.5547253593453414,1.0199441862576037,0.7528144029449022,0.05108286696462587,0.16211936014301986,0.6195888969375352,1.056277844234554,0.4678091966465274,0.29181648563871954,0.877460308057442,-0.16973551990003927,0.8068191467175542,0.6763382056705805,-0.46275115056355753,0.5795127757630818,1.207171609760584,-0.5880079919605528,0.9353964699149679,0.9667599611836615,-0.024183173756304903,1.5250644497999297,-0.3382692558805255,0.8413259062624951,0.7206425803593473,0.39545719778425215,0.3637596966366545,0.8130027058612207,0.4110589652171722,-0.6929133772742186,1.9405234377728944,1.5335777101836494,0.25386217094790947,0.25453312687973706,0.45044929477450035,-0.06261793213598185,-0.4258783672062928,-0.12317106235078878,0.21402170991003233,0.2556290717808115,0.1936153518519393,0.23712318853465383,0.47537421908085653,-0.7981123195163622,0.14327734643689,-0.44658985841865534,0.5132527861484535,0.7217515754624256,-0.34272270771011654,-0.28502861238248534,-0.634106639697431,0.03205884802238829,0.24329824665655356,0.5404010684118646,-0.4396874910206131,-0.3439905278818023,-0.005876589834326082,0.8172772124236549,0.9778497574554915,-0.9939998916142737,0.02962433493158743,-0.46299363054375464,-0.2051292215124518,-1.066521438589358,-0.7299413308411755,0.2910526306640671,0.6520687485517189,-1.8932394137772743,1.4125653058333716,-0.23290689829248729,-2.421379975002446,0.4682897665186001,0.6238165059169616,2.28880419230381,0.5651805364205783,1.4747847447500413,1.399909984724554,-0.764630653402188,-0.7640485853569203,0.8185882253337731,1.0441959245010923,0.6489594516295945,-0.4019007406082178,0.44242507476950294,0.5902775673034188,0.42132208681916117,0.41705631684380373,0.411986847526972,0.15504745100859854,0.741848045410651
2006-12-01,137249,145970,4620,4.4,108719508.18023047,3.7,20.1,1.1,-1.8,-6.4,100.1125,269596.15203688026,468968.15316586697,1642321.453936865,260934.7069338602,935251.4347539751,175464,11158.50503339919,998,1649,1335269.0751717002,1638,151466.50672687928,224241.46203782107,115.1,112.5,203.1,208.1,85.032,84.88,11958.6,72.949007432496,92.15907354943982,17.107,114.00043162368765,1620000,5.246,4.56,1.9675207158078576,0.10938089594984254,-0.08052261508288545,-0.05012247700597835,0.24065665355545623,1.1180122827638945,0.7837462155776508,-0.9705257286932373,0.7380171546325679,0.341113862863973,1.8048238068472333,1.1446215456056577,-0.2553306002669736,0.21530285518105513,0.0329552439744894,1.7271262676512116,1.349818618079837,-0.8510253729486207,0.25852428051856635,-0.8001221595050422,0.605979333332507,2.211401830396858,1.0366534175052573,0.755713771527422,1.2830603796906477,0.5166166056179415,0.2376312705529999,0.6140539145086484,0.11421060488340475,0.9095496228850001,0.6247929670505548,0.16544938707700255,1.1791618811053823,0.33248736015003977,0.6026054621121185,2.091167826847121,-0.41356629777729326,0.5030398357210538,0.8037374839614131,-0.6709625977542925,0.37513934328015464,1.288146262159197,0.530333270339724,2.0421783395711803,-0.25520606466404155,0.7604569368047072,0.9271311705175945,0.9965323576618086,0.7074334812568387,0.6157858252015173,0.507285908607571,-0.15962742086685544,3.4449314564909455,1.9504744426812024,0.06531854191952502,0.681678771843087,0.6897813482712492,-0.0106469593929371,-0.21452805344207568,0.713889993109752,1.4725341637796079,0.33482352462870874,0.6122807428741699,-0.016805152468188977,0.14548319351896452,-1.0451098441197462,-0.4388414809062062,0.7949744846266797,0.15628760384639287,0.8062199044556476,0.058858566961820735,-0.40942390143327273,-0.23381315522370877,0.9257554209614107,0.29763718723440546,0.7494004852932813,0.21212759836662162,-0.07451627806536613,0.23706020001531003,0.9319769090752348,2.9616537319785334,-1.0408369777557906,-0.034034092703481046,-0.7228998922111373,-0.27809804024324897,-1.1232984797618317,-0.8245009447460853,0.7029495725307013,0.38021447052872265,-1.275140534674955,2.479280988372457,0.032703624147965314,-1.0045353638735093,0.32763110449364,0.5751350825533809,2.321078393752274,1.1740699068620248,1.5416352891324003,1.3111557316951619,-0.10179598964466638,-0.3773115315225418,0.6222752540119878,0.6011268940304282,1.1572788644412593,-0.5300588924633391,0.7138211451370017,0.46402297802184145,0.7023114681945658,-0.37955662665776657,1.230965153526098,0.5668092276213587,1.2811939367690839
2007-01-01,137472,146028,4763,4.6,108726628.18275094,7.9,7.4,-5.3,7.5,-7.6,99.7546,261344.8825542688,468873.3649022458,1638040.0771264222,252745.0888461719,947940.5973088284,174891,11180.435088377326,891,1409,1333767.4058793192,1626,153134.23039054807,221133.19893103285,113.7,113,203.437,208.6,85.316,85.224,11956.6,63.96221107412443,95.22302282480214,16.896,114.49953981034245,1269000,5.24,4.74,1.1014206705214722,0.10284821603146127,0.21297302479138058,-0.06441929893317834,-0.16089963107850283,1.9889637928035317,0.2944880739498141,-1.0087685185258883,0.5290704927792728,0.6949523316598205,0.6516519161078058,0.19069716377139564,0.37085735181753615,0.5780168753155419,-0.1547782019256358,1.3437515850604167,0.9700185621132674,-0.6433691319166082,-0.15345695833315462,-0.5430834130346458,0.610911626891514,1.6262593581353644,0.6748760481632727,0.26031711524492807,0.714213394360481,0.887292829490054,0.6193007378538999,0.6555840985203829,-0.1832742637311607,1.150025001231858,0.7454993641378286,0.8427443379307705,1.9145376939270389,0.8515419243884215,-0.052070789758642044,1.3657914416251655,-0.648617921095846,0.892187482300562,1.085561914838629,-0.08671903309804996,0.967362300455747,1.0790312040333052,0.7949169765031483,1.903387531944801,-0.24727089274345387,0.47190251662309524,0.33953662516055727,0.13604812866104377,0.3711542690603821,0.8966429682046069,0.43813253362266724,-0.4367951205647402,1.5262681786870211,1.1176732619681569,0.7725903100215704,0.27761498881645286,0.6978937063341953,0.03205276196456623,0.2708662644175305,0.5630261557851788,0.1795940257836124,1.3054533326495663,0.9419994813037547,-0.29792692087649564,0.15376824524186194,-1.520032252821786,-0.247550042613623,0.07992808621775264,0.9132347844332803,0.811284847359602,0.7117550120571394,-0.8087537136966773,-0.3779525860889254,0.33847794002353915,0.04905604653413317,-0.29279191396466864,-0.606731226386226,-0.29820362310312054,-0.20095254737851212,0.7244726254240417,2.477909039468018,-0.9213579113594592,-5.446712214490099e-4,-0.5514085825682183,-0.3603882579705614,-0.9869308338585816,-0.4792579939415811,0.4760710817579757,0.3536014116257542,-1.1001269703298635,1.5970920263175512,0.3473190503093324,-1.2759908284399009,0.15129128563439612,0.7597470214470318,0.8793606232038087,0.8178134663030727,1.8884066552297654,0.929841371544669,0.019952809916987897,-0.9234727843159587,0.3688661653362514,0.8450941601493757,0.9964617979188941,-0.282032553038388,0.016744842475484457,0.44862673705256106,0.7810023636252342,-0.34803670643677453,0.8866038009305299,1.014612011839414,0.6092832088760186
2007-02-01,137558,146057,4699,4.5,108803123.428129,7.9,24.6,-3.2,3.5,-5.3,100.7166,258190.4862060504,469370.53785302816,1640051.8405846648,255864.03524146712,954356.6913216718,174584,11177.714679660205,828,1480,1330940.278800201,1598,151296.43261938982,219628.1884997838,114.1,113.9,204.226,209.135,85.581,85.408,11996,69.24434161788247,90.5816278972659,17.169,114.5901173195409,1291000,5.255,4.77,0.9499875859664574,0.01637227205518551,0.35938092894597456,0.25613761270551905,-0.19308331456462657,1.9028480382343338,0.4913121930753117,-0.7562388564078224,0.1306107328682387,0.5897781090341295,0.4411171404168576,1.2953258641988417,0.6878894634840502,0.10240270892903564,-0.10147056131932879,1.1274407056224323,1.4193336204386227,-0.382825940786388,0.19655675351052837,-0.49083783803812303,0.4143180350963077,1.782264345150598,0.9882731401431406,0.19769964386801633,0.3331252409364168,0.9712249006137466,0.5897505784768258,0.48336231027866683,0.007115641289259018,1.1534241095265898,1.0701910613891088,1.3387536064176695,1.4861426476767865,0.6972220486601292,0.4969905854254698,0.6991524500596892,-0.06536606353508266,1.6054141592358568,1.4329213609732803,-0.11127535940859139,1.2007131694690436,1.4517423971290917,0.9235606209220218,1.1287265241508178,-0.5619979633111679,0.9357087159895026,0.22887351366989034,-0.11919815742810572,0.5542406981296307,1.3995986341397793,0.13035656481736468,-0.2657544661983564,1.6349475906374917,1.096698342242055,0.8557329801882773,0.59162291930499,0.8061899702877374,-0.10541688163344161,1.0628776486417513,0.6376254798111395,-0.05716976420632106,0.7261878007953414,0.14470446506118667,0.12997613665361368,0.3504625963998989,-1.2289827563902391,0.39425027887013714,-0.8424378108264536,1.9478147854612342,0.12071469103101874,0.4205110834891681,0.21419810778770018,-0.6202864608452994,-0.02618044886884073,0.5680650168417757,-0.2731344985096133,-0.983664712202849,-1.2673294941669462,-0.11280103566190777,0.5341432813565129,2.5748345671658845,-0.6002708563137479,0.3553532878796074,0.12482078386107985,-0.7795337819175079,-0.8426239823284667,-0.4064420513039221,1.2547914304786005,0.5925576463764546,-0.5865899729334272,1.7398349675811973,0.7280112861568432,-1.223676318568786,0.14894994282329532,1.1422129459492645,0.6322051313966696,1.4199369274251916,1.949326131723556,0.8374553878190882,-0.20553084233569682,-0.8374785540626548,0.4881552633640191,0.8505145659680681,0.8657265813276538,0.004060346567476919,0.14820008561798997,1.3578549769140258,0.04679441353970404,1.2855667773126134,1.0890292953005365,0.8577830367950685,-0.1352347790810245
2007-03-01,137782,146320,4962,4.4,108845374.61376859,7.9,13.4,-4.7,2.8,-9.5,100.8952,267220.06193680584,470369.29238363565,1637300.3459849872,259207.8608517475,965786.9001327218,175078,11190.187906023704,833,1495,1334929.0986564835,1596,155815.30723915523,228210.3522946888,115.9,114.7,205.288,209.418,85.894,85.494,12035.1,70.50550678743568,87.84104818712099,16.438,114.0416441410964,1547000,5.264,4.566,0.8958493143138155,0.5172770105026335,0.45736275755033085,-0.30574129169645886,0.03014956812152214,2.1300382459654865,1.8215605783923885,-0.7490834251993015,-0.18015005384173036,0.7662222625013155,0.4462505246788433,1.6241465978996703,0.630494028702588,0.08759039638342764,-0.2765122346105628,0.8795664565327702,1.150299548854825,-0.43604495947274224,0.49644362671401515,-0.5639793390966554,0.15848613251520263,1.7195167697325477,0.6171517608881903,-0.04366298490699011,0.3871265823467153,0.8533762951179611,0.3820136133568527,0.403982658411301,-0.1865810268920323,1.3142622881408974,1.0799904059459222,1.3618965888263292,1.1204972478188715,1.1345208736009114,0.7488585355188198,0.7706303247742721,-0.10830717549607449,1.602758708910336,1.6503772103311245,0.024684850020362817,1.3632932499502837,1.4560491708869319,0.9901552183709994,0.7484619871167626,-0.8397388017615011,1.220935501402165,1.0109095285199365,-0.22953591789588415,0.5045220930849504,1.5866768700226204,-0.1284197155855003,-0.13034256576159195,1.489641137334161,1.3666883265235343,-0.061662360867060666,1.2046198872695841,0.7280671999254157,0.6022094507239648,1.3696827326896654,1.0620257157630468,0.5400823164940194,-0.0011697673516175345,0.7545031812488883,0.533095306545986,0.6347676964804124,-1.2499843712424161,0.9706302424241458,-0.6439576245469206,1.9662805135877401,0.051148533452034094,-0.0696842418881926,0.1344738376782216,-1.5165456086130464,-0.06367967776761216,0.8135239796868982,-0.12833943422028635,-0.8417306036789738,-1.2919039315366374,-0.175314797870839,0.6415942896701491,2.9693822918363884,-0.7477457857443628,0.5527402987439729,-0.1312384843819046,-0.34051698447982304,-0.8838958951617284,-0.30557922906627394,0.68885265548975,0.9461646778236673,-1.058100018698839,1.5907306516596158,0.9022115519365748,-1.8222884222459648,0.3051381034639898,2.446141170234774,0.5857563475450692,0.8112777165190801,1.3210460026027213,1.2336350377240477,-0.305039750245423,-1.0026310942801175,0.3094776802972913,0.3344644310140155,1.0020608892587963,0.11270480411923153,0.3539348950162772,1.2891550590597725,-0.12455697320687636,0.42337042505899236,0.4346785964187367,0.9448410198379058,0.21301223117040724
2007-04-01,137845,145586,4689,4.5,108863631.90300624,-1.5,3.9,1.2,2.9,-13.7,101.5723,271115.9635755436,471032.33599702653,1644511.5560962125,260519.65248095148,981361.5034380226,174140,11200.984947035868,887,1490,1336403.5495261103,1470,154886.40587251438,225149.83274484298,117.5,115.2,205.904,209.747,86.096,85.616,12052.8,74.30078052406616,86.63896485378764,16.615,114.37557357803225,1281000,5.2524999999999995,4.695,1.0090335799097332,0.20157287806800037,1.3563792406412896,0.3945481511066483,-0.4929116732305211,1.5599387563133837,0.9963530890535063,-0.7004019632186902,-0.09375207899355757,1.1243101726244622,0.18243304608910432,2.965919687031014,1.1687726021284037,0.188696712436531,-0.4010642093939675,1.189836315295601,1.2705322810264539,-0.6976320509389364,-0.045926253259617744,-0.8683285039907052,0.8892417976526504,1.019430144709316,1.1841119581347455,4.849025850533848e-4,0.7660253883941123,1.4833757114790034,0.4250650576062977,0.34552166546552243,-0.3088228856939209,0.932875541801078,0.8710599770131672,2.3516531868421695,1.548674741090371,0.8637490066931365,0.45227731408542227,0.797944242581131,0.03810590793482436,0.7620855212055053,1.577752179576117,-0.05663221552494152,0.9516588544055394,1.6043372128355262,0.5561626698925458,1.3007901646456483,0.011576021624589119,1.2321688943315279,1.337421085812863,-0.14589609978242687,0.1937924806178859,1.706728944445977,0.21722272960904465,0.1620248023624341,0.8255419421238229,1.2454278550638977,0.16221681606433608,1.7423592437055384,-0.02271755668954485,0.5796898294349302,1.7166573807689474,0.9448962944672079,0.032417329142714876,0.7549595469165193,0.17984324852907452,0.514576693105558,0.744916555820005,-1.5496965068239843,0.5030481937949358,-0.7108020819814596,1.3129042932967763,0.2039638583541359,-0.18044493711061468,-0.05064804174978088,-0.5930628254460049,0.29879535861658074,0.4621901189870135,-0.5125817459968403,-0.818474941781498,-1.22127884032248,-0.5698165938108691,1.2113529717155644,3.037757731563961,-0.9772522612247418,0.48336228905806794,0.11860690211929857,-0.1316913482832453,-0.8465308504648423,-0.4966902425472821,-0.20025074657864175,1.1664837039240965,-0.8189396905012338,1.6473161254693294,1.0489891416707346,-0.38846904397087323,0.27821141625522416,3.885971592140941,0.600514007229962,0.6801658305744858,1.0619516583622461,1.2004976783329262,-0.46437906317080124,-0.7286215052991222,0.2600421127663967,0.6229332414240191,0.8944640607360905,-0.09324255375854443,0.15478531764288436,1.2668259504369788,-0.26301606702752944,0.4572374477989397,0.5148857354908764,0.39879135390622944,0.28742084732508255
2007-05-01,137993,145903,4657,4.4,108867717.99516757,-1.5,10,-4.4,3.7,-8.1,101.6269,265022.12030667317,471016.60760197346,1653830.7166964056,261796.72480485486,989067.2410997613,175611,11217.427558890973,842,1415,1345263.2432307228,1493,157314.75690825284,226306.95110369907,118.6,115.5,206.755,210.058,86.346,85.717,12059.9,73.49500845435804,87.98461702770068,16.661,114.49360834088735,1217000,5.25,4.720000000000001,1.149521186788914,0.18058395140535843,1.3673158583593483,-0.08784299890240688,-1.24265666856613,1.3537788821456926,0.5550612534294214,-0.6946860886157726,-0.15907299653025153,0.7079242253423594,0.1436242664381225,4.1689084306095445,0.34433605796015865,0.2641850169997873,-0.2518747881782969,0.24639682362794207,1.5667892529601324,-0.6900772010736266,0.40726390069580526,-0.1660310381938526,0.7404853761727779,1.099182117804411,0.4597284252190461,0.011636401340214604,0.46945875433498346,1.405332694286695,0.563611949954869,0.48055393168240396,-0.6325891560870593,1.090885448262159,0.7242025987446461,1.5500581788199996,1.352674698705431,0.8784805363329815,-0.23414677228701614,0.7094107918678363,0.17486556151746913,0.607705277923364,1.0682377152020894,-0.4029307975210328,1.0082483656373276,1.3781287442100767,0.7415129304326823,0.7987428821217969,-0.08052393820759149,0.7402910022618003,0.9387282512269713,0.4039428102896274,0.5262247840439789,0.7681839257532173,0.05352443643732936,0.16389168277884542,0.4471197569901032,0.7536165460350763,0.34314729740454786,1.4583892349083847,-0.24077797155703873,0.24427552754503037,1.995707154832651,0.5150207319546273,-0.2643706919649186,0.7888837692449168,0.36056504579116033,0.18882465661188,0.19360000437606473,-1.1737097903666405,1.1075063178554132,-0.785048120458506,0.8049166619349728,-0.4233606800472551,0.13603624478078719,-0.118969738945703,-1.1308333743245174,0.47173671795769384,1.1361594137524378,0.5302883642270111,-0.9660089365710289,-1.2070342338358464,-0.6736554180335415,0.9051914699883454,2.602175700535033,-0.9788608919283032,0.3215836251794285,0.1712500295172345,-0.05354994410796915,-0.9182157539811916,-0.8966491026186993,-0.33314085538926513,0.9416119909386692,0.5995685480483379,1.2982486406027312,0.6245056031051378,-1.058736775590363,0.6523610690937286,1.346715130712945,-0.04816044528926833,0.34928209084101747,0.6728778134318817,0.6657439790685068,-0.1985579188727694,-0.4988995867087074,0.23630533695689426,0.1563099287646539,0.9103089178168196,-0.0365915582690597,1.0514469612524688,0.6611337895405569,-0.28754582266956513,0.28580094188176797,0.3769201238444295,0.4302642621242492,0.08797737716213672
2007-06-01,138069,146063,4859,4.6,108821273.99113777,-1.5,24.3,-1.1,17.3,-2.4,101.6547,264498.6074032983,471688.10456609924,1663122.1466853255,260208.71615296605,998385.5123715748,173830,11217.973165066047,793,1448,1344648.6149152308,1407,158688.99444117004,228026.44200210334,120,116,207.234,210.392,86.529,85.859,12053.3,77.9854152942944,84.5888742740775,16.179,114.39209722747572,1576000,5.256,5.07,0.8267293158277078,-0.06034714216907126,1.376893546340109,0.2749175766360835,-0.7298758873488446,1.164237659634164,-0.045820988281972744,-0.7083531156453154,0.25198933001110985,0.5057087751522652,0.05286482008516378,2.118838456332209,0.8072096182177136,0.4383705055764047,-0.17413845422761576,0.3741240277575286,1.12208967295463,-0.6519354137191358,0.20888762595539653,-0.5916767183041085,0.6038211258302614,0.8408031587893673,0.6525186834141087,-0.42186878576997466,0.4444315295991503,0.8548573335198698,0.6461139028975939,-0.5100239790264716,-0.8528159134603592,0.6831753082820788,0.5083106132134803,0.8865280077695258,1.221961219399132,1.0321295433035746,0.2760424465461865,0.5566152786079411,0.12315305160832875,0.13567904644073353,0.25967136863194856,-0.486397836461413,0.932629642704092,0.6991760975784126,0.878338398242844,0.7052439210261016,0.08099501842404101,0.49380405455940884,0.962750821829984,0.1748911527691557,0.8399009061751521,0.8610161834339692,-0.04078787415058806,0.26753098140085635,0.5827645853646028,0.42030965621445987,0.2319507344061731,2.4203492048090194,-0.49491003199352046,0.3142528690001803,1.7343822146500196,0.46027054005101087,-0.16551901360243956,0.08094823771238861,0.5055390037013225,0.16436468623883835,0.46323926627641426,-0.41105385615761386,0.6751345918965496,-0.7911953986138263,-0.1452762339958657,-0.8442070064997882,-0.42175269564265233,0.180506739537201,-1.24068111670073,0.6134928560918258,0.7804876026668875,0.10150393332376165,-1.5086617407186165,-0.8897139493060977,-0.15879028994770095,0.25885524855824027,1.663454302771227,-1.1352765084140968,0.09343484313042283,0.2356471586555127,-0.05556515165618414,-1.400729112390258,-0.26428740627369096,0.21457168243064997,0.5314928003422456,-0.2535769626490133,1.2621704398807472,0.26947217589254513,-1.493761812877408,0.6335185142547157,0.6516536018548296,0.16186198746575683,0.43843953878707437,0.7619766719413865,0.19129959802691632,0.005205006834345925,-1.0547276667637688,0.3617190621304617,-0.25881985054589235,0.8928208007523029,0.08512116350867933,1.263514427838178,0.7215850411801942,-0.15251762285534018,0.3418115075952207,0.4808040410807034,0.14730948105126954,-0.13577841494697407
2007-07-01,138044,145905,4598,4.7,108811978.23997065,-1.7,26.1,-6.2,6.8,-2.2,101.4953,269066.8236000046,472173.1805541132,1663081.944084694,259669.28606870447,1012646.9807641268,174260,11252.00493878446,778,1354,1333296.4078420512,1361,159870.068427551,229390.3832173642,121.5,116.1,207.603,210.773,86.661,85.988,12066.4,85.59790447836974,90.2473213138555,15.837,114.21715567056903,1253000,5.262499999999999,5.0275,0.9221451672291802,-0.2530086158836473,0.9189815718942445,0.7576658286689402,-0.5651575110280703,1.227913780131127,1.0964300513395766,-0.7834796730831842,0.6527267475733332,0.6341849040131199,0.5418528723204636,2.2024012185367288,1.0290563037432612,0.2722829299544998,-0.14973559583969853,0.9166796660364854,1.1518205584675798,-0.8031042390636893,-0.08399383429694329,-1.0199511116740834,0.8910483897589709,0.8922715330792937,0.9280602011914558,-0.09034174780478471,0.6738950126114588,0.39670434468779653,0.600523609727196,-1.1932986440770408,-0.38827635676800426,0.4365302558999205,0.5478876938908134,0.5435033757119961,1.2799810360983215,1.4011313511512706,0.572586030548852,0.4423609457493958,0.3450701314224427,0.47572005467299566,0.27278805301875303,-0.32773344412350824,1.2296499343863223,1.0100856520737187,0.5741293703308055,0.669496528071657,-0.025017296045303616,0.35538472726944115,0.9218431931975057,0.19964974193172005,0.5631978286366426,1.291702734584049,0.1147513956395297,0.4024214215627102,0.7986945715565484,0.6934878928291907,0.282705513418677,3.9330508651367926,-2.7127471130857694,0.5041331405072447,1.0222363032832416,0.4561748570095709,-0.21838343442558142,0.10595579886566622,0.9343111792359602,0.6995382504508979,0.5561683070669522,-0.1826441443542146,0.9150643818242945,-0.3152070580966842,-0.5909676105303888,-0.8470728471136888,-0.04734086012683503,0.10951618605914609,-1.27216569360933,0.09846660414575396,0.5677053659927103,0.2311030351296383,-1.1538557107076342,-0.07104617703722563,-0.36904287729793883,0.5913394359126157,1.5956141898827354,-1.1328574249848935,-0.020079392231651658,0.18788365539569105,0.2415485897549915,-1.466037752795319,-0.11984490705849946,0.49302381768165027,0.6699429609469182,-1.5878132683682387,1.1190293682605215,0.9669817182585831,-0.896876975403527,0.43964361978326505,1.4032988420207892,0.6610258242615434,0.47854632775719214,0.8064744523938528,-0.16265252815959758,-0.5058102254903463,-0.7169125572463422,0.3156312392394673,0.45245103544602894,0.8493186968616304,0.17546458029390455,0.577629044225278,0.45614375669607515,-0.5412820569298982,0.5491212397852744,0.3516680257174265,0.2106371782139939,0.700658183518879
2007-08-01,138013,145682,4546,4.6,108862583.84554699,-1.7,22.8,6.5,-0.5,-3.6,101.6943,271861.1623616236,473050.0461254613,1665235.3276510541,261622.463099631,1029244.6955719558,175125,11299.46955719557,699,1330,1336574.0313653138,1321,163189.57564575647,229166.2822878229,121.1,116.3,207.667,211.119,86.72,86.116,12070.9,83.47555350553506,84.17888159754344,16.379,113.77668713065177,1280000,5.05,4.686,1.0912944301545204,-0.060331458852428556,1.0857194118450366,0.9949899840870013,-0.04977815398063706,1.0574540947038622,0.9887134055692545,-1.1856369507819666,0.9794524096414452,0.4504048099933391,0.8452531571286341,1.7425525452563313,1.9447482229511488,0.6119097136092673,-0.21388113516573326,0.8755117345626541,1.2898936640864798,-0.5079291811832901,-0.37285995835527935,-0.9104073144984842,0.809879138812746,1.130383204729036,0.914017137923087,-0.1793130932802191,0.6609372761616619,0.32719757624159485,0.41558153543821774,-0.2838520658537694,0.03223173297095497,0.4781588390851197,0.6506518775516881,0.4994606040728632,0.9648210995411601,1.249325314177454,0.2898230483081593,0.9864821916559062,0.7019626757629949,0.8072609129143811,0.60834327644095,-0.3207499730835788,1.0339674359183455,1.1476713203345354,0.6736839805649739,1.2828121218845463,-0.6504029318161828,0.5478381911990984,0.9417776438592518,0.5749703930615464,0.3152923647789057,1.5483770018138996,-0.038018443757962,0.0639382965744258,0.6424669664555688,0.7920995885028637,0.3584630188632526,4.194045528892355,-0.619833811065369,1.488967934664419,1.5770488828967537,0.7048306105849735,-0.30181499051763383,0.3517142408363123,0.7263121975960695,0.886613900418705,0.6462914660711507,-0.6621071003025086,1.4945181630669868,-0.3442525820441833,0.4539834581764174,-1.293229985169203,-0.14933072689662993,0.7984190367631074,-1.2543841942864011,0.7538120280990964,0.4235487446532623,0.2980830778583991,-1.3817230940321803,0.4189935249891268,-0.18885790025071963,0.31690946979167905,1.9319207143825072,-1.2279142402821064,0.16020409812752268,0.12300018835139476,0.10239507846053002,-0.8307730947844697,-0.23218951353208625,0.9613367231543422,0.5919349754390653,-2.369421646337672,1.3434241686397985,1.1428394293890882,-0.8523048782397596,0.21512670137660228,1.0664616513359844,0.5432601995425373,0.40692583633607105,0.8966354998308661,0.25604635883509536,-1.48482683127254,-0.5218576517955027,0.30524283846443245,0.4448927526335256,0.9448225969419017,0.4003264819512222,0.6536684984899035,0.5357726542696227,-0.6928454537936181,0.7169880690203584,0.3431490880476721,0.4148928253593191,0.7162347886345029
2007-09-01,138101,146244,4652,4.7,108817490.69323865,-1.7,14.7,3.2,7.5,-8,101.9428,260152.31925012064,474651.365818917,1668726.480844009,257950.23778344475,1033983.504491465,175106,11309.187400923565,686,1183,1330875.0890252027,1261,163197.55554023938,230004.36510671538,121.8,116.7,208.547,211.554,87.054,86.351,12089.6,91.8165736209709,83.90175393796896,16.532,113.03271267046487,1567000,4.9625,4.5200000000000005,1.3019545196451947,0.4848989084236245,0.8150579313279801,0.10496730485567789,-0.31241435561487435,0.6697856050789446,0.27869212904991736,-0.8920934396260498,0.7562634132984782,0.8923418622565463,1.453749379203968,1.3714656425377387,1.5258577286976742,0.14872581612008304,-0.3286520219939618,0.958586563526906,1.5029757767450302,-0.1966216181955592,-0.11245632488040878,-0.3475051801488736,0.3353960945988051,0.7218356040312185,0.7807749910712399,-0.11442011674803658,0.35154431046168216,0.6539236657095899,0.2948398808274213,-0.2713209906817934,1.0747257872414022,0.4992866396489325,0.8668221137719015,0.45685687920561163,0.9525167645569843,1.2415011823352335,0.5591707729935744,0.8824923988280663,0.6324622811582165,0.8195254984022553,0.9607153241148615,-0.22987029920383803,0.9924352266001447,1.0203422039843746,0.9964849059485291,0.8898686498600862,0.39786635580112434,1.0184593878050987,0.8564501403392567,0.12780266709736351,0.35774996889932104,1.0184599066365467,-0.20659312216241305,0.06834224165555854,0.8825545321362437,0.9413618374655757,0.9533279845579365,2.4830083155196054,0.21018720119691775,0.3399648932734044,1.7808141574219283,0.8521870840714235,-0.0810983617337732,0.254924054562668,0.6214675603674353,0.9031666165121649,0.3870352659627442,-0.8117001025665623,1.178273195541399,-0.32522734140625675,0.6023399468074977,-0.8187328433281562,-0.18621115879496458,2.6603007478200484,-1.163765947565458,0.7156909870469519,0.38436168068528537,0.41096616008819264,-0.9191643325072245,0.2921694529153537,0.06460283783464743,0.6153421368970923,1.2944479598974263,-1.0933749320473245,0.16956681197179316,0.33754129262888577,2.806742966527532,-0.37186199232836803,-0.3066763199073372,0.7341545745739008,1.3086916431891542,-1.8839346875398966,0.9157726730636457,0.6844283101723858,-0.46707156480899964,0.4974434580465277,0.744440073391509,0.6958781220306822,0.5409915576363941,0.5700275919833292,0.5120646199764584,-0.15066346156466587,-0.5765437579288766,0.4740072684783107,1.0884404184191538,1.185544501317917,1.3635924646845898,0.6947926836088977,1.2221026536875241,-0.7368670986388594,0.4871098732304475,0.4535844269823906,0.8993046319083263,1.1791663293956667
2007-10-01,138177,145946,4636,4.7,108887427.99755555,1.7,25.7,2.3,7.8,2,101.6446,264206.69277812133,474651.2746512747,1668194.6317056408,257681.1195858815,1043712.6365697795,175593,11318.055841865367,727,1264,1319877.9174969653,1192,165515.70122998694,231557.06727135298,123.6,117.6,209.19,212.077,87.318,86.576,12080.4,98.71962252914635,82.31168301598315,16.455,113.0364696319079,1313000,4.7425,4.55,0.9112654561481346,0.8622400677560622,0.8909190953314878,0.26570018397646833,-0.20818911271824936,1.127359942099794,0.3148473662481619,-0.8006757006896886,0.6954995023779001,1.2733135531150332,1.0998022674062031,1.2256808199283686,1.3772913222539436,0.05018115205771323,0.17203980710915376,3.13329494393366,1.7025529362899643,-0.3754255797810501,0.27843175126414654,-0.08129908086163912,0.46936112373350625,0.8847899625678554,0.6560358174146756,0.28398594053418236,0.6987148940616331,1.0500823843550062,0.6115003683971484,0.31776591836962276,0.5784268669546532,0.6553832145287597,1.3886270554915718,0.7712037783695903,1.1424995754525848,0.9690935773090027,0.39261628055602005,1.1035518722883702,0.5671062528093939,0.9371134907496513,1.470324179287589,0.09903232126968439,0.8944646351076421,1.2578492453497951,0.7614054167463066,1.0699023747666967,0.4554397655908555,0.6355100694406937,0.3966195305430434,0.734027742077927,0.8186705087117209,1.1811264926551006,-0.37682195284809394,0.2673732749347184,1.2103336053439175,0.8611873433772879,1.030492061039694,3.015517737946938,0.9629557281094261,-0.07233914557382023,1.7293202085401873,1.2095777532124745,0.36360070287610746,0.1996372681351702,1.2238279214006336,0.8802367123847112,0.3314408720646985,-0.6122443444433308,0.720116319120476,-1.1021147744929267,0.5877518161874473,-0.3624029292973303,0.3885979995955384,5.314765364812562,1.8889577922760128,0.7621598104936667,0.5273542147923769,0.7745389155653158,-0.34044207902864276,0.3872590971912684,1.0589048873128728,1.2169588005160397,1.0644464087800563,-1.1917805288655876,0.2696383418041743,0.5384308006336727,1.609140041980322,-0.7091112900625611,-0.33424370988655544,1.8465433425706532,1.1064360800281134,-1.0593274452023211,0.8028889324998733,0.26952939228233963,0.024592948011268906,0.8643294524596093,1.466941487147766,0.8690193609023901,0.4346931845918721,0.6279738786479918,1.0423933579871885,-0.039863454359009814,-0.17344282932798202,0.18621611798254237,0.5406041994423175,1.2567270147921887,1.6999872095479975,0.471088942916678,0.7836765150009262,-0.21450427700311336,-0.35147113830769305,0.2685964836283215,1.1956080857922926,0.47665694590064067
2007-11-01,138291,146595,4646,4.7,108880808.9637998,1.7,25.9,-7.1,6.7,-10.6,102.2167,258603.79808842458,477695.6288946355,1672081.957469834,257595.60724986045,1046736.7653592463,175862,11341.748214306055,641,1197,1290607.3068203824,1224,166623.7568494321,235753.75081167903,127.5,118.7,210.834,212.66,87.781,86.746,12070.1,107.79097982479125,77.54313152045431,16.354,113.26938005552994,1344000,4.524,4.182,1.344251953765541,0.5245488648063604,0.7932669859031065,1.7246640663248873,-0.7063559105334123,1.0657799887053079,-0.5152111534298164,-0.8133621394579869,0.6208728270290232,1.1813887882869527,0.75970883411910894,0.7519494966312581,0.8939439816768585,0.4114322213905022,0.29454167727211356,4.323486073907839,1.087922802320656,-1.1823818167019318,0.6403402758008403,0.14875661414746577,0.5436945746639763,0.725423041102737,0.46239874819512405,-0.09243892234258089,0.6392573442171796,1.4284930138054333,0.9648425463179293,0.9271624361927076,0.6143075118106883,0.7377435334672146,1.3876875954681147,0.2855510083463959,0.9439637521716524,0.7950606731387074,0.21662268221000158,0.8693887301852193,0.23502859187510322,0.6729108767657606,1.1009542388604334,0.09246106811404523,0.7666883647307152,0.8045709128229502,0.16311970274189802,1.477753236063352,-0.2085621587088304,-0.1575384814748,-0.38169458453625654,-0.06526166039111678,0.6382024522791586,0.7611382592225473,-0.7321678930519219,0.5001126670485996,0.3003935175363368,0.6284324107924527,0.5505409804015842,3.819612471004997,1.3992377716507711,-0.13134136218352727,1.402065707386937,1.3673624670506295,-0.5072234795634327,0.7206404341356968,0.6888776171102474,0.07318886516741857,-0.10311211911091875,-0.3867816097066412,0.20204865579438502,-0.7346303186750196,0.17744461536677053,-0.054282547426681316,1.0579942094265746,2.840091063960508,1.1783178097547031,0.9219288763639287,0.6539046462381884,1.170744244237605,-0.361292775018599,0.8370518327048082,0.352116973614157,1.0955909035277376,0.7031912507672436,-1.4576126350238563,0.4424331207802035,0.38891853551291844,0.5300109851089928,-0.4752096446229358,-0.17584645624610032,0.40635773998368924,0.8558146815584382,2.287731333149411,0.24504506528211978,0.1898948768506732,0.8476495794004252,0.7600850789194344,0.9525988648648794,0.1884567971733263,0.37257525696026134,0.5540668441572768,0.05617893142901215,-0.8648673909544373,-0.4660601404267207,0.11961372597584023,0.7407657814950621,1.2300298811745818,-0.344436371222705,0.5461315142632754,0.09040398718685388,-0.012686707734808504,-0.12616816249046964,-0.01426310565986462,0.9307353909149296,0.6853227465350771
2007-12-01,138395,146273,4545,5,108855235.82437576,1.7,8.6,5,-5.4,-3.8,102.2764,277826.6503000546,482622.97690489184,1675701.012356332,256318.1942171304,1072963.2660483725,173364,11334.788143298782,619,1037,1267436.1247499546,1149,167563.4206219313,233814.1025641026,127.3,119.3,211.445,213.168,87.984,86.92,12120.5,104.2575922895072,75.95907354943982,16.03,112.33124521086195,1741000,4.305,4.105,1.381347591376055,-0.013157316926502405,0.8087825061585912,-0.0425442696552835,0.13983274835648368,0.4067613378051864,0.6420037402945186,-0.9024515298974234,0.703262114610642,1.030980283460581,0.48150098610445474,0.3918327300039315,0.6579665493990622,0.6879706590449842,0.057700488117945946,4.503366691146133,1.486100029576522,-1.167513211665642,0.5048470392711455,-0.4326377748428034,0.8706254198470098,0.9180651424331735,0.3211444339796964,-0.04510312197155446,-0.4409848368832621,0.9591183139498263,1.0056005365267602,1.5033420604707233,-0.870945606899778,0.48990526918880867,1.38567118057947,0.011096658372877214,0.6610810741789044,1.3309960783260348,0.3975168153771465,1.2749659393247432,0.38381713558646974,0.8634532975096922,1.1663203450720776,0.557286376282933,0.5453336723246185,1.0745738532181943,0.2790373414924231,0.9779666695835488,-0.09703384335647595,-0.46237758446490146,-0.4102253857040816,0.46316512480707683,0.6851737576788104,0.5657028144795736,-0.6804531539643499,0.34526192462326094,0.6778756530233561,0.8187891958749187,-0.19041417073552255,3.5261751887661315,1.2998383670388718,-0.5067514457863455,1.1097179439463631,0.610131557545025,-1.1762182157321535,-0.018049058657674658,0.6013244477391961,0.05969722187444185,0.005803995136798168,-0.22932813030959237,0.49766300774784533,0.36081426258064814,0.7875058070072001,0.4405224006895897,0.5688533462758357,0.7241589788510807,-1.092036155602535,0.5888423530997428,0.6061043937764216,1.5632775002057824,-0.9291058449913401,1.4189602074802365,0.7317700034284413,1.2029104336033447,0.6688416270022655,-1.7077894685677213,0.397547589609284,0.42010244883941167,0.5596382485443978,0.2543884037847816,-0.270365526659502,0.94366537560203545,0.8389644502461969,1.840798651577316,0.19474727373563586,0.7013476123548045,-0.6582544809010389,0.44839120330941934,0.8136037035842447,1.0827205294608946,0.5091432306938404,1.1466992641420881,-0.08240593830173201,-0.5808979279043902,0.733157952352714,0.23427226588021724,-0.16871406014687926,1.4102118740615968,-0.027924102081868227,0.5099621712529113,-0.12607205353228254,0.3334702817840257,-0.5415136434225123,-1.2539641507740527,0.7358696286459065,0.6758404214609092
2008-01-01,138391,146378,4624,5,108898208.88708328,6.6,7.2,-4.9,-18.4,-4.3,102.1493,271397.6373489332,487512.1873795433,1683922.0372777116,259888.21622111872,1089024.5561526427,173145,11333.015894610344,627,1084,1259944.9017073668,1094,171296.73718341155,240837.35800285696,129.2,120.7,212.174,213.771,88.206,87.093,12137.1,105.37831893521982,76.72302282480214,15.705,112.30128789160118,1355000,4.02,3.7725,1.1996296078028714,0.07845207693275756,0.9286752175977009,0.898884723088442,0.8004724635879876,1.5902976979675958,1.193726964380318,-0.8094694824350294,1.0151688372018581,1.1944262830997414,0.6982745517746989,0.16603654728271913,1.6150868654662256,0.16382802716448802,0.5099709874034049,4.0005836456630295,1.223532500415097,-0.42490842864575845,0.7755314221534901,0.39653180223788365,1.076100758521836,0.40137467364422474,0.7509879676774966,0.22250901808110335,0.6032985619400051,1.0179811634480282,1.4039871717043448,1.102752210564864,-0.19735459980552836,0.7697921088507581,1.776045912355851,1.2856221831287447,0.6250223974833731,1.4151098180021604,0.4065087104666272,1.2200656973211337,1.0675443624987935,1.2316522581201819,1.1384251287585927,0.9211004584983411,0.387586853167153,1.1596445700848608,0.22357392613153088,2.938917043198147,0.16171798230888967,0.37864990246386676,0.5942008310257401,-0.04506983382906338,0.9107368127348805,0.9233769492542616,-0.46840407599689016,-0.17915948966504547,0.8395888471360952,0.7999044297444342,1.0417400625763555,2.6077969276230824,1.6248101753484245,0.9682004882267083,1.9719224927914842,0.8642463438083248,-0.17850166589910968,0.8693287238977359,1.111012327592586,0.3905674049209152,0.6225559644190216,-0.5441207260419638,0.28090369977622354,-0.4997108995975524,1.1823868480624935,0.22082822798998258,1.0864266385776729,3.775928661111436,0.4018987991057917,0.8795255190585503,0.3488469543781593,1.5799210271845983,-0.026997831813307387,1.7239897974929392,0.9545751873595649,1.3902440737132906,0.62303453833483,-1.1929945168629612,0.2342278536673186,1.0034135501435024,0.4827160073855612,0.6255542757971833,0.015760367047925182,1.970200732208861,0.6500043043608876,1.6441504472538495,0.5771841305869752,0.6878231907282315,0.02720909201366442,0.7642534753423711,1.2292645246119243,1.2597561708933522,0.6019787346247119,1.0571887625750807,0.8258871635059026,-0.20937970294201208,-0.2998700438015943,0.48636249435357026,1.3956769275934724,2.219619778068992,0.3115970674293612,0.5650924194007306,0.7320855974035057,-0.4688020562402685,0.019828210522133863,0.5947451605130074,0.8712468602485407,0.673963199094886
2008-02-01,138327,146156,4279,4.9,108923431.9022277,6.6,-7.1,0,-20.3,-4.5,101.7756,265933.108551515,492196.3748274536,1688919.4244198613,258321.83023692606,1101610.0563463147,171203,11293.815482790613,593,1103,1240804.6887375256,1014,173858.93055146976,246526.44203570863,129.5,121.8,212.687,213.939,88.382,87.178,12141.8,107.88395827204633,70.0816278972659,15.491,111.52619111733603,1387000,3.0620000000000003,3.736,0.9877419399725269,0.04507585407589933,0.5806288153722358,0.5433980644907486,0.6607327827304034,1.6371302780707615,0.5226389655700319,-0.6304566866196091,0.3403520753294199,1.3313255662931704,0.5622361359963,0.7146314593255363,1.4178566712020886,-0.034925659696920686,0.20290406042760284,2.081152091048071,0.8713856253639937,-0.6241782391121616,0.7970552929308002,0.37563581278739944,0.6557726090872535,0.24466889761814398,0.2579466839770661,-0.1816976005935504,0.7933300497033409,1.0917201055317565,1.4348118639204295,0.8771421603395504,-0.6122320874037321,0.8458934006820414,1.4342127426851612,-0.022490421831887035,1.2640868780163996,1.406571434729365,0.43517344847007483,0.9700933292155027,0.5766608067254446,0.5919403399364602,0.4910070659995711,0.10534599198088584,0.6551300179327684,1.201815779765152,0.22434663798494758,1.7010933554123528,-0.2588127224467387,0.5438306670065873,0.6472362459009107,-0.2561058402079952,1.0063352321585508,0.7475207224516998,-0.6888514801320805,0.03011603663132384,0.882253297109297,0.6587845672927297,1.0073470713930415,2.592560221628976,1.7713106959330407,2.7992189333583806,2.0717354744154055,0.8158872308801322,0.04699826090017982,1.5430971230882824,0.5614807211838881,0.27291179328591886,0.4899341993311249,-0.01715633924907538,0.7408866888181634,-0.8096159954837284,0.4965879938150821,-0.11350190053750661,1.0029984078811613,3.729668328915319,0.4396621666797308,0.7208773451460142,0.3759534819370379,0.5677219167875355,-0.13185134609209148,1.0610684371780135,0.20173062078151865,1.3822673131400043,0.5340998343666639,-1.3774491784950589,0.2364757213657948,0.6611379136021778,-0.0876614173668398,1.0129846140981378,0.09011586609337668,1.1187966104054412,0.3981006157062919,0.5633291464582348,0.349478649921865,-0.1292535474022766,-0.7589628365264902,0.7229816494356245,1.5023409843779647,1.1709055254025627,0.7626033075545209,0.974869312384258,0.7892352240308149,-0.07670540803295653,-0.992679964376887,0.5245972018530908,1.2730028521369827,2.0154908030723386,0.38757930318098277,0.31549340278308063,0.8364037844816592,-0.4103615086892105,0.21538940285425534,0.8042323932251523,0.8634493009190338,0.4376398179519242
2008-03-01,138257,146086,4225,5.1,108847729.19735622,6.6,-14.7,5.6,-14.7,-6.2,101.4508,264983.35871833924,491726.7445140182,1683802.9663003837,252163.3666158966,1117964.6866362046,171079,11322.05110847859,535,1005,1244932.5887064927,967,172505.21802899532,240424.21165453826,133.5,123.8,213.448,214.42,88.635,87.349,12145.9,119.09516556664974,68.94104818712098,15.114,111.48241842460827,1817000,2.6525,3.5075,0.9649247261081461,0.07014822015791156,0.20108623120304772,1.2104760832845098,0.5669515747504484,0.6699027345357645,-0.1371866563629776,-0.7345668992046188,1.7515372695092295,0.7454809482157215,0.5508065294171598,0.992709906913521,1.8846212632030124,0.15628597877186026,-0.4932534668952084,1.8583915124210317,0.7387676349944888,-0.4938641042565325,0.7048042003413731,1.31558015797649,0.2659174304923041,0.5869450293883194,0.4584045634267612,-0.36892460041878844,0.6237201698336087,1.425169584281057,1.5263113619246391,1.0567261145814129,-0.8092203204828939,0.8911301895907028,1.4479835715899778,0.9786153932232132,1.157969478852564,1.306679224191287,1.2682515055210213,0.8945004865365321,0.4602718111234342,0.350593090182094,0.7598956465958712,0.6271871875353081,0.4844743808308851,0.9827348484159175,-0.027567296824450502,1.0493926787195056,-0.4277342922370437,0.1856784670726133,0.2670550681750377,0.07003661506303313,1.040780446677651,0.9978544811331972,-0.6862589988310851,0.5007800088631548,0.5715387662687793,1.3422519158413198,0.4267185613207782,2.681878866273291,1.1823478795382807,1.1353191726450507,2.323747189081211,0.768846115042432,-0.09179815875792458,1.5751891822395938,1.1827218413941438,0.4900661011425413,0.3961556494671989,-0.4023875842161949,0.36575477287933483,-0.2866935039777445,0.6473086498574561,-0.46389949108313266,1.895249793425716,1.8947671672778876,0.8240985723157148,1.0700369967666163,0.5340276341669646,0.51274236339793,-0.17746598946204487,0.7563980999306553,-0.2602691136937593,1.1181557347530824,0.7160548288267666,-1.2503837611335136,0.6184739462675033,0.7169208827646272,0.07947026613640308,0.8616549999722612,-0.0021607989416826843,1.2298510475454811,0.4643778993732578,1.9965558584134806,0.3380268211860583,0.02103321976628709,1.0061803380463434,0.9215443756577387,1.4864573914723396,1.2313279322336295,0.6776479842106745,0.7834160030620735,-0.010458706146658914,0.4334350532882238,-1.4418313993292036,0.5625684118179368,0.5808140941801767,1.7014065724029521,0.34120435438884666,0.2597832801226408,0.6017605862948074,-0.3963691107969104,0.8996592258349765,0.9343562247439525,0.5649151667062275,0.9000989078656583
2008-04-01,138038,146132,4035,5,108824671.02957389,-3.9,-3.1,-3.1,-21.3,-0.6,100.7554,260234.91255532153,498735.34611876257,1690126.7686985156,257571.59427471028,1124755.909413394,170521,11340.5556368878,536,1013,1240162.6144438563,1008,177211.45508395362,248983.65972589783,137.3,124.4,213.942,214.56,88.799,87.4,12100.8,126.76944560186487,62.13896485378765,14.605,111.65829617072518,1438000,2.2725,3.6425,0.783362851250881,0.6665345917812843,0.6897452934133296,0.8608161578068495,1.1810840816215444,0.5637918731793022,-0.30320827301346787,-0.7278259922680728,0.85510048960634,0.47217268049119143,0.2415240407083709,0.9253214360913761,1.3381352166439067,0.41146165443179716,-0.3830902715489527,1.9452913849572027,1.0975840259008245,-0.48333789373893266,0.7184160204802544,1.8352143841142308,0.29903948170497546,0.49311684941813094,0.16988282184572173,-0.4753944493669974,0.4941878115598972,1.9753616208958493,1.9647787975701465,0.5431639616576358,-0.7928058476958219,0.726412503999629,0.9896982792481749,0.7440585341436832,1.25334704652464,1.1488222180414231,1.600215722101761,0.616969928960509,0.8030930411295653,0.7555391777637517,0.8720410343999582,0.6191835418317788,0.7734242634627035,0.7024725006217637,0.03682585483073938,0.6064713590197575,-0.3179507669042587,0.24904759736476495,0.6761343605176429,0.10038999404543025,1.090348742902074,1.2838779753813083,-0.7450070031850542,0.6901133650410652,0.36450820730305666,0.6765118004646467,0.7062476543438581,2.1919371020966323,0.5566792635672535,0.48475783826895963,2.20401401788142,0.9928747343926961,-0.0824538570069824,1.6253357077989807,1.1874378170712647,0.6983943950638293,0.3761964849047366,-0.17602958076001646,-0.19145350564245792,-0.6066437325166858,1.2021038819215046,-0.4992488543360935,2.0893368078016294,1.7780884237858703,0.3388441508323995,1.0720295467907746,0.4132680037928822,0.2853801677350244,0.10407612905617974,0.9246003666239727,-0.5927358823317936,1.0736930339249222,0.3076073682093924,-1.271225207750217,0.47557688114757346,1.079629197516008,0.08599889675295289,0.3309200279998666,-0.01154997454182238,1.8374622327142993,0.1641639395606337,3.8856319537792654,0.7904653486578176,0.3841770771431342,0.28614770063173006,0.7751244676687272,1.0021914617769927,0.8290889929726315,0.02069588966557892,0.888389477361367,0.432119604208644,1.1274550377269785,-0.6970624485610146,0.5115043123851788,0.6831095055506896,1.422587102830964,0.41146495447557385,0.2833225765270893,0.6843693618452258,-0.49885081590667807,0.9585404948627861,0.9777838443614247,0.8090638505535079,0.6324270017694381
2008-05-01,137851,145908,4194,5.4,108782917.5211144,-3.9,-3.8,0,-16.1,-13.3,100.1336,254956.26822157434,499424.7589145548,1687548.4084309016,252197.80219780217,1128732.899753308,171116,11361.628167750616,504,973,1235195.1110114374,995,178383.04552590265,248252.97151827763,141.2,124.8,215.208,214.936,89.18,87.559,12696.2,140.60327427674366,59.484617027700686,14.697,111.49504555063844,1834000,2.024,3.882,1.0766499042370266,0.22519893500309285,0.5432740032385232,1.608901942745228,1.1896185018694334,0.3828994398494066,0.13687563663048605,-0.5687266281767347,0.21581852021045542,-0.7033446885713581,0.05913660543164713,2.7955623699040113,1.3988022867046972,0.5014095304885737,0.12857831401162567,2.3568254956775614,1.0881350289349334,-0.49195081959646814,1.3568982847763857,5.710401352137164,0.8035099414137257,0.7201778306330392,0.066348354255534,0.0504899533378692,0.6271716356462047,2.548745977666235,2.6944625805810603,0.5539791361537028,-0.7210961863982193,0.9215399763406461,1.9606633443817145,0.401302319218622,1.4700855148494245,1.994763727295077,0.9714246459125067,0.48977670576919957,0.40360620244281925,1.165251369028669,0.7533583859752049,0.7360749541607453,0.667714229757639,0.7556444140743999,0.04603503622867013,0.8717174591307335,-1.0029368686954605,0.6583460988650971,0.8436940645494257,0.018431321864219277,1.9066130882080925,1.325542378450633,-0.934560454739971,1.1928613800523367,0.6385642041443702,0.8316777418586065,0.743700806869335,2.1167181772935764,0.47744552877903595,0.11936731120813247,1.991380689381505,1.0153886155045004,0.15385399729728041,1.8900598755521747,1.013418967597575,0.741963860916576,0.6921372202064924,-0.5555843502932372,0.004404575435281687,-0.6697295835576847,1.1545132507501206,-0.27836030075658563,2.5232342076993337,1.3153443137863143,0.45947133130880846,0.1828960121952908,1.0037751916269348,-0.2538041212347201,0.08523770177091072,0.7863861238962204,0.5494108497399453,0.7506341452269408,0.2104544868310489,-1.5826592677789761,1.3545364825822404,1.393275221384733,0.3110838141586879,0.4658514934319582,-0.047284798883081854,1.3389849093111976,0.20695539836642063,9.375779587260725,0.3890907441339667,0.9693188877233602,0.0299890976007776,0.9691147056863063,1.5324499430374972,1.0445018828076142,0.808207209592419,0.8356316936435765,1.1207125497664128,0.839421313890805,-0.41905008116240894,0.3438973943823497,0.8906184530226477,1.3981019252912883,0.520157463157764,0.6605985329223669,0.14653840861443143,0.030490615039128442,1.1714071399422874,0.9174086032708128,0.09173751217926104,0.5698989854403257
2008-06-01,137698,145737,3830,5.6,108715986.68409912,-3.9,-8.2,-7,-16.8,-6.2,99.8728,255226.15694612978,503003.5512707761,1690679.8204385599,251727.20896835026,1129737.1614325314,169650,11340.799536887573,487,1046,1213552.7180023824,1180,182654.435748717,250439.17753014129,145.5,126.1,217.463,215.424,89.827,87.76,12376.6,149.09771004263752,55.6888742740775,14.377,111.1193641648177,1533000,1.9849999999999999,4.105,0.7837643760684477,-0.471089120737486,0.3124157130177579,1.5607676105984842,0.6293074571478976,0.1773956059907879,-0.5178314695487557,-0.588759824382479,0.25037907970584855,-1.513091363527421,0.025770984068967613,1.6130474141575744,0.6654160936077304,0.401000097509986,-0.06402014445579084,3.458727394771007,1.6996217740726431,-0.32881772167760764,2.1853992287392425,8.835390137013807,0.14761400678982317,0.10312008310956527,-0.12323122753090295,-0.17329882107652766,0.8285037758970306,2.2207487287887906,2.8687734031811982,1.1532261913987942,-1.296659540253014,0.059535732593258554,1.4144774324704972,-0.22020286898930763,0.8866668405585906,0.648333713979225,0.6880332712607098,0.14834590155511285,0.31299484826186674,1.2493183583217267,-0.07956334657055607,1.0151387536525343,0.16001532624132353,-0.19933179388942002,-0.17270411873457464,0.06322806317583529,-0.7144598693191286,0.05326757451905678,0.5328746968871125,0.60884080605646,2.0559197629775072,1.1687481810289861,-0.5808485922815245,1.078169605939207,0.17956808742746497,0.6187956876435915,0.16973481400938883,1.5790960669789498,0.5192326913182915,-0.04736703355191998,1.850121608354661,0.4431584171753018,0.07581252809426252,1.6671092913439842,0.6972745630980947,0.3295951791036784,0.6697081044905833,-1.0963767133632734,-0.09927201932113378,-0.18549945284411568,0.8163366674865816,-0.2289666886545006,3.3875942581289378,0.7312564268940412,-0.0056420806534298595,0.26341776171697895,1.091291272728071,0.33034910182545435,-0.1828770738035565,0.34424051629537633,0.6708282192063579,-0.2850310246938265,0.33785054601062603,-1.3035417214456295,1.5359957404946925,1.5003953215488983,0.43474142636249885,0.21097481698585135,0.023304424726617718,0.7798725751059813,0.5353327266412047,11.274401813461399,-0.09364934667862204,0.438609572786227,-0.7726251395375965,0.6328832020821176,1.2407698494752528,1.0893987769369817,-0.04726959457961608,0.2636225891592986,-0.631516796630017,0.21794414144245772,0.0581399912178627,0.12361480788889324,0.3988329242442992,1.1613126923960926,0.2584385841563367,0.24051322478635553,0.5857717493780157,0.0159036887946247,1.0849738896782548,0.7121609934248233,-0.3793600375348153,0.2012597266101787
2008-07-01,137498,145532,3749,5.8,108649681.39974059,3.2,-5.3,-2.1,-16.2,-11.7,99.4194,244236.24577538922,506971.023325392,1696237.402142209,247581.58346722808,1127547.2325336584,167839,11286.054629065322,477,923,1204445.6756607015,921,184200.7867471882,258430.93800210537,147.5,128,219.016,215.965,90.245,87.918,12188.7,147.86414759820488,61.047321313855484,13.006,110.5910356527498,1592000,2.01,3.9975,0.06199778945173378,-0.2583811985466424,-0.6586139377676788,2.0151328587807065,0.10401184839612954,-0.13272546650054537,-0.2306620128344459,-0.3916826163183952,0.428618579807031,-1.986351180152186,-0.10201037964256554,1.3457737883507774,1.4103864294819148,0.6089647404432936,-0.28150753219248076,4.183493280253979,0.2412201895960132,0.449161752762822,1.7783724976854725,6.737656577545524,0.0890288497004706,-0.6402521270955533,-0.20154708446733174,-0.4130603303371039,0.5495302441643745,0.8967040357373497,2.3727340750812913,-0.17009157807151215,-0.763895706180445,-0.42166014779476513,1.096175382137978,-0.1827940623307262,0.573354520916137,0.6392196787348255,1.2526299544187969,0.3045498142304986,0.49942938575785556,0.11502540032373872,-1.2554109547878463,0.805284525927604,-0.19790739167554044,-0.5179382870071885,-0.5179210936866635,0.0848371514931176,-0.2852414093184614,0.0019324763478918566,0.2142894699077625,0.34111099101660314,1.3160960780824333,0.7808829267310973,-0.43732270402827567,0.798624487566562,0.818717108209465,0.2194654151053949,-0.3229139896050819,1.210884737094124,-2.5906876215552117,-0.2323707739141611,1.6980164778540292,0.07954719368450865,0.051112490638304864,0.9096873741943531,1.040047957978605,0.5535127357950109,0.33124739767798494,-1.3129814470883352,0.3961643471529875,0.03481810342263304,-0.23683343253893163,-0.15879749755309402,3.3276693878633226,0.9724901511018018,1.0422683422412522,-0.07948472249378047,0.253964419147239,1.3358731514978377,-0.44760723996393603,0.8009669852021253,0.44853171372655326,-0.5184399232293295,0.6196354103065942,-0.8974048081288881,1.2875413569574483,1.03347632743427,0.7316786408656967,1.071837164197753,0.061660616026203055,0.38006938622298125,0.24429165841780637,7.446572443795388,0.24535712090502543,0.7327269253512256,-0.6165930742002981,-0.14134433929526025,1.193414645099112,1.2642165192604005,-0.002865533466714046,0.4212948106850968,-0.8129918679613325,-0.7961634103829646,0.6939044914964083,0.2141306360260903,0.2414634019801174,1.2702917280543025,0.27453899948454563,0.5935028854386588,0.7024395990569375,-0.494059725012223,1.0842988947139924,0.7038508497549432,-0.21801720717455603,-0.1035357430359433
2008-08-01,137211,145203,3674,6.1,108577180.57064496,3.2,-0.9,-3.4,-17.6,-10.2,97.8491,237441.77793550107,511708.73441866663,1696225.076674571,240493.72310695116,1130895.399902409,166725,11284.766889943665,435,844,1186704.2984518476,858,181137.16009404248,250331.5885197179,143,125.9,218.69,216.393,90.172,88.026,12120.6,129.31952268997028,63.77888159754343,14.119,109.78182862040367,2165000,2.014,3.912,-0.6730839648797462,-0.09565983218406056,-0.7665020562455311,0.1483790709635085,0.3805661185395973,-0.08496608003842032,0.22947393173538005,-0.3522238774261775,-0.09270977591288117,-0.6071106976748264,-0.3094656573847928,0.5464369981009425,0.644617669308029,0.4134223484022804,0.041828418165398784,2.967867809307312,0.574367208389816,-0.2885827470040788,1.4264102350950774,3.034773406853935,-0.024678532202558827,-0.5455784924357945,-0.44120285073302856,-0.35265952559644825,0.299649585219719,-0.209314495853747,1.9762042124204877,-0.6247370430529469,-0.08985172407062797,-0.907909305280431,0.7706187957510746,-0.7514460775939438,0.4955520368521565,0.3799182503047223,0.5502332288708143,0.09966182532775662,0.2771941519701723,-0.03616206737407336,-0.5639396988209328,0.5212032221473388,-0.3631562851065176,-1.0019222336204423,-0.5134102590839964,0.1349802967233006,-0.07894409994223296,-0.5059559618058769,0.036236315383585356,0.1933656076758871,1.246076293480916,0.1640685471845647,-0.694213710306846,0.2244866462833344,-0.6199327787299358,-0.27005951638732273,0.14087218411905686,1.0997384676695516,0.3083884999099906,-0.7744339018010976,0.36612974555019145,0.07883378584776712,0.1164637608697797,1.5644477524385663,1.122291547305537,0.5340279358739031,0.3916553860271773,-1.2809935682314133,-0.002265901233727663,-0.47112201193514236,-0.16855187514361894,-0.2670486660625999,2.5733807236912787,1.3438152939711283,0.321475743302288,0.14618783201234029,0.14065880448408638,1.4063211853158644,-0.7019457241284353,1.48791350434124,0.9209755233895827,-0.05724826351791067,-0.0742448015625991,-0.7363307895054694,0.7334987342957574,0.85822652616904,0.30327166750975015,0.7478259973014155,-0.21210864946751237,-0.40850923814654855,0.15327749836139093,3.288494579584285,-0.23968881612199705,1.1321081573990537,-0.10469625328426177,-0.5339929438858214,1.0318079216647387,0.9705466630198255,-0.06446291747148838,-0.028613487930156768,-0.5418093975367649,0.09488660324650684,0.712214698288138,-0.08608912188779251,0.03596562806818496,0.8930036951261042,0.5047747394499886,0.7772770818551501,0.29594483718358866,-0.7731457602449118,0.8142618151193267,0.487602585789481,0.9011236979755874,-0.25156794628365337
2008-09-01,136762,145076,3222,6.1,108477130.29356177,3.2,-8.1,-4.6,2.1,-7.2,93.5576,238506.54315378907,510292.8629206511,1685922.136618329,239340.9199197757,1134492.0052744136,164015,11209.680100169535,433,820,1174087.78131129,797,171319.82226556007,238128.69125843517,137.8,124.9,218.877,216.713,90.247,88.116,12149,115.12848072512108,70.80175393796895,12.961,110.87430095710904,1856000,1.875,3.6825,0.05039877671299947,-8.340791111566478e-4,-0.15226866662313088,3.6771408811286954,1.2346339999904195,0.6232667711337236,-0.018221791973778982,-0.5714782897210844,2.953209373858279,0.08386558971253597,0.1252242816533718,0.5814320371020969,1.3277264412510859,0.5142750920401548,0.19269959018105065,0.9058739335587948,0.7941222640742853,-0.4060536668094099,0.8729202183901041,1.0713860961240724,0.534106327449023,-0.21181876513650744,-0.6728117453773955,-0.4080367154285959,0.298104194330992,0.3336277588874277,2.284896086890901,-0.45715486658461674,0.209028806491689,-0.46628955813626266,0.5029820525001277,-0.3226219754035986,0.6554966048938404,0.5491657178400493,0.15660754513970984,0.4935080506002281,0.36401535100109395,0.16376732700693233,0.15415779958704393,0.5705111840287679,0.14977253410825167,0.011624575206542934,-0.6374168374265576,-0.1027620728017555,0.0016553337008011829,-0.46610288518830906,0.05518248255310302,0.16778674250319042,1.0425933225986208,0.1134592024439699,-1.1043147276543301,0.2879193430116142,-0.4061935155940493,-0.2557202752762291,0.6822209995712958,1.2423559951538616,1.0440838483101256,0.31000960145981654,0.7023246350521879,-0.06165487666236749,-0.4794622831105819,3.095611542792871,0.7161904995978955,0.5351409606365661,1.3655485255114104,-0.8847241409417576,0.31292942417407144,-0.5820363552935891,0.605738343087851,0.4856144801479726,3.221984857076216,1.3184671259001939,0.7316099559973291,0.057579128198373956,0.00501130456609976,0.8664044982267151,-0.5506830601046603,1.12142115968695,0.46925316879416157,0.4189723929992263,-0.3287680058084111,0.12995042712698834,0.29719870831476125,1.2466253630876634,-1.0153929113573041,0.28917996301866006,-0.20648376285845854,-0.13873828345793293,0.32923781098866484,1.5571390005923207,-0.6139961873217092,1.0135075807515292,3.072774910670953,-0.1727167066300829,0.9200991985882002,0.683046081153163,-0.007849762592618367,-0.4799854741066407,0.22810390936784827,0.9246299371744728,0.3338789182396764,0.15489646665290346,0.21267868940775514,0.9433599497865838,0.7784796299747446,0.99435540822515045,-0.0885574335096148,-0.49244443980120717,0.6133742697805061,0.5000723767235333,0.9057624186611306,0.03255760459803042
2008-10-01,136293,144802,3377,6.5,108355696.26648222,7.6,-25.9,-9.8,-37.5,-18.4,94.4985,214065.6545939253,506310.02442805993,1680299.3703502824,229499.94980535636,1132473.7035838976,159514,11192.401646384313,393,777,1177855.2386476446,736,169383.4982320331,237290.15850353034,129.6,122.3,216.995,216.788,89.651,87.991,12240.5,85.49820972437564,59.011683015983145,10.933,109.95826616790904,1901000,1.022,3.814,0.3318119732080088,0.20434195674089342,-0.479992205376407,7.801154845116837,1.8456644168914274,0.49618763169130664,-0.018427435632902105,-0.6525670572353284,3.5962901434065886,0.903320921356946,0.3832628778466711,0.25754335694926944,1.5200748434757965,0.5633793625147643,0.3264375679099378,-0.5508892274145771,0.3432701854780613,1.7812971903945143,1.441302436145032,1.225837590488932,0.5749615909559068,0.35257370900378593,-0.84670835168474,-0.2312647324708796,0.29603292584815155,0.46030858732421603,2.619705279580859,-0.14065640791712417,-0.21185602817657578,-0.630688545632876,0.5788511991028595,-0.3059318761865145,0.7359621475569207,0.5956738213678923,0.018575258650709997,0.4132269461376111,0.19567155388613036,0.22458249690194373,0.28243288136119354,0.5682309756684721,-0.20206916630263122,-0.22176732668751808,-0.5430267905328298,-0.28991839798395636,0.897417935434792,-0.3629281830995809,0.3466033677983121,0.012109810460286745,1.0626077872849995,0.11333410834802883,-1.3872224149180952,0.5944475973521746,-0.6464293195264863,-0.1358841985918643,0.9690093530435591,1.0697069800905914,1.8471392982440997,0.7223353112801043,1.1022826133197698,-0.22219902685688006,0.37871688816736765,3.729623775406681,0.34920240454074436,0.5066633242818142,0.4796857274656565,-0.3838300038626397,-0.2722268878928755,0.1032736397877403,0.5804952210448867,0.16506584862494222,3.0758186287388964,0.9523399216411319,0.18796465925253494,-0.5001105665275901,-0.2829288869474809,0.903142859073536,0.17533733873575796,1.3715240788087484,0.320134748305406,1.0578170535122962,-0.47415798348314697,0.42734629404630864,0.07778807631581501,1.082133584220747,-0.2956334517233596,-0.45850346519411567,-0.22865547309687237,0.31638621452999377,0.5411967638352656,0.6587607005254907,-0.1987340894955717,0.6664797643795403,7.878238992938925,-0.18406241700528625,1.4163045089908723,0.8432293701508536,0.13116822390788502,-0.4326345421962148,0.6953092077393478,1.0564277380059366,0.17609271851260588,0.10693789327044678,0.20537648154079186,0.5866090963600776,0.2528993835568146,1.0578011689494888,0.0202982562829518,-0.2366576500584269,0.15185962598559744,0.28426436967875796,1.0728752705890403,0.09352455064243932
2008-11-01,135543,144100,3231,6.8,108135311.95412245,7.6,-22.6,-4.8,-40.9,-18.6,93.2617,204928.1545946068,508671.1139706297,1679863.2658185128,221692.45877213776,1133953.02111905,155990,11157.992166423985,389,652,1168301.1073109615,626,161381.82474913367,212324.9015159211,120,118.4,213.153,216.947,88.593,87.952,12345.9,64.83582224329236,56.74313152045431,10.526,108.55550763569066,2599000,0.3775,3.52,-0.3884665604314063,0.4776226082387489,0.09380555624461084,2.8704412941166595,1.117981775637032,0.4336252764044822,-0.15922113871945118,-0.7291257989397224,0.9118683521477035,1.3835819623159127,1.024131815266774,-0.08985045830913473,0.6971728663115113,0.7254269683663411,0.6370692968419506,-1.1807278500263187,0.35034199437974506,4.793006260871744,1.0646500302034068,0.5556544062107429,0.16828664079862804,2.0958721059046055,-0.6730415089365649,-0.43007270836734274,-0.7317527241233448,0.5808668743435385,2.6271413966904675,0.18816805870325792,-0.48076339124895434,-0.4717288132442243,0.6124512126529519,-0.7203480628004476,0.752012211482357,0.4354809816815443,-0.5476428190006573,-0.09473511401649568,0.10495208649856155,-0.2581404053428161,1.3762335680457993,-0.04383900169740366,0.2310475629375449,0.00634865842498682,0.023783201635938927,-0.09678060974416486,1.9225016624849134,-0.0024373285870443514,0.42058935988520907,0.2616786003925776,0.8436823227074245,-0.3515564366773601,-1.3426759038250298,0.23384691909011532,-0.6391512560491726,-0.7859690642984902,0.5316288892979208,0.5188330547824018,2.197224869292425,0.3870846960741848,0.6178699972794244,-0.3737780001448695,-0.06013940018355488,0.38280409098303325,0.1432282826691679,0.6428998083704942,0.21211932741316594,-0.2931868355889149,0.34471851120381375,0.07264971685452494,0.5753647927718193,0.3807609971844278,2.3811763691255208,1.2076202791029975,1.9441442684602472,-0.37971051096864666,-0.355879056668998,0.9001481598549627,0.990588266888184,1.2481951218671077,0.769476008700393,0.9682142365585777,-0.6255143750764348,1.24844385692944,-0.12773982457436722,0.8082099123916918,0.014838399307728067,-0.29057899138807214,-0.4622103160210243,0.540840854591526,0.6496809833683072,-0.30232775889134983,-0.601449435806351,0.8988517912453087,5.616735742685616,0.0063730836980110065,1.0693798401520376,0.18239810945090493,-0.38714691699053366,-0.5334905535054969,0.7665973473910888,1.1056180711047492,-0.5144537830576464,-0.22479530475461862,0.039383783589858695,0.010859060351935046,0.15194062056713192,1.138317245280799,0.4417738540468818,-0.30240135328278955,-0.3945072438416942,-1.144367761321023,1.213138362955101,0.6655693252455946
2008-12-01,134847,143369,3146,7.3,108007220.9107244,7.6,-25.4,-9.6,-37.6,-26.1,90.6266,197335.9213603033,506003.54151059047,1650594.5409789046,215503.1896297305,1128407.0012940136,153628,11125.678221980068,377,560,1134122.2275193536,554,150298.53118118457,200205.4530182297,114.5,115.8,211.398,216.925,88.098,87.909,12288.8,46.561783468410184,60.559073549439816,10.383,108.83660786533191,2256000,0.1925,2.4425,-1.1720540051399158,0.6803990321651116,-0.1212013797259392,0.8995148239096632,-0.3704824815006741,1.010286128990146,-0.8283885407494559,-0.8742646991519882,0.4174600469834042,1.7228275419955654,0.7446560904760218,-1.1063632691323737,0.7203326393070622,1.2017551671007847,0.7614099351371864,-1.649383027442663,0.5441676647820489,4.611667583636735,0.8527190369823467,-0.22171101445423091,-0.27815029953472903,1.9175006611173098,-1.0199683288578345,-0.6317425751688511,-2.480133761172229,1.1766670940053763,2.2852322570673453,0.6552080111982542,-0.8132436251117808,-0.03350436247247969,0.9769512778774576,-0.7832649418156379,0.3940440281643182,0.9034621040880408,-0.71066267768712,-0.8350143463656262,0.01685530702850977,-0.14788457923721302,1.0659145759400293,-0.0034460390452621375,0.39739969580237827,0.34099234254653077,0.023391301639596136,1.0820638964324731,1.7671954774800342,-0.44945717550724384,-0.18931626755764203,0.9346282682351778,0.4491724151181822,-0.2626305579732947,-1.4881576830290497,-0.0946514762487841,-0.525283318776647,-2.2194877616624358,-1.7191448972106609,0.6764336649715453,2.3167554848962926,2.4352916535335227,0.9922544353418474,-0.0669766998592883,-0.416834993233141,-0.7298420675630286,0.24254702199534847,0.5309128296851915,0.1715112056289596,-1.0652471330766211,3.3579594113048445,0.45578510278820855,0.43974258277345013,-0.3400203419360878,1.36686481573873,0.053850416324847106,1.5022164027299354,-0.3881109203219523,-0.0621751428873399,1.2069072605820905,0.04775137410779495,1.11378993371325,1.0370351056893035,0.796567262526584,-2.0924532304884385,2.4445241545205993,-0.10987858843947138,0.7066161474699607,0.14976972430557162,-0.4432590137475611,-0.5812991945845916,0.41453271562832467,0.783623373668351,0.06490680883390076,-0.13967084521977188,0.9261367234046332,3.001355297736254,0.43811388665968365,1.0764528764423582,0.3765619286363451,-0.9276350220227262,-1.8560468830323156,-0.15488843136196978,0.7626359533207706,-1.4330561724522572,-0.6922438011144667,-0.6029064240513181,-0.26282442906917264,0.23889779430301142,0.2880628295153537,-1.288231228823856,-0.3140581287670206,-1.03367599687448,-1.977445285810891,0.8877620541202669,0.6850660674370167
2009-01-01,134078,142152,2738,7.8,107690205.30488767,-14.3,-26.5,-18.2,-31.1,-27.2,88.3712,171477.050892087,500473.282789304,1625982.058611225,199876.28819176464,1104311.753756753,155609,11176.283651881782,336,490,1106708.8119126526,545,142845.14459526943,187498.29754392334,113,116.6,211.933,217.346,88.108,87.882,12361.5,47.37367775911381,59.52302282480214,9.786,107.1220913079612,2860000,0.14400000000000002,2.466,-1.0224554636405956,0.23879572168483157,-0.9428330447786519,-1.1383565138869363,-1.197235014665154,-0.5670355473047737,-0.1114670119211666,-1.2598431472750977,-0.37519378653241725,-0.7992819166094349,0.9926692892585032,-0.8296704324120571,0.6303103841189993,0.18168924211872917,-0.4929303768234758,-1.8696451976944861,-0.6245852929624615,1.085891065341713,-0.8472984863129446,-0.31608890987149,-1.243855599851989,1.1231684798338368,-1.058936700838284,-0.5110128003152559,-0.9849391009246007,-0.7614518351657912,-0.7278530208969076,-0.3778782783754352,-0.8810803915774934,-1.7008975708317862,-0.38578789651514456,-1.0407194665945965,-0.6413917265871301,0.6706529909371354,-0.9424761501008188,-1.6404115078636168,-0.6749595039076267,-0.7960509231953496,-1.282499627137239,-0.8505664436326702,-1.0455018056292946,-0.3782879141307874,-1.392003941301591,0.6766011686706292,1.910515666587278,-0.8251384409720669,-0.6905094715334043,1.4752081643466228,-0.7253752697448055,-1.4763455429536756,-1.6411170918671993,0.008943172198068705,-0.5449759701040227,-1.0348466373950616,-1.3893772225841199,0.4636643238511206,0.07959700563437372,2.289997011297167,1.048671126105731,-0.43740617340165866,-0.5418664448279612,-0.3782164624902244,-0.7274987125618452,0.5786208100489957,-0.3381907505049999,-1.3183461607174636,1.6073712807403782,-0.46883058873618777,-0.5629907696141924,-0.37215505993384024,-0.27789255229549015,-0.860773209699063,-0.980196191961993,-1.3183631857977274,-0.6214243340553965,-0.6371265592112338,0.1352829798707894,0.07623469180439846,0.0032471601241239375,-0.626136321004958,-1.3885591916758673,1.440531988008084,-0.5685163351022737,0.5837532527404405,-0.23272651870212366,-0.671412672424197,-0.3523268288464051,-0.8556687180618039,0.0393308571953502,-1.0193265283435882,-0.8059023214743817,0.6616598408133586,2.6352760376546964,-0.8995674334921893,-0.3178213762348636,-0.0352733337782904,-0.47523854541602495,-1.011496782753339,-0.037364527418816754,-1.2844895825187086,-0.6716049980139265,-0.7089314602283558,-1.1109723171524453,-0.4358321018054912,-0.17323347939912892,-0.19849480485491558,-0.8004501838773784,-0.16337344889176025,0.017167509246476243,-0.20268379101966602,-0.435871087847878,1.1154008352234714
2009-02-01,133317,141640,2864,8.3,107539138.09208067,-14.3,-34.1,-12.6,-39.6,-28,87.843,168619.85362427207,490408.5378288355,1598531.4455064938,199180.8850520019,1075746.0403779484,154381,11130.559898488658,372,582,1100885.9583531597,558,144894.97654816124,177498.69712006886,113,116.3,212.705,217.792,88.266,87.952,12241.9,44.36589400222055,55.5816278972659,9.223,106.53191028160019,2576000,0.2225,2.865,-0.9760054100686886,0.04000038150930742,-0.31157243172627436,-0.5691059858038982,-0.8850049232799078,-0.5911437801233193,-0.0846867111516976,-1.0610682103356441,-0.8090686482461392,-0.9289961152565529,0.8390741193181347,-0.9242655170266786,-0.04215477095901157,0.10608609479908096,-0.5196822579429037,-1.8512488556355566,-2.0582826997434807,0.8797636512748844,-0.6312610340088862,-0.140888053026546,-1.1764550698998426,0.06771391133435742,-1.0076720094933167,0.13305292257032894,-1.0855148735093718,-1.3590582880793192,-2.09944755755356,-0.9797283933661868,-0.18019640466684084,-2.0657836321726193,-1.173035671634982,-0.7311036166962643,-0.8658867278688188,0.5438363100096714,-0.6059275898879669,-1.9124655865796787,-1.1345160137591146,-0.2845542291160279,-1.9106603338872996,-0.9740888588798519,-1.6936916932684696,-1.1906874671206724,-1.1836695893663314,-0.7095554225744187,0.7602737341932764,-1.38785089554667,-0.08873591150025704,0.6891495421672745,-0.9469435904488297,-1.8484449319079608,-1.9089113138945917,-0.43309250892502404,-1.1042856985080864,-1.0948855557032533,-1.2546232987293304,0.015102231570418227,-0.9903630219296125,1.8979270397961348,0.38571763635558554,-0.4275678108574583,-0.8811483232420749,-0.6800502051946675,-0.5830213808800698,0.4262724805550441,-0.3288525221715635,-0.20903383006268061,0.46473985610383084,-0.25492480746537016,-0.9630688861471204,-0.09733945148367124,-1.0645970915375218,-0.655563640379319,0.15758013213023736,-1.7192192626654166,-1.3992287854508798,-1.2017166616777888,0.4951261475599661,-0.07432434494325181,-0.5497084874184521,-0.5652092469399643,-1.448379110436555,1.4461317225340693,-1.1697140447433574,0.26447660338444556,-0.9531856567608918,-0.8078227217392769,-0.3277983112541689,-1.4565817115526454,-0.41186335124187623,-0.900111910988302,-0.9130206132152392,0.8225783135453408,2.362345132509945,-1.3091585019432146,-0.7245459033526997,-0.7782878784331771,-0.6012898976125383,-0.9511531965261031,-0.16909439746595908,-1.564984494869679,-0.7792789170128294,-0.7578296618835343,-1.3003581679855176,-0.9069949500861524,-0.059968178718410134,0.006900774428264644,-0.7308154478599216,-0.5683289952384956,-0.411519141519252,0.21413554960135867,-1.1034079157097647,0.06838312067020974
2009-03-01,132492,140707,2534,8.7,107393839.31172486,-14.3,-33.7,-12.4,-34.4,-30.2,86.4689,165957.4226769046,481787.2494867811,1577541.7200834139,195201.261214259,1051901.4619650897,151831,11084.621579013034,339,505,1093120.0308498451,513,143449.51173314886,177692.83988703514,113.6,115.5,212.495,218.253,88.169,88.015,12242.7,54.41821955562612,56.74104818712098,9.748,105.8464887184173,2637000,0.1875,2.8275,-1.194379801079088,-0.25095899956663986,-0.19180225465398607,0.5434814976525686,-0.775595163770602,-0.3289797188655123,-0.9961516417438783,-1.0382149960055254,-0.6872551753305784,-1.2269134008516547,-0.39423522056773075,-1.2778843427302304,0.4955760718771092,-0.3853333451200398,0.21285956597361755,-1.8791853298664394,-2.3345385732332566,1.285042273973394,-0.6920148971773906,-0.5618124676471804,-1.2051456858891407,-1.0112202175575447,-1.1495349624114337,1.7156930106323665,-1.0584264853444096,-1.8607712600971453,-2.5939470014041164,-1.7117492777161454,-0.0797679534674165,-1.5642985472772428,-1.8722812106394167,-0.7470069212443288,-0.5663707222237097,0.46506365553913953,-1.0096525759903363,-1.7846980223521622,-0.9402138441618801,-1.0537350908781322,-1.7972506857625348,-0.5984922472931244,-1.4740999317619963,-0.8553919422362501,-0.9027945469169987,-1.1499444034667627,-0.10381841266855768,-0.43082122935153166,-0.190486337909472,-0.01455400429924844,-0.7109584434979866,-1.7203978286664148,-1.4572800357379672,-0.44296052606932435,-0.02842802262418437,-1.0842758459290802,-1.7039237434355092,-0.1144842767791836,-0.978348410253237,2.2076951574957473,-0.36197992254468375,-0.5948788693157296,-0.7924253394553802,-0.6355257483797564,-0.2611191065008462,0.49726458106205323,-0.6694544873437424,0.1162472463551607,0.9574756715781709,0.0351662759909918,-1.011306206491284,0.989467408287263,-1.7602329839356705,-0.5210774195727947,-1.1734112651858382,-1.7653256387393803,-1.3477538719778634,-0.7349078797399459,0.310933276406367,0.46428873683747,-1.0730557918027666,-0.9525301443638232,-1.4790396627742848,1.5335640016547294,-1.5178771400898,-0.014045393801428885,-0.5368054565323293,-0.9169174017746744,-0.21527065968828396,-1.5511477042052793,-0.918979487836135,-0.7172365120149531,-1.0107906989104745,0.3283264072664158,2.096713427286401,-1.3115059950056418,-0.7725778398160215,-0.6762545199518197,-0.5314195709797701,-1.3888969309253847,0.015925507230532692,-1.8537144491359387,-1.065918192275829,-0.5288726172618274,-0.9960179516328133,-0.8080657855961464,-0.0373335754247447,-0.5744716761683719,-0.8627876728857629,-0.4531114677369353,-0.31580090891989293,-0.1257807057962263,-1.533427869280203,-0.42824692658305163
2009-04-01,131821,140656,2295,9,107256699.06364374,1.3,-19.4,-5.6,-25.2,-20.7,85.7903,167016.25233591936,473876.21043094166,1555838.5744794102,188917.8322668328,1033168.3560790533,152473,11068.010646129453,337,478,1056098.3068123902,521,141936.68950676708,176449.40257092702,114.8,116.1,212.709,218.706,88.295,88.211,12320,56.390509088849875,64.63896485378764,9.379,106.12887366815121,2511000,0.1475,2.88,-0.9089334277408466,-0.5750815949371574,-0.8572361978598922,-0.43828493190597567,-0.4676222914141404,-0.4342315401898442,-0.6092381296768965,-0.8101889261746652,-0.8583621661736973,-0.8185727629115016,-0.40385787104601883,-1.0484655261022402,-0.35052587369325433,-0.6592508359657684,-0.3846181250051557,-1.983867435883125,-2.184105307225684,1.4323133339001577,-1.0951578186505748,-1.253888010514775,-1.0107156998248161,-0.8162049492084209,-1.1883006258952062,1.3562079981791961,-0.5800810769638498,-1.611738705156485,-2.54493238979506,-2.163977592209926,-0.22480570548803802,-1.6142065445309703,-1.2690251604472667,-0.917927918126213,-0.11621025156661444,-0.5850251747319426,-0.9165933568712294,-1.280756877533808,-1.0826911697977475,-1.011891122360709,-2.0478157118553098,-0.39918393008355524,-1.1314340960040494,-0.6484633699262154,-0.2947414900983857,-1.4265461297020705,-0.25205236083332466,-1.159863353697989,-0.509104028721053,-0.4202351663449865,-0.5983600854072383,-1.164960775802493,-1.6960857438641437,-0.3888346558826442,-0.459074356715827,-1.1547229299297639,-1.4924592202257172,-0.01472689057393152,-0.7481548461346437,2.0294172446530854,-0.10706855032188135,-0.7744250978678364,-0.5072279452688456,-0.5142987209626534,-0.651480620011508,0.5228097234502689,-0.27256419310394714,-0.04700843551943306,0.3852259222627878,0.17863071568205788,-1.2528333229817732,-0.25924074494052884,-2.612847845814822,-0.4384999632291831,1.1854242880641364,-2.3072113337029343,-1.0078375893978073,-1.288194535151633,2.068297456423475,-0.22106437571093596,-0.6103751491527676,-0.44963600418748845,-1.244928721286617,1.1369721549618597,-1.1687066941921,-0.17827036266311003,-0.9451713576058534,-0.9964695122241276,-0.23845533796093912,-1.5415021549985477,-0.3968436224522757,-0.9722602480110175,-1.478334335702949,-0.02166989770467858,0.9636579713920299,-0.37626363268236385,-0.4010906319917535,-0.7622264282997286,-0.042895355964791236,-0.36692771935296914,0.05154928154064795,-1.3622633930968502,-1.1686416971157456,-0.660608844273742,-1.0437075333309997,-0.41327342272046463,-0.0692467537237412,-1.333283882745429,-0.9581231903788211,0.02244348383751893,-0.2508162393688506,0.39355351103135455,-1.3865045141906478,-0.31471533293717996
2009-05-01,131468,140248,2549,9.4,107144270.87782706,1.3,-5.9,-13.6,-22.4,-18,84.9436,168865.33087444986,467432.9935397739,1538734.961746273,185458.2687499293,1020002.9416090602,153510,11078.09972054714,376,540,1040899.6798171676,556,144073.22343783587,173307.16055528529,116.8,116.6,213.022,218.904,88.387,88.279,12500.1,66.93291999954744,68.38461702770068,10.176,105.77200119076637,3060000,0.17600000000000002,3.27,-1.4562584207645854,-1.1663411872531515,-1.1892161120572335,-0.7617698345529739,-1.017574548962649,-1.1247258965080107,-0.7414768775842221,-0.8911178288569179,-1.4673375658911842,-0.6766505206674004,-1.0553647148535295,-1.2743779436310971,-0.2699780950687068,-1.1216241781514977,-0.2674698436905469,-2.447460679005387,-1.9997936930621583,2.3229402240890815,-1.2800004813392736,-2.4213473919884647,-1.440724203957717,-0.9658622761914074,-1.6935210982518332,-0.164597362128747,-1.2181454095290887,-2.598752246842684,-2.537278378302213,-2.404191191649507,-0.43279180466982864,-1.935178185649377,-2.633446928603799,-1.2031808557103505,-0.7167159319386502,-0.9769102823846233,-0.9274332774533764,-2.2187938939199974,-0.6554024980181671,-1.636307039970196,-2.3601910148188563,-0.9847904774883991,-1.8236507324368103,-0.9981686710706655,-1.0352278902188743,-1.4218684328469136,-0.04240078054687983,-1.280049429798457,-0.9124043621889476,-1.5904810066417456,-0.9468098351850899,-1.7361334850204675,-1.7331774989676265,-0.9923994363331361,-1.1562566961270793,-1.559007643435954,-1.5025986744014324,-0.30944185804869073,-0.6882625326748103,0.4766084188700308,-1.2733806545635695,-1.3653364084650688,-0.8684944684717186,-0.8068271189555886,-0.8814151137878373,-0.5499708275557721,-0.41218814002458576,-0.0013724529631546243,0.28784203286858023,-0.4326414409909628,-2.1926324894210234,-0.5568138910779044,-3.4628742738437253,-1.1443045828671283,-1.0706048746080983,-2.1564135825697255,-1.517113366811322,-1.5726707192147742,0.9671493531228572,-0.7455900926689221,-1.1699413107436076,-0.8076641126754052,-1.7539577182539217,1.0952083303987428,-1.8885038757686365,-0.7491327176470045,-0.8357325348750623,-1.0414046109968764,-0.36975914148385924,-2.15329307668281,-0.6269319383216924,-2.184715945182071,-1.940278576391423,-1.1312969450230006,-0.4222814683354539,-0.4715605853095825,-0.7362140903967124,-1.1253050476625872,-0.6702642768760617,-1.280363462605461,-0.2770570910148183,-0.8592625905102009,-0.8840595047891754,-1.1373032472716604,-1.1644225780590662,-1.36398900180501,-0.22328790969525425,-1.5256399299191465,-1.5709907175198945,-0.8045111793492238,-0.429547442680803,-0.13394375982433512,-1.3285440584133632,-1.1919965242885877
2009-06-01,131007,140009,2503,9.5,107075405.70857204,1.3,-9.7,-10.3,0.2,-16.6,84.6746,165369.1290264531,458666.9965808889,1516195.7466993714,184050.52186431526,999378.0367104551,154675,11081.068922080258,393,585,1026329.4043548676,601,145982.54453842,176520.60464279287,120,117.8,214.79,219.112,88.912,88.392,12273.2,78.36962389778658,70.0888742740775,10.149,106.51379684225672,2393000,0.20750000000000002,3.7425,-1.8543725363810515,-0.9208793192354292,-1.5988489839588662,-0.8129017753730656,-1.4140100281550434,-1.3717888988760008,-0.8746579377297962,-0.803614175067638,-1.3758323494734974,-1.910669858880294,-0.7982575592201797,-1.2785708324277243,-0.23703150025643854,-1.8165038791411598,-1.0272077285798975,-1.8566858113668947,-2.268999487150797,1.468334971854345,-1.1154968621874126,-3.0080590393350426,-1.7031195209387393,-1.3159692647174093,-1.399197156522231,-0.14277893506937803,-1.4717664843713978,-1.7543585512356292,-1.8907969223731307,-3.301909239432997,-0.6853132315774417,-1.9806498505163115,-3.013546007585639,-1.4820575605078785,-0.7631579127084434,-1.7615012027295374,-0.9139156634607626,-2.227387988902513,-0.764062244018034,-2.1644001851193617,-2.4206564371609325,-1.2703032743936573,-1.4121185808546883,-1.7873562635291873,-1.2488976067990007,-1.0712157368632975,-0.779213762950444,-1.2241181130670646,-1.270470265845828,-1.1490080130273586,-1.616982545201541,-1.695360230896472,-0.9827530751426254,-1.317826292659301,-1.707675691466287,-1.9109614688361352,-1.6039300838111057,-0.38645408923063906,-0.8982617944200216,-0.13666274485224295,-1.2679568577097569,-1.4862969296652824,-1.3757052358917132,-1.0407592174638296,-0.5224739985139671,-1.6306496663969559,-0.8174669570285054,-0.3583978595422198,0.0972116191130584,-0.8505830483150061,-2.7831741395861567,-0.9724229563878302,-3.542854012633721,-1.2755904270402676,-1.7875057201482574,-3.035714262009554,-1.6104109927959787,-1.6105737173015768,0.6241507515953384,-1.8696517795140115,-1.432142588701145,-1.0112739257887233,-1.1398520613199223,1.0787409340329155,-2.5529665135728603,-0.839576417660524,-0.7720977771643862,-0.17620468807089662,0.012713414950559866,-3.223592823407499,-0.4749124849828503,-1.8164251369966518,-1.7989930371072806,-1.4421960905791225,-0.6928278782955283,-1.0183682829625496,-1.6735699438526686,-0.9642090096042083,-0.7049396689560992,-1.7860654810526948,-0.7316974301006041,-0.397251121781874,0.9114957033534455,-1.1654779759469556,-1.7810178215612087,-1.427173523865635,-0.16760227902558184,-2.2550787711140687,-1.9233842040951556,-1.3323045655124948,-0.41253083061705,0.050873819706626716,-2.1338674368303994,-0.2975668993780536
2009-07-01,130662,139901,2232,9.5,107062359.31134604,-3.1,0,-14.6,-6.6,-11,85.6853,172837.99284766425,451673.3766671915,1502524.0587967394,188064.8208542318,988844.1555520569,155393,11117.946065090753,411,594,1024985.9427363308,595,148307.5054542183,185763.92793684354,119.3,117.4,214.726,219.263,88.922,88.468,12218.7,72.07440228514879,65.84732131385549,11.566,107.50844293811339,2266000,0.158,3.558,-2.8986293815256228,-0.5608738324273242,-1.9320359331732815,-1.749733236668968,-1.8008755540003336,-2.114457646714577,-1.3778275622217322,-1.2306346715359415,-1.5233588319146634,-1.6255447941546162,-1.389700283270674,-1.2388439127267048,-1.12048125584722,-1.9891146076649016,-0.870233374087271,-2.9631828070179043,-2.512429680824307,0.32004509999371267,-1.1739769471732846,-2.9721486989519788,-1.1452802127166777,-1.6971502522022242,-1.6154269205081069,-0.6439451149753075,-1.372761463540833,-1.3567869539103894,-1.9818226678108308,-3.2958266011235713,-0.4137783819474995,-1.8231095951037433,-2.5616914446293215,-2.0954048221752077,-1.5345888926080071,-2.021843112362385,-1.7189833250746385,-2.319251078767313,-1.154342422600282,-2.1716383445163334,-2.2776773967767814,-1.6268570422820756,-1.360539859456821,-1.1418079623479773,-1.488176382393389,-1.7678059428350879,-0.6986122851676114,-1.1149580833554564,-0.8972582131768281,-1.1045760316543172,-1.7701591338985536,-1.9649633097493067,-1.1730923763472154,-1.6389738451013842,-2.557323406899403,-2.0322219831391677,-2.1715076737304195,-0.8664112896054919,3.2251344226226126,-0.6622815589452059,-2.0281170776247146,-1.7136547763801466,-1.2011381746577379,-1.6147159463046705,-0.880872919900897,-1.8147596974995996,-1.3875833017516812,-0.5194394921804509,-0.3111842627422946,-1.4862592037993667,-3.136623125678892,-0.8537065190530079,-3.160557361276935,-1.787054601169897,-2.9095054265967386,-4.207359939664692,-2.2005634627203166,-1.5685131118349747,0.04045493756520767,-1.065314510758177,-0.9865494299904934,-1.6396876342127948,-1.4216195388079267,0.7156379711589517,-2.1817766216579195,-1.4792037830520186,-0.8493789679732653,-1.095926021367507,-0.1653960124964896,-2.5230409909050437,-1.2792559355799806,-1.976566266426044,-2.658160486051071,-0.5507686130854272,-1.1579079429896963,-1.2205886860943613,-2.460127626850548,-0.9137002280464982,-0.9051074599121859,-1.9001056658959614,-1.3349736873468951,0.24585422503454868,1.2684566036299836,-1.3187928641903601,-2.2186977361245184,-1.4422815383589396,-0.33497938588286225,-2.1244919293579407,-1.9836655548488533,-1.0898575778074455,-0.4581935095478343,0.07893568668379396,-1.879742537771179,-1.1754904284851684
2009-08-01,130472,139492,2338,9.6,106934672.0147089,-3.1,12.6,-10.6,8.9,-5.1,86.6393,176596.7705763624,444813.859609778,1477700.2423626308,188905.58421170665,978295.5819690513,157621,11217.87396277192,418,586,1009320.4754429243,616,148649.92150706434,184166.85355460862,121.1,118.1,215.445,219.496,89.18,88.599,12194.8,79.68154294684908,66.47888159754343,14.754,107.32898616429432,2796000,0.16,3.5949999999999998,-2.9176151764572795,-0.8427808292360308,-1.9789148332769197,-1.5585621877313294,-1.9939572740711724,-1.2634126272519062,-1.1115101792294482,-1.4486906970940996,-1.3295150790357488,-0.8840189105945329,-0.8973655173651574,-1.4101542968560077,-1.2985092629050177,-1.992742127281498,-0.8690827195900442,-3.057978729901801,-2.8690709830196757,0.036670461067192676,-0.9067019004890456,-2.5902168205449807,-0.8838735052344132,-1.992705589866836,-2.1509941037769984,-0.7692249530018707,-1.5270779071550296,-0.027860099325123767,-1.9612766897683156,-2.5914815920984715,-0.6061217161184665,-1.7466325617256178,-1.8689070720582266,-1.9588630457036074,-1.1963738112394557,-1.5074052157683926,-1.3133850192570307,-2.010709774493608,-1.2437426688936075,-1.8001462400165025,-2.662179559287062,-1.0869496298425763,-1.7702939995469975,-1.7608123697099816,-1.177335140866903,-1.9964721979313718,0.388818325368699,-1.608186469872209,-0.276667427573019,-1.2297653794801517,-1.6638440524499152,-2.0616407635779805,-1.3074551796314182,-1.1487333062988594,-2.0902081337263,-2.09386487015063,-1.2769055249142776,-1.2004860900863799,-0.3558340093166204,-1.1262248087762794,-0.7004851262845028,-1.943259000388029,-0.9216525047045765,-1.435090897809778,-0.5071337111739112,-1.4778485751487271,-1.1266159540613516,-0.6061422756696667,-0.9523433706326194,-0.3020249492369416,-2.5130618338452857,-0.01446988932449204,-2.9493689714551636,-1.9135233223876116,-2.01698250889151,-4.7460618800415135,-2.251136763251905,-1.4885803685763588,0.30492521439941805,-1.1420151642387584,-1.0784012379977916,-1.5306730557623367,-1.7048140026546228,0.9683280527261886,-2.1739083604878475,-1.0451083603431377,-1.1787932706487327,-0.9319637964774405,-0.22748620914232898,-2.122220455906725,-1.1458171996657962,-1.1635132154018277,-2.6884153467697276,-1.4734592251644505,-1.4614898991862908,-0.8242157054801926,-1.9639125949908554,-0.44958889189821255,-0.9300217286682214,-1.8619880051268498,-1.2456695492661503,-1.756405049354544,1.112426963107064,-1.0039357484574885,-2.242697984622143,-1.938784808865139,-0.4118203346510132,-2.359297552327182,-1.618112076017356,-1.4358970410555356,-0.4006336354687328,-0.08445698754334632,-1.5098842045645944,-0.995715856874375
2009-09-01,130247,138818,2487,9.8,107014851.01416989,-3.1,20.9,1.2,15.2,-8.3,87.3821,176930.05239353364,438929.0672159778,1468897.6653910968,194374.41225202632,963786.8881823475,153338,11114.370158076217,386,585,993283.9998208769,609,153426.8505664771,192886.57023868166,121.3,117.9,215.861,219.92,89.324,88.755,12230.6,77.76185571626885,74.00175393796896,9.535,107.66475778350504,2190000,0.1525,3.4175,-1.9758771720655235,-1.7411161216210858,-1.673998025067213,-1.5113233404609387,-1.9421277493015427,-0.9454041420181675,-1.0042096411911996,-1.570735662284104,-1.5517327765181055,-1.420584773261989,-1.5435676038496382,-1.520892951304627,-1.603865002786813,-2.533755441203354,-0.7757484561758269,-3.4905950433749204,-2.8702792145796625,-0.5213743989298598,-1.5486885225091995,-2.3624812905872,-1.647375686369052,-2.2172936369112914,-1.7393121325861225,-0.9588482872406177,-1.7879896235374542,-3.0229841581153845,-2.3956386068412594,-2.332577117615676,-0.9704248101851922,-2.1401453169416293,-2.273990889174462,-1.39180366478014,-1.007937174032166,-1.437328077708605,-1.2909843273089179,-2.3540205738221163,-1.0274190903407332,-1.2697258055774228,-3.2689480297657023,-1.0089848256218217,-2.3691426028873495,-2.230973171301386,-1.057751356499516,-2.0392607313985427,-0.8576214445046042,-1.6709723045694553,-0.12156954786643666,-1.1761044633457867,-2.022785080077865,-1.591589355765331,-1.453745245080105,-1.0484263740047624,-2.9403552138952627,-1.950268694712226,-1.4536675330547872,-1.2969325975013906,-1.4031953985865697,-1.1644715156170626,-2.6031997299791487,-1.4962356697505086,-0.9291313101580413,-1.8944038509665566,-1.4830882282840085,-1.7725072366111774,-0.8644606493267242,-0.46972291275295985,-1.5378759485178335,-0.09742627656085812,-2.110567695453923,0.28465062390002016,-2.8618347823939985,-2.4955842309494667,-2.0438977783225374,-3.647923783665803,-2.331321518331656,-1.031325960141634,0.23636598977453765,-1.2648457463798708,-1.524974386830832,-1.415773053636706,-1.9567143722293376,0.9212746068172499,-1.9528906958145835,-1.006184650259277,-2.1325506755954775,-0.5277042793083996,-0.1625010145374473,-3.955908192170477,-1.0976880712415986,-1.4488215003942355,-2.7970937815563977,-1.7132024747841281,-2.04733768711252,-2.4881680300010993,-2.3096896703003913,-0.7505210439080807,-1.0505902930226128,-1.9355288141945322,-1.2541946039414826,-2.3516057751102992,-0.04576105743807135,-0.7997645992611756,-1.6532834645026218,-2.0479375980451855,-0.3143934682698299,-2.569251945111893,-1.5507778560673096,-1.0446995114686743,-0.1937552092473291,-0.3653311254466992,-1.3647334692191802,-1.9152949805572523
2009-10-01,130062,138432,2406,10,106914181.96024951,-3.5,32.9,3.9,12.6,-7.7,87.5809,179669.42886140326,438914.6024558625,1465940.4531554058,193569.25376130623,951100.2308644593,154541,11126.886229548421,396,534,971851.2652933763,583,157317.95723988715,196307.28394097902,122.3,117.9,216.509,220.501,89.663,89.082,12193.2,84.56107870582068,72.01168301598314,10.576,106.82880711601275,2627000,0.12,3.382,-1.657675996732744,-1.5711965826834327,-1.4668982486471736,-2.1718908528347534,-1.9733605328041355,-1.1252070574646167,-0.6578851043806988,-1.4169956904303438,-1.5886946808141933,-1.5170070492770544,-1.7334908401804898,-1.6635980395243983,-1.9783447723844705,-1.6902863324956565,-0.8776763380605789,-3.615149849013763,-2.433851450179869,-1.0536263606384852,-1.7669215416518538,-1.6869281841775943,-1.7397058142859718,-2.5622649793861716,-1.4120138490248877,-0.8720131125934135,-1.613531940813786,-2.6294647951910233,-2.29801344056404,-2.056780846880959,-0.6535077512374826,-1.835379662680239,-1.7853251671050538,-0.8982137272153837,-1.2886855514663615,-1.4315474896907183,-1.687494728436708,-2.035115408473193,-1.064330419478357,-1.2895170072835165,-3.1794704528451483,-1.0998611407203274,-1.851082477467053,-2.3093183083184607,-0.3118571934495026,-1.8888270506271667,-0.8591361543771125,-1.8964636139251314,-1.3892919334300162,-0.7102061195290381,-2.281357871784033,-1.665123077870422,-1.0057759408525215,-0.6892040221096757,-2.3655916624913504,-2.004045901722092,-1.5380974383236383,-1.156664325208401,-1.9278517053792692,-0.9578079347344562,-2.0195889123867667,-1.2846299131950412,-1.3369006367348184,-2.3900114438271065,-1.5612724280959618,-1.7210365765130962,-0.760790463608472,-0.24777115831917734,-1.3679042479089611,-0.05824555771191584,-1.6665443497017856,-0.0831737524901196,-2.828626795497119,-1.7303319077180017,-2.7772611954379336,-2.567575771266418,-1.8601909096015978,-0.8928877014574432,0.03766864731671081,-1.2783269684412542,-1.754251684214651,-2.068055475323031,-1.8760239947624724,1.12515047130809,-1.5790105016856684,-0.8392060752277994,-1.60049675235154,-0.6400198343989203,-0.3787086967482549,-3.3053020290138355,-1.5401942126423631,-0.7176933310070858,-2.8984565996302685,-1.8912267955529924,-1.3592406409278288,-2.087888119167552,-1.9348263522111495,-0.8563690166474958,-0.9668513749878035,-1.882100172797963,-1.213772491385641,-1.3423631811923418,-0.9716381415104319,-0.8986459596046449,-1.0884040269948603,-1.7009943978879691,-0.38676738077955225,-2.509673124243874,-1.8698809412976776,-1.024806056454436,0.24462091926552276,-0.4390675497989507,-1.475842354202686,-1.9557587876186915
2009-11-01,130058,138659,2503,9.9,106921228.37910827,-3.5,25.7,-2.6,15.4,-10,87.9388,178467.40908028968,444569.29255620943,1471326.5133852449,197278.80561148998,934689.1096599064,155280,11109.170402839121,375,588,955080.2674469056,623,158059.5636743912,200758.73040595412,124.1,118.9,217.234,220.666,89.887,89.16,12224.4,86.86461891040973,68.84313152045432,11.041,106.7350211117996,1976000,0.1175,3.415,-1.6748538759132094,-1.3669445572169663,-0.33322880921935966,-2.2703920644034477,-1.389755635118897,-1.1600107506008128,-0.3136171166299271,-1.425669918202682,-1.305328616937342,-1.0709248478841018,-1.540112376949239,-2.0075782389356283,-1.6580752415443958,-1.7509205102230603,-0.8316295972223159,-3.6426857948016607,-1.9951359819756245,-1.2098305226651709,-1.4921971749153973,-1.1921424093282837,-1.8527617967932852,-3.2774756344115503,-1.3054681285884948,-1.0400369182945177,-2.516158423534103,-2.4442923523686972,-2.223481378943866,-2.709749283634429,-0.577431150325441,-2.026867965591019,-2.4641548269790308,-1.416381105443335,-1.6175079238208383,-1.006121742948144,-2.0748219017261587,-2.0703713246391184,-1.2132463681513093,-1.7680802950479677,-3.128072757674334,-1.1552837527989157,-1.7328045230036877,-2.12629008512401,0.4457250942266665,-1.960523819595946,-1.08139689144719,-2.2763339715444553,-1.6020966292218393,-1.10725609768487,-2.7512228553652127,-1.8672671753994048,-0.5447769248813473,-1.2361737206103411,-2.3918827745579123,-2.27519109944606,-1.592033060198666,-1.8014609556678414,-2.0064354348470865,-1.0755163826397547,-2.096086428998576,-1.3263850117470741,-1.7802733715114718,-3.0623441120555435,-1.583050769245069,-1.8062631328775154,-1.3176915988991706,-0.25857754968435087,-1.1181155182752114,0.24054682156195348,-2.2652751784837033,-0.49399586768497544,-2.683859802246359,-1.6628649461312228,-2.389035427291349,-2.574834092174015,-1.6306919537900775,-1.4018873407233872,-0.24580165984255936,-1.6508315396504631,-1.3698104597786145,-2.5033657004191356,-2.2702179261546007,1.297752588435919,-1.4085193924416641,-0.823452667445004,-1.0589594202800905,-1.1350052772204355,-0.569139971038129,-2.9100958492660642,-1.2894006360768069,-0.9571312731025559,-2.5368914464844403,-1.8247081512766656,-0.8466620289605684,-1.7798137156425262,-1.3441301278847442,-1.229819171473057,-1.2784810570393508,-2.1120449302671758,-1.0725151379507576,-1.1542824713349844,-0.7827476876922308,-0.8891550400989741,-1.601847339902983,-2.770181489142005,-0.301379765685883,-1.9623247727860218,-2.464390835034079,-1.3759769263455353,-1.9629628975927762,-2.247543787937171,-1.292719021958267,-1.2580056173669152
2009-12-01,129808,138013,2568,9.9,106822507.45526844,-3.5,5.2,-2.6,16.5,0.6,88.2404,178476.5229766842,442628.89291631,1470123.9492451497,200118.96952378837,917387.3403084313,155850,11177.13116667964,352,581,936867.2099978876,664,161754.0777638177,205590.45575334394,124.4,119.7,217.347,220.881,89.939,89.236,12280.2,82.61154782686043,72.95907354943982,11.284,107.04215894038585,1942000,0.125,3.5324999999999998,-1.6800954644663433,-1.5354111552721363,0.14158612713788327,-2.0681051300521,-2.6939727292442632,-1.5790096133659524,-0.25018489124411947,-1.700998541115241,-1.4313487415706247,-1.8307982357912873,-1.6383463665605982,-3.026026041025468,-1.9548728943184839,-2.100405453403598,-1.0931603650682233,-4.472592178736172,-2.16076325380282,-0.9614722053802531,-2.066591839452342,-1.349160200136643,-1.847789705404514,-3.3893869700500114,-1.7712432759478343,-1.275825110652995,-3.43633764015573,-2.433556775966019,-2.2032814152640303,-2.3585200326663887,-0.7946880539757575,-1.515834681965361,-2.386872011462741,-1.8506875843598276,-1.779249626669905,-1.1732613528879279,-2.5966410617663476,-2.779432047131874,-1.216742705773518,-1.7080794500061678,-2.623219697762147,-1.9512397890292101,-1.5832239799231973,-2.077378314870207,-0.4585494111240359,-1.9205027029767487,-1.3781071647992127,-2.5373521325289743,-1.7352171293769827,-2.3824758354207716,-3.31516058566513,-2.2212867960050344,-0.2256668000390867,-1.2161402174712366,-2.347026019225802,-2.80277609718097,-1.5396127351407258,-2.413321402149016,-2.385521168612307,-1.7174854787965779,-1.9366267216505246,-1.8247348009601418,-2.708274996204353,-3.7900147570837732,-2.3828447051594734,-2.0827181789974887,-1.4389209434944261,-0.9431109422979644,-2.190614165388358,-0.5196449006538704,-1.8030773227285612,-1.2173733454524145,-2.6779234262636398,-2.7714181316293436,-1.9646243116851794,-3.2791354571658653,-1.610531522060466,-0.7038051021224387,-2.176015342975976,-2.038090755736625,-1.6612412862941475,-2.4346078949617547,-2.6698803137193634,0.6449232548345666,-1.273168193842335,-1.3917912690731438,-0.9590115944290047,-1.5263929662729225,-0.7044234124527909,-3.0361625909142713,-1.8113503826193955,-0.48642603122954237,-2.5432793291195943,-2.154296749319053,-1.8624737893095589,-2.4332416599590223,-1.3646309983158542,-0.7072284179506445,-1.8978517551065448,-2.6082284047983277,-1.329058903927708,-1.8639583092777385,-0.25946853364785727,-1.1355276669973047,-2.3176091446801577,-2.6109699972213916,-0.06488830159123558,-2.501855439712889,-3.1578183224455327,-1.4556742229942894,-0.20279968784016722,-2.0223560441389234,-1.5575897897559647,-2.241533255977046
2010-01-01,129802,138438,2837,9.8,106884000,-4.2,15.2,6.7,12.9,4.5,89.1897,200825.41936629097,441882.2667968404,1463137.1174682463,203622.304073844,918513.1357060442,155913,11156.585603976215,345,614,912081.7431436941,636,161664.59572202008,203539.0964764356,125.9,120.7,217.488,220.633,90.136,89.368,12285.8,86.77997692375965,72.72302282480214,10.893,106.99968820815664,2399000,0.11,3.75,-1.497972312873417,-1.9026975944004831,-0.9087067202957175,-2.355001724677393,-0.9242502324502331,-2.343000568755253,-0.10289673541991759,-1.5580126671702375,-1.6156543560463983,-1.6584340096510979,-2.225761012410388,-1.6367235045267678,-2.0595046015503016,-1.725643063297982,-1.228539858209661,-3.303481676066227,-2.2214386224872076,-0.680483784293682,-1.7430886891641182,-0.8788548561563273,-1.5985874761029366,-2.2916067059165655,-1.7021118133286621,-1.1014306535824157,-2.136759729340995,-2.3674922515928527,-1.7679783093620904,-2.3204502701759075,-0.37220121275502993,-1.8827321768648944,-2.1857923028647415,-1.5392700266342003,-2.255633456485459,-1.594261936422006,-2.3159897815066652,-2.3578576413107406,-1.1387480837150947,-1.655460424320404,-2.4130826457849097,-1.680706133314792,-1.7267788674946132,-2.2991175897927962,-1.9064050809555273,-2.8119131474489834,-2.4364525286338754,-2.901497566554199,-1.8279909304371467,-2.1760448064075604,-2.8793826264911813,-2.0991328618494443,0.035958388388532755,-1.3140049520909738,-1.8699307250788335,-1.8637148312043164,-1.6602669974997069,-1.2299120320823016,-2.3451388207595056,-2.1276838716846154,-2.3809952622448343,-1.8330232112063338,-1.6882819752229516,-1.836963616811332,-3.1508369229678803,-1.9023790426024085,-1.4595896565389546,-1.2570087539958332,-2.1834380654346313,-0.8651429429713827,-1.5860881901000805,-0.253843377835762,-2.5713063821830535,-2.6596011766642507,-2.8039317663075254,-2.911170007565176,-1.6426988024429625,-2.084921736219621,-1.9180165465720356,-1.1996899099898604,-2.3887150829652426,-1.8958301560095867,-1.9905612661993688,0.4943766869222717,-1.3121175165122747,-0.9486221301558854,-1.189895431904611,-1.4559803348178901,-0.4331525488802064,-3.3861471442127313,-2.207348694658172,-1.1743996604144928,-2.4016462292800496,-2.7410542996998593,-1.077697943877964,-2.4517709830000336,-1.7282304241344255,-0.7906654763160971,-1.0240579234251745,-1.9278090259057452,-1.1357609775883697,-1.4249472256789564,-0.09982092065811413,-1.260009619213622,-1.8577200605170978,-2.1058315467293514,0.34868430797149363,-1.7363914326591992,-2.0991149433625553,-1.0975844974287348,-0.38717583345591067,-0.7274000818713607,-1.9957186092705044,-2.181247411808151
2010-02-01,129705,138581,2666,9.8,106401000,-4.2,21.6,-6.9,14,-3.9,89.5046,200201.92158342025,443579.5593227861,1470857.5739352095,200039.9405329842,923799.0103623493,156286,11198.215989526705,336,604,904081.7005791378,650,162922.98133889542,208969.9780327069,125.8,120.3,217.281,220.731,90.134,89.446,12292,84.78487585150998,72.8816278972659,10.315,106.91549234490368,1943000,0.125,3.6950000000000003,-1.19357705555471,-1.8012228346539114,-1.2825875595651068,-3.0181397073664713,-0.9852236096711509,-2.3264700614822384,-0.3256980135707747,-1.5402853868487136,-1.7809203147381192,-1.6433303411858873,-2.0722891646572763,-1.3330692320810387,-2.3147913040180805,-1.6918902166987988,-1.740082453580004,-2.739024990459855,-3.1153436163920762,-0.749441930358132,-1.3808587189570662,-0.40113093711660813,-1.8494830480425777,-1.4773324877727252,-1.4170533130933514,-1.1949053139674062,-1.5855386095206665,-2.337165697029112,-1.944054080149593,-2.803808305674023,-0.1975463756474631,-1.674473105550127,-2.41082269570888,-1.1364579267257362,-1.2089692827271403,-1.3341507080494837,-1.360718691746813,-2.5750903912824175,-1.3771468141314251,-1.7656018611444406,-2.8991828160700575,-1.1443576524688561,-1.5251631461503004,-2.4551678408979436,-1.5307011429377253,-2.1051420120017657,-1.757337098197816,-2.4219385608468915,-2.340462385252259,-2.690652136320584,-2.301193620381326,-2.0812212621637185,-0.12454882276564738,-1.1530358225999209,-2.0251135653618517,-2.181035996855656,-1.7291536487164372,-1.3767349837502347,-1.8639936302789126,-2.2539262104376045,-2.803350019132888,-1.742216618406598,-0.8961515574893838,-1.520963788865982,-2.7757143656101357,-1.8267771447090257,-1.2931020059640495,-0.7130056291077125,-2.142675448605554,-0.23584530036537846,-2.01156840043619,0.16203490386820316,-2.4474863607706263,-2.0719246926174417,-2.6825852675584905,-2.3575840000734063,-1.0156546490842229,-1.9036898691698698,-1.1788371135088613,-0.8681750339654477,-1.8566603614992476,-2.3054277041619624,-2.0218910036080375,0.5901944831976307,-1.3365807713571987,-1.1333198851118138,-1.6863923276893542,-0.2707775927975758,-0.3908460233986647,-3.040033871787086,-2.308419386743068,-1.2077065633555912,-1.9433444651448426,-1.8327482586943833,-0.9972229364244631,-1.9143733637863272,-2.1320908878565192,-1.0073132904661584,-1.180502285027955,-1.255592623598842,-1.0357523899885537,0.6147112657585059,-0.6652704643290777,-1.0418678086298714,-2.01770342210282,-1.687401546669512,0.4724328474230814,-1.7169586665126644,-1.5941744114891887,-1.1168562599420928,-0.17967912946908515,0.003964087984268665,-2.326529935889092,-2.1696941685737197
2010-03-01,129865,138751,2679,9.9,105935000,-4.2,19.8,2.5,14.2,5.1,90.1356,201801.44248346463,445835.96459157334,1478589.6003593414,203025.67000144027,925216.8710738857,159636,11251.814183312837,381,636,910525.0329599718,687,167381.26100973843,211997.42967616135,126.3,121.2,217.353,220.783,90.261,89.579,12340.3,90.0056502808522,73.04104818712098,11.772,107.52634963783855,1881000,0.165,3.705,-0.9872829281429487,-1.415277676009291,-1.8267008963122628,-2.981688819951655,-0.9477876135741855,-2.210754554894741,-0.7075767948837983,-1.4944403352988727,-1.7743895298624734,-1.7609011040336662,-2.1913797455440998,-1.6156842198967354,-2.149210852309212,-1.858703116229007,-1.1464228606302698,-2.784013300535211,-2.0113531525295962,-0.7301100136866189,-1.108048012615998,-0.669140693116757,-1.7826250964161239,-2.1087598311295164,-1.3143173977586564,-1.6169425476596682,-1.0724004182488975,-2.357762415201888,-2.167319156755031,-2.030395015920186,-0.10629979261244017,-1.5889892796271625,-2.2433385283843745,-1.2151098802766236,-1.1495371401096102,-1.1817551567169304,-1.684918573804719,-2.3387542768230016,-1.6644681562277515,-1.7635352365310184,-2.950337615703286,-1.8641015568175618,-2.151834598377218,-2.640607155682854,-1.0486062982985087,-1.6499205603101261,-1.549295889152854,-2.321469218003793,-1.260811922539648,-1.6218975005930194,-1.7948875872696546,-2.3658810061142117,-0.26876087261018317,-1.105980505790236,-1.6634952456279455,-1.238051713940139,-2.115484511920194,-1.3250249379498982,-1.3662239355965506,-2.0956684009338056,-1.9889248904203833,-2.1508154146717104,-0.9322124309468623,-1.026918327871635,-2.645798141907602,-2.3662625572805855,-1.4800268766685596,-0.8014435476162964,-2.2122261901095985,-0.32634980167952266,-2.015948627939701,0.057226284454921644,-2.4066699086219763,-1.2779968493185456,-1.936486286031567,-2.5256409074485147,-1.284115861415403,-1.977017495786063,-1.3861136113450745,-0.6247769955976386,-1.2505974360801788,-2.4781265703885484,-2.1179896311221036,0.6031775057964278,-1.4221131206183557,-1.388972343587791,-1.1214000170487142,-0.5533435992000297,-0.3774637911883511,-2.208705247835875,-2.3816048429979877,-1.6569637594000075,-1.9865629273079621,-2.113735693134798,-1.477742058140767,-2.0914478152633706,-2.7486007072209597,-1.082774100314115,-0.816439122879445,-0.9532345072164495,-1.1952457042733675,0.6550755528463488,-0.8595078705868119,-0.944406928235592,-1.776105394017949,-1.7291795992243313,0.12513034055542432,-1.7425851420972862,-2.178738797721565,-1.3665997278697912,-0.08279594527961086,0.10124579323098995,-2.584398429440035,-2.0871136226125007
2010-04-01,130120,139297,3153,9.9,106029000,3.5,27.3,2.5,16,1.1,90.4607,202577.78762041856,446929.46517550654,1484434.3586940484,207487.54290776214,925483.3351788283,160931,11274.831137194109,422,687,918684.5310596833,637,166101.2069538257,212049.60690953382,127.7,122.5,217.403,220.822,90.31,89.625,12447.1,93.54445797807553,71.73896485378765,11.454,107.73945539265614,1876000,0.192,3.85,-1.1803659865444684,-1.4986521975158371,-1.2902047747319139,-2.11674206510137,-0.7479670456403242,-2.54411095847937,-1.585547726852834,-1.248915994182548,-0.7842142346376318,-1.4164697867018416,-1.192514999809203,-1.6105491227250592,-1.6944202463394105,-1.7283878935684667,-1.7909419915540723,-2.581772820252109,-2.48731106012303,-0.7628204864874178,-0.8230035901673047,-1.2069090486772196,-1.7399158360483709,-2.100133327511474,-1.6380489249966252,-1.7262673809745197,-1.0592921422172568,-2.5870566372040935,-2.060529060741149,-1.5124222906917888,-0.13058968968003326,-1.0649486206828496,-2.299198061534454,-1.8280269158921327,-0.8523521532925168,-0.9321368287959517,-1.5629960770104703,-2.295667252256744,-1.8621589392532547,-1.565220324139835,-2.7459879846224906,-1.524724725824896,-1.5025419467419538,-2.5541271024898196,-1.1169546688718475,-1.7209057736143794,-1.2724145940050242,-2.689966649210893,-1.5000458682669724,-2.185286928087745,-1.6686971535994293,-1.8635088250688434,0.1515493397353593,-1.1391773247226293,-1.4454696958503095,-1.935907886949029,-2.171774399400858,-1.2881628827075426,-1.0239511688672887,-2.0361207327252764,-2.218899965814394,-2.2156078943718773,-0.8886855142153973,-1.374282283928443,-2.6116783213572026,-1.887779951905461,-1.399381182900716,0.004823900176696011,-2.2621069981097643,-0.04265395593224425,-1.7780112209544927,0.12880235122065645,-1.9051018774598045,-2.1538561757220065,-1.382510295289595,-1.932067836542645,-1.2712241948959166,-1.598536448457849,-0.9516520356213393,-0.8653806553796315,-2.2816361531318705,-2.1356203656564654,-2.281634538497475,0.7277601385270664,-1.4606316973643982,-1.4575369102237685,-1.1931062367420486,-0.34742040412766956,-0.37702263843729933,-2.410366975315377,-2.119068083103612,-2.025862624098637,-1.6660212340649043,-1.6116364970076549,-1.3499252947383966,-2.362785654856532,-2.4995404984630687,-1.583450215227727,-1.0380343963899912,-0.8319895159671382,-1.3109249954214421,-0.7439454919871562,-0.8566793504162685,-1.0252996122631024,-1.6521628540812798,-1.622640432117382,0.26565616633107986,-1.9589215056622398,-2.44342593559122,-1.5416914033106206,-0.408117568372789,0.21607861422345281,-2.607232665400959,-0.6928752645765879
2010-05-01,130643,139241,2988,9.6,106189000,3.5,18.3,-6.6,22.2,0.6,91.7014,210243.637852976,448901.3604312645,1491044.477621712,209610.46724006243,931361.8702885797,159629,11302.759605486002,280,583,911507.7651955413,575,170268.6547338359,216857.6140980086,126.7,123.1,217.29,220.962,90.339,89.724,12540.3,81.73657003066229,73.28461702770068,12.03,107.16348391797189,2297000,0.2,3.42,-1.1908934097708752,-1.2394362787647657,-1.3465611793294954,-1.0522454835284292,-0.4965562320102849,-2.8715103535727464,-1.9317162071830458,-1.200488713773605,-0.7804944468616961,-1.8282231155245547,1.926882813243203,-2.16602315499502,-1.4147897500406785,-1.5712010649177635,-1.7620505693875481,-2.198127615257669,-2.5390238108752237,-0.9147067469307595,-1.517954182368894,-2.31102026933647,-2.0683108361385165,-2.301658230125038,-1.4536141766841646,-1.2196608749081084,-1.4191271686398415,-2.7346381240062643,-2.175265137934622,-2.812756272283619,-0.2434535635440042,-1.3119385843204114,-2.959896867162589,-1.7268004123402447,-0.6637829469124233,-0.6948123260849464,-0.6173539864750196,-2.414215400530044,-1.6538410311936116,-2.2146937372384796,-2.657215859295769,-1.1766118812757265,-1.1504738449030316,-2.296919854236497,-1.1146099252168409,-1.3762441470753808,-0.9872154495859097,-2.295889748956352,-1.5426999378318507,-1.7030009348743318,-1.9574978230604965,-1.4053920445230277,0.1494188237575058,-1.239411435787965,-0.8783008514065418,-1.9109863016325228,-1.6362482131510947,-1.1226339105371714,-1.3649013305269986,-1.6523703342978513,-2.7947758941103142,-2.6455869070322775,-0.562793197424601,-0.9661007836796854,-1.8103704189437144,-1.9454314539618078,-1.2363433270895314,-0.04496730378694172,-2.492351265071943,0.30301373235208345,-1.9450532617317964,-0.27322896676572556,1.3919083020321317,-1.267060031724069,-0.8435636410164988,-1.3614494622335902,-1.3679952617617843,-0.789605578103446,-0.5514116213539337,-1.388417385115496,-1.717906542940068,-2.0608180375946854,-2.1120779374571255,0.5433298618967611,-1.4892135054106046,-1.6307524326953091,-0.8795851157883418,-0.09352487306097783,-0.17814716171115247,-2.17159112332135,-2.4248321281586245,-3.0775455417325084,-1.2301712986768847,-1.6986725715904727,1.2256125935103073,-2.2320722590600073,-2.0527430707112426,-2.126433774980812,-0.5608861840499705,-0.942162302972824,-1.277672064065789,-0.9168716730463538,-0.8468018658463607,-1.116058761529713,-1.1975057098192814,-1.5630338568133373,0.31022039447622374,-1.9306514395797405,-1.7531624444521923,-1.2894740750820326,-0.11646601148170964,0.28842190466145856,-2.8548918183408007,1.617563641256248
2010-06-01,130509,139141,2801,9.4,106258000,3.5,19.9,9.9,15,10,91.9033,205609.01872625996,451517.701908063,1507339.8548248028,209426.2522009723,932341.8345311792,159538,11330.217827045104,305,536,910225.8003787334,587,169794.35443682794,222192.44526638684,125.2,122.2,217.199,221.194,90.301,89.767,12544.3,83.44315123863522,75.2888742740775,11.598,107.34067086607278,1842000,0.1825,3.24,-1.2077512780775463,-1.5028161884183342,-1.6578395987736956,-1.2822574924421841,-1.1478152570623745,-3.7354010779876634,-1.7019374735603061,-1.3006532249848617,-1.32019514474908,-2.643860621791933,0.5097892124803036,-1.6505613247330502,-2.187962574424702,-1.818993470201951,-1.6527556230460718,-1.674664773514527,-3.4685122522918124,-0.8537860559402652,-2.1020972965019795,-2.7068855173713775,-3.3354517656112312,-2.629288849122793,-1.4950948706472946,-1.3766866292140583,-1.8887794612050919,-3.350398198595064,-1.872499985115275,-1.9454267529330576,-0.5841510311165586,-2.0334515410020497,-3.279564917420533,-2.070018883528145,-1.0756563880789818,-1.2607142893026464,-0.8755904133022641,-1.773198178827184,-2.145039263306959,-2.589330611905326,-2.6802927372085827,-1.3435003548778832,-1.6372091811411837,-1.9699865950910707,-1.4237044712910112,-1.5146310768075433,-1.1665024196962936,-2.3370650893983282,-1.4990889788263115,-2.0571427724744837,-2.239307815136949,-1.6722799673224205,0.6977738984635253,-1.7933915379148118,-0.46529329124856456,-2.3197512616073364,-2.136596534566654,-1.2806170676499113,-1.7696681135761767,-1.7862748550942638,-2.8973650944124745,-2.493160127459734,-1.4395856086213,-0.8175735975028624,-2.771045584072904,-2.605955601623976,-1.2808057458098863,-0.16079789367941305,-2.2815562331601877,-0.8598197417517999,-3.5499628522210154,-1.0103408595037509,5.521908332387358,-1.6450094205647388,0.5055906816279492,-2.2315041499370336,-2.131545891158353,-1.729832129567388,-1.7471581106742757,-2.510424838977311,-2.438500483603943,-2.2868687500378715,-1.7298604161731304,1.2626923959945078,-1.807551771732261,-1.8561028191302091,-0.7559052341104476,0.12645088026294873,0.2068175522365011,-1.4748967292252695,-2.826207468670185,-2.5524941296803076,-1.9617992935514326,-1.9957606785773112,-0.8536505278881965,-2.627683343667208,-2.691417895904233,-1.3715127031931291,-0.9666552016206714,-0.9942918288009207,-1.06400655018056,-1.6873506236393911,0.8248697268855877,-1.1887187665385777,-0.37728167396129153,-1.480389983239995,0.23416716970236223,-2.188344107355428,-1.2397460761358972,-1.1668368825497335,-0.15014844811070163,0.15252738958516404,-3.148362645756749,0.7501757486212903
2010-07-01,130415,139179,3082,9.4,106410000,-0.2,5.2,-7.9,7.7,-6.7,92.2549,207468.631746664,456770.4529863462,1521904.0513877678,213826.37367500944,931003.1202283743,159744,11361.282613025294,283,546,884832.5920024784,579,173452.61014848747,219492.57562681183,125.2,122,217.605,221.363,90.378,89.769,12554.2,84.50065281373786,67.64732131385549,11.948,104.78795345949024,2296000,0.178,3.0100000000000002,-1.4297310782053774,-1.195708366226886,-1.358536122890918,-0.5300279488227364,-0.24153498262668932,-2.2402750401341764,-0.37587950338459564,2.227440387387428,-1.3920422476673218,-2.2974860063278935,0.8543822094425167,-0.9719204402056995,-1.3021486917066802,-1.8189515301013242,-1.850261997638478,-0.5556844328186333,-2.0477031243100856,-0.5623541847577413,-1.7017170548375338,-2.2203151118006583,-1.258262910433279,-1.3347368737485756,-0.8035269515992416,-0.5537858672376842,-0.6781925157125882,-2.540334268001598,-1.6460495278817506,-0.21018969564325654,-0.2431144592091403,-1.0294590247370214,-1.5123849282414994,-1.9284184668458773,-1.2441325599369484,-1.1805349365935216,-0.9690417029789892,-1.0155568979606568,-0.8706294133942254,-2.1167308762727903,-1.6222240826397638,-0.3184574868402174,-1.3984584876495487,-1.0149645601533983,-1.1343302396304018,-1.5040350014459436,-0.7814148471086528,-0.7741603526746308,-1.5499742565271362,-1.7760975393623843,-1.7172622455575706,-1.5566386999018478,1.0317752876687112,-2.1971350315278064,-0.26581935249192584,-0.742044572969866,0.4055557564908716,-1.4940820649737776,-1.2740962553497277,-1.2533387806787741,-2.364565771983848,-1.7994811147270329,-0.5031796316389284,-0.9031633752340827,-1.71453444422381,-0.8232318508613978,-1.528617328805481,0.3617678799546171,-1.3031812955132924,-0.7066738696504693,-2.6029201506762223,-0.9217162996237351,0.30898347280941485,-1.9086037722695244,-0.17471240621665884,2.350335479894117,-1.1629608654697143,-2.058337439845584,-1.0370685005951616,-2.317944833320013,-2.3329873757203003,-1.8118166374489229,-1.2838440359150793,2.1018886352259636,-1.1313730826799098,-1.4690492503694088,-0.1637014613012758,2.7170702020161603,0.01513594762572458,-1.8300630405860465,-1.6478003509010355,-2.04851817326911,-0.8944027559891266,-2.105677767187792,-0.8427820505503476,-0.8757445777902808,-1.3840246035581971,-0.8979284675327112,-0.5135155257723945,-0.5397130051481052,-0.5528797934966077,-1.8908304260907784,1.3146404517794006,-0.14657551615262324,-0.7379935182136287,-0.9585792686249975,0.2540676130306936,-0.9480118689920162,-0.25537112926537897,-0.6875905376980648,-0.09807375287381427,0.302149569105936,-1.7217368450205393,0.969234729364012
2010-08-01,130416,139438,2999,9.5,106509000,-0.2,10,0,3.6,-4.7,92.5936,211868.24600561312,462155.5324744205,1531296.6300623128,212920.15646063074,934448.9624538685,160235,11388.809087091999,282,599,886201.4099135931,580,174326.53422023822,224732.05012043932,125.7,123,217.923,221.509,90.502,89.855,12591.4,84.8821020529933,69.67888159754344,12.014,105.19965243190227,1900000,0.1875,2.7175,-2.0670272393488704,-1.4052804843966944,-0.9389384254460561,-1.6698249703066916,-0.6004956088967621,-2.0729128827308525,-0.13871505389783245,2.9373306327294095,-1.7131733800306477,-1.9389208895072259,-0.6043816975038495,-0.5433664178138949,-1.1492362979142419,-1.5617819962479111,-0.5236462017660872,-0.44107459631937146,-1.8972183628595107,-0.13852664610388976,-1.6054385749605924,-1.5646620064421062,-1.2071114300791574,-0.985082091128993,-0.6334742293143095,-0.3141564760805545,-0.3942039121893161,-2.5169881121480517,-1.677358543560435,-0.8139925156641944,-0.16002971793643872,-0.9764878705292253,-1.8784681285990394,-1.4687002484522114,-1.2037312584867215,-1.4386574642872363,-1.1788175655027706,-0.8175555720598728,-0.6910955668569168,-1.8396075915574546,-0.9505722528089579,-0.5969757761380082,-1.073370427980232,-1.2640609935116047,-0.7091348815129249,-1.7360736077567158,-0.42496871501381583,-0.12194225934571884,-1.6189353496583139,-1.698752062942952,-0.9958633280420512,-1.60387293733846,0.5148016334168084,-1.5377964955878438,-0.144580575860608,0.2245433010119035,0.8046875201023294,-1.031151410379787,-1.1420848315723389,-0.9557344514066932,-2.104605216655778,-1.2143842706591852,-0.006829444669410699,-0.6594332152766393,-1.3369392614235869,-0.1519907403789962,-1.416436533579129,0.5942445415571667,-0.7779041307104191,-0.218545740145552,-2.523839928221594,-0.1283037403711868,-1.0304765436073893,-1.2272081621668978,-0.5492094417294194,3.6060088127463827,-0.21522769832063926,-1.3089366221986183,-0.8656161992815543,-2.2967752080998025,-2.251925007835014,-1.3553206499938546,-1.4800040882908316,0.675636732002859,-0.8866054307305329,-1.418002518164724,-0.30716438895243536,2.1608284656024623,0.05107009551440055,-1.961507242326528,-1.4305336869047456,-2.0774580920552603,-0.20585641645344677,-1.7955866867432169,-1.1247903529194043,-1.0377005528448642,-1.5149503104495174,-1.033916617375494,-0.20417572232904807,-0.39490212512835476,-0.2423077984322204,-0.4041575106567586,1.149169089612521,0.13171557444733986,-1.1642014808183732,-1.074533592640988,0.30601180565035047,-0.6574527708364742,-0.3165763796103335,-0.5729944064787593,0.09217943484462775,0.2756985085991554,-1.1815183649371515,0.12357399780329183
2010-09-01,130342,139396,2918,9.5,106685000,-0.2,9.8,-11.9,4.5,-1.8,92.8533,222902.68456375838,468333.84846344055,1547348.718025812,214982.55916637232,947280.1130342636,161346,11399.571706110915,317,594,891610.7382550335,563,175097.13882020488,224035.23489932885,125.7,123.7,218.275,221.711,90.592,89.906,12589.9,83.13096079123984,68.70175393796896,11.922,105.94053718268323,1814000,0.195,2.6625,-0.15731457689713468,-0.85974303929742,-0.6018691619856094,-1.679698025925749,-0.6279959043029082,-1.8734660098124603,-0.2089058828316458,2.6428178820417014,-1.533513005385139,-1.3893498470265269,-1.4212260217409993,-0.5246754029168361,-0.9235757151448614,-1.0511041850536613,-0.09687843319951461,-0.34682966445692454,-1.5735698000207257,-0.5801620497352293,-0.5453999705713799,-1.0165716702917367,-1.1725597678301998,-0.22280254799462684,-0.010395974266797784,-0.22039635796931242,-0.01393303200735066,-1.3425286677758674,-1.736329865642276,-0.5250163366723988,-0.366206215907564,-0.6796758638171075,-1.423000529270105,-1.2539181946929263,-0.7645216341903938,-1.1775822390945716,-1.0732788703892602,-0.6485096656781973,-0.7414740290465679,-1.7907381497905828,-0.355753291194597,-0.5135589098206569,-0.867204176679697,-0.7124568635966251,-0.3693179004475286,-1.4757614169513524,-0.4229425819092105,-0.4120018544635908,-1.3982628176761436,-1.3936445259937882,-0.6252974378955516,-1.518706528545752,0.3067482543241763,-1.7500827453503303,-0.4743506418220924,0.1042968365102721,0.9943480720104783,-0.6094679689213511,-0.9241682059632035,-0.29531796302590185,-1.6846405640060653,-1.0115161585924672,-0.0337334441350711,-0.47761774677684865,-0.6858096396012948,-0.35022834271605674,-1.2799448062793977,0.0945475929781043,-0.23011868957184647,0.010901506556313112,-1.6449855030206384,-0.34300432972219247,-1.3425134941069878,-0.7575893783459371,-0.8780841862843013,2.4744698248796593,0.5964590174443648,-0.7546601835630947,-0.9440068259300641,-1.8735050641890443,-1.3705695975229646,-0.8083241609632215,-1.3727110434121514,-0.05925542711266013,-0.8248636278044402,-1.5177606444577172,-0.9548176664926392,2.3592066972431285,-0.20310077654642827,-2.373110319336845,-1.1254679140046875,-1.8465086813189449,0.3388345605638317,-1.1466205654776833,-0.6011949103367387,-0.5266346969636273,-1.6924912756765726,-1.0458128145983594,-0.04644413159245799,-0.06029924806243618,0.3042243106821513,-0.4678869636812,-0.05544119215084027,0.4628801868287323,-0.6141810176518033,-0.7941049908492077,-0.7308328645748763,-0.48787854141468756,0.5442094642339593,-0.20205384136692287,-0.006209795862995207,0.11786764878523656,-0.7693105108612847,-0.7117265821332857
2010-10-01,130621,139119,3235,9.4,106814000,0.1,15.1,-6.7,0.3,1.8,92.6033,212438.24341721594,476238.1575906955,1557434.6546722986,213897.29426392756,948508.4891231391,162629,11428.571428571428,291,543,881781.6705361956,558,180713.2403912809,225437.66023701325,127.1,124.7,219.035,221.83,90.881,90.043,12592.5,90.1178464145421,69.11168301598315,12.414,105.92507933594776,2234000,0.188,2.536,-0.021266105464940586,-1.088471507173706,-0.41099694365809575,-1.7050328704289324,-0.15362611506321783,-1.6138803678111655,-0.2664657647729735,2.0350538253628105,-1.5287941032062866,-1.210389917255637,-1.804846821192601,-0.8218200587410592,-0.5413382225458256,-0.69715566296438225,-1.4150212226740306,-0.9708780626301516,-1.498099962757813,-0.8976260776198525,-0.8719842617798229,-0.4939486444323133,-1.3536168074832715,-0.40010830650882984,0.20185792702974087,-0.14369980495051368,0.17089455603854203,-1.2938253692911685,-1.5274990856163517,-0.5509752980619473,-0.40034044952416764,-0.8941739062940074,-1.3966976834227554,-1.1780934571948463,-0.7958144210845753,-1.8274918092138435,-0.8430337634289635,-0.43632260589427585,-0.035368585822124654,-1.9492034401630784,-1.2521920190413822,-0.5656725700120826,-0.8711268350746847,-0.5912154523764029,-0.5511585684899325,-1.4743392224346272,-0.49479073962557474,-0.5250229816019848,-2.4711770427834763,-1.4207007526975755,-0.6688209771563568,-1.5129033833900403,0.8639664949816295,-1.711832310053096,-0.28526344636929024,-0.3347628824282214,0.5713592130035559,-0.8774564966484625,-1.0604338813326728,-0.3685531974217086,-1.6054485008456627,-1.5276357610482298,-0.10691363776387353,-0.7448003554234364,-1.0198361557919953,-0.34972703551030304,-0.9664307807710306,0.10928207139737547,-0.896229964041502,-0.4245218415288803,-1.9977882575914647,-0.333958163225816,-1.6159039590541293,-1.4878925553055171,-1.7563802956658727,1.5867112920622592,0.2904767582510444,-0.9718915915990712,-0.22457161980219498,-1.2914282776179589,-0.3260713545548994,-1.0941682231878593,-1.0086639362558916,-0.25407176689110156,-0.6864785172614645,-1.740365920037654,0.11487499136933298,1.1205089175321952,-0.3359440347660055,-2.3492642038165954,-1.031904243602456,-1.3997973800307686,0.28444704283471167,-1.1531025130202925,-0.7571210941099978,-0.25101079908243545,-1.6508902965977548,-1.3216351757068465,-0.0921729827306376,0.039521442503403156,0.425177937352202,-0.7866009928709125,-0.8735374005735473,0.41011559256292107,-0.5446450288115867,-1.3606097701863717,-3.6287086180596257,-0.614359526885098,-0.21028204069059372,-0.21960380903392632,-0.6557718833742424,-0.6264921928590858,-0.496797742296661,-1.1924638379041457
2010-11-01,130749,139044,3211,9.8,106944000,0.1,-7.5,-9.1,19.1,1.7,92.6686,216557.9495288924,479170.2356636139,1564079.7073275298,213945.44376358963,955276.6247172256,163691,11457.688168500583,287,545,883080.7581647668,560,181877.18257890228,224418.5280358437,129.2,126.6,219.59,222.149,91.062,90.16,12605.1,92.39858557905603,73.04313152045431,12.3,106.65246703489622,1705000,0.195,2.755,-0.23300738655869258,-1.062479587418689,0.14680524574893136,-1.2258698804226167,0.11050807035174774,-1.1588685409543908,-0.20043349701376387,2.010597865966125,-0.8074169438000085,-0.9274117587089579,-1.2679187404164551,-0.9543261225799343,-1.139474911057992,-1.0873752409458703,-0.6771082967356169,-1.7425705912429776,-1.4817107727055008,-0.715298843942328,-0.5943016805819314,-0.5152677545622897,-0.8121945239007369,-1.0548609766571069,0.639548792086561,-0.15092743271335762,-0.059820965222530983,-1.4838786184282784,-1.0251709622374743,0.28166579800879343,-0.1733832979950901,-0.9894433369186344,-1.5763026991987434,0.34748852826050125,-0.7066219684441009,-1.1191695783634519,-0.9943814555213801,-0.4782200392523976,0.6641215449554587,-1.2835690157136126,-0.684127629945458,-0.9093248934641105,-0.8635753186891032,-0.9016762709918189,3.000482917265984e-4,-1.6806465610393457,-0.5057620416703944,-0.517258780437408,-2.3115531258976003,-1.0557301904741851,-1.115931119900506,-1.7622603420713816,0.7930198739186517,-0.8317911248635981,-0.07987942469053065,-0.57383658309467,0.4038480083958059,-1.5762627875240351,-1.0971353669786943,-0.21375138800825172,-0.9391971714030775,-1.0609589378604332,-0.3063407815342129,-0.3375591723552836,-0.6569562422278012,-0.44394380151677737,-0.2687851537881899,0.6581195335181187,-0.4518532736957433,-0.40701451176263825,-1.1562472182496983,-0.43597515678554355,-0.7917819746234699,-1.6266170995504385,-1.4044980078373632,1.4820128339425565,0.011981067396101773,-0.6794466813336664,-0.6377436793844959,-1.3086674672251817,-0.7860895656604074,-0.7825098949096059,-0.3055300974017645,-0.02449424328216307,-0.4097416789999194,-1.7358464224493546,0.33336965096531646,0.7718999746507392,-0.5519317797112776,-1.1761721126161662,-0.8880187022329772,-1.0117107056992602,0.07342634904184266,-0.7144438168259951,-0.5964394336333932,-0.31809479254955153,-1.23698283530783,-1.8469156665916522,-0.050721364262243836,0.07081953975480534,0.7227086398846025,-1.029463032300595,-0.6821154822832043,0.611147583750258,-0.7561613883547392,-1.5515347498378578,0.4138011317964877,-0.8219178200932235,0.11409208489023805,-0.24917391536163108,-0.6631469551667676,-0.7578019924890503,-0.5836243166539932,-0.5755227390061216
2010-12-01,130830,139301,3058,9.3,107047000,0.1,11.8,-6.8,15.4,3.4,93.5916,211960.3804181093,485703.6420212999,1577543.913213388,216236.79712495068,954415.5673401412,164184,11472.805364421265,326,539,864919.7966428541,632,184632.07257746416,230344.69912784325,131,127.5,220.472,222.343,91.268,90.179,12680.6,97.55883770872596,74.95907354943982,12.605,107.03805268294187,1681000,0.186,3.2560000000000002,-0.46980217690839,-1.1684794743753595,-0.5098481804623912,-0.9036031345164227,-0.2847604445697036,-0.9728189916740495,-0.733635301868887,1.8257727810961724,-0.4325354694357662,-1.0780064595903112,-1.8023870660473857,-1.8190727439555125,-0.8226826096159647,-1.3573214380228398,-0.1723037112256769,-2.759992297462468,-1.3410578887955087,-0.579567862920247,-1.0726304491219998,-0.8899257754391181,-1.700036501601926,-1.4282961945859298,-0.058775428181659636,-0.5219566790620105,-0.7854984197036007,-1.204756414816645,-0.7461022193730269,-0.9827215347381512,0.14651217115905632,-0.1517052407092268,-1.1724218281552046,1.9038080067324612,-1.535965755554885,-1.422730014461548,-1.4886862303886863,-1.3729012683156516,-0.25318096595675804,-1.6457710926877216,-1.2274603510881616,-1.3770962028040397,-0.08050053788523936,-0.7830904497804412,-0.6781359704562585,-1.9702509382960973,-0.4013876280669691,-0.6990709919886287,-1.828998180862554,-1.7094482927564019,-1.4069592872766383,-1.8267854253945048,0.5505608391261815,-1.201360704354439,-0.07051997666376023,-0.8502540952334583,0.0065292282694021375,-2.040358559087228,-1.4150061335731001,-0.6687841721763914,-1.7447072085202944,-1.0259897821886401,-1.2209059706082719,-0.5474400086179936,-1.6969952976494593,-0.834720691937977,-1.5057233430754808,1.8380447958585342,-0.723402248479156,-0.6915640053154085,-1.1838965579714749,-0.8147499384547312,-0.9616449900406274,-1.6221526331440215,-1.360076349380487,1.2179256760730948,-0.28322941037883653,-0.8933382647472639,-1.7924504915426505,-1.7483890055167028,-1.016861015864817,-1.4485758452287298,-0.734003531857519,1.0260553936190298,-0.10459013938552954,-2.281919862179457,-0.13032875213807055,1.355131522835809,-0.47355611473617343,-0.7252990000870958,-1.1144339907513692,-0.058999042329082235,-0.258077996712971,-0.5892051845057971,-1.0654294848599555,-0.43671130207349085,-1.6478520718691771,-2.0901581865252745,-0.7966545136438521,-0.25026405845547606,0.4328363296495927,-1.299009656189502,-0.6589666256952341,0.5326181839037437,-1.490815770362245,-1.6848565107211013,0.685989459879842,-0.7416963283622605,-0.2008936663017934,-0.5305329371045164,1.126401089988968,-0.433873979502267,-0.6640466707389759,-1.1131578196216863
2011-01-01,130837,139250,3104,9.1,107306000,11.1,9.8,-6.3,16.5,-0.2,93.3889,222450.8968560879,488219.61504009087,1583241.8695256584,219568.0671167333,960625.7237115203,164745,11485.766096436608,307,630,830180.6820912805,576,185594.59046120907,238163.9029079548,133,129.1,221.187,222.803,91.542,90.372,12740.1,97.68193834524044,72.52302282480214,12.806,107.81771938673747,2134000,0.1675,3.395,-0.4613247487819829,0.23990308221748535,-0.4603796678421932,-0.23692854625644075,-1.7209791146866384,-1.734574897454394,-1.284275519755806,1.851841368811693,0.19944945989618676,-1.6307267254613276,-0.985957581562451,-1.3140220761099686,-1.2858631162927225,-1.4761381952568964,0.16387682043623328,-2.0223788268859897,-1.0511148814339244,-0.11261427322620422,-0.9900509303218578,0.18051770953155238,-1.5365396043894606,-1.7308386849651731,-0.566103816396105,-0.8228547408118847,-1.226483300592869,-0.036738794598611645,-0.5318697315382278,-0.8809345466765831,0.26332417473055536,0.6687624935058961,-1.3499949859587475,-0.5071383117277616,-2.692314898142409,-1.5528880477039408,0.919864807149923,-0.7802784848088182,-1.2108282380453226,-2.166337685642275,-0.22863256920891278,-1.4169509084803196,1.5505099970450986,-0.36643607579963416,0.06175141817568277,-0.42308792825914476,0.2110714814626884,-0.893629149397244,-0.7251977246407766,-0.2477976655630809,-0.5997909160276692,-1.2023831801919067,0.9869745334329175,0.2371391022460408,-0.6057628636999374,-1.0530995976519337,-1.2380410445330887,-1.3552730650186966,-1.129613527981817,-2.15340831983878,-1.0192929073181327,-0.8342821056534961,-0.8217355853816671,-0.8962811432043872,-0.2918001570111808,-1.9521886712358927,-1.9186281430652403,1.6766128503263291,-0.10871075474184691,-0.06540392929425506,-1.4890406098851563,-0.9312877586621382,-1.3371763503121072,-0.9274631096086288,-0.15366447662667182,-0.8629263056441712,1.263269293413791,-1.0159574005477865,-0.8958795575834319,-2.087501596763985,-1.4236628013150743,-1.6102375159963969,-1.0361111443185917,0.31176915856180665,-0.26282321787239055,-0.922352777606537,1.180747743724608,1.0085902119702823,-0.12741496983778106,-1.2958445834111965,-0.5802722137186772,0.34323448454778,-0.7565188304257585,0.5141847076590127,-1.1701710765673878,-0.349862462964742,-1.5018204592446784,-0.19661013150633183,-1.1670016522051154,-2.0338929707233517,-0.5033951403962658,0.7681274135751498,0.25654290129513635,-0.27380564048612344,-1.9943684167176468,-1.4724332911334497,-0.5960442181007564,-1.217622588701046,-1.7252669696631098,-1.3585230177033545,0.04923601783344801,-0.22920509588413324,-0.9371564551048179,-1.5384907025901398
2011-02-01,131056,139394,3226,9,107582000,11.1,12.2,0,28.8,4,93.0045,213942.72143969848,492759.02262601175,1587716.118926285,218375.3281697659,960065.1437410808,165605,11482.510321688074,270,517,826144.6452498449,542,183736.94129437782,232489.0791638071,135.3,130.8,221.898,223.213,91.797,90.53,12776.6,97.58488839504558,76.7816278972659,13.081,110.01879414473707,1606000,0.1575,3.5700000000000003,-1.194945940773593,0.9937645434563613,-0.1906499996111188,-0.04155036925876718,-1.6013943236733001,-1.4778727296602883,-0.5754702711191192,2.3074059217129745,0.17314613333981987,-1.0875923527667484,-0.20135316170380824,-0.4432413269808436,-1.2572694641831283,-0.9452215531798629,0.7663160075809201,-1.0874325733385048,-0.7002167945764556,-0.15330934237830418,-0.1128703193225077,0.7832399556485519,-0.5460527389264509,-1.1797792017076512,-0.7811275236752304,-0.48177680614478535,-1.1341178184951541,0.7903278713864648,0.5497350097411838,0.020406165047922212,0.23891969097547414,0.3065261950262944,-0.8650588979892744,-1.5867853634029458,-3.0185609097785573,-1.7282304864282276,0.23543394870499015,0.1544839965993367,-1.0954545002918954,-1.5398588132991402,0.4173985792615339,-0.7987821846629533,0.5325402774920214,0.6469058423341455,0.5162979831047144,0.4171255531965138,-0.10014454116915773,0.08159704935705402,-0.6357155405117846,0.46793034287582713,-0.1722229007820436,-1.1951886969266754,1.207534490778796,0.5366695977184291,-0.6686682898731618,-0.8847716404045284,-1.353051111525224,-1.3365419516702377,-0.3081265192150632,-2.2654076166812924,0.12650456292901052,-0.5513042921733619,-0.9345398618169444,-1.5252754928923524,0.18502281686000085,-2.736424852751756,-1.8785363257627647,0.6667276603627393,0.16088692679817085,0.765813109939791,-0.5463255838925005,-0.26137300821310655,-0.5986930261108929,-1.6831191936516998,0.8834277962877687,-1.0898481012089327,0.6160186771510368,-0.598557536168654,-0.9016460946021423,-2.107164125272943,-1.0869002733199553,-1.1862223861689876,-1.2766005146231265,0.27299423283694163,0.21077128778786464,-0.6575417690301965,1.0218019732123003,0.385426433116819,-0.03135447381739448,-0.3829717314057359,-0.13448064404739102,-0.053885359444226275,0.017719717722284346,0.6328714797672249,-1.32067661126024,0.6477842411654372,-1.4988286363611794,-0.1126184812277439,-1.1528069484362122,-3.1684352142646914,-1.1654410960555972,0.9958762016063338,-0.6213624892127456,-0.699926306575803,-1.6769918033848001,-2.1165720084019233,-1.230948080268555,-1.0518846567882894,-1.3133867153012369,-1.4481018238646826,-0.6008565974576288,-1.383271353669127,-0.8383720129658898,-1.2877491996645836
2011-03-01,131282,139639,3261,9,107842000,11.1,12.4,-1.3,36.5,4.7,93.9684,230831.32608554134,495919.3194887486,1603165.7652283327,224718.4428097129,967626.8906104204,166233,11522.361825401995,300,600,834534.4270121303,583,191693.24913742597,239771.71625111214,139.3,132.7,223.046,223.454,92.166,90.667,12742.7,111.68977714124514,66.94104818712098,13.259,109.9878696538183,1624000,0.14250000000000002,3.4,-1.0782981461890735,0.9860791833198579,2.8062582654981356,0.23487441485682473,0.5795749940885885,-1.2676091003915213,-0.7141571749869422,2.296843289664991,0.17454844380552442,-0.573310791616519,-0.41414870335792237,-0.874448325734568,-1.0557733926894017,-0.32135916683779725,1.77035272132527,-0.4992336358540323,-0.781430231939928,0.061260497072824036,0.5524538334067035,1.434482102922759,-0.5488525856840243,-1.039556462623907,-0.6581528789314024,-0.02047763284610335,-0.8088178725535768,0.5732013673374956,1.5780203678107023,0.8195823789546183,0.19216891402935798,0.5752174585437518,-0.536467932863212,-1.7493633704486276,-2.7449233224759286,-1.2548422830335924,-1.0523575424370133,0.4204521505376829,-0.9885221182220112,-1.6175993984674426,0.693756319023177,-0.6537181483400016,0.4223554738680765,0.42195453107382963,0.5210781453228414,0.5696594754022581,-0.13522352945858102,0.11326870237705822,-0.040208598145105794,0.7616138291167232,-0.13087256132949698,-0.9446824221684511,1.2581033985245695,0.8163938332499441,-1.098181547252835,-0.9053151446746425,-1.5389287201409694,-1.3990845970410422,0.15166935914724983,-2.3668300891727716,0.2520351106157217,-0.9501327071325094,-1.236797551886454,-1.6863496946902032,0.13988853641485022,-2.6185621138420827,-1.5574704148407545,0.8782598450480408,0.4086579410040859,0.9379535480948625,-1.0565975796057259,0.5560178238131096,0.23726974034057297,-1.1040987604195358,1.1269262806600622,-0.37060133240602555,0.5884140189216801,-1.0035018636192399,-1.0570482448476477,-1.4842367065251105,-1.0284399401804383,-1.17810453777353,-1.129425631345986,0.056125473779751966,0.2109317905224396,-1.1156668808862489,1.0137425151065087,1.0371410259466556,0.04729213490817126,-0.20559094809555126,-0.5185337578762276,-0.11906249417824,0.17004240933343112,-0.08208185622127187,-1.0337010770909905,0.4464914208084953,-0.776757843125038,-0.33833662679582527,-1.2001608215979682,-3.326669536492717,-1.2639029855182364,0.8010816306452448,2.3234507489893605,-0.5801309102560068,-1.2659940992588907,-1.6671310861690558,-0.9011167500737202,-0.8089263730618742,-0.3189590907084381,-1.4478179922201897,-0.9744628563585842,-1.4859803371660905,-0.38537754508963906,-1.3305822900006214
2011-04-01,131597,139586,3259,9.1,108162000,-3.7,19,-1.3,12.9,9.4,93.6571,216875.0067525957,496581.56595395267,1610291.679004932,219495.01388333674,966967.3822617414,166368,11508.691941182191,310,554,831311.5161468068,581,193219.313504111,239336.84108171178,142.9,133.8,224.093,223.727,92.557,90.875,12721.3,118.88890089350346,69.33896485378764,13.326,109.47591308897809,2103000,0.102,3.458,-0.8777083896712671,1.0933519655437922,0.2050952272826639,0.8472185523295259,0.5642852789674142,-1.2845194279272234,-0.4587564326370777,1.9279960610558775,0.2734351334842774,-1.054977788459456,-0.541513919908652,-0.6835457053918697,-1.1324620959063543,-0.002570032116971688,3.9576938455425434,-0.38947971173880425,-0.1893210053604312,-0.059425300072275616,0.6386295982292106,1.1671389486554151,-0.06295795315365438,-1.5113194100093716,-0.527313136046142,0.07066916486683028,-0.5779944572288668,0.9840394513805739,2.1269591589713954,0.6120264359456662,0.30043715785422026,0.7530914626170565,0.19051958397315963,-1.3350369736185879,-2.3792821940219806,-0.9475689900469201,-0.9328438150035675,1.0718639518642747,-1.0574861455253148,-0.6809373249120462,1.3498251641538226,-0.4611334209020148,0.48405035857556095,0.82772680690749,0.5572563238845064,0.7463607098666343,0.4777296131089555,0.18288482559236222,0.273162386727613,0.535023043130696,-0.0426091184320919,-0.5954979361297098,0.9277895822894392,0.9436541302894521,-0.5767427458911971,-0.7132714621091332,-1.2631837136674178,-1.0842164264031648,0.5439493557334114,-2.1144101606383128,0.40762745491693014,-0.8616516834700761,0.17188735631322227,-1.5212348996427265,0.07250367451350129,-1.8870639145485848,-1.3930165664104992,0.8719321216739937,-0.4709385027984022,1.0161305516662194,-0.2653794265891304,1.2573086708072043,-0.4401829362283914,-1.0699659605907514,0.2516767613147489,-0.1791705484440034,0.7544956062788579,-1.1780384120507956,-0.96958860162057,-0.7145617331957755,0.7416677944833759,-1.010100220147709,-0.35937481035357344,0.05242390843702408,0.19066104324523123,-1.2140509275950262,1.3248530334513169,1.1050993300469358,-0.06862883664494118,-0.22877105563233485,-0.5636218021039014,-0.27636476319438674,0.09885821689562624,-0.14836872514458307,-0.16566250522555231,0.25778218054304586,-0.7694743121350796,1.8436358181623584,-0.9133260857760435,-2.5396139623612486,-0.77492026853845275,2.554325337466278,0.8025898001556898,-0.1266271004211716,-1.458181723797364,-1.1755728783436232,-1.073641355526601,-0.4227238811649,0.34117615261649115,-0.06144362481407365,-1.0467764307424348,-1.958595029191583,-0.4515791951408011,-1.6069178122864356
2011-05-01,131704,139624,3179,9,108326000,-3.7,10.4,2.2,6.2,0,93.7723,223152.15752170447,505970.6154807299,1625967.4601334352,219653.5901247334,973455.9124496436,165701,11495.50830478899,305,561,835057.8426937246,618,192653.8701824684,244060.62172817168,143.1,134.3,224.806,224.175,92.838,91.091,12705.3,109.14711648247486,73.98461702770068,12.28,108.89188518848772,1690000,0.0925,3.1725000000000003,-1.0928815863244483,1.0880182824509934,-0.16073908289722882,0.7726763992255545,1.8169495890153722,-0.6513107292802336,0.701307069181918,2.032710516180513,0.4189002137648902,-0.9484938218501127,-1.1472584820126621,-1.3348635410301422,-1.1315498662665637,-0.6119832787439055,1.7660343733349166,-1.2301453626679446,-0.2097106430899975,-0.2071569592712282,1.0981675047917825,0.5947383883010806,0.18538175957289654,-1.4041842927391677,-0.20831449190492882,-0.19326015564468874,-0.6075381688607947,0.8491225214040303,1.8954185258164513,0.5009418600895078,0.09886288872448601,1.1504305828133947,0.6622654792254166,-1.4539766863235348,-2.906829755292017,-2.1260867960975456,-1.1072622919831048,0.90730945911159,-1.0780859963536182,-0.26014885370499624,1.4663904857662775,-0.39332363030037576,1.0619326606876434,0.6820825794555456,0.4319062088889914,0.8660290854791006,0.5118581089178902,0.6643535195149823,0.20056035253340906,0.7548181554429738,0.1542666335028079,-0.8193884621269628,0.9038197438178595,0.8273137305998106,-0.8651505723198286,-0.7353263599650861,-0.847091943707585,-0.7839370997721293,1.4994579462903095,-1.6185197072635975,-0.38207910201759826,-0.5096868501238172,-0.15170793494859158,-1.6902325736033252,-0.23701085422713092,-1.1210570844443346,-1.4972827628897931,0.6948441741874902,-0.3538018795044705,0.37712626904604074,0.2436012357416024,1.546889094793187,-1.5169361799204732,-0.9137208891305348,0.3699987074191585,0.5847227235032708,0.9553370077915312,-1.4311545388025888,-0.6304031432128155,-1.8469973350951658,0.55145924996564,-0.7398173662088608,-0.07139720643024008,0.24135237084835293,0.3315432988205896,-0.6104100115054472,1.8993439269465782,0.5233277163373258,-0.24635804405554024,-0.2653034242066493,-0.6680900992348159,-1.293768955147931,-0.39520895652096577,-0.12577875201885574,-0.6737723753306191,0.32227037173778034,-0.6804433965907559,3.585761430585853,-0.9252185349007134,-2.360111532729448,-0.3941092456141291,1.0879556378310813,-0.20952082665976113,0.21672584033278552,-1.8461684709806272,-1.6839726223093066,-1.170476111766734,-0.9392791706984647,0.8893349745238853,-0.5129811580104591,-1.4687626293194327,-2.3159382215367357,-0.6995344788899523,-1.7317116047530443
2011-06-01,131931,139384,3455,9.1,108516000,-3.7,-5.3,-3.1,-0.5,-12.5,94.0493,217174.28543724882,511057.003415249,1633387.5201255616,220734.97882976543,975758.1960589965,167072,11522.209892371173,301,608,856332.2164643013,636,190580.59233562095,244321.74447042093,142.2,134.5,224.806,224.697,92.819,91.191,12756.9,103.73953608636164,70.7888742740775,11.886,107.6377223165698,1673000,0.0975,2.99,-0.7572728596772038,1.3612507380478736,-0.11997931944684716,0.25988006005579684,2.8646302797418666,-0.8955788724232667,1.1053562920247506,1.9469137864577157,0.8220682577000051,0.8900202670026751,-0.3740265152558675,-0.8307826198596461,-1.0901812493047731,-0.4712399065411774,1.454872636420741,-0.7841283397913499,-0.13845565073154031,0.09915333970580303,1.0909743222591715,0.3098818263157786,0.879615412969635,-0.5272099582476293,0.2521600296637092,0.36284683733354905,-0.46282505504900934,0.7275886725799167,0.5185724580154949,0.9621828732570925,-0.49816219760190555,1.2530870142725303,1.808523358279714,-1.3486073403652796,-2.061911222469237,-0.9341122740329744,-0.9145202922769863,0.7507107765782427,-1.0998931345390563,-1.2254955259009312,2.5600830450567216,-0.4866999893196308,1.1724957271903889,1.578657607518151,0.2706919318955311,0.7243008693086166,-0.1510071557298816,0.9240742532161274,-0.021078758219913805,0.9817199782391746,0.27203658937410335,-0.5053843128845472,1.4063765477083818,0.8359177116086004,0.4651205044759527,-0.1941745512705835,0.37746331535944555,-0.6546248252275771,1.5629810106829705,-1.2709192782807848,-0.3349200321514458,-0.13456677626985586,0.28928641287010176,-1.5540448551212194,0.09202784626548606,0.966086208086159,-1.4507386817398311,0.7594596061265321,0.5838560330112055,0.8186828347678491,0.783406114161693,1.4655851975874656,-0.9815413442850573,-0.6197564598450693,1.2426858699011258,1.5182223477000243,1.0983263905882512,-0.5529934813055861,0.5660987150135273,-0.8812407617326923,0.15610750967207254,-0.9309797380429378,-0.7028147616280969,0.48208294112405004,0.3923777030242309,-0.0018308117304080551,1.5313398920907326,-0.08572271100769435,0.5761049372489109,0.6171157702180835,-0.5903630032201157,-1.0699670306718525,0.351648775869544,-0.19825958690492868,-0.6935428730228439,0.4162416647010572,-0.27277096434086834,1.0072113355029486,-1.171032746993432,-0.7428949114387402,0.025958454375913237,1.4272848640772655,1.2300460926001946,0.30320371105474403,-1.654351751594464,-1.106298077625191,-1.255437343686848,1.3118081395085956,1.030542886637002,0.21351266903705124,-1.5325032298864754,-1.724972605240846,-0.032985373001060414,-1.328811203575983
2011-07-01,131993,139524,3623,9,108736000,4,-6.3,1.1,7.1,6.9,94.4958,222052.76573776308,514003.4632220871,1641375.2256614396,223773.62143325768,977897.7596609914,166571,11542.209363606053,296,623,852233.348032309,621,195211.7190272863,244762.68324424318,142.4,134,225.395,225.218,92.977,91.326,12805.6,104.53122815319918,63.547321313855484,12.72,107.7962990979154,2063000,0.07,3.0220000000000002,-1.2858247335679132,1.2465574288960046,0.09958328241279976,0.17736860066320126,2.3958706726118257,-1.051915018355665,1.6324348060507088,1.7117070211241314,0.0815650924981339,1.2923637863520883,-0.7591938490704357,-0.8350147752285666,-1.1103807678558426,-0.342242242268577,1.9426645201024022,-1.3000788276146744,0.16858702567573766,0.08743505299024358,0.7510947873748003,0.15927395513861686,-0.7611952643130131,-0.6255801860284129,0.31956827884522815,0.68311922915821,-0.41211902087857355,0.06676262331982052,0.1964956553288513,1.1868737572515695,-0.0600374221962172,0.6834211050429652,1.0029974969545,0.030222338320178642,-2.060050528565711,-1.5015687192511995,-0.8944165766990674,0.3576891788172702,-0.6778244776096383,-1.5638582512438606,1.5738947873923246,-0.19435598090641473,0.7235084247697603,0.5427353914381086,0.1571605100991424,0.6633923742804906,-0.1725328246667718,0.6974568377852707,-0.19802220536562282,0.9701104324730976,1.1123510209783225,-0.9759533456055279,1.5085477645091856,0.4000186682847365,-0.5234287057535201,0.1127905249025759,0.4652631548152923,-0.460258453076633,1.6436232382397906,-1.197978291166233,-0.17859313739122754,-0.44382120650108803,-0.7314069765547461,-1.8028568425030063,0.305373478658996,-0.07739802784615182,-1.6969483628243403,0.865966075813101,0.3873034065178318,1.085116390419141,1.5570867527038954,2.269659490152678,-0.721394445339177,-1.0837117648553214,0.39350792061314527,0.9798202190821147,1.1449124683270677,-0.48342911550700096,-0.29419492787987656,-0.70175305175004,-0.49990217461833825,-0.35763319719858616,-0.44781145067906875,0.2596537396189984,0.45512201369009037,-0.18275415153213878,1.2797339184880854,-0.7989503862033038,0.26808590538841764,0.584574583167794,0.03759515096658102,-1.335865590881187,0.49875599409376875,0.16651498280576718,0.39159796033783195,0.49907792173222654,-1.0839890163537884,0.02348606442583772,-1.0578644070312382,-0.5595982441536339,-0.19283308554327505,1.4269246028584583,1.5615132358644086,0.47996279471427344,-1.5438738081483068,-1.5248738036428262,-1.0076574308533115,1.6797859217236086,1.6336156202367278,-0.08801926866735607,-1.365161480762086,-1.7618571926825675,-0.3563343021551239,-0.6004713413787155
2011-08-01,132125,139942,3329,9,108947000,4,-3.9,0,-19.6,-12.1,95.0974,232526.07408043265,514730.2459333018,1645440.873147983,225009.6570668269,989141.1648568608,166232,11535.151723249925,299,585,871231.5979226576,647,195797.02991544703,244138.1604360702,141.9,134.6,226.106,225.862,93.196,91.508,12799.7,92.63273101849865,56.57888159754343,12.604,108.0411140360284,1638000,0.0975,2.3125,-0.8739852963235846,1.3043061772517763,-0.07951889830052374,2.3070336758709042,2.555650326003965,-1.1856035767488877,1.2619027179860198,1.2810430847961782,0.3853469250582264,-0.18710592759402522,-0.6521444694527633,0.03299838027528394,-1.0553615826914657,-0.3653548149459185,1.1124278252897555,-1.46019969283374,0.036595533499402894,0.28996330367654544,0.5482602846404151,0.12870720142489414,-0.6517448360561708,-0.14016983280155254,0.18985521685444437,0.7375448900201997,-0.43946403309888826,-0.13502355043562364,-6.619610274375132e-4,0.46759112634384714,-0.1346934487238829,0.6790660181076642,1.127572099805396,0.8441833358659808,-2.0233842455021795,-1.1946960175201102,-0.18880513565801704,0.19971521280732424,-0.439836424295672,-1.2042075042706843,1.0798457405019837,-0.3360396722626726,0.8666793699522692,0.7786940553433135,0.2864381562430742,0.22968670517214423,-0.3014338097275741,0.1611193612632275,-0.29482164098467745,0.5670306697066508,0.3588262860391273,-0.6697984833730978,1.302235506384972,0.30547684406797315,0.18379815468207977,0.0637664868309522,-0.0739911327444233,-0.6201038456625508,0.654370556661851,0.167379206695306,-0.351819490640392,-0.002974323276693336,-0.40214606138567965,-0.7714210682970072,0.2928416802856415,-0.7119869429297934,-1.354757301793925,1.1687316149431821,0.2725618063523276,0.5445641314392589,0.5212199710346952,1.9818919911000743,-0.9174492353501298,-1.448410435269814,0.21179476601319924,0.7337258681507739,1.305379224064072,-0.3497000325595332,-0.41456391707048434,-1.3146052655551745,-0.5966129609841055,-0.0940306113155202,0.3063897818487402,0.4717122137208381,0.2923403148732475,-0.5100179255369426,0.8999763035372224,-0.6889917508894335,0.12663211847356837,0.04337346398460293,0.13145204241558273,-1.2008748668686622,0.055753898459961135,0.3023367964185857,0.8899563335949273,0.19581915692002913,-0.7942311342774673,0.1068600888912602,-1.1255250891790969,-0.2799067662514617,-0.34182539750804725,0.6806465513344969,1.3260632317335848,0.48022815126486784,-1.1849256968936897,-0.7863459841582051,-0.8489103380683858,0.5266951004599612,1.031354508340106,-0.5541754865017545,-1.0092238833474445,-1.773808233222698,-0.19010895978221445,-1.07192960808917
2011-09-01,132344,140183,3774,9,109224000,4,-4.4,-1.1,-10.6,-4.9,95.0244,219377.02915554983,510052.82501312584,1640220.0334672104,222339.7301959776,990232.1943274722,167717,11554.212607284067,304,650,871837.7318460896,610,197004.0824198785,243588.67208846315,141.7,135.3,226.597,226.118,93.327,91.57,12781.7,91.73122461881343,60.00175393796896,13.356,108.51701074704008,1671000,0.086,2.006,-0.5383780006660351,1.063313947498165,-0.21954424805994188,0.6492392427417653,0.6485170864759151,-1.2339286829021467,0.44699415643689955,1.0567831277853634,-0.1747138019930019,-0.35122344402231337,0.27205046234314956,-0.583810540874574,-1.0394639804574732,-0.4442811406996076,0.14233498837715214,-1.662999643028101,-0.3647610704152352,0.3397602425080467,0.49601125614429675,0.24081984823587801,-0.9879829367536517,-0.7387476653280742,0.17503491208373756,0.7693017735818212,-0.5000328784431916,-0.04418424920259072,-0.4127380614390452,-0.3566014745200373,-0.3316427799505911,0.25236305844159906,0.19482082196460265,-0.09385283481840907,-1.4967069467258804,-0.6659088246961442,-0.4581078381288294,-0.18434043062824282,-0.9153093388280599,-0.2690356815672886,0.4797788207907432,-0.20397400938989796,1.0097399054132747,0.4510112522832333,-0.010698338653425406,0.4201044413722232,-0.2058116388998529,-0.3644711993963121,-0.9430804605861335,0.08837823641059295,0.7455742570333733,0.04412240598666646,0.5541596104634736,0.3689076685917039,0.5919157956990976,-0.2527944212356329,-0.5896688226847372,-0.5888179290051198,0.40306828615396284,0.08410666829073227,-0.31437281754132673,-0.38233727859645816,-0.1658674767994848,-0.998973317944155,0.2851178666929412,-0.8936817762769513,-1.2612745639674414,0.5577274775894289,-0.08088128184603727,0.43328568820476493,0.13962699394100134,1.29834853917126,-1.0779630149210813,-1.7328144323948071,-0.6620946431842348,0.5578474110002816,0.5516758580633949,-0.7509160123891265,-0.08735690510371143,-1.1556105737416238,-0.6974944717216689,-0.2314574891031588,-0.11135034168580128,0.4701390260731739,0.15143455114727522,-1.0355257807279137,0.43098069342355294,-1.2262016519807466,0.13301471345951543,-0.40540817587831995,-0.6685688051702443,-0.6133902447395998,0.19421541642401435,-0.06355359931113205,0.746969752918091,-0.2890075867739087,-0.20568083885848104,-0.48465359669914604,-1.1780149990794306,-0.5705473151680167,-0.47102777461798373,0.5381318764892985,0.006947464054953667,0.3358814608635198,-1.0012328621844457,-0.9636933487277214,-0.6403371085018967,-0.4381851050913867,0.15690750292538508,-0.48719383594192206,-0.5640582578674516,-1.3344804032621453,-0.29300479016342507,0.34164166097110693
2011-10-01,132553,140368,3619,8.8,109351000,-7.6,-5.7,-1.1,6.2,0.7,95.6891,225866.55809019707,515169.9900352517,1654790.245810768,226670.16682917424,995375.4995767662,168559,11575.073128395248,316,610,866159.5002625124,671,195738.73072678375,244500.6375295996,141.2,132.6,226.75,226.506,93.329,91.614,12791.9,92.58644151335598,62.21168301598314,13.73,107.16973776240187,2012000,0.07,2.1575,-0.44363600060153685,0.43776568825811585,-0.1489013953346258,0.09330871703135377,0.8845783818461987,-0.6648348473110717,-0.1653610068298594,1.6036370583615986,-0.19302188090806222,-0.18167976211124515,-0.7742093922063698,-0.4564344019003135,-0.5864216018135116,-0.7669996217247947,0.3466480034595368,0.34580831196158013,-0.08130616798813119,0.030895875476799468,0.760486089262388,0.40111570133762153,-1.3832626743410013,-0.43802574458071475,0.22952845746223474,0.3400145341912907,-0.2111044961646886,0.07830537549266434,-0.4650286725032549,-0.5077792852221226,-0.3072254673680595,-0.11369341865299694,0.11668051912312659,0.05807389764480336,-1.0109967744604167,-0.1786104615318546,-0.6569535848269319,-0.0015770313376809342,-0.9110155707091236,-0.6850382965977913,0.21499063618595798,-0.5314975382417436,0.6611422563940421,0.3091950393592933,0.10719413507087902,0.4491242431710409,-0.20909213634742463,0.11251581920159495,-0.9248057514224831,-0.1061403277994808,0.5841163270270066,-0.4658913462636766,0.5707188262804661,0.2967644807590608,-0.16634888339952658,0.11455806898749796,-0.5388220706503806,-0.409737381611431,0.45277976659090924,0.34015315304854676,-0.22416368805762926,-0.5007873824906485,-0.2821604150717568,-0.8191790974265629,0.39022726761091964,-0.3401825387479091,-0.6719232424909741,0.8190878780191747,-0.9639967369182556,0.6108234708192163,0.2588441415256925,0.7843109640285225,-0.7440549250737882,-1.3676855305495852,-0.991187475744208,1.779365072949102,0.5935115706540881,-0.7483909573271335,0.1970760298193248,-0.4493673049784216,-0.2365063971071342,-0.4303260179212833,-0.4444100653169521,0.4562706845591465,0.17423038341333277,-0.29391931083313316,0.42427021190922826,1.0984907993149513,-0.17749931134407773,-0.7015595238023437,-0.5297078427356781,0.44110677837898804,0.5345841909228162,0.34634761425456573,0.9065848138751473,0.14086563619003326,-0.050037498373451186,-0.4791652952282626,-0.9368768532901597,-0.29476139850972727,-0.1210337882575639,0.4516293074162768,-0.7591206694421543,0.05316050980499147,-1.708983268734035,-0.7381347293634445,0.12634508902584804,-0.20188779109690844,-0.15646180057874237,-0.38012882587786306,-0.015445188655769715,-0.4661328412619571,-0.2953818333819867,1.125527783989771
2011-11-01,132690,140826,3565,8.6,109539000,-7.6,4.8,0,4,1.6,95.6778,230465.14114627888,515412.74593669805,1655787.2787495672,225558.16937553464,1003801.3259195894,168783,11555.603079555174,328,711,868316.9375534646,706,193325.49187339607,244073.99486740807,142.2,132.7,227.169,226.899,93.52,91.808,12782.7,103.94568006843457,65.14313152045432,13.743,107.69583863151921,1557000,0.08,2.02,-0.03926040803948413,-0.31812052556384707,-0.2078687248232481,-0.27353378198244493,2.2118018562474355,-0.1727030138479161,0.07688331581630688,1.693358652835485,0.33204962231097157,-0.4862005164699255,-0.3942819813899011,-0.7438825390568851,-0.16490047968542673,-0.43577294448389886,0.058799707546610784,1.0811825646974982,0.4482352356844547,-0.20517130181645557,0.057719579850262756,0.5234735866451171,-0.28383798192454956,0.04820782642892471,1.0370260986977518,0.18206449503252783,0.3805913047782053,0.3643872645972977,-0.6402051287418337,-0.11861920717429726,-0.0915485715558281,0.36483415221537197,0.16222823236421471,1.5645215630760028,-0.038241670180822196,-0.03570261096139493,-0.6381829880559404,0.17779220843795016,-0.48989589269539835,-0.36456761730461,0.46911030979634766,-0.6006824497342139,0.8304208812933105,0.6018723702578783,0.41500033275022297,0.10487345404494913,-0.37227606669137936,0.19078641153139186,-0.7452402778220217,0.3697375209805136,0.08977464621822599,-0.11190523073197363,0.19940188397261646,0.5898434037464788,-0.8534379319803276,0.277605095710373,0.1449399529076324,0.1811157486322989,-0.1985213750076027,0.674110326302187,-0.09705424989718603,0.22986374007278504,0.37479238172289225,0.10885148059094599,0.061477698833959454,0.11562112209076379,-0.3430976177052554,0.9918314364806164,-0.6219588556096183,0.6499638499600933,-0.5868423418078669,0.7665189323312529,-0.028145998111038677,-1.0888530042882043,-0.9805566144373645,1.1065003857295572,0.7418046681073884,0.03498180091862694,1.0286352909847245,0.06261814104421431,0.22030027370347285,-0.15076264478361429,0.04397126201109085,0.25772418470995095,-0.13082617100489496,-0.19048502972052825,0.694327540418114,1.4089136759139136,-0.31735263146518544,-0.37554424585984936,-0.34284530655011003,0.25306866380711834,0.6852570213160076,0.11416290824339131,0.48009937098765587,0.4079264552801938,-0.4602710005820533,-0.7489927040510964,-0.3618767089338909,1.1606399755404193,0.028376372852060933,0.27497221288872814,-0.5260430525299568,0.3703711370145007,-1.2616046891357526,-0.17775504001102804,-0.30333811701494323,-0.34295694500245893,0.35329442575986125,-0.06135673807073886,0.7188472232783376,0.06830375506777778,0.09211794938804742,0.8183829007823598
2011-12-01,132888,140902,3768,8.5,109665000,-7.6,11.6,0,2.4,-1.8,96.1809,239206.4034881484,522449.6120717294,1659045.0111265897,228127.47130613207,1017842.5631051362,168990,11560.68993523842,341,694,877772.6718960395,697,194937.69636864943,247809.22050997074,142.2,132.1,227.223,227.405,93.574,91.96,12898.5,105.33908991813965,70.35907354943983,13.798,107.31393578928238,1885000,0.07400000000000001,1.982,0.6976491521154526,0.06017133611875841,0.23196596500311598,-0.10045911990824942,1.5149543637698983,0.7730060606773028,-0.5626376852510452,1.8042925497434201,0.977009573633466,-0.06839388682401817,0.1945556605732106,0.3326186466233825,-0.04836166098804689,-0.08454423320414764,0.30005570228496176,0.22294853033260334,0.5859129323956958,0.1306543761031055,0.4639702935383188,0.8778382507375667,0.14400593839722808,1.19732547309759,1.5777541937004251,0.13871554742375902,1.5433960781301648,0.4537682649450355,-0.29155560507730727,0.7312462081673083,0.10678703074410334,0.21062861131764912,0.1193868083991015,2.0670400354117526,1.0937211638795379,-0.3837808327469449,0.03434586411096988,0.5445894058360555,0.12792878286700635,-0.2994198977709399,0.9623722079931856,0.16483213109222586,0.1241003698137899,0.09682625836093142,0.6376421798099804,-0.45670396224117005,0.8445269909114204,0.7714228195531901,-1.161174981077452,0.6897735957955539,0.374653389495862,0.610941017787033,0.5251573367106215,0.46486617178894446,-0.09984087664830518,0.47723907640649754,1.9316265165622322,-0.10835914515127118,0.21527475871211457,0.9064093474064525,0.39588319758213775,0.661406147499013,1.0724516866347804,1.9766986246402314,0.04436046892362999,2.01196844285343,-0.06933958768136347,1.636081491428254,0.8555144753019124,0.6123968696264674,-0.2855220935569888,0.9066446359120618,0.32505260277386844,-0.12026609358548453,0.2805594683448106,0.1690623893937421,0.7244345327486046,-0.31904908640772445,-0.14630705860999607,0.21735208961912075,0.2376461634835136,0.4542446517225929,0.7976172107279957,0.5654002619894193,-0.0525594130156621,-0.48614384476015293,1.2839563961565372,1.1991562441591188,-0.11079396066344457,0.5760364251269096,0.32117753136896104,0.31248648232893445,0.17776995454677016,0.10510489070000847,0.6710383883450267,0.46543298443081577,-0.07646856988013119,-0.7761221194947538,-0.1794140503915731,1.4627745191713375,0.8141744362105113,0.21503387916273597,0.21015497341648431,0.5302202795801919,-0.41464044284256873,0.2490483487091304,-0.29368956043023453,0.46496122674915014,1.911108309836702,0.25864520988046275,0.9362058802960985,0.35616494098191714,0.27729221618755096,0.8051395793811377
2012-01-01,133245,141584,3909,8.3,109982000,7.7,11.7,-3.3,7.5,-5.7,96.7595,241011.14022195237,522647.87952371815,1661631.491044346,233303.51247151042,1027375.5511534282,170088,11605.427396851768,335,723,884625.2156687328,712,194288.23993013398,247673.97277781324,142.2,132.5,227.842,227.877,93.894,92.235,12967.5,106.75868532600592,73.32302282480214,14.395,108.88069583310856,1511000,0.08,1.9775,0.7294316212227372,0.38024463154624355,0.4159466903634201,-0.5118621206861469,0.03085943064976658,0.8264831222744426,0.32164011570984913,1.789818939331919,0.9379881944133778,1.6739861116878372,-0.43032842691079587,-0.5532426485876443,-0.2173188197965818,0.340635689106811,0.5689409433198953,0.5314363743734388,0.39121958497843634,0.36986474407906916,1.9684341847431825,1.8762303533161984,0.7683981694263908,0.7355805221529997,1.7916838604575944,0.3942514655067387,1.2108004769581506,0.6276518647212056,0.48137795386614,1.1084502464673787,0.6073714789806761,0.5802790856493903,0.7878279323796673,2.5999903734439767,2.324083445056004,-0.016740349673309604,0.5369713280063317,1.0370229194079772,0.9865229962149537,0.5274055923711124,1.3036222176820558,0.9248204180881949,0.1720293333963449,0.7482720827227223,1.6577956932470357,-0.22109811095399728,1.520893103886414,0.9928188353812805,-1.2729168493730703,0.5081963436692749,0.9373962924833095,1.2634243304470596,0.8608819313531815,0.40144122367430024,-0.3796921495445021,0.14400737163888278,1.0413060856275158,-0.29928368312001485,1.0158367512472213,0.9796420309926163,0.5556759900797169,0.9601497513309288,1.4165012466599576,0.814369358603529,0.45351850296114804,1.1797379690750707,0.6217905762550753,1.6115617900422674,1.0580591851867684,0.4581272633768547,0.24831217179736803,0.6008730621844725,0.6772359610518635,-0.2040063370679101,2.4295348412713462,0.8449041684248093,0.06337565824254403,0.573352134382037,1.0266562632360765,0.1200573411975454,1.0180511961045793,1.0447782744171787,0.9410716998039577,0.33700562140423085,0.2586615993708167,-0.6621877021906852,0.7860625718919187,1.0936267665297728,0.20047645786152785,0.1537313889960604,0.28872382127982976,0.9354003256147239,0.29062853826341795,0.905546631004018,-0.03263402056646947,0.8707010715040215,0.5200063539161472,-1.1153700236557857,-0.3338507823826984,1.275159671905247,1.3099108462648583,-0.0016086063132959739,0.2567180523721754,0.6654983949330483,1.5746885800393564,0.7039113555104599,-0.12228808256017694,0.7076897400839868,1.185322136322669,0.3838364253521563,-0.3942386586376007,0.2752371913013225,0.5312010483666305,0.12280892947292993
2012-02-01,133508,141858,3616,8.3,110298000,7.7,17.6,1.2,10.3,-4.3,97.0662,240991.88132279183,528540.7634106945,1672124.2090567476,231488.5658420471,1039663.563716739,171818,11675.592960979342,366,704,876018.0226132788,738,196681.33129303748,242141.67304259117,142.2,133.1,228.329,228.034,94.104,92.364,13029.6,108.6563801751254,74.5816278972659,14.975,109.90632974166279,1453000,0.10250000000000001,1.9625,0.765416456045069,0.195611886288549,0.5448931994502982,-0.3800708971513888,-0.41546854733572125,0.5495250142256256,1.0471552524568244,1.5709619914449622,0.8833264874216579,0.9048803245469493,-0.21380269741612146,-0.6027791085168708,-0.06021625427692187,0.26373409935292624,0.7832131768987751,0.5727309217402029,0.041029934946062496,0.4483439662566522,1.6240143980741935,2.310805112161735,0.7679097922165687,0.7853507586704247,1.310772392237078,0.5669268745273626,1.7127742025336015,0.7657816346795628,0.8582763577718886,0.6869473872530558,0.5763573857104612,0.24396933280953598,0.8440683926400704,1.4717548555857116,2.3959728793412736,0.6825785938160603,0.6703258969505581,1.2741985824390745,0.8823333314790521,-0.1404592359678257,0.7683822104935932,1.461912308921202,0.48601210646614107,0.8006047729655539,0.7553585436556727,0.280449460367925,1.2940018465984304,1.587056891267318,-0.8872195791093725,0.6497804028141794,0.8337048494716042,1.3562983172574132,0.2528391412983697,0.2608277958292481,-0.37430392919257366,-0.25318295307068983,0.35206615185053014,-0.08745059361853239,1.1962243962700438,0.8954838689943154,0.10166762684228789,0.41856549321344183,1.1041930041287953,-0.4370279893782597,0.5673245023802651,0.8630957422577359,1.0060231179793464,0.9330408078788562,0.6850718254674992,0.5738074624327464,-0.1037710471978117,-0.62881228996375,0.5824747571866542,-0.3259409154112497,0.49379848291159634,1.2396651329709956,0.20217073077882838,1.0168869646103804,0.920718548674998,0.0024657883498370777,1.4195303707739964,1.1200946035437973,0.7443278752848708,0.31494505664255557,0.25501926455872304,-0.7331098736165294,0.1618638405996459,-0.016037720428729904,-0.08086020854599418,-0.38012083004991365,0.28850155645003794,1.1872077350670875,0.9248306913616353,0.83688165493688,-0.8942242811992687,0.7282521142213906,0.6501234151351205,-0.8759272916396368,-0.3563233515458766,1.1933094043584618,0.7971420729384684,0.12876212185459357,-0.31435145325810354,0.22381048092564143,1.089047027174944,0.5166449672272078,-0.1564407550061996,0.6080841939882086,0.8932031473496672,0.32675172709917466,-0.41225285008118356,-0.19942005309896627,0.8384550658247246,-0.5800157835090507
2012-03-01,133748,142036,3979,8.2,110533000,7.7,15.5,7.4,8.8,-8.5,96.5609,235171.39705570403,529217.04637054,1677599.3373004382,231606.63527215642,1044787.0264307836,172066,11660.408977132916,354,695,879563.8708582579,806,199939.5443553519,252704.59462899325,144.2,134.1,228.807,228.478,94.284,92.521,13066.4,112.62780535403674,75.64104818712099,14.594,109.29138970023568,1833000,0.124,2.144,0.4231271383800093,-0.38380292368911434,-0.037503000449957115,-0.4706049971080006,-0.16698433780699293,0.4885728363134566,0.7923119255495439,1.8449188323465135,0.2734270512442176,1.6535596852285739,-0.5116698933304911,-0.7858338258310351,0.03131783454148351,-0.06881071927895893,-0.5994398255388529,0.9132686086847983,-0.05144175193963495,0.26262426114921106,1.5321359467756925,2.5852841982158283,0.06685692332195002,0.992738461563491,1.0858197705866264,-0.4295500151442633,1.3349429387380287,0.6446278944947156,2.32593151510439,0.7296272116851502,0.3283934453990862,0.1635296026019903,0.9757488744534676,0.899523559540425,1.3007068323811688,0.33145844806777985,0.6573687084222054,1.1640701778857208,0.8112292529671743,0.9135452357170513,0.5173280225572046,1.0975256805291902,-0.004828457213099736,0.7276690056441655,0.2928227303333818,0.6199921216385971,1.2319394912904915,0.8195473591125658,-0.42140878376518276,0.05756622303846432,1.3260247994297911,0.629522346253157,0.18719299402218292,0.24739635321345066,-0.3454183523738923,-1.023884022569539,0.6839875037948273,-0.02470017214814476,1.3586543847122048,0.7477325653597778,-0.44828998455650243,1.1019889121703244,0.7067162232207825,-0.2142404433734197,0.1751922420300772,0.8531505802350032,0.3585057961747799,0.8636078709622274,0.7706988116680468,0.5471072262941812,1.4472549953913447,-1.0986595930499,0.5966029729919828,-0.39653964034952666,0.5093947978534868,0.6152884501645729,1.5174936662703775,0.7516444394735106,0.7993781054614995,0.4534793642012134,0.9897827124024001,1.1000905334882742,1.3537943793881249,0.13042089320757194,0.685890537782045,-1.0114194329930377,0.23675737349092646,0.5494553463294171,-0.1247072589182107,-0.4265549461386368,-0.004462690619657483,2.4191212709184056,0.666810434567358,0.3708493888845478,-1.4114048439196727,0.9420554300016825,0.08493280574004336,-0.8214693800650696,-0.6008287918949442,0.9326727770839761,0.8039108714328845,0.04285275451790066,-0.6810078686083623,-0.04088932806125987,0.9988578816827668,0.7507083332100035,-0.2074770514944933,0.13008069340817172,0.6207503350636516,0.6301298406442356,-0.8653925579492046,-0.08739712164084522,1.0531942021854082,-0.6526500937984556
2012-04-01,133825,141899,3793,8.2,110768000,0,7.4,4.8,5.6,0.1,97.251,231383.99288195916,532567.1553258199,1683092.1842816235,232290.6957037539,1046668.714515719,171071,11671.150749936445,354,753,891598.1696466401,732,198173.88356918906,247790.4414880095,144.1,134.7,229.187,228.905,94.408,92.661,13116.5,109.45047029912718,75.93896485378765,14.769,109.64454333148505,1527000,0.135,2.0575,0.4522235238438092,0.32531139510477103,0.07817611335789448,-0.9546486216812976,-0.5771605643045759,0.21100688692129932,1.1068709484951038,1.3029681278254117,0.35553753915077874,1.5537852009379702,0.4018260640146579,-0.8471298458425474,0.014732330524503734,0.5918886505398515,0.20969347344642697,0.8885120086140242,-0.0799751421992671,0.20222795339446337,1.2961161490440791,1.7965518902927373,0.17953677063715784,1.4993420497973244,1.6033800732409682,0.06265619192178669,1.323636262970699,0.6590184189175778,1.2501873297941155,0.5426688536641926,0.5861314503564528,0.7983936129609316,0.9844057838338138,0.9219317895280957,0.31569451933474196,0.4462303088402184,0.7422989213631832,0.869763867399109,1.2353699138324332,0.031188156603805115,0.6701191097188994,1.197553857763549,0.24903364868069255,0.2880303961655934,0.42797285091939063,0.7769799325885844,1.0623480074625522,0.8507471820560885,-0.433081407995156,-0.20149583078345418,1.6385359080013406,0.4678957193739631,0.2780346859312029,0.5004436997275588,0.5687197212267237,-0.009663983176444554,0.4404661187900317,0.24114921231422087,1.1556811170080379,0.8852608842665388,-0.4899553157239459,1.1014652658714066,1.404434431830132,-0.0038093919203268595,0.6049123211008487,0.8262691812288316,0.6103379085637397,1.4822911744337948,0.9635580357460168,0.3910105945780334,0.35130433235882685,-1.6605977767676277,0.31418453251650136,0.2371383793606875,0.8846381088248486,0.32756090450880015,1.1958662915825984,0.05043622177842849,-0.1303501888199806,-0.27100833547390946,1.302939971435537,1.3806872011480928,1.6150185986128662,0.013948270034816085,0.6136080893805257,-0.5315757441655603,0.42422359420831623,-0.10513504824670195,-0.2753040139670197,-0.2329027443371394,0.8178966487445913,1.170302010291819,0.5451065715417173,0.6030222738953221,-0.7429115652324261,0.7207977606020238,0.46818103240626135,-1.131822973158058,-0.5194824835446178,-0.08099881686653179,0.5823813508998645,0.26678052059698637,-0.8626154069857032,-0.3109939027567167,1.0845981257985524,1.031037597634612,-0.0571419924616742,1.5702624191188366,0.839963572530899,1.2818577457594549,-0.9208577446068202,-0.4583614150733633,1.5205265242898032,0.5891679883810315
2012-05-01,133933,142206,3835,8.2,110874000,0,15.2,0,-0.8,-11.1,97.4595,232747.97989438183,534058.6625946427,1693256.4215379083,235321.62626455427,1049520.6888507137,171121,11671.862738860256,370,708,902343.5346015991,796,198696.74026001568,246528.17543636402,142,134,228.713,229.224,94.302,92.755,13112.5,100.42204831286716,78.98461702770068,14.496,109.34082667078532,1494000,0.1575,1.8325,0.6331825568138326,0.9897935738763936,0.7846226491366687,0.10429739467924543,-0.21066065229470876,0.4411071642979099,0.7877112041901014,1.0403870515270286,1.5364826099497917,1.0395705233621053,-0.43775804080326264,-0.9179718177879781,0.38046928794460133,0.8324452420517794,-0.1724237144936921,0.909620589376262,0.5703976547411975,1.0192486182076115,0.8635897195289541,1.0394979826163881,0.7645089026617499,2.50966494909903,1.8259950436340284,0.2157718036836514,1.311885358303165,0.6213309220653207,0.6418856193104647,0.8986984340261368,0.5248808416833137,0.5933669398577787,1.2268531858709173,1.6882272506453981,0.4797809373454386,0.5878427707674475,1.009282645699958,2.6573043551246758,1.1275402672335273,0.5622738627052086,0.26559156158702407,0.8733479440603048,0.6882930197185141,0.8195469119586983,0.27927632387236595,1.2248216631430942,1.033788186065234,1.3198812374121254,-0.24413911404676608,1.044307739827051,1.1681399067831841,0.587492090705994,0.06983532668458697,0.7542735444051712,0.9601104891135523,-0.08929413536200623,1.8638977611993175,0.04929247678527675,1.2438797142395595,1.200118442883559,-0.2800772009179229,1.4263981890450865,1.1830777254083134,0.46639447503148124,1.1433763831719446,0.13659291023895748,1.0758988812348629,1.2757734436099137,0.7354845954308977,0.5678893868760488,0.4083366185380818,-1.3545668296372007,0.2017757299440292,0.7040603107241837,1.2488709577757127,1.2369441909089454,0.8760557390751224,-0.07032657772797957,0.3956810115835464,0.08170955433240618,1.4555787395685638,1.6244827167252054,2.158145988150109,0.42131029238115913,1.007011378264542,1.0497488162920914,0.8424250567867636,0.5626753595978649,0.1945695710767897,0.07438125543249913,1.0708585326848974,0.1469312863538465,0.47131230663507134,0.6481740566382794,-0.09131572648081357,0.7379216800375421,0.9863970413506511,-1.059016395159785,-0.33156072482587884,1.082875664264818,0.6973692076354764,1.0877004374647037,-0.5228134182657428,0.3186315250705353,1.1867530019284107,0.9039019560627592,-0.09736592803871283,2.0055077638010874,0.7518874021758356,1.9065392246092983,-0.7068937840715153,-0.780035651903533,1.6851010032440414,-0.3384334955917589
2012-06-01,134012,142391,3911,8.2,111085000,0,1.7,0,-12.6,-11.9,97.4768,231215.6513251427,537205.8480276699,1694914.7646840932,233925.35064824834,1052008.4028264051,169742,11659.770407621956,360,757,910315.7425679547,794,198662.12574532646,244220.93492053385,138.7,131.7,228.524,229.623,94.254,92.85,13097.2,87.43395505761028,72.4888742740775,14.467,108.78307157558477,1896000,0.162,1.624,0.6184942468217381,0.9382542066160993,0.6894353987807904,0.4062055366515398,-1.3385472799192235,0.47993896989479257,0.5125117871432772,1.0573346661610095,0.985934838452928,1.788416234831432,-0.5204522579287805,-0.6244003038510809,0.46256371551877884,1.0417968529132493,0.02195639126313263,0.23276665765271362,0.26775839697641163,0.8231481092310894,1.0753342725283723,0.5641535868396871,1.3598768792011062,2.5097078734179528,1.6053488849072552,0.2838105482020769,1.1298306450085116,0.8393125828960043,0.98052537404176,0.9858642604202505,6.245647659057935,0.7116218625383565,0.7798227517315663,1.9892716376352213,0.4516741651562307,0.014347960607157827,0.7867062193182794,0.8894665204523546,1.3674590153494135,1.781028284131659,0.8332106367808944,0.4381013818919181,0.19869017456675536,0.19498404428472835,0.2631324011435685,1.3948566130994913,1.5570745311788294,0.6292149823361352,0.47155756886906985,1.204730179681699,0.7464532148394991,0.44792245463399105,0.8333200318576517,0.8056292048320809,1.0038678755065855,-0.0872730435398415,2.15517815582935,-0.09222126973794598,1.4839380001689522,1.5459069008953383,-0.1147320950079986,0.66488931596267975,0.7471439709057878,0.05233206239785567,1.043736538256628,0.5021225053983883,1.1973069193610986,1.2601973108468008,0.9346852695355,0.6181853674380786,0.7647117309782624,-1.0966151010245315,-0.43208875205850317,0.6501402407105502,1.548449812078134,0.5029681123322451,0.7834147051436141,1.1613004679186392,0.42924450793368296,0.3126222073532802,1.3689330404454945,2.129538131387419,2.1916099444129684,0.5089923299185489,1.1069361185041147,0.7894925007773571,1.1624248319713821,-0.42638395051399897,0.6811040701324287,0.4632299092160606,1.1632711643030003,0.4172263315328414,0.22524624649627184,0.43774697878951935,0.3233579194204425,0.42334927130462036,0.8105798326950292,-0.5244704788259185,-0.1009603495120021,0.47788507473856723,1.2590150673477771,1.8279138639929657,1.0781243990882519,0.07765990339611681,1.1534455441730245,0.8798806663740522,-0.024065048661178416,2.8432025884599805,1.1385475205619187,2.2856502056911334,-0.7838827753346759,-0.7746112563382668,1.9116058603190311,-0.4295902051863299
2012-07-01,134157,142292,3735,8.2,111101000,1.1,2.6,-1.2,-12.7,-16.3,97.6714,236351.39148141866,543582.4283047684,1710665.6664297013,230247.75156965893,1062067.2832173766,170474,11684.201595112845,369,740,910968.521975225,849,198025.19938910572,243000.16969285594,137.7,132.2,228.59,229.97,94.288,92.946,12999.8,93.25683013745122,72.14732131385549,14.38,109.68588227908695,1490000,0.155,1.53,1.3899989847790208,0.19353170576092465,0.32357161959310765,-0.317641901685072,-1.4001705786526217,0.22733544048530624,1.911934405649022,0.765801196717111,0.8873301974351386,2.789483580341029,-0.49351713039098255,-1.1724874855364384,0.5829003764755134,0.9663331367105948,-0.27976735133701536,-0.37833398095238585,-0.3033160313708143,0.484223187833079,1.3522986439088902,0.32959793112317515,1.9593451234220134,2.4360840844470992,1.5640298866675522,0.5359099139846305,1.234872345863398,0.6526876037099,0.9469505401556971,2.3675894991851023,1.0771081789494814,0.8600335215072802,0.5548082604812622,1.0091011214136647,0.6100496317863451,-0.08192594281647078,0.9167399374736874,0.5609466695382005,2.059839111220175,1.7786508454886425,0.6250849281606009,0.7956241443785215,0.4286898785218793,0.014053090656264668,-0.14575066330373354,1.2234006145851244,1.480934833690838,0.6075522860554903,0.5935346695419732,1.1554180328215624,0.8997454399772897,0.7793572317815064,1.0951747996675305,0.7545739273227903,0.4850292937997871,-0.1388369288148079,1.8548002411848317,0.11705621852256172,0.03684796829349128,1.5079036193248916,-0.21638147139841268,0.6811070804905047,1.2635688123685487,0.09823054452026588,0.8105967129308883,0.6530755787507367,2.123505081154898,1.3445531960769261,0.12912018103431064,0.428278814753627,0.28848130676440087,-1.113002335821361,-0.017800043866279924,1.1369838811602966,1.6141305573835245,-0.5748124026987937,0.40614578589278083,1.4330586379648511,0.5545933644326808,0.34785762783627006,1.1772228188969005,1.8700250684993074,1.5841968420463286,0.5414064573664984,0.8933972466202393,0.36194222686000577,1.0118479148603412,-1.213922677783869,0.8376104572597661,0.22075679105321894,0.817159506509068,0.8535319349020263,1.2442743199062096,0.4552376473501496,-1.053018999142193,0.4952938992510819,0.8533190604340298,-0.025158697398697326,-0.018766687823973283,0.5231996735012251,1.4328209958510434,0.9637281962873778,1.5966023023673368,0.03516798417718822,1.5092532070703917,1.2739832837995195,0.20451197140021352,1.6505801504338604,0.5025466413563027,2.1621409777336726,-0.6885806079403641,-0.04383756334630105,1.7547528654814952,-0.7583008412118112
2012-08-01,134338,142291,3809,8.1,111223000,1.1,-2.8,-7.1,-2.6,-8.2,97.2734,211833.41261032716,543917.3405211141,1712359.8923302088,226989.05977485332,1047039.7970508959,171593,11686.485915120766,375,754,911924.3168965699,840,195548.86105385548,242089.74155700015,139.4,133.4,229.918,230.233,94.605,93.005,12961.6,99.52962317002272,75.07888159754343,14.444,109.60625008470701,1493000,0.132,1.664,2.611788422571066,0.02524358150139981,1.1951600925202381,-0.495083755056044,-0.8276750259053075,0.43744659944221015,0.011348566331741555,0.9235713335907146,0.8466307590731774,1.7238137721270366,-0.2939309767018641,-0.5792261901274462,0.6665780824337431,1.2540114931330753,0.2853208085218407,-0.06823011116835888,0.02242498180289748,0.8814627881043118,1.985995660271851,0.4502102544312516,1.6789209417376796,2.1349319271633656,1.7180568146868256,0.6860107042576048,1.7603062228866537,0.8303527429586046,1.240542036389451,0.8383972709597295,-0.020659083804620147,0.4787772655286422,0.7111668807391747,1.0632200258123556,0.7571549243122397,0.8609270314201668,1.016284689506949,0.6900679158302637,2.416363383659571,0.9404385951888986,0.5152639663703824,1.4899054804528342,0.2638041386193396,0.8183220414786547,-0.020396642039168203,0.9784580885778801,0.7559543717640154,1.0703102989705457,0.6854603549911884,0.8290866522413438,1.449233037463189,0.4068446590971937,0.9430476592405229,0.07106713851198378,1.6749651790852418,-0.5392613831352945,1.3169737770781715,0.7327150589937186,1.9725193887357384,1.2999397724129202,-0.3405695717295708,0.595978462358773,1.4273583980563869,0.1809128329894607,1.1791828123890618,0.6116164792907242,1.888279092903017,1.3830120487511408,0.05763241914369014,0.6503679603629687,0.3058479154171983,-0.9821513319994439,0.41544301019065416,1.062161138727745,0.7791480909582851,-0.5442307371472408,0.13100771311491458,1.0665744682013556,1.2801950229883292,1.4823625360212798,1.7411085602315295,1.149754833501959,1.8032088619824502,0.6516305816025374,0.6885027765751704,0.1648673299714014,1.0056772016298954,-0.5921079640958851,0.6975320763148339,0.5829240646627067,0.46731422561734337,1.0051987607476156,0.3516664572610667,0.32364184456564665,-1.0316628354928667,0.8494260670130589,1.137753918397053,0.027448331027585413,-0.22696402259720672,1.4071178389936951,1.737462286410888,0.857231087606602,1.6124091469990547,0.18483572218505295,2.700737136944048,1.5296736796205483,0.02130389999771374,1.1682060434978698,0.7522856764315603,2.1706470912143163,-0.5704883371854966,0.0563154150344751,1.8327798430853115,-0.38758853358919165
2012-09-01,134517,143044,3882,7.8,111377000,1.1,-7,2.1,0.2,-8.7,97.2217,228535.29765103853,548445.0907864647,1720892.110728867,228276.05829724006,1048191.1205252231,172145,11702.970714383568,385,847,913226.4761362798,930,201471.13064188085,242352.96597220027,140.8,134.5,231.015,230.659,94.893,93.119,13053.1,99.81768939753195,78.80175393796895,15.099,108.99454733738057,1909000,0.14750000000000002,1.7225,1.7721589899050265,0.7453422619325519,0.9506615192892257,0.11572072470637615,1.673611767713361,0.619158913726087,0.09156334108168163,0.5724147191034136,0.8400336817310919,1.6331637421863143,-0.7578934226996656,0.18600897574403374,0.9150607930335972,1.308767506862821,0.1451663004577795,1.337046871651162,0.6589418907358944,1.0063054680766206,1.9312645415961844,0.9767598695801054,1.6726445008715387,1.8972009959266816,1.7476281279490817,0.5357570027710782,2.0933590683958663,1.2757935240292306,1.0069705660314168,0.3449232880606359,-0.02718845950015535,1.5575635373828967,1.5930165205677693,1.172051982573517,0.9810428047584857,0.5272846519483172,1.3499924038528455,1.0746585235727153,2.4384496685497377,0.9407136955931636,0.9431533483782721,1.3390167520699807,0.35950218788848326,0.5478924061529175,0.31611380072822914,1.3692847053975539,1.1638859931031629,1.7840975987515821,0.8559475663649002,1.1828669432295458,1.4162544225949865,0.7071365944534765,0.10474154729993068,0.7782474066973798,1.0248252039739194,0.8716981749263345,0.8852352562975151,0.717793463715551,2.0976936549585687,1.7967947259862052,0.1423657164156837,1.144838911139152,1.267285149042709,0.026115135867875325,1.4572799972430075,0.7874891395947365,1.6961574832797914,0.9161537156732013,0.816268605002842,0.7773967797945596,0.4577146241774353,-0.5920674619259327,0.2381399463157431,1.0921138247141995,0.46241437273994784,0.21389825929724715,0.1471920548212876,1.4588160345036465,1.7548001776834368,1.4682927694485335,1.944796832196248,0.6886930549134443,2.038901227014514,0.6935762847804825,0.7262462266969463,1.006593184905856,0.6039320321199326,-0.03400777559767701,0.5896744942716311,0.9017507448193356,0.8777211763808308,1.7670949862505265,1.7601397282123254,0.45590615343286367,-0.9858659339641316,0.682153013166564,1.3209523514403434,-0.32080847451974387,-0.19301932553454912,1.7289553233544932,1.3025824267836723,1.2319105591781319,0.12048674360653953,0.22355130061608577,0.8358115268425165,1.7328620519221036,0.20511163190913728,1.2260767854961208,0.7575870387209162,1.3649336909613021,-0.3256126330741699,0.2635999382492636,0.7438144242506075,-0.5140005776961952
2012-10-01,134668,143431,3775,7.8,111681000,12.4,-4.6,-4.3,-1.2,-15.8,97.5311,229427.15447496163,546051.4426208838,1726171.211163481,227330.99375879965,1051250.3414798158,171601,11702.145543951077,358,915,919753.2939668396,887,195571.2694643495,239140.9418538676,141.2,134.6,231.638,231.024,95.174,93.345,13142,94.11183726648032,84.01168301598314,14.83,108.56126369650657,1474000,0.155,1.745,0.43136652490164096,0.6657931475816372,1.1120304843787223,-0.643078893075249,1.2306829216097022,0.1308564882799051,0.43342892143285555,0.60444172186312894,0.7042015214656568,0.7053591888632603,-0.7246857869030223,0.2907969538197275,0.5124483218487297,1.3550763956236493,0.2890559385893249,1.3466144986748316,0.030764769961578484,0.552531316777148,1.0080872837903436,1.1793736203555973,0.5463459527815454,0.8763076857194834,1.1160688962189145,0.4342912491139053,1.827931416506206,0.3515967087244077,1.8302017580615366,-0.08454593190139578,-0.05759732197676273,0.809957869634135,0.8265782053925875,-0.3081982055378373,-0.10877442659752057,0.930906342188505,0.21394204846470713,0.5172056563078432,1.6408077755489265,0.4461777645122558,0.24524971504469734,0.5012936254444864,0.2928219551361836,0.5128796653493575,0.5219084552632717,1.1853378541065522,0.468713493781184,1.1826108790652254,0.030446421182044867,0.8545584885973965,0.6590889491087457,0.045989761375197016,-0.17497729431943915,0.6598047056663595,0.035348296679719525,-0.6334066050766858,0.21953375224573546,0.2156469468272347,1.870117989579875,1.7521478329045084,-0.03842810954878183,1.8692918658168427,0.49108104981039513,-0.02878737472024848,0.7566889008146136,0.34096491581902416,1.2830465537471651,0.7073168658644554,-0.6928904618944076,0.3918938731555714,0.12062935120340712,-1.060758487190062,0.6011405488844442,0.42159027479969347,-0.08037851687102444,0.8950967665520906,1.7617028937864256,0.5101663261044287,0.8075578752495355,0.8065127230067918,1.3300873312399313,0.7451238290039126,2.3463193540722984,0.6010108340744399,1.2773125911929815,0.8274630368290424,0.5153784207132486,0.09260200654958382,0.06317881594141128,0.2169808246698571,0.3044248620094759,2.2377406123603416,1.6566888785396543,-0.4741180043926694,-1.44556518324031,0.049879610182997136,0.5728735638510858,-0.2741698327024069,-0.4664474731974876,1.1534370924732917,0.9104306672038252,1.3331901435990996,-0.4962440103806598,-0.12790790279751332,0.2688135621410227,0.911387099929198,0.840511485779281,1.2627498751854977,0.28962491039819616,0.5693893605207196,0.07956566806500077,-0.145418118751724,0.043466689082568136,-0.5572409847685914
2012-11-01,134825,143333,3878,7.7,111979000,12.4,-0.9,-1.1,-10.6,-14.7,97.9084,228344.32072674512,551590.2806253877,1729951.1750587171,231753.04124741087,1052251.6270805078,172847,11753.25153245224,392,833,916897.4544995743,917,198152.6459115331,245816.90481447603,140.2,133.8,231.249,231.33,95.109,93.445,13315.7,91.11650842717303,84.14313152045432,15.456,108.11633042603428,1605000,0.162,1.662,0.4748010587342404,0.7165784404890295,0.4542988740666622,-0.48035452729747713,-1.2795235705990644,-0.12063837401915997,0.6946162054637655,0.6217923233134065,0.31639350291834323,0.5284304769311023,-1.0926125740052837,0.13940469556076102,0.5762525944852301,0.9231079815657605,0.024474241017028105,0.6534033662509231,0.12327659938597746,0.9444200439270202,1.0433563816521318,1.3053118466682168,-0.496192570107449,0.9392069090876118,0.4166100621032614,-0.01842988002609193,1.2972376780691846,0.02383577299781728,1.420065331452178,-0.030843590778148605,0.12011569273340408,0.38317675788659133,0.48790347203285694,-0.49840213254931554,-0.4007096672951321,0.9411335508041601,-0.052889017526567245,0.086206947167627307,0.5044341832244688,0.33776598962609367,0.08740666565456738,2.672300164287728,0.40240251633006907,0.4777289298531885,0.4390309959736178,0.5013360870277835,-0.011721835591302545,0.6674156022591969,-0.4504609035592813,0.17109973495006392,0.37407626478821304,-0.41090906025103424,-0.0906808247231122,0.11464971369326046,-0.11210060953508591,-0.8378469669924298,0.5368573093741571,0.5400960793001008,1.415584338330827,1.697112716468582,-0.3213473773862351,0.16488612099891845,0.4010230991463508,0.5208803174102923,0.9588169181727484,0.6137790353047152,1.1428240386360484,0.8439818373697445,0.10607559818772,-0.41760045700232135,0.04840312597170267,-0.8981450704879996,1.864189928975467,0.7386885976594795,1.2288523104851377,1.215467728631035,1.8682259473447638,0.29643248104024944,-0.8868838670842196,0.4528230862232779,0.21896083389660564,1.1877479770573183,1.2746523999430566,1.2861108148156093,1.7711815081748816,1.1862762307831514,0.7484224258489132,0.484992298554051,-0.09678613242575657,-0.5913245132031724,-0.0885160972007621,2.2633264601841487,0.8466496786045519,-0.5802049593326211,-2.107816796714719,-0.28713251013460883,0.026173928514708875,-0.8603157654094917,-0.6278136320484975,0.3801264684153051,0.7285305432305885,1.1822507670070352,-0.1328133053693796,-0.2570102117505351,-0.1483323135620691,-0.13080140297766812,0.7056861586640488,-0.675410382822572,0.34069406444960826,0.6713929265621319,0.4979117370018614,-0.25296511462845794,0.21195168514698087,-0.626705071812207
2012-12-01,135074,143330,3970,7.9,111848000,12.4,-5.8,-2.2,2.5,-4.9,98.1884,243095.2531179675,552744.6526594738,1726666.0133253362,233156.66603571203,1066442.6777714684,173467,11758.0499295434,399,976,916786.5480471955,941,202143.14257471554,240351.65204955096,139.4,133.6,231.221,231.725,95.094,93.514,13642.7,92.80291080404652,73.35907354943983,15.462,108.54620605025472,1795000,0.165,1.7175,0.9226513568852274,1.0294856090035702,0.6231125465418125,-0.30707861547641147,-0.45154617041132156,-0.11774116652710373,-0.035337162807903076,0.6803808920359303,0.8501816861351242,0.4253575886525106,-0.47752263259191163,0.49982954064200646,0.8858127110961147,1.578540894498423,0.40738163771269437,1.1807148402279795,0.7341541060128338,0.79491569893089975,1.363056074587389,1.499699898959929,-0.02312081573909248,0.319096261206782,0.948320530903609,0.5985959865991003,1.9006731214137467,0.7269921501888705,0.39466220005273484,-0.6403563959831238,-0.17753852400201572,0.09921091881787572,0.2996570293899109,0.9364990766301271,-0.041697154220926735,0.020233474908995918,0.6260560641241162,0.17394677505224423,1.4741933217208483,0.5253185822250903,0.49800738483952856,2.0169587199101944,-0.07261161875247069,0.16557501880491823,0.5685963125289792,-0.41802207731499835,0.19860013631536289,1.7021439254130224,-0.6603086252103271,0.9364228534857867,0.6388976381055748,0.45014352638466926,0.17054365801123392,0.530445574072974,0.44884225551545914,-0.21906423822248342,1.1242036946687903,-0.6651913600730666,1.146257650644345,1.9337475658793162,0.05377055622547753,0.7783579898561211,1.2847044333274218,1.6840432545426096,0.8466802272070062,1.0418017740541008,1.7458823143874733,1.0871327546677823,0.31199040285020085,-0.03550294185846226,0.18334683314617925,-0.47933285658304514,0.2650314628367912,1.0136439362264258,0.5834820922770297,0.5447556405964776,0.826564809580133,1.0287453424112911,0.8951610791415153,0.771098181553502,0.8152286462052513,1.2540856420024626,1.408198830262729,1.0450865402275482,0.7040755402252576,1.010674258638685,1.2503396911299407,0.3178376594476866,0.30542951006314356,0.006165779933386842,0.2735146397860286,1.85707343118067,1.6863521239492691,-0.23380688390503415,-1.7767586173634529,0.05433788981880484,0.052784998930836054,-1.9119633442217359,-0.1179980765656472,1.8841673640870675,1.2757457041278037,1.9562020620560874,0.3572863262060409,-0.07763329583225148,1.5504251368413817,1.3928984008554746,-0.007312370882535244,0.14950211114770295,0.798302982103805,1.9625757797017367,-0.010937723886739243,0.6343375031070079,0.37792763307312255,-0.636847911868371
2013-01-01,135257,143292,3923,8,112307000,-7.7,-7.3,-2.2,-1.4,-2.9,98.1736,234125.42639727102,556121.7528207819,1741485.4601954115,231459.45945945947,1070461.296247704,174567,11810.443453161899,446,888,905507.2159538178,940,199719.758593545,241845.18499081605,140.1,134.1,231.679,232.229,95.275,93.703,12845.5,99.38598792967724,72.12302282480213,15.813,108.26833832406209,1412000,0.14500000000000002,1.885,1.5065174796132503,1.0998223321533454,0.47538979333872833,0.3232592740138368,0.18631754101751147,0.5638420264707036,1.0141406849912276,0.2583871424458171,0.853067481220002,1.113814132484066,-0.5652626683229367,1.4809050178429726,1.1395716476447266,2.4896560761924063,1.0748851244417092,1.3234295592907959,0.3690259418016831,0.45903927127961763,0.4585628533954471,0.5352995391700222,0.4400188278440784,0.5516049132105633,1.5029311824220488,1.3879718912283814,2.6571795470542705,0.44036496937648945,0.16631515349571108,-0.21524429074775875,0.19862576811208388,-0.2543246728957244,0.8124121171809067,0.805664322829838,0.9206111847036372,0.4265002544809414,2.266344115808569,0.935635445633532,1.68129910913966,1.0348965259075287,0.3198062009648428,1.5019086697582043,-0.2983655326813847,-0.06340588634774737,0.29513743363079553,0.2607667193820209,1.8154976552278745,2.422477552914234,-0.6215291093736961,0.5417293790226071,1.2255957359007321,1.1243919257262887,0.31416495356889795,1.292920921671094,0.6744371396884459,0.6875277233817783,2.1256511053295113,0.0851690482825577,1.457477625762509,1.4833563899228583,0.4654039344000249,1.07210025049526,1.5276438188353072,1.1481740792130326,0.36984387552078724,2.0099515011480946,2.000235488445025,0.7109837669704332,0.3835545657815608,-0.002219810397017529,0.7256195375282188,-0.473791629084967,0.3810375778913938,1.18994987852714,0.0883281903867509,0.7035836264470986,0.7109017812687004,1.1928611492389378,1.6559703905144343,1.2734628280178895,0.5696209031866623,1.393681867601718,2.0370944107878346,0.5954448424435567,0.6673116234765468,1.4318858256803666,0.9841182558318213,0.17869753120045445,0.6440829204288263,0.3727489258850222,0.39283680740285715,1.019177701621994,1.742091758849981,0.5178933535416838,-0.7447330243016976,0.620755526856792,0.766589549640068,-0.5304169351293363,-0.14682917215233493,1.914691992023551,1.4027082555051993,2.0606548634558957,1.4431076978332134,-0.016660502543463997,1.8892355458301253,1.1691505673277691,0.09493502328088711,0.6771445964360346,1.3080973638998714,2.358606711550665,0.20454204613768323,0.7494298354113184,1.0526917455498368,-1.0129469016185435
2013-02-01,135545,143362,4004,7.7,112487000,-7.7,9.4,2,-5.5,-4.6,98.6434,245199.44777961387,552997.4689898968,1736430.612348361,234314.01259229818,1081207.7729202835,175635,11808.4171774008,447,962,913655.9499654863,980,201263.41330767458,244148.3464764574,141.3,135.1,232.937,232.569,95.614,93.805,12813.9,99.69251364862886,76.8816278972659,15.861,108.65541418324807,1412000,0.14250000000000002,2.0075,0.88798423559847794,1.1031838100092952,0.7592131637505752,0.5651488819556031,0.2266566540904096,0.594633293544419,0.0675487353528848,0.07950254019503353,0.4258714188902384,1.2154477753175807,-0.46346880779959826,1.5147193052262862,1.3188290978499215,1.8523007770237965,1.080200899297977,1.3305382345828345,0.7602652426917261,-0.33957664273374516,0.17465569638942366,0.27728322617179246,0.7833394207115113,0.567465841228763,1.4129558561622417,1.3517082142215917,1.8973026051163528,0.6666522929297726,0.8808891073778634,0.2036954716041102,0.26832557104483645,0.21023086965282894,0.901693108932547,0.636191488783634,0.9569805041743794,0.47624819251128025,2.326369538105357,1.333425585111587,1.4607385534863853,1.029759428380188,0.434695225985661,1.0732553146370265,0.330657506581675,-0.28640155636792364,0.2469041530530376,0.7402046052010451,1.6286697982344178,1.3205855307890555,-0.4074617319664326,1.0585968851708116,1.463144365693428,1.485833042624501,0.2803230402149458,0.9429720228699879,1.4978956984938114,0.9498878971257544,1.9149030706546135,-0.6450819568344721,0.5994146884980001,1.568559590459067,0.6777931777616236,0.7070265614299418,1.1999026082299755,0.9442196318513109,0.9723750325638334,2.221392948715846,1.823983014575861,0.5163370444292487,0.9709366108226829,0.4817528231980521,0.6557469252961223,-0.3255887458238764,0.8918648762954167,1.610380608078171,-0.10096859245119157,0.35087734562540207,0.5835587810275141,1.0754322064444695,1.521425709611775,0.2797984686253233,0.8935292528235357,1.1667367537070155,2.9981858614169847,-0.068429477111793785,0.7664072096272881,1.2048263124139322,0.6990901082786252,0.9446762922919213,0.7135463398337983,0.7862426398275979,0.8604133578297866,1.071934272096324,1.7830242587915874,1.2606136406900326,0.054443356001356136,0.3945200941595502,0.9741230715366432,0.32198032584809083,0.5707941989955045,1.5516119095924301,1.3326841275632582,0.9602758410664328,1.5032155302321022,-0.12997446926437936,1.7497416050431542,1.3575506277996516,-0.00150249386362461,1.381758008893593,1.0699833727195043,2.161955695777074,-0.16153288172574176,0.46586929309234126,1.1530028884453922,-0.7050378591765835
2013-03-01,135689,143316,4076,7.5,112653000,-7.7,5,-2.2,2,-7.5,99.047,227756.3672922252,554324.1035522788,1738834.9941148052,234203.25067024128,1080399.6313672923,174884,11823.579926273458,444,1010,905359.8357908848,936,198827.07774798927,234762.48324396784,141.2,134.4,232.282,232.794,95.488,93.891,12852.1,97.44679959785523,78.04104818712098,15.721,108.65662126210673,1759000,0.148,1.944,1.422319367030701,1.4924798344996428,0.6607923173870306,0.11588731845767948,0.09973584406091887,0.8895212649182501,0.23731963857052552,0.09560489053992877,0.38194136065410916,0.490693186294924,-0.48868157403329593,1.6123400919935422,1.1120071656480153,2.093960159428217,0.8623063194970277,0.6578446376106034,0.8861186263939858,-0.3378692393882045,0.14868040559058499,0.18750836219600744,1.1253943741007095,0.7623715932546969,0.8809769968011493,1.5631505448145258,1.674797051058262,0.8862046832310316,0.1777179364365526,-0.09965383609489566,0.31001539362034614,0.9228228660329736,1.1446359341310277,1.5648052405987027,1.0800067672826605,1.1254829246459712,1.1979223517726245,1.7908018902660965,1.8104567176585358,1.0274735137251159,0.4722763914670273,1.226445075862063,0.16272980990753566,0.2605030894410451,0.43763156446114815,0.891568068805946,1.654799464673368,1.4564082182526,-0.12583413570067162,1.2784437931107522,1.094313005551026,1.736686896712426,0.17640093051227027,0.6765418598459836,1.510557043520556,0.9271194701090938,1.4967241120168406,-0.40154573527823534,0.3473010263915667,1.6193880720399918,1.0348234286896938,0.19065598793768934,0.8603050215015586,0.49371232067298615,0.5340612254207955,1.9516888624984634,1.67920034313494,0.2261779724964753,1.2166699586354068,0.4945158513306901,0.633290056426448,-0.28988309945821056,0.38317181515101484,1.2407359167154557,0.22434273365630708,0.2514144407168619,0.4688531659203489,1.486603376524125,1.2017146383006017,0.5831739657879558,1.1670514605529911,1.2593853799618735,1.0314867645761998,-0.11383928479943327,1.0158573899415293,1.447683194682558,-0.28182683556239907,1.6420962833460646,1.3194011527070169,1.0277075610814175,2.0537681375375585,0.9335496186890792,1.5332672952725752,1.4433294687020772,-0.7737322223699121,0.658447194955676,0.9617584824306622,0.640631690473644,0.6068558471844506,2.3140612147489565,1.319274237031323,1.168482799218426,0.45267154721888936,-0.3683998957958691,1.433221780592821,1.6290724352923305,0.034308539197071414,2.0850780983424007,1.833235651377021,1.8596474301551325,0.5927303119552543,1.0220850516176891,0.9853308462056726,-0.5001345605050512
2013-04-01,135873,143635,3988,7.6,112696000,3.7,3.9,-3.4,0.4,-7.1,98.9445,237409.1895461836,557094.4848046461,1745958.9157641653,234515.83482718494,1088465.3688503108,174390,11826.168087136102,441,835,922233.7537084211,1012,199812.35127003596,240158.92484615947,140.2,133.6,231.797,232.832,95.391,93.937,12893.4,96.51853948485704,75.93896485378765,15.811,108.83356431326986,1389000,0.14250000000000002,1.7650000000000001,1.0262065171907713,-0.07622462533278992,0.05732189409424408,0.5351604157635488,-0.5054977382082475,0.3070016618527124,-0.01808601091390353,-0.16569063805826675,0.5438611811559312,0.08329580978785836,-1.618514167504597,0.5817821901057478,0.8237547218675181,1.6734116952066334,0.762810385040296,0.448590512032429,0.5359707014966956,-0.6495952008763153,0.628882924194621,0.22700844466910483,0.29253684430477267,0.24961223151415943,0.6540613630186134,1.9839025349053387,1.529214374404388,0.3424167740637424,-0.29527059758274926,2.0534435323293714,0.1391951566032845,-0.12064603294606283,0.4106746677884191,0.37873411281157365,0.952225661466775,1.2889467064118678,1.2957458781777693,1.7188288760030068,1.2236899741419838,1.1065459089415486,0.09094541220138015,0.9209814094887289,-0.08688095589257644,0.16850830718182422,0.16070956027868427,0.24671196807505863,0.9221343441899859,0.8074680040964457,-0.08186920585407623,1.111303085534602,0.6774933882654407,0.9003167723121674,-0.2717714490244642,0.03834492646510024,0.8523652764690213,0.8047962988928358,0.7364576776755191,-0.9134996450601399,0.40430292677875257,1.380016088800446,0.9078120706011648,0.17312907950200815,0.3489709596235727,-0.37993569918441183,-5.770926034251514e-4,1.281202863225319,1.2212272691989858,-0.26948717149960316,0.7190208454354062,-0.0917627338712162,0.5390723397906366,-0.2544129181031509,0.9099165407284047,0.7247379076886019,-0.7637582609854958,-0.19372732295328415,0.4347151367007083,1.8214268231181783,1.1612915528220347,0.7926180296090023,0.37988642733838607,0.8020011792276516,0.39296961991383644,-0.484889543776248,0.2668188324549696,0.8355668569735317,-0.43813255350254865,0.41758121867098713,1.8663007429496234,0.5349536061590988,1.3061195275457607,-0.10318283785080033,1.3954826780254819,0.8017392729533825,-0.4843747102840235,-0.14287140181417884,0.4450758933263887,-0.3539239350673108,0.4138058725885268,1.4428793525921697,0.8503282229231528,-0.017043272877741093,1.08236649927517,-0.9207925344844832,1.2076456764153505,0.6625367399202372,0.003621216209976793,1.214588330447162,0.4859074042438748,2.0645796423331997,1.190405745204643,0.7827031131572952,0.5274127862672442,-1.6666682779723718
2013-05-01,136095,143882,4145,7.5,112884000,3.7,0.1,-3.4,0.3,-4,99.0383,248208.16878096818,553313.9187731115,1742001.1005946705,237293.76394548558,1102761.3370905395,175373,11859.92185290328,428,930,931010.5697614732,1003,198863.4101884539,242547.2182357193,139.4,132.9,231.893,232.996,95.461,94.047,12954.2,99.30757063093829,84.18461702770068,15.884,109.249662624469,1391000,0.112,1.918,0.5007781108433922,-0.19457236098338793,0.11964631737648175,0.7961385598874666,-0.7149881063641734,0.5451773842786647,0.6255543018510273,-0.16816047180236257,-0.07153634185433944,0.3551391638758188,-0.7881434367950251,0.28911175177010223,0.7870107574676788,1.6561469397280575,0.2274488538538289,0.4034646804302493,0.05252924887177883,-0.575348380152514,0.9444561496812691,0.38144559024727914,0.24245580990869303,0.30262150606640903,0.21932271863235614,2.1221317517245715,1.199767817731807,-0.011545669007954416,0.1720800768334081,3.0142778575838283,0.38746316022626415,0.6373492997912438,0.46625961427312246,0.5585991653627075,0.8807357261711943,0.953429245077378,1.4264861563320448,1.2050748675708025,1.0849737386542613,1.285283741404304,0.23392612964623233,0.9355611993771928,-0.18361070701834678,-0.0032393858281980215,0.035949315709339215,-0.04729627901952065,0.9439294663379133,0.11003108688555627,-0.28707810298411474,0.8184891728057787,1.3395820135410803,0.5560408679614363,-0.3003764523878112,0.033730422094518785,0.40166663556058846,0.9576601740414268,0.758640780182032,-0.4203038572829584,0.5342841390054418,1.4994338315570523,0.7967103779908616,1.1374755944767045,0.4100072411088224,-0.37223607948179094,0.1217990322888739,0.8458500402579119,1.4263587772231312,-0.39684129390898715,0.5691516153462409,-0.7410456131157949,0.5583718714368018,0.006160171669190584,0.5737669402497924,0.3475624667650712,-0.1179871418037169,-0.3531608835209815,0.4138514355406162,1.5438840787467045,0.8902223476546611,1.5563521067003272,0.14355256198176095,0.09887596064452872,0.3334350510672208,-0.39273875550856413,0.32068041971970146,1.5849016587591875,-1.123746287534198,0.13776428138081537,-0.13782361245714575,0.050742109952370475,1.2635649625273215,-0.44902802670446956,1.206170707249637,0.4121676450075265,-0.801319325520051,-0.4208956191040757,0.2249762397202492,0.33451518485723286,1.4683157958422326,1.6277516878135811,0.7007264269613349,0.39239030081643766,0.8167672524983552,-0.8680081014868706,1.0895269092133464,1.5688155195791673,-0.1657452254403759,0.8817970603991349,0.12146972922706495,1.359592264957576,0.5914081330541358,0.71170976480698,1.0582423131299568,-1.1369899843768858
2013-06-01,136279,143999,4150,7.5,112937000,3.7,4.7,-6.5,12.7,-6.6,99.2221,257718.47856762097,552327.1978510134,1735223.0642974977,235677.77742936878,1126668.966166003,175491,11857.472850229426,470,839,939967.3889185037,942,201646.2324793829,237629.2161842944,138.8,132.8,232.445,233.35,95.673,94.209,12955.7,100.13274382532167,83.3888742740775,16.149,108.57758843225261,1723000,0.095,2.3,0.8979131166655875,0.4250855474501994,0.763153822602652,0.9267366189624693,-0.6818153524738684,0.7655049975153031,1.2258586758643133,-0.22717179781416721,-0.357785301911676,-0.0654307090551346,-0.2525960561682661,0.13497318644965176,1.0361883209883747,1.7558974108494423,-0.9179800566462321,0.9025255615262724,0.16662034088931363,-0.27097405325691876,0.7290324698254838,0.3347704866361344,0.68182979136283,0.28625860755712357,0.5252684951208668,2.307717823286921,0.8427828243222689,0.683870329975264,0.31553193251243694,1.4381036717010414,-0.38910467619723915,0.31896544749438965,1.0067529911955204,0.6169574837188302,0.8257816061679363,1.2441544392099146,1.2874249408016019,1.1443307705071155,1.0026711114708862,1.5983693395975689,0.37020505798712033,1.6502188754527647,0.23418495936160197,0.4133519282226534,0.13987885641733563,-0.1719176662118983,1.4983011691345893,1.0704157131156875,0.0074340557470534375,0.6752287833305338,0.9617362724894474,0.8108288954502266,0.3972376307502774,0.4572770253311177,0.1700256951048691,2.4733491519286606,0.9982873643569656,-0.5317113524198451,0.5767144774960666,1.5926276131024164,0.32248589393968013,1.1456407239319573,0.09168447372162147,0.49520128529020957,0.30181179685040677,1.0470073040377965,1.8527906111832313,-0.19289628257935273,1.0101446455119107,-1.075567176645519,0.8622534371014853,-0.6083009927529514,-0.31563509101014076,0.8740027530958661,-0.6590093459441021,-0.05868908958465323,0.09251338136026235,2.637171285727173,0.44330600981780666,2.0350301610341215,0.19710096753855227,-0.5431948355843003,-0.19796354128673116,-0.03653677402769097,0.8320842221463293,1.247409390763986,-0.9795753518059095,0.46533450799586695,-0.3209052556555391,0.09514622099246783,1.5135952083137054,-0.09474013178010715,1.158460863930595,-0.27861709278868446,0.044105865064148986,0.3404892371848326,1.1520715150351515,1.7903472513455205,3.0596211685658763,1.743935107418036,0.8338690619314558,0.37129334797070257,-0.24061419184563926,-1.2049726344634812,0.7739354591205941,1.04873975017458,-0.0479426569447445,1.2261173315282312,0.33842371923173153,0.22302072051009034,0.742885343127446,0.9767780618682802,0.8652479377745145,-0.6589204892860566
2013-07-01,136391,144264,3885,7.3,113112000,-3.7,4.4,3.3,15.9,-1.8,98.8987,230531.77718389843,553142.2248204442,1743675.3001954618,230225.9061299482,1129536.9133121762,176156,11872.181393018207,375,880,958071.6552530483,997,200564.76532487053,238517.8302989811,138.9,132.6,232.9,233.88,95.792,94.329,12941.8,109.20536161683647,84.94732131385548,16.021,109.06595486534836,1384000,0.0925,2.5775,0.07124060133473897,0.5608819149762213,1.3176255825012535,1.2096243636097697,-0.3691374463844365,1.311982854030115,1.3829462788163578,-0.628758483078975,1.0771910435167762,0.41896199041192306,0.6338323709949671,0.5049463859947885,0.8949618811340498,1.818871024995239,0.17170342172841718,0.3830221145423814,0.6985030565320636,1.472607596658279,1.0862408054789208,0.6045067207092292,0.5818375321483932,0.09072601786322762,0.6950153902859394,2.164000384156246,0.7971432701432816,0.9005112798416688,0.4721099421495556,1.1634141830975298,0.11772465246220351,0.6041648004547566,1.1659048751093648,0.18349316658272702,0.9782113509510095,2.5545894761328407,1.4136824074143466,0.8182385102934349,1.3230079046017862,1.7524922711162976,1.353017562203436,2.2018666216913467,0.312472868913891,1.3731969615380606,0.16712798943608134,0.21414796655551085,1.1507943653676331,1.0520308625648211,0.31445422002637763,0.23832376589117024,0.4397574118290808,1.4178150275950048,1.0488029519225848,2.3914239627765697,0.9893968645186755,2.506692851066458,1.8165666020991207,-0.4591161401451866,0.7469870447321839,1.9707793021837543,0.6922330011561512,2.2206776831121093,-0.5502104991045442,-0.2611500594004135,0.11802668926824805,1.791872404513374,2.0715858421795876,-0.44561255938291616,1.5461801867824816,-0.49758102928208015,1.728911200737355,-0.43811761748194233,0.5904994107059164,1.1610319821756874,-0.3371834922261176,-0.4280972476513827,0.16770147797525656,2.0217113938494835,0.6855138786555223,2.069542414272748,0.7133541963208794,0.045359322991880835,-0.28211713649011094,-0.19046387084752583,1.7839211961773769,0.9969591880814056,-0.9131964503328333,-0.39538314592139734,0.5096092174298856,0.4422623633871521,1.556851932451359,0.9861948612314819,0.9889250508334857,0.24083505154251572,0.4903095451561502,0.5449516815205825,1.449351606995329,1.1358259663452897,3.507699265799328,0.8531803288913036,0.7546672426844391,0.9834019821007065,-0.7944759098732301,-0.8287118039807689,0.4957646374583149,1.1887918654718916,0.3611985846171938,1.5808812815643747,0.9810469450204501,1.0814966592988955,0.5514248272452271,0.9967343313060525,0.5175518710062631,-0.2509912490537935
2013-08-01,136646,144326,4085,7.2,113361000,-3.7,9.4,-1.2,8,-7,99.4897,234245.4187253737,556663.9564700732,1748862.8391800553,234055.70496382928,1132072.0495340547,175490,11890.049408968665,381,917,968437.6759021828,964,200605.6247003148,238773.53180311466,139.4,131.9,233.456,234.336,95.934,94.431,12969.6,111.08678883399004,82.87888159754343,15.827,108.72896033946242,1667000,0.086,2.722,0.8347007139337652,0.6906898608477563,1.291924305370944,0.36592955301300584,-0.312703526208968,0.8988104622831943,0.8884527353731343,-0.7254768656253991,-0.16204660712956137,0.5338539995006876,1.5286322032139237,0.9425663629353855,1.3098387534600606,1.5656050978524219,0.6164388369609819,0.6076166838532335,1.209252570976378,0.2083002920066054,1.193108983895849,0.8612240677419005,0.8204063417353106,0.8898927147557065,0.7651439009902727,2.596380805863512,0.8508544765930467,0.8472210870351032,-0.016943388853449967,0.4362840754170513,0.1462715424290289,0.7216206759641594,0.8370545838021939,0.150147301859747,1.0638033162434974,2.1061637558258126,1.4163165956654693,0.6052827211580717,1.4537447187642862,1.5659878677766181,1.030518528067167,2.064295576674713,0.19137355395501057,0.6966660911955213,0.16499253583680296,0.3092803582220519,1.19250127390073,1.1193438089571708,0.4530246098029507,0.0782137255193546,0.5926440520627225,1.4441009633747046,0.30043511064223194,3.021007453105697,1.7353063956240613,2.7690107160225716,1.7396523470017577,-0.1669897290168188,0.7497003117342351,1.0390202370372164,1.0519953612990662,2.436857888522763,-1.7022181359618616,2.095909839257233,0.6406481393247638,1.6222362489914641,1.7210597811745143,-0.131005442399014,1.140016388311427,-0.46447833620921625,0.36421615823017256,-0.35608076784812465,0.5196241589071976,1.551779599184179,0.0463721327001347,-0.9624784257103585,-0.09628743652118624,1.9853879563987962,1.5220488872995177,2.4130579206741265,1.38530018753501,1.3955755566643162,0.01999496362882404,0.5794553996279355,1.4201006214215957,1.0397429765341324,-0.5211253320684837,-0.11295432980249492,0.40585824332892606,1.311730872929037,1.2512835031943,1.4059687329697639,1.094590475835419,0.6295533603033487,1.2681881364861218,0.6901058428588956,1.7419730152219126,1.2629892389970747,3.436695634902731,0.39908143321992184,0.8035658752846427,0.7383815525827293,-0.0437936702824741,-0.8784656199209986,1.2763463312184802,1.2209560086212146,0.4774659446894153,1.3133327679881537,1.1555190959126227,1.0936235456110572,0.5205389693213391,0.822100735474727,-0.08185235146632955,0.9801858355073239
2013-09-01,136821,144418,4128,7.2,113535000,-3.7,7.4,-4.3,20.6,-3,100.021,247450.40426773363,559846.2115528883,1759522.3291593143,234718.05451362842,1148576.7275152123,175575,11925.793948487122,403,850,977453.7384346088,1004,200576.18571309495,242166.79169792446,139.8,132.4,233.544,234.7,95.976,94.543,13027.5,110.74643660915228,78.00175393796896,15.857,108.51287695886342,1256000,0.08,2.8225,0.34755491496315716,-0.12379367019098553,-0.023725434320351086,0.9468175707746568,-0.9298727856626341,0.5767170880494554,0.06801801313385325,-0.5171145226636719,0.013217005304650808,0.46538756883655075,1.238295566889444,0.6818363585070832,0.47937276719847965,1.206570244530465,0.09174885299459108,0.6180708652253472,0.5972179582974085,-0.21267234483716313,0.8475584288948532,-0.19723683482736198,0.6835012051862361,0.7431807126380402,0.5694282561033577,1.607996550257479,0.3584632057361314,0.1946515185693577,-0.4760245763137615,-0.2634643260529228,-0.25667290123082176,0.40917067984977773,0.6281950845865705,0.1389610251218097,0.679849210611971,1.515264264398935,1.3976229162068212,0.5637187738665117,0.5502165625381668,0.6469952694051082,-0.6514111394762121,1.3588451965042778,-0.1973642174474961,-0.06917064193263818,0.2675189214014474,-0.43012252301226733,0.5273211404130285,0.755746373685788,0.9132923902023179,0.35952626558129247,-0.04137004787352991,0.9820065436370955,-0.5366437440857044,1.3853963732257903,1.6163309626289442,2.32323366565653,0.9470691099906734,-0.3906634002417864,0.45470961141082167,0.6880436599449073,-0.055175674483582335,1.7637026941594152,-0.9699528721965154,-0.0017041935305105033,0.6387151790095751,0.734945536254581,1.3784699002564935,-0.3705238569372902,1.0693827258641622,-0.42769263709919125,0.5274409255819791,-0.6289160619195333,-0.2392515256365696,1.2751137829816934,-0.9371656976502676,-0.30843772929383445,-0.2726702401130134,1.6105056719867585,0.46920997003764053,1.6795270606926271,0.763568115017623,1.123236699374387,0.7371843420135523,0.835438656591289,0.45937303528799783,1.3061108524911595,-0.6370744437165714,-0.12458583022997786,0.6034793325546717,1.2198529920627468,0.3466176998984627,0.31479864814440406,0.3363008419532651,-0.22542524096127975,1.2859787773259963,0.5743414353402486,1.8364149481631773,1.2538274569473113,2.907622136423595,-0.12186620876947034,0.6347115890496426,-0.4125796202545653,0.8507804193900637,-0.9399255688750934,0.9656831072508704,0.24003153067675398,0.38623068242323305,0.1862765693437961,0.31345091576173667,-0.0049466269535059365,0.10549568365335765,0.658416173003806,0.22539777337423944,0.8963685598208995
2013-10-01,137041,143537,4222,7.2,113625000,-0.6,3.5,-10.8,13.4,4.8,99.9037,241132.9511045441,564946.9839651207,1775595.1307583859,236041.5387656993,1155902.5212532387,176061,11964.246693651603,444,925,989785.9588150216,1044,204437.94678626058,242195.35290261492,138.9,131.6,233.669,234.921,96.103,94.703,12974.6,104.61692142805117,74.61168301598315,15.727,108.28071677409801,1434000,0.09,2.6325000000000003,0.42437820309650853,0.07230779683170645,0.10863245766153835,1.0612896558666889,0.014339316783559562,0.5769479848452054,-0.408119793085986,-0.778803251808119,0.8542440158702787,0.4044603223103639,0.795799449295337,0.6176605949481809,0.6584754996518474,0.9807921073635844,0.27188096849123805,0.6001750014422751,0.5096375101971027,-0.7099453736600609,-0.0830324142840286,-0.3645086185283673,0.4092169924379212,0.7472749475738472,0.5359023074274069,1.1800404167257705,0.6048125188282978,-0.23299206535687936,-0.48552549532211364,0.28909421249137435,-0.24046801909859641,0.3618957077217736,0.5756773477860819,0.23713527637756907,0.6475347959380446,1.4693982155262448,1.4623805335305056,0.29196577416238545,0.6670172125278997,0.8947589068850282,-0.5853944155383515,1.271554014067172,-0.41822343509246007,0.22765535265016656,0.2582981307634974,-0.06941989190640502,0.5792427647438116,0.6228499916383211,2.943065649085093,0.692511741652878,-0.08305480192525369,1.0976207380020235,-0.7434683861785522,0.8663467898305689,1.0814863759185893,1.6994312379837517,0.8004160599383031,-0.4180743758772061,-0.11392431117198276,0.415747368504558,0.43115156702156693,1.6619121708771898,-0.16100761237509498,0.21397436809336454,1.300776191236404,1.3302718551607313,1.0352318206107345,-0.4410275188210852,-0.24224068289083975,-0.2187587324016688,0.9888253829906304,-0.34978493375917,0.05395937402414894,1.1868028118877785,-0.3744398996443492,-0.6759741662922721,-0.24706406318711138,1.5270821380371118,0.5308248950387477,0.7941220082815139,0.876215005550691,0.8194218823692567,1.2022708150966062,1.3869104764994178,0.3324550122894379,1.143366282987893,-0.545842409859611,-0.6826638717803072,1.1344458743114065,1.3381432011612158,0.9142284960191294,-0.1570737718421703,0.4175422514812761,-0.7538745952400413,-0.02417563350885091,0.4656113131809908,2.4071801020295474,1.650418001059849,2.7107901761271407,0.142075554263226,0.41698124525808034,-0.44430267317755134,0.949745261822818,-1.0813429355234776,1.0553630005539831,0.5375849514472856,1.2270472336799738,0.08932353800458644,0.7840237325133208,-0.09992731123660095,-0.11229951847914665,0.1505263714986076,0.19206799123732587,-0.03682748264976836
2013-11-01,137316,144479,4119,6.9,113847000,-0.6,2,-3.9,4.7,-1.2,100.1582,253341.43756623653,568907.798765663,1778965.6329474424,241633.93803378844,1170030.962325707,176233,12013.486274754276,446,1100,1001726.8250109097,1029,204987.22024811423,240295.70060054443,137.7,131.8,234.1,235.359,96.246,94.86,12998.9,97.5209359349999,76.54313152045431,16.079,109.02031095386347,1641000,0.084,2.694,0.43427923567320853,0.13166794828350112,0.4940240150268823,0.733592250901814,-0.33884233132722674,0.8795975453370743,-0.22313057349261126,-0.796679184951834,0.8855817494241313,0.5914719180179463,0.8189171698570885,0.5122519810006997,1.6308940710969686,1.071666457602439,0.14544715078481235,0.7039060707198428,0.35832834067544184,-0.4645187910269581,-0.2587478610008473,-1.1305877568930882,0.8521109063921547,1.170661453668106,0.3818249219962336,1.6790844838338248,0.8800373204947048,0.5340214463582258,-0.3007225460998118,0.27843681425810873,-0.10510329033096137,0.9336672332828018,0.5601572688757186,0.32033964710560237,0.9446962548454869,1.10481968285707,1.4629549023935238,0.11880207538593797,1.409896388471774,1.3297456408729555,0.14721874220633036,0.8865638629813318,0.06480794663185396,0.6837138894719355,0.22014651711541286,0.4959390030067773,0.3264678765019212,0.937053520447726,2.5003231121140135,1.2565205607998573,-0.03568693253522118,1.39405010415114,-0.27960647352461593,1.4300067742480718,1.0859269962566374,2.1566528261345423,0.7201470174106763,0.44774847678944657,-0.3536203328652927,0.3559135455382928,0.40363517659471704,1.7544540463201113,-0.6030641818672694,0.8830813518284123,1.0189440513619392,0.747330233832849,1.3108554497257698,-0.08456360266647858,0.9355427202655365,0.6010125268287838,1.1030952209034117,-0.07596590042506911,0.446392317016463,1.8011685927489076,-0.24174634428690947,-0.47405136690674543,-0.4371956307048903,1.792103649969137,0.6071942309395485,0.42553390453877904,1.2299822364425577,1.0619879022844407,1.5569887575193444,0.8243862068616931,0.3303591227160695,1.31686021021428,-0.9022517765778187,-0.5892699903174603,0.7302369563483081,0.9716796972597241,0.9682155069211534,-0.03623902964171302,1.12126511746707,-0.6817141497746966,0.05325650527793288,0.3009948033548248,1.8064456381452332,2.7801719235136853,2.662850045577321,0.33642025562212174,0.5280197855613059,-0.46664881799463603,1.4501770534660072,-1.4053827254629228,1.1230768873534003,1.2984104119015891,0.5757522120125894,0.14088368233243714,1.3303232332665498,0.24809210748254337,0.2624526665257565,-0.6747078804961565,0.34504135157347016,0.3556530246629971
2013-12-01,137373,144778,4121,6.7,114427000,-0.6,3.1,-9.6,3.9,-8.2,100.374,247351.00711514923,570884.9337233183,1773974.5044408438,234191.09257991577,1185119.3810027589,176727,12024.394797436058,433,1002,1015631.5472856639,1005,203645.73609641753,238532.78569502354,137.8,132.3,234.719,235.759,96.414,94.961,13019.1,101.26122762254444,82.95907354943982,15.835,109.44402408146455,1384000,0.08499999999999999,2.895,0.3695556245690239,-0.5345579796414621,0.33664228529714746,0.28546294010274087,0.4951710575615198,-0.07399452121900733,-0.344510721578573,-0.8090207021300719,-0.2407041280803863,0.09861378531329645,0.8948675078858457,3.15055366467597,1.7111868593257518,1.1939564799263709,-0.5621051441079069,0.5741043783333992,0.037211526242753236,0.19053176504193797,-0.619442633270691,-0.32691878472218283,0.6167983026878574,0.6680371794290976,-0.2724044494016386,1.0754916438742506,1.4471138879009613,0.4383846950833572,-0.737685264351303,0.17594351083529816,-0.07024206621544446,0.6202151740333334,0.3123959056071425,-0.044534707908013206,0.2597266119427004,0.672415279128217,0.6424057775961556,-0.15567178623096453,0.894056905712361,0.5346070150766389,-0.02330417963673282,0.6900655219747897,0.5780978698375668,1.2595596330634151,0.1170777745428512,1.1866344560409463,0.029047784274541306,0.44909913134465634,1.971086371286245,-0.5060805230525783,-0.07371108677816707,1.1694126865146592,-0.004605636207920188,0.8231089445741047,1.6317310026924923,1.5730525222914529,0.4272480435893293,1.940343472198037,-0.9815024398014298,0.17986017225094675,0.08427134291644459,0.7107261795920555,-0.0828620976579654,0.7719230563792596,0.8459364222690016,0.37719092537485654,1.3533401261279943,0.5797125066231408,0.7031890588119203,-0.7098276165816781,0.7784998003513185,-0.34489646487135317,-0.2132246545748016,1.5246429814646467,-0.13505515829663778,-0.4599007967292991,-0.0013207630987454473,0.9982545447011122,0.06674156212935423,-0.3590440822600891,0.8123922637408938,0.9276865859509061,1.2692478226569222,0.7327300568337701,0.6683759353056422,1.6048193973120268,-0.6636141605821991,-0.7379034297435094,-0.004755406299307513,1.2610829668015746,0.5692160384232169,-0.4220782963894387,1.1373205251722287,-0.41781852336733954,-0.13943271476443894,0.5846047020159588,0.5472463456165997,1.678442480067633,1.8867667828149493,-0.11198305070239485,0.36684604689590383,-0.4601684357753869,0.7710372438072053,-1.4457255053118954,1.8993418618926925,0.9455945238243608,0.13694588301911326,-0.21944370821575165,1.6815161852187548,0.5030216825165786,0.3422033246452133,-0.26295754891683404,0.5486837928808872,0.4116232597238361
2014-01-01,137561,145150,4127,6.6,114499000,11.5,13.4,-8.5,15.4,-0.9,99.9899,232407.3115697518,572978.0363094376,1782396.207797191,232917.5895832902,1186276.3160618544,174918,11984.59850539259,443,888,1021163.5994783364,976,202650.75454903016,241395.6569441282,138.3,132.7,235.288,235.961,96.614,95.064,13079.5,97.93611691887304,79.52302282480214,15.614,108.72433550275153,1307000,0.07200000000000001,2.876,0.28002151605254055,0.8492192081403995,0.25544705654836963,0.6103981225887695,1.2132715364304991,0.4299232944329767,-0.3484051092141485,-0.879125012941905,0.13237934696675052,0.12116417110397298,0.7477926537696189,2.743660554461832,1.0648658017214698,1.3708629733983924,-0.5729615916406763,0.7315521461581038,0.3440296358743484,-0.40217407977344655,-0.35436462631304266,0.21928297456712936,1.3212749056582307,0.8285870108471788,0.015550271806847538,1.9717654164708112,0.8470597494575844,0.5149423234662492,-0.7367393053998922,0.4536914766634242,0.15254604966895458,0.5267413378241638,0.49712922955462224,-0.05402696215496318,1.0203986137184256,0.7926980444619871,0.7816352129753024,0.11963804698670104,0.7054752288591996,1.3067033008429152,0.0973464158428114,0.11785901762649945,1.1068586494378894,0.9232384274335625,-0.24978422821912163,0.3278978001815773,0.016669169945464208,0.24080569073112223,2.078840600548674,0.18270436061638445,-0.6096258389973894,1.0252387780593906,0.042690225932725104,0.719984649453352,1.9461514617239262,1.6226901067322048,1.0220684801110316,0.5430785732007677,-0.6071809594868489,-0.19816448502725603,0.39192030558860147,1.2705885022033891,-0.3918936174993647,0.3158340087284765,0.7817281052491623,0.5774582484357074,0.9731215578321558,3.984792769651227,0.6586934639399238,-0.7092470652176279,2.0134649725467018,0.5316585784011896,0.3707715267507754,1.6118334067295237,1.0753102801739316,-0.09287699498006638,0.012251371032845487,1.221715573575159,0.48121712260135724,0.23276851353728154,0.9170447516161361,0.8765722760724206,0.37948410830664686,2.5703250487815605,0.7367126518211442,1.2166379669268848,-0.49877977815151375,-0.5944167012151599,0.44210154177249694,1.5081777327906236,0.48081569677607483,-0.037836319171411593,1.0295154471184884,1.186680540189516,0.02336574832280052,0.47993582194486994,0.9033269201614982,1.0490688561202266,2.552370113301155,0.3360098601749677,1.4415434861085896,0.022408048161569376,0.24660284213080624,-1.1751478103670205,1.7258946716296777,0.6954981126832727,0.5284866768874996,0.36169375027316375,1.1889610623673565,0.11315579358541394,0.26322423810166873,1.1067861872857456,0.6206882551420501,0.3517403512916745
2014-02-01,137712,145134,4373,6.7,114719000,11.5,7.1,1.3,2,0.4,100.7471,239375.1293192634,576457.6867370164,1790625.6628292592,237606.04179598595,1191320.0910407614,176923,12039.00268984068,420,944,1021661.4938961307,1039,201799.0895923857,243304.36581833233,139.8,133.7,235.547,236.185,96.66,95.109,13148,104.30374508586799,80.8816278972659,15.993,108.71124956062326,1341000,0.0675,2.7125,0.08529914769290821,0.07267309521066428,-0.057285173627142104,0.8528642188212996,1.6186705498344516,0.6768301748666652,-0.6768008238134245,-0.7668271435169183,0.5041299521749971,0.09537227030007672,0.49510948123988374,2.330551198965289,1.1934661770034036,0.8069403668345625,-0.5051411637865633,0.8408862119711799,0.8595115704802709,-0.4489193986771834,-0.4885995102594669,-0.9444186393848657,0.8798023519091429,0.8320278737113199,0.383990656711939,1.408748706280498,0.9271066383483538,-0.25925130497624266,-0.5982406583736428,-0.03545097170889634,0.16538047954238647,0.599998795084761,0.5942752164286798,-0.03227772740457957,0.7296956589580402,0.9204935901880091,0.6073249141917842,0.030197058257301457,1.0036990667869594,1.1947936376320345,-0.013105350356518997,-0.752932013140018,0.2933229515040275,0.5920771766805237,-0.7460078507885214,-0.09260077739996689,-0.005769150675929417,5.203892841166013e-4,0.8333432948253839,0.12075891399993159,-0.7005696441224879,1.1114783119829328,-0.03136008268416023,-0.11478442769781544,1.9812823874334473,1.6202489110342877,0.4247903036305235,1.950726206316428,-0.6149300837890357,-0.7024913846278983,0.7444899288625818,0.9930312685004098,0.003146540918058882,0.07559451439878143,0.8481887803927263,1.3892969432545281,0.49475429546990346,0.5235224015265957,0.3290011626653051,-0.5094297258064292,1.4622280021313085,0.23401727206734252,0.10048743120437112,1.338718385036447,0.7577326434752597,-0.3273407986484649,-0.024930352871001142,0.8074915006794385,0.44071884358525026,0.09438839438086956,0.987878356691261,1.080143889385493,0.1954507243644015,2.677156768517686,0.3052893861863894,0.1863306799799161,-0.8377064587709351,-0.8870259742153197,0.9785288482568977,1.6594066389798905,0.35122111667741507,-0.29834760670240734,0.6481691378650384,1.542386444062995,0.13324538322525847,0.6771238957741416,0.9026299330226457,0.8946482972152682,2.0252709624654934,0.1959865525288732,1.0209020668150957,0.2606254058959637,-0.00203685137355036,-1.283514263251274,1.809683902188147,0.8796623277168133,0.750188987880003,0.3817590405008231,0.7068460615398251,-0.05624225082829957,1.0645599618745105,0.8125584959799079,0.48169032453350136,0.23501512679251277
2014-03-01,137985,145648,4388,6.7,114908000,11.5,2.9,-3.5,12.6,-1.2,101.7435,243231.9371998141,580782.9365284304,1795670.8766000571,238479.57444610857,1198237.876362134,178466,12107.937819552755,405,970,1023763.8795641171,1067,206124.05102515107,250475.64943448847,140.5,134.9,236.028,236.625,96.815,95.25,13219.9,104.11609771213139,79.44104818712098,16.985,109.89278212714945,1605000,0.0775,2.7225,0.27898107439636144,0.2510025725236479,-0.08403786577081354,0.9175965577680167,0.20684679953042623,0.7950799308922214,-0.705072295237039,-0.7684922080634099,1.0530157309027643,0.09863036534669907,4.465020155564272,1.7780288206217048,1.5046505679926303,0.8560622448607752,-0.3750753972401997,0.8045739045569559,1.152436047468627,0.11066118860143115,-0.3459640151544789,-0.762965388361432,1.8699744567216245,0.6807999194207012,0.36153544284836686,1.2232319513969243,0.6462698089431483,0.4590986742006434,-0.7120940681726172,0.1278674474606127,0.05651613264772927,0.5850924892024556,0.28630917167782316,0.6906070699371434,0.948309509462282,0.9605856266734764,0.6936542852740768,0.8113590828474425,0.8602662160720014,1.178860228436606,0.0867789141936454,-0.09433081254503187,2.2767668666331757,0.8632498845676978,-0.02424965965800057,0.14769269384839182,0.5224844871242078,0.6866280408262176,2.577860966116256,0.38510893907620625,-0.4520366208277532,1.2628389137311529,-0.0857707538988622,0.2573208983560626,1.2167055976538612,1.685679646340664,0.5371897559782624,0.910602566993107,-0.4003569831934512,-0.4249125296685167,0.8914009595770626,0.9276198579396481,1.159431644774122,0.61305870695213,1.6712813254921743,0.7038827866634467,0.9383499418881333,0.1503147355220781,0.31289084604061745,0.17307200519287885,1.171240571914374,0.6352407698457111,0.8160321038958314,1.345428720024742,0.5346722157517572,-0.24435947587569906,-0.021108138234510618,-0.19804363762413246,0.2821780557779574,0.5052377075677756,0.7552980269844367,0.3380845964061684,0.8779175508727153,1.9746156276862288,0.4215836122522535,0.7978151441887601,-0.5262550138069652,-0.8412387472778883,1.6016204469136623,0.9883783581259117,0.3640335016022291,0.022450180078001467,1.1024316876457443,1.8163980373005477,0.06604682409960297,0.9755804775817863,0.7615223981551252,0.8617496271279725,1.6383071661717363,0.4935918863682716,0.9778544305729028,-0.13746508223951528,0.4397415314412444,-1.3928512577940915,1.3989317143217508,0.9971353766920106,0.8677220242066142,1.0250983597451973,0.5760386763536637,0.03146986202355656,0.8927182978640271,1.2538666881389233,0.37834237239566454,3.9697658107627265
2014-04-01,138297,145667,4566,6.2,115181000,-4.7,3.4,-9.2,16.9,-7.7,101.8273,244689.4944683308,584544.3203728335,1802272.128570422,238090.67194572472,1207010.2178642498,179959,12127.707837132812,403,1043,1038181.4057554106,1090,205239.87750935694,250332.5187911782,139.7,133.5,236.468,237.072,96.987,95.413,13270.2,105.2409085753761,83.63896485378764,16.695,110.33545002211389,1291000,0.0875,2.7075,0.2811609676165412,0.565346660318354,0.14612569140719045,0.42813553198861565,-0.05800287007393233,0.8017703219424664,-0.4777150155387243,-0.7501414436359355,0.9498172741613324,0.02384698772128742,1.6989953339793575,0.9187254831391208,1.2603844987757267,0.7676238556783525,-0.10611394914667702,0.6393947330475522,0.8265458556486875,0.24143455158017502,-0.3894123252731748,-0.062183748727165755,2.240120673037015,0.7865971235012307,0.3150839194901356,0.8487005237706378,0.5301810193066139,0.31757687495464787,-0.19256194247475805,0.08913488133258418,0.2645168150856899,0.715070420298781,0.46774287986101964,0.6848479100464144,1.0848495297122487,1.2692998142900715,0.6524076583704657,1.0268146416240196,0.9445600184720149,1.243099777385266,0.12689282210773006,0.24448716265334935,1.2898406408973417,1.0901411897991042,-0.01239113279664189,-0.10045546596798104,-0.1249673391274249,1.1599147641665928,1.4776667976713198,0.32318557467587616,0.12938191492377943,0.8514173046964721,-0.133095065741278,0.22072714293794418,0.9640579422904175,1.3485990382792974,0.7540994538471487,0.7200636938591631,0.039703058880462,-0.09965964084183476,0.7839894953774547,0.938528643360627,0.9852583419032255,0.3850261286841472,0.41818483583240135,0.2589037976340732,0.8426837136542087,0.13525444789325308,0.8362217744823374,0.712600037632254,0.8490173837499033,0.8371822703127769,0.45497454493457973,1.0144501915332926,0.6651890248916094,-0.3116701092551197,0.448471278000998,-0.17434733983849351,-0.004038641486305873,1.2951603334864523,1.668980301388322,0.27392930500846696,0.6445560942803309,1.525641892058379,0.6570777102254932,0.8476743898390812,-0.337723542016444,-0.9318554709313088,1.5874293612229526,1.1369950567688683,-0.26086331939516566,0.2634191761960377,0.3014451198987168,1.7207298526200028,0.2246451333155694,0.7619721258664216,1.2240791835541995,0.3139377356307932,1.1903453805906703,0.37793997387394707,0.931820011879873,0.31617850069184794,0.2096741944959244,-1.3827943935042255,1.540252557548579,0.933318292750044,0.7654835071671312,1.075960069744477,0.2966589746664876,-0.032456292541214855,0.9792521477431003,1.4313511391289262,0.017069707341902635,1.9897001248819035
2014-05-01,138512,145825,4747,6.3,115450000,-4.7,19.4,-1.1,18.3,-2.1,102.2392,241344.56030551638,584905.3496247954,1805505.749676962,238775.2581139922,1211377.603013989,179916,12154.055194704932,451,1007,1036724.7573265256,1018,207333.21667164192,248070.44993669388,140.1,133.7,236.918,237.529,97.147,95.574,13312.9,105.18080846552131,81.58461702770069,17.137,109.81414215917677,1569000,0.088,2.572,-0.10627528875327609,0.22768674586585239,0.6928351338585693,-0.5452001304989628,0.11398557623641703,0.6843387826275339,-0.6956230053795195,-0.5688495508812879,0.3928611365918324,-0.11050243672337487,1.624836437609628,0.5723337225011007,1.5557988878729596,0.399403590528008,1.3635078088200103,0.662477608632013,0.9522046358035327,-0.14536431709399747,-0.274140522408205,-0.2849553203991546,1.2180948687449962,0.2450679266354725,0.16988002350156975,0.531832995677665,0.7931142198874618,0.15054794301020857,-0.4049997063405975,0.4055477060083286,-0.10453628427774128,0.5893719721534741,0.14818008738336855,0.2958088297067765,1.0906487702480303,1.036932771942382,0.12166513333841321,0.045836393642989776,0.6833624216223131,1.1003662625518555,0.20634306175609518,-0.20606493678868246,0.28314886980036075,0.8802905729755689,-0.20985482469459765,-0.1788746872158181,-0.5098140651379643,0.8463690493528567,0.6878167689606344,0.9817417100282331,-0.05783050481904392,0.9423821172083515,-0.22684965715800645,0.08141926489296282,1.5557873536722686,1.1819172102609292,0.874969174309546,0.4819600228352631,-0.00968509530719494,0.029299091831914786,0.6276178453073571,0.9731748801242202,0.6683678574068949,0.06633821962502472,0.5518670201696102,0.2654586338286744,0.6663905602422817,-0.1799991850561516,0.06619611199852372,0.042519870319712105,1.6929062838458249,1.1824109452135814,0.2630237173155004,0.9311083420428798,0.39977281594134323,-0.26654954101496914,-0.10030073055731087,0.21394010340481734,0.47036808989133444,1.6593449552062474,0.8760350055167969,0.9662143014520421,0.5062520571730951,0.7263324492991194,0.31971290060505875,0.11072097606054658,0.0024572001607121585,-0.8308991546029013,1.2945299493827023,1.304117277128185,-0.35154193474585627,-0.27789604703059634,0.7095643205198168,1.3101493751490563,0.2011701703839718,0.41752805799864695,0.7640859753323147,0.01950492977338915,0.6758349902912663,0.04765361424388799,0.24461081244605185,-0.07254597686029471,0.5892071878987304,-0.5468827605525122,0.9654512794379405,0.6986128436138159,0.8179590080462386,1.2684586572778485,0.21355959963427623,-0.543270092635129,0.8887231277248857,1.471449551820694,-0.008314032497827984,1.9329640212234493
2014-06-01,138849,146247,4982,6.1,115736000,-4.7,16,1.1,14.2,5.5,102.5774,244209.43312802687,586250.2956207007,1802492.4293392957,239356.11240784347,1218786.052872405,180122,12196.744573432183,418,911,1034851.3670529445,1010,206177.70145908094,246172.3545803214,140.5,133,237.231,237.837,97.253,95.682,13360.4,108.77813537885721,81.7888742740775,17.516,109.13965525156779,1254000,0.095,2.6025,-0.07354669716476572,-0.7573536279037407,0.6322737961117403,-0.1949102629211306,0.04073369463102111,0.3147746369627581,-0.9173583098055507,-0.44868185518250053,0.5180819637131172,-0.7873675024913482,1.378699118647369,0.5039905116670114,1.6982485052564638,0.35177771921274514,3.021585689425759,-0.7145675007072492,0.4784572794937896,-0.16963835946354006,-0.09760990965434052,-0.25225686836005506,-0.08206512177856859,-0.1359521301871784,-0.37217252513080823,0.23318685833690417,-0.25395266487388823,-0.110773570878965,-0.506999105772411,0.3257816040288623,-0.5583977020591764,-0.03897871393808361,-0.13831773113294543,-0.0021579949330609166,0.6767248624000937,0.43305044420386224,0.009672319075192351,-0.2831110519987163,0.01590336699169364,0.05991313325603387,0.21339728178580586,0.01177961166968789,-0.16315630663391187,0.005384850526175442,-0.4844517770679644,-0.12203864780203877,-0.5434362138690373,0.21496923760077305,0.4277269519969986,0.3089172381050142,0.5460879899432607,0.9103400570573239,0.7886765324830652,-0.34895988002343925,1.1988483984954894,0.5046292133435183,-0.07619248532541521,1.0627609940867546,-0.1337396274719755,-0.530646357387795,0.18750602782198939,0.24768587988160695,0.8820621589400355,0.015422777843550589,-0.16558857264002394,-0.07482187057516071,0.41222612332953734,0.35300078082799335,-0.8113608081156898,-0.21147449462137818,0.6020049696015072,1.0364394070173353,0.233005978989749,0.4166089919765792,0.22104016045187985,0.6042947630507254,-1.0258241768898384,0.00828027159540029,0.5877615169624228,0.6580472672767845,0.25353313499848085,-0.36274010896861797,-0.5476566983265403,-0.3317229396019415,0.0012283858270875914,0.07558907006747348,0.4861135487204674,1.2671215498693513,0.24687870431589085,0.8537277282867018,0.09085206680187256,-0.2838242526143148,0.06935320251410929,1.4114452358267808,-0.3073626520773186,0.5297278573143663,-0.008428707819159949,-0.05985668924314223,0.10632243901030851,-0.11497746063999567,-0.4789130083594884,-0.549613738182322,-0.784092053452166,0.9996001593184092,1.0276484973176443,0.5494271935526948,0.6855791464145107,0.12737992720035407,0.4358159551904426,-0.4546715748820744,0.984108421329744,1.282188878341092,-0.6052622711924571,1.623372989422096
2014-07-01,139073,146399,4846,6.2,115982000,-1.2,19.8,-1.1,21.4,7.8,102.7954,308153.7308375517,585871.3844195048,1812030.3144676988,244884.024191147,1284715.2200922056,180245,12223.306054974277,402,1085,1042124.01556612,1076,206136.09060385457,246114.11732090233,140.1,133.1,237.498,238.195,97.391,95.848,13386.8,106.36506453368382,81.64732131385549,17.277,107.85416260438863,1207000,0.0925,2.5475,-0.10922747936828042,-0.6147621323295417,0.5330357976752558,-0.29457444000322897,-0.2833036445116114,0.10791216160869813,-1.3986077564856982,-0.6224418845789412,-0.10488831297791965,-1.2862761800729101,1.0935357570115585,-0.046107419804183404,1.3956515061709887,0.45558215483827175,1.203014907200446,-0.7959607463219819,0.17449193437707278,-0.47574073774664316,-0.2826113427335298,-0.25052838189623383,-0.6808719651507403,-0.18353557780417618,-0.4338920042258768,-0.1997734453004219,-0.7324995948887778,-0.2312009108049006,-0.47088876988918765,0.2450035251752739,-0.26821976048226176,-0.41544528475268266,-0.1592459208789535,-0.011416209434112935,0.8289999382577777,0.09266802868156268,0.17248550908997662,-0.06515454704378415,-0.16908473635913368,0.4174150935020574,0.027694908641940786,0.19656014692655452,-0.0041595019337028055,-0.11987712629478314,-0.5216903164448905,-0.2328405904332744,-0.6952830674791173,0.1659826285555595,0.3620269127150658,-0.12314494800355631,-0.017924757928017603,0.8944097422628371,1.2480339929695183,-0.622808307389995,0.4816776781503297,0.41264635013810175,-0.2918867022737448,1.5690159430834254,-0.6182314970927544,-0.6267225026434757,-0.06302671984168344,0.5183033700370749,0.591725267443993,-0.46691969122645427,-0.12241835917594124,-0.13216954779542786,0.3184376143036558,0.350748952969968,-0.59040750758177,0.37357612109882277,-0.548843700455405,0.2435278224181785,0.43614837519981153,0.17178159865673304,0.8028589855354651,0.25400293977935817,-0.8198735025917536,-0.14938184213958824,0.6215352331486985,0.3550316952256857,0.22623290025416048,-0.873231305091968,-0.70057761821371,-0.8036412126996009,-0.322853559120773,-0.08839596115171913,0.21016972239583495,5.013460439101479,0.017947902047656297,-0.008885148704928458,0.28371996147952994,-0.10553790411794185,-0.6340512926256926,0.896341414101274,-0.3852822118605578,0.06460190257024771,0.11140459727727961,0.14159225749994503,0.0915628520041056,-0.3823604788382396,-0.8696056029759386,-0.8021855977958523,-1.318631768821463,1.8415669171565665,0.6052291991119689,0.578792828938855,0.5487772038639247,0.06217322950976095,0.5403866308486693,-0.7972563333416449,0.9805503219355154,1.2792469486369606,-0.6178266548015395,0.9084240318490429
2014-08-01,139269,146530,5349,6.1,116274000,-1.2,15.7,-5.7,22.6,2.3,102.6322,242762.8133375779,590189.876667454,1815087.520039222,243064.7264810688,1288576.5924891403,181664,12306.246726706991,456,984,1042417.7697450168,1047,207669.0046108504,245598.12690621178,139,132.4,237.46,238.405,97.379,95.885,13445.9,99.13841793405149,83.27888159754343,17.239,108.37919074605406,1510000,0.09,2.438,0.1155452403150667,-0.49731175410631767,1.4753763915568725,-0.6579462382847225,0.48809922092043806,-0.05125908168188356,-0.025241506798031846,-0.7373265059106476,0.05834944746624024,-0.7704832953811797,1.1980746935200366,0.4917702531101506,1.4197172251003984,0.5804097586035477,0.4024664951883526,0.10595590515794641,-0.45599687341002637,-0.3794483076232954,-0.5589496503339623,0.33482257267134435,-0.02507742734549272,0.18854919587028757,-0.6778292804628724,-0.04238897232454192,-0.2835912184815094,-0.28863488883887445,-0.6141316144745563,0.18470242582494484,-0.03785565159272338,-0.2948462035306869,0.291696194829657,-0.03128560246668259,0.8940092984966305,0.5329751487636816,-0.014595822348491794,0.4232321097144671,-0.4679656825936071,0.26326057726093727,-0.1088110964752502,-0.5196638935707985,-0.06685564012785761,-0.38465428939679136,-0.4276995851263917,0.2550800536815696,-0.5681569513873581,0.4518677069196102,0.0924758511983714,-0.02125701135643119,0.05231373202230612,0.98476691306884,0.9206093504238325,-0.39058449554338726,0.466243647196699,0.7902125318830885,-0.004698349998778419,0.7705498657051606,-0.44912027982989533,-0.5642035934819684,0.021877727424265102,0.2177864181933729,1.0499205070183877,0.29048287511705184,0.24431907227447666,-0.06427745402614223,0.1857431695309725,0.14474238715061744,-0.1644976571753611,0.4217882830401617,-0.1601841939743203,0.38417775326681264,0.16207661276333254,0.5589299961007727,0.5862836421231828,-0.4738140369667594,-0.2976427226016033,-0.36314348597548346,0.8932647991230419,0.0805738100487427,0.20980125630419616,-0.4096674785237094,-0.2682845555950161,-1.0334208264654596,0.024688839287886327,-0.5703952691791422,0.5854825576711497,0.9595337584696686,0.30952334001311926,0.7386403687931496,0.48516084615523786,-0.11176176722206221,0.1062134627539709,1.1905880545861702,-0.48284810014796353,0.41442150419233936,0.0997935011767118,0.4543557608558284,0.11238703786309882,-0.2908165787692801,-0.3118001258833574,0.14095798460600992,-1.3347167712012826,1.819442354325384,0.3687767051387367,0.35372941925518736,0.32405780119546157,-0.18693413684596555,-0.10453807854098292,-0.8577248752390864,0.8590771321395276,1.2298703563118647,-0.34179765476620627,0.6352460441245287
2014-09-01,139563,146778,4914,5.9,116419000,-1.2,28.9,-5.4,21.8,1.6,102.9417,242382.4335560962,591612.0025047992,1820616.4994753716,242883.39338691963,1291554.5153110982,181150,12309.855974048638,470,1023,1049028.3637707492,1077,204855.61475367763,247634.2993234989,137.9,131.9,237.477,238.786,97.413,96.013,13486.3,95.68538080133041,85.10175393796895,16.959,109.80827430639494,1180000,0.0875,2.535,0.07342672426015956,-0.6166898931825351,2.400539505336026,0.3035573474017101,-0.6908729293034714,0.1606905249867263,-0.32797964221146925,-0.5712463160320298,1.0810322838693656,-0.4626513378988215,0.7947961783244474,0.5794174041290848,1.206385614583281,0.06303628521261796,1.6777766382322146,0.27800483982825946,0.312388539592685,-0.33760396420455474,-0.6692393150430118,-1.2432066249780118,1.0219944785088473,-0.12107912593241543,-0.9227635281605099,-0.27248304921924243,-0.14229025751128851,0.09484356960063878,-0.767039742125835,-0.24959793952817297,-0.5249164373482786,-0.37971139084212197,0.5885089167646825,0.44888086239050035,0.45691243573466084,0.06302867379608146,0.011439139742422479,0.09413362793164617,-0.3807564453965549,0.6147978134881245,0.126251143540138,-0.22393519375340512,-0.11173969917789636,-0.2372484197119476,-0.10946768043669508,-0.2282536111310747,-0.49424369436724847,0.40227344064342074,-0.08161890126986746,-0.07899663995485237,0.10503514898845859,0.25468081670342585,-0.06383939148422474,0.35222057006551855,1.5252367084838419,0.5775888904820095,-0.0062786762225719075,0.26622595152506057,-0.3436133052855595,-0.502318384978571,0.772538107346926,-0.17293829209425865,0.3447964893264177,0.21431437846100812,1.0577607970400553,-0.23066113407842848,-0.1861757748362851,-0.22026961271130047,-0.12133226491617402,0.28322764342454243,0.25553273888554184,0.6040006025321868,0.1390339050357712,0.1700959877278346,0.7004398149271527,0.2800282712195227,-0.4360362875355241,-0.2425893847013964,0.9045677370978995,0.05106015925343828,0.007344287445393227,-0.2994252946096652,-0.17302553322328024,-1.1677926342467433,-0.05089395038887046,0.6547491177830186,1.373406586626096,-0.1255461069025211,0.8699616898901479,1.5785970867605479,0.10563080151919547,0.03749485938106177,0.3747737177344724,0.6489041426566816,-0.5124243321051514,0.18604311117798647,-0.03277101808579698,0.31972507401610734,0.05399300924634018,-0.38970697157579776,-0.01384384582085272,-0.2855457800201467,0.1911041608511056,1.325756920635615,0.4230201756862835,0.11249357427395115,-0.04132528465420454,0.1948459234953823,0.37085368433718685,-0.7751183129178146,0.7037497360250625,0.9687963575456617,0.016459063169608747,0.6770955755080081
2014-10-01,139797,147427,5012,5.7,116721000,5.9,6.1,-5.7,18.1,-0.4,102.9611,239332.94997124784,595526.9859525178,1832402.8469899897,242619.93756674606,1292729.811878748,181908,12388.790766450342,476,1074,1074511.2133410007,1094,206785.5089131685,248955.6806046168,136,130.7,237.43,239.191,97.384,96.096,13550.7,86.6672143267888,88.31168301598315,16.756,109.5863413664569,1155000,0.09,2.318,0.024077739702651015,-0.8152143487775594,0.5617971941862012,0.9894320850260001,-0.46064231396118405,0.5447474341435984,0.4243822066580509,-0.2767756165212613,0.1865650192296945,0.21109813805768024,0.8647167828993091,0.8883024957086869,0.5438921493513693,-0.1122868532745179,0.989027345650181,0.9273108380112935,0.46057368121839576,-0.5962392580468927,-0.33758986401950364,-1.0970477018873914,1.7880563011076305,-0.0726801020394016,-0.7005634668833811,-0.1186282658355026,0.07960323985578638,0.686957355191052,0.12992253431532969,0.15600167973155296,-0.5063413673196802,-0.41567192369587813,0.34856499909859384,0.4465534382439371,0.4926666237356325,-0.11716228189017064,0.20038440495051077,0.08274730601693667,0.02735159787847395,0.5289557307423823,-0.40099316774633315,-0.08576273764532932,-0.07667579785480408,-0.18423957991285397,0.15391226824215018,-0.16709236168707375,-0.588663241155527,0.011829785875826032,-0.1722166912064219,0.619554534263054,0.1553484278501425,0.49108405534267924,-0.2172630075802195,0.09079283182326665,1.8424255360742858,0.4686408110760188,0.10330282003045618,0.3795817895141689,-0.3976428916551569,-0.36512411936354555,0.3674206758492739,0.27498444331585337,-0.3243600156325882,0.5877424453603626,1.171017660760956,-0.08126424417024297,0.08171549360107244,0.0619411707803188,-0.9986191047880233,0.18066555588643926,0.8458690206676619,0.5350358838475343,0.6883416231199703,0.04565211457218443,0.13037790342151812,0.6403196847655264,-0.6149511892783335,0.1549468139075093,0.36064552658525095,-0.1875665341089439,0.18258749055890652,-0.347110580652918,-0.8090364948154507,-1.5018190309637653,-0.0030974819307508106,0.3797234957974161,0.4704748547805997,-0.44231168369539714,1.3732884805501797,2.006916357780198,-0.09900189862246622,-0.06739053944324916,0.4541018315153226,-0.027574279568030713,-0.289372904543454,0.459757018589351,-0.06062378285496341,-0.055190167807496956,0.0049512325968413436,-0.2291258427832527,-0.30508822591883766,-0.5516644168685925,0.8534724263153366,1.4532023026865333,0.23245142073163344,-0.18988329829240091,-1.1922351866584413,0.07900662026509879,0.09589486366258898,-0.544794682862395,0.041291378009559565,0.4525673689004299,-0.0478368994088354,0.5523342030780894
2014-11-01,140090,147404,4843,5.8,116952000,5.9,11.7,-9.6,35.7,2.8,103.5978,235095.74369674484,600685.5721495308,1835325.2233881808,238107.32750203,1294806.302741261,182761,12420.367762691309,442,1001,1073987.3164013117,1059,204431.0367865476,245346.434922038,133.5,129.5,236.983,239.458,97.291,96.181,13624.4,77.90031965957797,90.24313152045431,16.949,109.6668098777418,1458000,0.095,2.325,-0.3725413978167891,-1.2927382438724255,0.11466517099141245,0.9210984882105085,-0.09609677299154538,0.5373779899535817,-0.14696830938249464,-0.31567019767541027,0.3472784252352821,0.07479080366959658,0.658933118505702,0.6624060757033914,0.9757285957832196,0.0633071373862642,1.311225224500744,0.5601745463071575,0.7721759773937462,-0.34675407344664083,-0.34758343097447203,-0.7379803340385125,0.8510465807715597,-0.34252426414566267,-0.21813265281989422,-0.292681312982322,-0.043240844037888845,0.9804354361020686,0.5211500957497833,0.18071315376933567,-0.20407051648346844,-0.3393375738792831,-0.508546331138537,0.004741294769672854,0.13232487574979312,0.18352770188602824,0.5078523874688216,-0.1680768232956122,-0.45879513557577034,0.8864255236084626,-0.4662472634616334,-0.06887862666238155,-0.5803311612539966,-0.4483620391938995,0.20289485154899894,-0.0688421217521957,-0.44989338236774723,-0.08664325554779814,0.5351752106104765,0.24446095131075832,0.6491106069201199,0.5420521904337273,-0.0591494756329805,-0.3056204142790197,1.411270394638139,0.1471613449362711,0.7003345027308724,0.38950742267751426,-0.6058495686099903,-0.4872587585117671,0.1019950564027809,-0.045850434856841635,0.20585887753464205,0.9149349077181611,1.0402680527211425,0.07031480476291763,0.11736443695928594,-0.17771088740328372,0.005663943088942402,0.09564890196661387,1.0266675207878682,0.7090553178921177,0.92301932921281,-0.02519425393763254,-0.08439330153752375,0.8055065016148332,-0.8819977576750408,0.29424145335296165,0.02817869743062451,-0.36545911254739405,-0.09248065364266427,-0.7422617863874786,-0.7943943696522476,-1.1301811607284906,-0.12455276918185657,-0.06063060737305906,0.48653756513622554,-0.5198555832433158,1.0348879760879726,1.7075797078201513,-0.1835555098376729,-0.17763471134705913,0.023572647586418194,-0.07745453625217295,-0.3563440252806533,0.2773526810216791,0.18988503544083432,-0.5449110636577854,-0.032108983864684026,-0.78295376917374,-0.38111685262799666,-1.1640073057018387,0.07103725027344562,1.3941872180545924,0.03376643653559229,-0.24384897731561506,-0.03311295640691743,0.17728345618143912,0.597573436410786,-0.8630719743650238,0.8303079053061537,-0.09300812690371217,0.1337331675970929,0.3222177741872361
2014-12-01,140364,147615,5130,5.6,117219000,5.9,-2.5,-14.6,21.7,-1,103.6151,231779.24217462933,602845.9637561779,1827401.9550160575,243920.92257001647,1289056.8369028005,182056,12454.798187808896,497,1073,1087756.3838550246,1072,204296.74629324547,248405.06589785832,130.1,128.3,236.252,239.584,97.12,96.249,13719.1,61.0481878088962,94.05907354943982,17.178,108.96765949677787,1138000,0.12,2.21,-0.8892741248892637,-1.3920754418670562,-0.3580435342103821,2.008375219990814,-0.25049728927098747,-0.16655956595783275,-0.3885274040087501,-0.5830024781101545,-0.5081429973671938,0.2173629079564961,0.4032550910935501,-0.2334475868540817,-0.7684920031523554,-0.2462654440878615,-0.426526972406995,1.2570487070835235,-0.42839923884760434,-0.5157835618352873,-0.45083689869455834,-1.1242471310997084,0.009265439392066713,-1.0142472300621161,-0.39997345068145773,-0.6983397432240864,-0.21685277018609622,-0.03471615606171112,2.108241508841663,-0.22733843821635702,-0.6005396111232776,-0.6880816120501816,-0.8511448783180986,-0.33317295681070985,-0.30423576137729164,-0.24242186800698884,-0.29139084301343454,-0.6828470112115562,-0.470276624881493,-0.12965195505643115,-0.3697265673554909,-0.3319991862121944,-0.6169252719606647,-0.5235318648357113,0.09738646719610766,-0.39323643425906374,-0.3560170137541674,-0.3957737044410594,0.9818434206754133,-1.0740900351825786,1.363651487738537,-0.4880195047287953,-0.1987781788526797,-1.1771498181741094,-0.8316651412868972,-0.4166886408106858,-0.1413667701931243,0.742586511711767,-0.4565792530182735,-0.9204552885622518,-0.21415389616042188,-0.8072081963276271,0.8213338787255193,0.5781841559359923,0.5363731943620749,-0.1901684108882526,0.10597479584579692,-1.0989242360827687,-0.4223959247426225,-0.7689510038015732,-0.39430174128586687,0.2700178299962821,1.1498644508850595,-0.6018694029020687,-0.7266698872406975,0.807139957534337,-0.7876845712187617,0.2372782978480593,-0.5227097494998907,-1.087890273513521,-0.16664552190470433,-0.4440565593648725,-0.934004073923645,-1.354348655153229,-0.12530239029301468,-0.6512832687747308,0.5674411494853052,-0.8976865142918868,0.07664120342564361,0.15554445689636986,-0.3610199193779151,-0.36432069309964316,-0.727604607334321,-0.7132526508563338,0.6351829026949387,-0.2523832990880429,0.2554771109354771,-0.8717594782095236,-0.7451241689641817,-0.7926505639873171,-0.30384235753431177,-1.1111836678949176,-0.5563823248551756,1.7307902667940605,-0.5027016634959434,-0.7236148149124861,0.5806475944948661,-0.3359877398499359,0.026916074334825568,-1.1508673872208752,-1.3740599017503228,-1.2363342578396828,-0.1298616038406583,0.14915125226310277
2015-01-01,140568,148145,5344,5.7,117345000,2.4,13.4,-5.3,13.4,-7.9,102.7923,233553.70703747388,606508.7839096158,1839850.675813912,238686.44856912288,1293991.9713617647,182413,12484.428994144062,515,1085,1097979.3904028805,1049,200969.43737455254,241179.87874273182,126,126.1,234.747,239.811,96.654,96.214,13797.7,48.85467750946676,96.42302282480213,16.91,109.08086145099148,1438000,0.11599999999999999,1.9320000000000002,-0.4206582540160326,-1.2947599519507862,-0.5765512702415028,1.429609535449698,-0.4831829454797598,-0.6870330364482538,-0.17603401302404806,-0.43637334607710204,-0.44814245075806003,-0.25497796648496684,0.14158395697131715,-0.6007691415947061,-0.8346717959831935,-0.5425151187304266,-0.5899171763466462,0.8349348605548195,-0.3185359809992554,-0.29354140822099395,-0.36774187584434254,-0.9687041450621273,0.03657394016888023,0.10755799789287496,-0.9050976896718507,-0.5438712252450436,-0.5402058801575017,-0.4755009085159094,1.9045163830160587,-0.23595487456329672,-0.011956818479625982,-0.6848846774821605,-0.8260209635966502,-0.27594059512440344,-0.377290608945022,-0.6056728821491231,-0.4477510839944139,-0.9208501895810676,-0.36586199167868183,-0.46931527949379487,-0.33720055566961016,-0.5905311965133275,-0.5859056977694773,-0.3554993021536028,-0.9695056469765105,-0.9591245667304779,-1.974679293557317,-0.528049559183481,0.5693348582647125,-1.260669652522308,0.22388697593429666,-0.793889862714345,0.060525612122616215,-1.6943803555370858,-0.31074832095563015,-0.06706990439321354,-0.6691602235693714,0.050477494123735235,-0.9556200183000985,-0.431349816233822,-0.3485458025345409,-0.530981779220106,0.6552716165835855,-0.4403792175982865,0.19399652942266332,-0.4629855119538667,-0.49993677339596615,-1.5080508626926183,-0.3737285305599643,-0.8645854670848382,-0.15306958210534385,0.04238744034251242,1.347513513030166,-0.7932841602892281,-0.07309636964693318,1.1928495616546748,-0.3738920820538905,0.1318570047012802,-0.6075488792761832,-0.8443142907527003,-0.24548659058604874,-0.2019984494020935,-1.0682951356118242,-1.638025666568823,-0.08454389060883297,-0.8970869605784808,0.24105714288883484,-1.0025478095543934,0.3270583707827528,-0.7891213424628553,-0.48402106231492037,-0.781013560794744,-0.7859109226108693,-0.21025025102616315,1.90007236007099,-0.26815676850564724,-0.5121682980426026,-0.24739200693035937,-0.3488376851172778,-0.5191996561814166,-0.20174868421205197,-0.848085048475147,-0.6020895890969881,2.928589326131602,-0.21520808806329572,-0.13486813771714282,1.1638702509129142,-0.20591769228497264,-0.015329544898963775,-0.8880863671012337,0.01943261432743044,1.2002185378323933,-0.4181992497479528,-0.07390661702109307
2015-02-01,140827,148045,5466,5.5,117471000,2.4,10.5,1.1,10.7,-2.5,102.1366,224447.19855409244,608798.3475342112,1840909.6469824547,237433.51407177898,1282972.3728375935,181489,12513.916860315001,540,886,1108076.4265427317,1127,198227.73044151822,233242.44771494964,125.5,125.9,235.342,240.172,96.825,96.324,13848,52.23857474825716,94.68162789726591,16.891,108.03937921516899,1205000,0.1125,1.9825,-0.17543633828354194,-0.9905110257280387,-0.5411192378478135,1.0259696921727128,0.22770349769343365,-0.7013598400217206,-0.058330075130619025,-0.11589091087084999,-0.08446277875900339,-0.40936244346247513,-0.3303858040779556,0.3832765944906845,-0.8114075591091064,-0.6041936932075362,-0.6520010730468506,1.1019637491937027,-0.04869508749498856,-0.3912183018877369,-0.7484256264879272,-1.2947378889980878,0.053174523617854845,1.4341183976869414,-0.7125719268814965,-0.2608783042733085,0.14315679295297978,-0.7525755210838035,0.062280942165281294,-0.2462138206189425,0.18393016759526856,-0.2940338200338549,-0.7523860326341735,-0.06348824045060213,-0.07483494527366975,-0.36662130325596165,-0.25610205897256305,-0.615803420575929,-0.716927407587737,0.29068944335065433,0.0652432287968371,0.4619009089204647,-0.19935784617361368,0.13647303470010008,-0.7512835003849332,-0.05756186772144834,-1.7681668575560274,-0.699445877782754,0.7795382699149639,-0.6951532121876898,-0.07480150640042062,0.32236994766444826,0.021467660138069757,-0.8815931868400522,0.15215063066906742,0.19746471869517465,-0.32823017158782664,-0.12513734640356378,-0.5741229813309312,-0.3641710332382395,-0.11441742274357332,0.2407016496749969,1.9065834278106704,0.0442538971325876,0.5711883537056635,-0.03359210212180136,-0.6486052341316091,-0.9124287082650546,-0.5762646043856796,-0.5638640275270446,0.43278543974462796,0.27278964043265935,1.7007275039316272,-0.06859585945491797,0.16813243922045762,0.8205786718544421,1.3347517113341554,-0.5500884580802032,-0.5824327389209776,0.990296535929145,-0.9872222974775693,-0.4885482043520392,-0.6891311500270184,-1.2801473580983362,0.22113898164044155,-0.423429810536222,1.043303665410893,-0.8169100026896318,1.116274010176669,-0.4992452948851147,-0.5718791057091325,-0.6687633248826006,-0.5669208687568729,-0.17796934790611235,1.9147737556967983,-0.3087999730880698,0.015986374370534753,-0.0016171559827665247,-0.2817743881519721,-0.1774179341314457,-0.511936678653838,-0.6246354841738156,-0.3345597908219414,3.244595297772888,0.09767424980576643,-0.0851470504813952,1.110067754041203,-0.5527924769062094,0.023913447964211104,0.11244329047624554,1.036002953173255,1.1898315888405604,-0.03901496127112994,-0.25063719682101315
2015-03-01,140923,148128,5210,5.4,117609000,2.4,4.4,-2.1,7.3,-12.2,101.7869,237234.0425531915,610066.180108857,1840463.4248519146,242710.9104403761,1279016.163615372,183767,12551.645225136072,480,960,1120266.3697839354,1072,198201.17928418276,248437.24228929574,125.3,125.9,235.976,240.755,97.008,96.47,13811.3,49.294903513112324,92.44104818712098,17.896,108.38158619447866,1136000,0.11499999999999999,2.0525,-0.1560116783630635,-1.3845644218620918,-0.868524535623285,0.22403288249648035,1.8405648632507041,-0.902836691062704,-0.8565727080300565,-0.22114039925889378,-0.4572461967289744,-0.39437323519336126,-0.5647460954311729,0.5058813079693945,-0.6564407644137584,-0.5078222908116201,-0.6623707982621896,0.4465484040413978,-0.11529891812256964,-0.3563002950444497,-0.28775738557306646,-1.4699120555518526,0.35745306616205313,-0.1366899529735851,-0.9031414224065724,-1.048364446787137,0.207740488348303,-0.4613348838914632,-0.9545339391235003,-0.09036502416292949,0.40307170142905285,-0.507711209980838,-0.9678408962081737,-0.08610625983041598,-0.12023890518718829,-0.23676836171279428,-0.07738439897011026,-0.7538876120338217,-0.8321481267681602,0.32006797681012916,-0.3158420735031634,-0.3371114641121461,-0.5040284219079423,-0.12616248556390014,-0.4112358677876775,-0.25993012522001135,-1.3936167864293592,-0.7659634364144667,0.061880625921453186,-0.4684282537724624,-0.4933499131557467,9.140923753022112e-4,-0.1515152731392896,-0.9178309815520663,-0.24520845018654297,0.47065896148111974,-0.7937866568546775,-0.10718092986313481,-0.2285167754464804,-0.7200289079785791,0.027693475766170143,-0.5289169504315743,1.2002350000336466,-0.004349964106182924,0.19643922244947815,-0.19635955430028418,-0.7104916001240015,-1.2164465321868159,-1.0335896255634247,-0.8469594370258146,0.03328380317429064,0.11248775517431019,0.32775825893988003,-0.3337966285930326,-0.38826967144668867,0.9985180152055042,-0.5693736773909882,-0.8583690548084034,-1.1766450448343515,0.6892842778690498,-0.272183034940864,-0.5259935979826164,-0.7117172867319743,-1.5162030950280148,-0.13971573423503003,-0.11201244593032678,1.2997611612647555,-0.666268599086951,0.9355999878505201,-0.4882017295606087,-1.0732568589304838,-1.106870239353901,-1.111596223168959,0.14879148872657427,1.931531707636748,0.06377287223141763,0.026013597137452438,-0.07123832019699712,-0.2683382256102693,-0.05139658880122681,-0.6545970575969435,0.4292697608710725,-0.6511923371494188,3.5523099974431207,0.21191145034839542,0.033616218107673956,1.1693203618305184,-0.7778361890456866,-0.09565071313833419,-0.2380078467835529,1.1856495248596177,1.611969160418591,-0.21054973464286592,-0.1664186488867482
2015-04-01,141196,148511,5598,5.4,117873000,1.6,-0.7,-4.3,9.5,4.2,101.2255,232409.8296496179,610075.802830247,1847895.5129427104,241302.24318701465,1273588.4812655777,183924,12574.51541804849,502,1190,1149009.2075720436,1166,198865.01740581292,239894.32920674814,125.1,125.1,236.222,241.346,97.094,96.648,13842,56.07967536614004,95.43896485378765,17.693,108.42000867986279,1144000,0.1225,1.92,-0.3757075588721931,-0.8547145479532516,-0.4765824230035878,0.17240379634593636,1.269734925605688,-0.8686084266299796,-0.5033167975357674,-0.12201157012402411,-0.4174562416908144,-0.7636800132877309,-0.07456082372760525,0.06998840063264909,-0.10949153328950549,-0.5151506038211255,-0.702172453959206,0.17667713350733957,-0.14862771085086682,-0.2564164562019731,-0.7677254954166546,-1.742327381089599,-0.5052971859256188,-0.36170429784445013,-0.9004212016542674,-1.4751710994149754,-0.09671687993955962,-0.4570241741344624,-0.9095371235908439,-0.04604372511821413,0.5399835482964997,-0.598684948249216,-0.839368670339302,-0.3297357552435909,-0.1209774181533595,0.041828634659408316,-0.060822169650654026,-0.6055530513554708,-1.1984678467084393,-0.46499311936757165,-0.8646248534196159,-0.5667108136134748,-0.9509815760506615,-0.0773247810120197,-0.10273755011387256,-0.28550422094615857,-1.4293466324197668,-0.5852624822785879,-0.005070963538502948,-0.5192238934101832,-0.7834538233861875,-0.977195037812584,-0.17714016042694739,-0.9769491744114394,-0.49944287467455617,0.0025029410452597697,-1.0564011895542897,0.02396787656068329,-0.7463343725002303,-0.5001820404248865,-0.5478011581520017,-0.15743010985222392,0.5737912437193264,-0.09339154823572883,-0.7238311268709565,-1.078324709003805,-0.9063573272056696,-1.3649360803434782,-0.745285340380283,-0.5717460273495949,-0.3144206787256011,0.2331585061354599,-0.17133378806132948,-0.9979065993099433,0.03348190982687266,0.8878257917787884,-0.6920549396914648,-1.1901437414778973,-1.200467072518054,-0.90284928557043,-0.47034489554306963,-0.46490618256614924,-0.46050933454131854,-1.8673324181137474,-0.011623405124579688,0.7488594586874037,1.4694147175527212,0.4915914687930577,0.6794480144263041,-0.3163116444934796,-0.5339642382872785,-1.11799973160617,-0.9332206903681757,-0.04016575808858887,1.271979234041961,-0.15251093518504583,-0.8824456981927482,-0.2704569746777741,-0.6799333865071566,-0.1983318314453103,-1.000196432535846,0.46804363777545255,-0.31185402938625073,3.0957342417178477,-0.24479209053212614,-0.05364775647285783,1.0329496852155424,-0.570558293126712,-0.2890121382940287,-0.17162781000645053,1.0725170507421924,1.4543655338259938,-0.6074211295093003,0.4022713293488567
2015-05-01,141538,148817,5563,5.6,118183000,1.6,6.1,-10.4,5.7,-1.4,100.7675,224311.8559084324,612142.5709207106,1844112.8059414946,237966.8540076238,1261537.9082885531,184752,12612.533007284721,502,1079,1166616.6634130303,1272,197188.8581791281,236748.28156626632,126.5,125.7,237.001,241.688,97.327,96.766,13865.6,60.89779814439981,90.38461702770068,17.929,108.0715877641316,1370000,0.126,2.164,-0.8469911889097652,-1.3141746001368344,-0.4723544382147649,-0.09541938179576377,-0.0610688903595521,-1.480664232368972,-0.6600621375265068,-0.3566709392323576,-0.8475764689390761,-1.3118967094491767,-0.0786552794893347,-0.42824410410115926,-0.827147216210832,-0.8632260334149743,-0.7896529416684792,-0.20583162514404307,0.16008324036887997,-0.3058003222859517,-1.2937902095685956,-1.851996645619342,-0.7677119704313776,-0.6302637273755979,-0.8645059157720147,-1.4387171770547884,-0.729875555805912,-0.32678353040450703,-0.8651310970983511,-0.49499661685576823,0.12539284915457086,-0.6275768172422914,-1.1094001917567826,-0.3943476460410764,-0.27143927443195903,-0.0382368321163435,-0.8039382772741789,-1.223031307741612,-1.512556181453141,-1.1576559986322912,-0.8706546053898145,-0.7240154322105458,-0.5822046630564974,-0.7483620853471994,-0.3827007815138107,-0.041828213414361805,-1.8498845064283251,-0.2748883915169044,0.11754465514387152,-0.8494147334932703,-1.3248287273542276,-0.9642897647378422,-0.40158418336789953,-1.2143656902348294,-0.805913084847836,-0.46954759772235877,-1.630422632184922,-0.0665054771358784,-1.631292184757215,-0.1880367114213531,-0.5648083333700817,-0.9429419023291876,-0.6603657754425638,-0.07668731553026632,-0.7505016117390728,-1.5988958375479714,-0.9541226648290525,-1.5073183982377432,-1.158371712957099,-1.1918215160898793,-1.056441838118509,-0.32259471433085035,-0.556519125904457,-0.5435549121519638,-0.4277170861335114,0.7040564738238991,-0.7145898686096422,-1.3312966793228778,-1.3002555882476643,-1.0613029379685122,-1.1474426014671089,-1.1729483889959147,-0.876582423230967,-1.7704710114897375,-0.2225629056924691,-0.43758100110209347,0.8614908924834903,0.06714392852846844,0.5087260488281264,-0.3442349588583613,-0.37968321218996726,-1.2181364787225113,-0.9777816582548666,0.08064523111768594,0.8684472802714968,-0.47647383320882825,-0.6994381175773726,-0.4194740933355715,-0.6356193157983664,-0.3421588694310959,-1.3205205374654587,-0.23350861569064055,-0.610424936047806,2.7835337461904803,-0.5929174755337456,-0.35509651483692634,1.007116759755356,-0.9427020583205635,-0.7810908991971297,-0.6306547207826698,1.0930332571922547,1.3782098732850057,-1.7419195378120063,0.2579480899699972
2015-06-01,141709,148816,5248,5.3,118328000,1.6,-4.2,-1.9,8.3,-6.1,100.4588,234779.93354936625,615975.83986217645,1850113.7888196246,239713.48291562407,1258540.1370031585,184279,12621.415972763443,480,1205,1187695.352557529,1379,196390.33594487057,239896.01706386643,126.6,125.3,237.657,242.064,97.516,96.882,13874.1,61.343779482341354,95.3888742740775,17.889,108.01340077730656,1095000,0.125,2.365,-0.6153308568070112,-1.1114872016377313,-0.7954313778446315,-0.5210455024557349,-0.3846682326498011,-0.9688296498698733,-0.3384310245708774,-0.575321063541345,-0.7735330387216656,-1.9357590032943675,-0.391237473366097,-0.706130563203287,-0.768318050449849,-0.8537759279317856,-0.7732701838085607,-0.5423803365653743,-0.15875046548692398,-0.4324494458048648,-2.044701862940051,-1.7981043994513244,-0.8817247119932519,-0.2985238795889912,-1.3327188142835076,-1.6022118929137106,-1.1070491960203563,-0.7744920588627267,-0.8298830812762071,0.08185645577634701,-0.17800782594244055,-1.0029224124679683,-1.615386803045347,-0.4136970014580393,-0.3263986511691659,-0.17784776183069875,-0.79061883999912,-0.9017767667642161,-1.6769904560401352,-0.37926939417163424,-0.9165614017783528,-0.8496105256667272,-0.9917117248548243,-1.0592084996604467,-0.9337911114573462,-0.3898852201840989,-1.6765055812291199,-0.6797189572822528,-0.3910374852538657,-0.7523597991450348,-1.7580582139516545,-1.0467831787869772,0.0681190121127631,-1.3299305094138438,-0.748163740443997,-1.1340404649520544,-1.777046350869826,0.16546626548308688,-2.0711448859661505,-0.16632077347454688,-0.5590210498219479,-0.9894114396359747,-0.38515180292416307,-0.9353078696598801,-1.1157069617785667,-1.2414802938937894,-1.0372988081453594,-1.4439748199060862,-1.3779559209508645,-1.6483519622933862,-1.2226815659508214,-0.24998148382787672,-0.606005167727757,-0.8286549907816552,-0.9563200059053147,0.6519879844982215,-1.1850032282396616,-1.024579756693655,-1.186309553342605,-0.7162742167231773,-0.5895493993680124,-2.134897499471407,-1.2961510879244509,-1.7411851054029037,-0.8346604020740256,-0.5625224796432462,0.24661846571341714,-0.25037576625362334,0.17619648916929342,-0.27688490176694414,-1.0531452004567938,-1.3226617114286547,-1.3910315190590448,-0.04642208677932623,0.2029838614785313,-0.5434277437684057,-1.2236108812949564,0.13367243243638616,-0.5490924719461598,-0.7958437350249762,-1.4278728570684263,0.032111210592868075,-1.3675256434884624,2.851875909474578,-0.8396792355828959,-0.35523484294479213,1.0331858631000763,-1.4352955074687759,-1.3919894481019648,-0.9140812336434856,1.3062537142620747,1.6294286522286865,-2.414490248873271,-0.25637885787289905
2015-07-01,141991,148830,6056,5.2,118573000,1.4,0.2,0,4.6,-5.5,101.0893,233950.1050151119,614182.6750678757,1853733.357474757,239998.9754623226,1255415.1938937553,185663,12668.305926950463,506,1146,1182891.245325547,1140,195523.794887557,236853.64479278724,125.4,124.8,238.034,242.565,97.605,96.978,13905.7,52.14896777829004,92.94732131385548,18.318,108.64392586911724,1111000,0.128,2.328,-1.2216945809522852,0.05155374549794224,-0.8159100107367878,0.7223894085568391,0.061016811717953326,-0.5864656560802358,-1.3663109868480787,-1.2143058055757567,-0.7256266407391136,-2.1773793874999843,-0.34490111628394227,0.47047047190346064,-0.6843371552527886,-0.990631419393881,-0.5978364837426561,-0.5546849936755974,-0.11782792995715088,-0.5044841918095346,-1.6323093924217826,-1.7029306073648218,-0.7393330293441769,-0.54397507093311,-1.1544494680994135,-1.5211281757795687,-0.9723682789611137,-0.8898351762218559,-0.2925710693219759,0.03933184985957555,0.0036622513323006887,-0.3882401729389914,-0.7141226888224435,-0.2323820949079583,-0.26827142207234533,-0.014156782683449543,-0.4909984910661613,-0.7469555257053649,-1.478507100421563,-0.4471785663816532,-0.3203918101318546,-0.9481022938603888,-0.6475020438626342,-1.2100914461212415,-0.9172204951489928,0.008851713070408888,-1.5259708552659967,-0.6799728148770179,-0.16799359825882176,-0.28542690431251383,-1.4876008260778044,-0.7480695275520277,0.6066761910786116,-1.095357142329828,0.4839881660325526,-0.7789020237915576,-1.0901391279429302,-0.20992203282175878,-1.9976842825773784,-0.2637907277010775,0.6678560815019265,-0.7640412476726455,-0.08198593387245554,0.4042485372062085,-0.9304846150381259,-0.4593008216230156,-0.8589374559711864,-1.4534544885319336,-1.2675027055396457,-0.8382433511978948,-1.6013625274126864,-0.03706401676968957,-0.07207521463136754,-0.11002534197631496,0.2359819223294776,0.8654118233489472,-1.4676513434737517,-0.7090705600633419,-1.2140755269419077,0.07097697958453557,-0.7554440298734402,-1.8844895938097173,-0.7643233406183609,-1.5152435621108147,-1.2268271945867968,-0.8518800126011088,-0.7022004888919833,-0.7402829443047482,0.29165023388929795,0.2560252873040577,-1.4061636272101277,-1.2207856651539544,-1.2369755930688264,-0.1474541574422097,1.4586160048492018,-0.31562070051223984,-0.685479421211697,0.3352204268424556,-0.708582112171332,-0.8922518391767218,-1.18043076033153,-0.6875791685854352,-1.0570584589787593,-1.2572901349765293,-0.659622870438516,0.01854355907973241,0.9133091660234828,-0.6441239330953201,-0.8324474544036413,-0.7066047991387882,1.4179329312555629,1.4100761579492458,-1.9704278596822429,-0.2859753482935825
2015-08-01,142125,149181,5467,5.1,118716000,1.4,-14.2,-4.5,5.5,-2.2,100.9165,227774.24906773758,615537.0241363768,1853092.9354372355,238910.17497848626,1248622.0956439783,185625,12699.463180756466,518,1130,1192862.5578822277,1165,192685.3255747244,237971.76576650413,123.2,123,238.033,242.817,97.612,97.056,13935.8,43.9187804778101,92.67888159754344,18.391,108.45117610284484,1376000,0.14,2.165,-1.3958124586018543,0.25726219644944537,-1.539234761950908,0.9396958805212325,-0.5022578473969723,-0.6930263595405024,-1.0873704559278403,-1.3472646128758337,-0.9769076534123101,-1.6406775466440058,-0.2801968407388211,-0.13539996909837484,-0.7268429682206854,-1.142719324220236,-0.8352083467550355,-0.4495881884702728,-0.30642248854423254,-0.23569378441578512,-1.4745620804053203,-1.214452282393221,-0.453327338323978,-0.5573563646559918,-1.4679656353079515,-1.2514390252395777,-0.45723698620611797,-0.9800146118893365,0.13452757026834625,-0.024034337030324853,-0.1803894976519032,-0.6018101362657551,-1.0951648087883679,-0.3179106817858297,-0.31533940593269677,-0.19055554273021666,-0.6316955582720798,-0.8381971901294348,-1.949427993008368,-0.7424468146094281,-0.7389010176748414,-1.1555757950087935,-0.4123138252128486,-0.41191084690188695,-0.8144995731209302,-0.12031718594636212,-1.628501593417107,-0.6393613922846194,-0.315684407563988,-0.6061153625560529,-1.3569039676361216,-1.0372867378597028,0.03530261535463804,-0.7440423857200481,-0.06793083514418521,-0.6597364047947287,-0.6746499967981952,-0.25700634044355986,-1.6548644746154384,-0.45943523537568287,-0.16573466838334405,-0.761653270145181,-0.048337349273650895,0.11221821582870566,-1.270189160815393,-0.8040137097480418,-1.2169652686791312,-1.7085336899754906,-0.8425583901388715,-1.0585354727965264,-0.2532039986757775,-0.6822872655935172,0.21856136078534047,-0.024607826633596563,-0.36003190252141426,-0.8177847374880698,-0.8081254161609517,-0.9932022423663083,-0.8871233673987977,-0.7309645948003195,-0.8199893605929727,-0.6997249533965827,-0.35406945950237667,-1.3039508908976565,-1.4646356797925848,-0.3343365395066708,-1.0853183894788805,-0.7527204609217601,0.083197769129723,0.4229887107296495,-1.1500401654352035,-0.9534504298251234,-1.3306672706701506,-0.03859625839719424,1.984643698390711,-0.5573761362727653,-0.9751704874003901,0.11360808177415958,-0.6482982054091289,-0.725261335840508,-1.0119845115104344,-0.11256867019178093,-0.8179128934216324,-1.4528487856240744,-0.6627758311017885,-0.2722721648065697,0.5584143949797354,-0.4938273382158716,-0.875109347859659,-0.4074449052953715,1.1693755211971537,1.4455740241918589,-1.0628435030550158,-0.13474714604730156
2015-09-01,142275,148826,5488,5,119022000,1.4,-13.6,-6.2,-3.6,-0.9,100.633,223379.87422674065,617922.1765134339,1865212.4610256199,239527.2731003211,1238464.4582824665,185209,12706.99754813956,456,1224,1194063.2149122357,1144,194050.9043158899,236769.69951886084,121.9,122.3,237.498,243.316,97.477,97.196,13972.2,46.65716015059962,87.70175393796896,18.281,108.80640647722991,1078000,0.1375,2.1925,-0.999482337547363,-0.3798723903867496,-1.2117966261900217,0.7511566643543941,-0.6582767007125335,-0.7748359178415206,-0.08473315871898549,-1.2767961744863432,-0.5570822825342534,-0.8411246600817335,-0.3717564823182187,0.10459926847454137,-0.8033896441953985,-0.7453092066713374,-0.7501214598633631,-0.3301120612558215,-0.5148119936611988,-0.4382408569734873,-1.2308504872635027,-0.663058402496276,-0.3608390065932413,-0.014141276787762835,-1.2485640801464306,-1.0174423475797723,-0.7316227885654725,-0.417747208017867,0.0904962548504327,-1.0217575341699574,-0.43735588082331345,-0.5441176487155284,-0.29994002493751837,-0.14469087220451637,0.22134514310324405,-0.42885756672356407,-0.2580038573554948,-0.5424448894075604,-1.2853059691751572,-0.7209325884484715,-0.9294656871632258,-0.8043647725210552,-0.3650327169696353,-0.4585297432797441,-0.255783654373646,-0.05767849579782687,-1.3605977250130226,-0.43810379312318243,-0.5822849457277063,-0.7600430399942265,-1.1873515396726213,-0.44924178903400236,-1.085927405932281,-0.4486022413341759,-0.4074890847826644,-0.5680672139750442,-0.8123872101503292,0.21602078043817338,-0.9251339698662946,-0.628567134832313,-0.48082953511135795,-0.9005078560289813,-0.582654329716354,0.36363238920931423,-1.5072134684384968,-0.9094172844172308,-0.9960849921498222,-1.559829406894889,-1.1157053327193656,-0.9622020647184222,-0.2608216722446794,-0.6688935904258447,-0.4779633553448815,0.14305666090643893,-1.0671774277342692,-0.38250372579872355,-0.8043825616202522,-0.8670038578213592,-0.8227035278780211,-0.7565588359118217,-0.7767685997038158,-0.07135633271532782,-0.02109001832379881,-1.1893554374123338,-1.0119948110427275,-0.9208743659865868,-0.818049414237933,-0.36137657562020026,0.043783587259443944,0.21027003385423113,-0.5770133486299577,-0.16944844281115712,-1.701161675552124,-0.42793955372599113,1.34929279055367,-0.5422589282610989,-0.847268338046426,0.36107934212950377,-0.5659761190465125,-0.4733188730182392,-0.8641021108514024,-0.11301985133010747,-0.48576417305904035,-1.5322945634978764,-0.7294513538940366,-0.14760968305059624,-0.044587913361985365,-1.0772346849134198,-1.2790405173976014,-0.2291212900926595,0.8334469647551185,1.296363106059111,-0.25610409527474476,-0.2914972586823808
2015-10-01,142579,149246,5773,5,119251000,1.7,-14,-11.3,-4.9,-4.5,100.1563,232379.94603855268,617220.472521723,1872899.4414197518,236134.67792402307,1238770.171425054,184532,12715.717553884506,482,1058,1181338.1618227889,1160,192655.70339669872,234586.62043353816,121.5,122,237.733,243.768,97.477,97.228,13996.9,47.41631359192425,91.41168301598314,18.27,107.98548365999858,1335000,0.124,2.068,-0.18235004439454217,-0.19754568975859815,-1.1209346035442804,0.37954501638263377,-0.5678938188888061,-0.3113185845066716,-0.47159890080481204,-0.9935771439763357,-0.2842318226724496,-0.10933542973020083,-0.08288644984461195,0.3642646375289529,-0.5923362850264623,-0.7468468555416687,-0.49848247755427283,0.34267470108820763,0.23434646416972021,-0.5013046627656372,-0.7296853292067446,0.29334588801584577,-0.3452646655543272,0.18423266953828174,-0.9429240610249187,-1.1260368637393932,-0.719520616101652,-0.4499408191604534,-0.2928052070119223,-0.2925793810013219,-0.2838356523098205,-0.5911372411916204,-0.18272103068476625,-0.17958829179879476,0.16071385652994208,-0.04320801225346077,-0.40405513504644547,-0.15199654021017783,-1.006342558117475,-0.3317324501732247,-0.45762108724833794,-0.5242275908848822,-0.11523663379046627,-0.2661208166949495,0.24490711313025063,0.30536487460788114,-0.9914556203267243,-0.4523108336923286,-0.4242619101452927,0.04322607176776132,-0.7924975413897803,-0.1636725397655639,-0.7738187015466707,0.9105291470497284,-0.48993324966318313,-0.6956066941574425,-0.6560067277903021,0.24533681064543655,-0.5656428326044506,-0.6512003772969793,0.16711469796860387,-0.64567604935146,-0.8954518096357037,0.6928693858256781,-0.7950586890094795,-0.7252190028164042,-0.8259035599833175,-1.0144767334491687,0.08744611773813737,-0.7007847489246647,-0.014803450248787802,0.20712093933072487,-0.33136556445361753,0.14356918914245984,0.07137223530850949,-0.4609273881908925,-0.5775612102792085,-0.43491606962225837,-0.7167818786850539,-0.30532180032888717,-0.5529606898543964,0.2565361013836844,-0.11098744774877843,-1.281126209695403,-0.8106675023090242,-0.44090060883695537,-0.35759259029240387,0.08388260402325437,0.5080331513239805,0.7281399594920189,-0.6461017189406086,0.07801194610265683,-1.3179393792017442,-0.9274940662094777,0.8808086157509666,-0.004798655978837885,-0.8823890363384566,0.35319445324240323,-0.3928710633584864,-0.29876625031619025,-0.9243718946837343,-0.11123867945835199,0.242658976134962,-0.571653607648214,-0.0946358649880401,-0.05880751998977286,-0.9401154103127932,-0.6649745656275884,-1.1743053118378461,-0.3648980444255849,0.4381508410945175,0.9259835145922859,-0.0603832524598853,-0.1631916205076451
2015-11-01,142808,149463,5708,5.1,119353000,1.7,-10,-10.9,-3.3,-3.2,99.4366,229981.13555742378,614679.4070003486,1864748.3679044016,236848.20275174806,1235469.2530090837,184988,12736.779511574978,504,1172,1174424.3269289918,1244,190099.24337181408,231571.28503762637,120.8,121.1,238.017,244.241,97.538,97.332,13993.4,43.51124689864463,92.74313152045431,18.314,107.28859837600427,1074000,0.1175,2.27,-0.20490941150189193,-0.23279418206277397,-0.3014062401956682,0.18084633254907428,0.24428190776292347,0.033626964769020995,-0.6284043069494714,-0.7373259505669507,-0.39859520888409816,0.08813018941538853,0.41947227650715324,0.3199365509930032,-0.4387612682199513,-0.7011918289539985,-0.27517123927627296,-0.08171312460176333,0.10983579213144813,-0.11199347973945631,-0.31979814855712785,1.6910709954773897,-0.24012886180551163,-0.38669320374383837,-0.7687392353321366,-0.8216263762266848,-0.4682415762446152,-0.33996511650969363,-0.09092925134472729,-0.19910230256175004,-0.2301808467038647,-0.5884424645959139,-0.6738495611579578,-0.26632102795865026,0.05920967527482622,-0.3116723631236422,-0.38353432934451875,-0.538149242341377,-0.8093175222986277,-0.25411576606055053,-0.01612147391720104,-0.8090806245505402,0.06289621860966035,-0.12584678110380343,0.5476640597641265,-0.30546615499204577,-0.526869265668514,-0.6147062534803303,0.31125765365502833,0.6592567681666439,-0.18390009819505154,-0.24784874897430278,-0.18064431979728263,0.2696626070622806,-0.7870344961797096,-1.0637185305518952,-0.3053011883257083,0.07092175852877047,-0.1956707576316597,-0.46217095232267846,0.11717480314457072,-0.38310950644309855,0.003732982996225053,1.0226745258974541,0.2138945030508445,-0.40000527900216254,-0.7630379205880228,-1.10228945466138,-0.13199969627343758,-1.0167735702690643,0.16564002558593605,0.39711895606883907,-0.10452110999821579,0.35718237248257706,-0.21500801388668062,0.5637492752539396,-0.2921495913001063,-0.16205045591330863,-0.3010126075093047,0.6544361654453434,0.17494691133284512,-0.12765306734452378,-0.21348597826918642,-0.6967612412415928,-0.6848864204523745,-0.04587662582477982,0.3439106733423649,-0.10480118735536817,1.2163621256473016,0.504453694764096,-0.5720351388736081,-0.03774685326601493,-1.0505078114041528,0.30316636034972183,0.9374494476593106,0.015631084057063527,-0.0999776421068236,-0.2978028033926589,-0.5089040203252949,-0.3355542884281763,-0.8243265411800897,-0.24668563128867155,0.4855106748022369,1.213626524777807,-0.03658666296038879,-0.7373008962901124,0.9132429617915008,-0.5866734946038973,-0.29290963120694785,-0.475137872824241,-1.0817411449540757,-0.19684078602037006,0.038383534244649284,0.3297161245833077
2015-12-01,143077,150128,5845,5,119499000,1.7,-5.9,-8.1,-9.1,-7,98.9471,223249.46642587424,612430.224922016,1856142.032005823,231032.4659333443,1232799.417172878,185964,12777.048103759646,546,1146,1186539.5665736333,1211,189333.64800525364,231408.0200295518,119.3,119.8,237.761,244.547,97.456,97.396,14060.2,38.16081103267115,93.05907354943982,17.503,107.46476205943331,1084000,0.205,2.2325,-1.0706353341391561,0.0362884790773214,-0.528747178158187,-0.2487256068801396,0.7603221064545431,0.47089867815396913,0.5441181531438225,-0.7081996005632382,-0.49022576865919165,0.3278847096326132,0.21162297276891706,0.5030154857494216,-0.3938348558118472,-0.22684107362392475,-0.4995037894152011,0.476588981961874,0.1409691486352565,-0.2924500813963824,0.5145344938449846,1.3164952197859043,0.5052447187936238,-0.6712211590116455,-0.6181776818427789,-0.5819926488072695,-0.8591568898120336,-0.6137133604990591,-0.09180179007836003,0.126573235607728,0.004070066989440482,-0.21447736011029972,-0.11314826023649771,-0.10807224889005079,0.742515559375605,-0.2387348462922587,-0.22158478808152074,-1.160416092709893,-0.5986658200014069,0.1843014149936158,0.29272572952157105,-0.7850526976965876,-0.4987403837523398,0.07908366640414496,0.27125764679339215,0.36216994687121173,-0.3194205898146191,-0.7782054404995203,-0.0806369381201657,0.15585073758338341,1.262664834312789,0.7511025251069764,-0.1988995264748621,-0.6663757428903703,-1.0051540769268992,-1.3866961219219343,0.25379589422808113,-0.217803422315434,0.46436868717131907,-0.6105719228641536,0.6742073944094131,-0.28327076107630955,1.4124293342564047,1.205269370779111,0.3299235499030626,0.5400511744851006,-0.4721726736543059,-1.6687714716229487,-0.5466995229625108,-0.5133335739134145,-0.5210661822165129,0.6714872662449557,0.8016052751087936,0.7962927019786497,0.08199133767874603,0.5795490818162983,-0.14675167134484704,0.2344828672874194,0.04987682257515988,0.5908976191278903,0.5546455698628371,0.41663683717300115,0.27582073445911615,-0.7364315554466778,-0.4165768942797783,0.25732403128577497,0.11613750643442264,-0.04991580553070331,0.022210971503779937,0.06212245240067228,-0.5353484292047215,0.2523058294831386,-1.4844607882484644,0.4912131475186383,1.0088472837612572,0.00425559340407429,0.09944938044734164,-0.6983946989859434,-0.6240380605955592,-0.06324474051560369,-1.0557471989922569,0.5440851872953344,0.36553139804272156,0.018662624349593065,-0.11512592285693495,-1.190694527424913,1.5673629236855136,-0.8357566874214921,0.44208229690807793,-1.126372008637503,-1.731211061803858,-0.6036220146000331,-0.12120785409572386,0.9926588844366389
2016-01-01,143210,150653,6012,4.8,119718000,-1.5,-15.6,-13,-4.3,-7.9,99.4391,234862.96873717898,612285.6322310659,1857197.4975395694,234632.1900385657,1236617.912529745,184920,12798.473783539837,505,1092,1190805.7766472471,1171,185599.40920653156,226671.8634610651,117.8,118.7,237.652,244.955,97.496,97.567,14121.1,32.49364076474933,90.32302282480214,18.054,107.49910716231994,1398000,0.344,2.124,-0.8638680978202284,-0.7596260004452721,-0.674155619954221,1.0469785240942453,-0.2745776690620644,0.5405738311067261,0.04807718810879991,-0.5573281094245466,-0.2901479876328213,-0.15690450919300172,-0.2571289928138922,-0.8838069029651001,-0.8508033591922338,-0.40632182571742326,-0.9461663382347499,-0.7976997770358673,0.7180262372185655,0.6349091175317924,-0.1630332112600713,0.7502684662952952,-1.6241624228903653,-0.8816625958625409,-1.2223701546361438,-1.1729766479114636,-1.6392475292875768,-0.13898251787011529,0.2326635313139819,-1.4832962960611313,0.11522673447480501,-0.8449337905973495,0.3150147091771626,-1.2200392536148352,-1.206900501149608,-1.6076008613637152,-1.909971410119368,-1.2217280372267532,-0.29969565150375804,-1.4310154245137139,-0.14895404672574686,-1.0498754702671542,-1.034019438041281,-0.01964087181649333,-0.7241576077707111,0.21044162915708498,-1.2022812491826704,-2.4901506176962087,-0.387206887990976,-0.24129522449847035,0.23477299855353587,0.12429737508042597,-2.1019272046930766,0.0984268189463305,-2.4117552990724973,-1.2815002334557832,-0.8913926227243328,-0.3697721220691243,-0.03894587058446389,-0.8019810469303501,-1.0571257897525526,-1.0064356791898503,-0.5119609487384753,-0.154769440320066,-0.45684745037010566,-0.2113896211108929,0.2725986845736828,-1.563934140374,-0.6773882108411035,0.5306851664301246,-0.9249433476198106,-0.2906935236793172,-0.355239131497934,-0.9087739104977158,0.949752976631729,0.7270458598202151,-0.49393065306865813,0.023056391546957114,-0.6154874510462969,0.08991393493879277,-0.7673976262842525,-0.7752046398161399,-0.22329494548422008,-0.41529172242572737,-1.0551081464500747,0.4280000575863411,-0.5315904072336927,0.43982804897260785,-1.842740550508883,-0.004151694708252324,0.8171308678907596,-0.26220071349188206,-0.7715070836232937,0.49871039015560925,0.8223832244244714,-0.0632421917911791,-1.8921168558925132,-0.6422613694745146,-1.285949837222892,-0.9357137002841006,-2.760608926780786,-1.026306164249432,-0.1193578767763003,-0.8354650677037962,-0.4375528406216586,-1.9145754225117773,-1.0690255924745846,-2.108127470464097,-0.708823521567713,-0.5698728486741222,-0.16292316310703414,-1.8537226865102023,-0.4003180844426795,0.05631566570362215
2016-02-01,143407,150939,5770,4.9,119968000,-1.5,-13.1,-2,-5.6,-14.2,98.9232,222476.2686643748,608578.1723023244,1851015.2041569727,233635.3840628047,1230129.8168197444,186705,12883.67797218944,517,1225,1203603.0581353586,1172,187832.1104212633,232273.59023038638,117.2,118.2,237.336,245.51,97.445,97.736,14135.3,31.114987941915956,90.98162789726591,18.096,108.55996655261161,1067000,0.3725,1.7825,-0.9542730270227778,-1.0129182574155462,-0.6069505647575608,0.0791635503879383,0.9116359653339347,0.28594326397523306,-0.2281857401010481,-0.31959536108303976,-0.48764575562979523,0.01040103168596239,-0.1526138487712415,-1.4339204220142208,-0.9675467389406622,-0.07699374927167321,-0.6317272134952807,-0.8451139342809854,0.8583547946518618,0.36964864018066645,-0.3385543767192233,0.26493569666934835,-0.4204961049856717,-1.5770684794876586,-1.5871206890980363,-1.2331162831226048,-1.7903506416445079,0.019470331660629604,0.5145988443498309,-1.162205642455198,0.09248053415301635,-1.3717621685855976,-0.009532694234530598,-1.8564030597846377,-0.6838281196078453,-2.1609942935306963,-1.5145550244881256,-1.296757892085614,-0.3078710741700989,-1.2250267578140615,0.5102707226749051,-1.4657723166829464,-1.1421442974199827,-0.3303094053555484,-0.3839711503720781,0.6770320082604617,-1.023706498195607,-1.6598326920809436,-0.07026733607476318,0.46364282250761923,-0.30203415200766315,-0.41828176926392724,-2.4593306581056087,0.12373429707591549,-1.9317196052525947,-0.8288635879526667,-1.43690927509019,-0.8625996576860496,-0.34026968564301086,0.020418692552190837,-1.3131666119454137,-1.401126357644231,-2.325859727121081,-0.3000491647046259,-0.36475191544293833,-0.16212330285086374,0.4200528836268231,-0.9477590730572398,-0.4712033526067503,-0.09781968075210873,-0.9770567611528784,-0.34452546160519915,-0.8239757486661139,-1.3393335454316722,0.610732595771273,-0.02858924717097033,-0.11073498712751073,0.16153828414051083,-0.46509947173047994,-0.6534463735586522,-0.07006359393626221,-0.6930904304079688,0.09282538525588917,-0.7342849843004793,-1.0447072012635414,-0.034332388571482186,-0.2146043342205902,0.4820774334264154,-2.008422425633201,0.051789738763078026,1.0068219550404,-0.5460407448845082,-0.8856519523574006,-0.08640854835704018,0.6253979823115812,-0.24075512599115217,-1.434838771440941,-0.5037512668564317,-1.4029179806721097,-1.3405710927866816,-2.0073679905836204,-1.44396615276868,-0.043556386831540964,-0.6560732154918348,0.05560500931588358,-1.3937623203915452,-1.281359126885763,-1.0841784465083102,-0.9406339201926428,-0.402825890172202,-1.2769337939650562,-2.2515495545296726,0.2524456090565505,0.13792906849259742
2016-03-01,143662,151218,6129,5,120126000,-1.5,-1.2,-4,8.5,-3.6,98.1635,223590.96167825296,608319.5970227186,1856457.525805847,230477.2045498756,1224503.1892129863,185591,12835.686423064715,532,1111,1217097.867373788,1118,186390.30233534344,224068.06384568918,117.7,118.1,238.08,245.913,97.673,97.876,14135.4,38.44460598118211,90.44104818712098,17.291,108.89075680853355,1053000,0.365,1.8925,-0.8015222961420931,-0.01908682241685908,-0.8469634125615517,-0.8779070361659456,1.0044898890483778,0.7495514200057836,-0.23886587312303728,-0.2623744654900325,-0.6335991990854181,0.705578996632325,-0.3541287096600366,-1.0427971441937798,-0.8762314099687485,-0.25827883257073203,-0.2952352780267715,-0.7702401182096734,0.9590392749083646,0.09754343113408234,0.39236306750678224,0.6606449835666903,-0.7774797861703606,-1.287395179666898,-1.2234370891279034,-1.3012049370784895,-1.4223742410677231,-0.6638301890953808,-0.2716310777483489,-0.32408714081173884,0.11416282412950883,-0.7858479177188818,0.04383541326127184,-1.8174738257842602,-0.5881489584571281,-2.0174255269343866,-1.3404201078170936,-0.868258635114036,-0.7377891356974403,-0.6585589074216316,0.7238211419277493,-0.7338483976933037,-0.9421593245752957,-0.27115801349178104,-0.6558783386268423,0.510148242665032,-0.39972733360545837,-1.6079698008278582,-0.8791511656867859,0.24961729492825632,0.31127495182526044,-0.6882171307286036,-2.0167579685011683,0.16431055272880216,-2.0530069279299,-0.9646638271065259,-0.9860841012523063,-0.9340682986747746,0.11583297801767542,-0.33366623955913133,-1.689515435693288,-1.053487325276889,-1.6972564239530756,-0.444503507259263,-1.2018391002017321,-0.4368269035578591,0.3714044415793988,-1.1604358614276682,-1.4718201066270789,-0.6113640724228033,-0.31886517396927105,0.1477099989336797,-0.6643773271962955,-1.1550246100708588,-0.37923548925407413,0.3257069268280988,0.4168953986401842,-0.33958197045095884,-0.5898053904866443,-0.292543881350386,0.6894766711524966,0.3784028240189764,-0.37881697806018483,-0.8904388160722639,-0.4553122618021798,-0.139093257747481,-0.28402766451656036,0.437738251521068,-2.326864135587403,-0.05915116980239965,0.701829981930692,-0.7574954229010148,-1.4548330168006545,-0.612633749239714,-0.1100917760602399,0.14840016765419967,-1.3780026211416116,-0.6147060681481322,-0.4962135565666167,-1.2780760248194896,-2.005959417695681,-1.3813115139686347,-0.213993889553657,-0.8312685822991482,0.03725711452092165,-1.5344719287679491,-1.2393821521295694,-0.6227003899160432,-0.42216165317335796,-0.022717737781700418,-1.5522249617175716,-1.9189346143403105,0.5120248093596996,-0.3483690391701654
2016-04-01,143855,151074,5803,5.1,120372000,1.2,8,1,-1.9,-10.8,98.4775,234544.30418499283,611862.0717806374,1854735.2048989164,232154.33755472332,1226981.519088098,185887,12869.796822221997,576,1163,1210190.5238129254,1160,187938.9344136826,226765.17710448705,118.5,118.7,238.992,246.551,97.993,98.117,14106.2,41.58460298184564,88.53896485378765,17.669,108.4141720975114,1330000,0.364,1.81,-0.6030949272971328,0.354214809815555,-0.7088757949676732,-0.7404261346684357,-0.2780083246051012,1.3758279969631033,-0.20811691210660954,-0.24038829779043155,-0.32117813515275534,0.7501509443555204,-0.4848757725413842,-1.3868349148842023,-0.8201124540494629,-0.22082371492951566,-0.6387790885717927,-1.3967238431869216,1.077660568968733,0.12145448163872177,-0.6791516911194421,-0.1898144963303096,-1.4111391417629373,-1.35502114915362,-1.1649632104292775,-1.759058553969313,-1.4891698713676444,-0.6217774866215645,-0.5062612712449959,-0.5790894926971214,0.44681744476555285,-0.4214318930341981,-0.08872203054777036,-1.646827495205504,-0.8570523497100996,-2.2783440923215386,-1.072258656121002,-0.8360728655815056,-0.4110065209427673,-0.9832987310428057,0.4066031632600015,-0.27335295505115276,-1.0595786566655965,0.026968703425339507,-0.14830714499925393,0.5488000798824043,-0.34589189542458854,-1.098963749593245,-0.5952239219303176,0.46292775219865967,-0.049186149612718166,-0.72692642990215806,-1.4009802292873117,0.13315339464944545,-2.105590087256293,-1.4169905526439492,-1.0204448581611092,-1.1917454164400234,-0.3226392431640697,-0.5724471699270797,-1.4539165519180701,-0.8342924682515205,0.6006957174338933,-0.7255466403903115,-0.5630057695695924,-0.966769321629436,0.258194093110879,-0.9127860580784024,0.7698564599172935,-0.27200067949730367,-0.791852317469011,0.7342911614220271,-1.0674252732494436,-0.7238311421936124,-0.6496846431143569,0.16773815069508566,0.24884251087080358,-1.1057525918593238,-0.44843485377881986,-0.12018222234955406,-0.14632564047235688,-0.24749168813536543,-0.7184460149578842,-1.3598922703435232,-0.3856169906924313,-0.63084283019117815,-0.24804621585859454,0.5116821782524468,-2.0238422684492132,-0.013948677950594773,0.004046264694685881,-0.4840456738789888,-0.7485316855480867,-0.7858241520119708,-0.5749529721630622,-0.3872669312620734,-1.4002094471073898,-0.5624484816814893,-1.3526800289435061,-1.316324539112696,-2.4634777850343825,-2.222210447241545,0.692773898033235,-0.8309404976863592,-0.8331354260348777,-1.7364400517660987,-1.5215771713890553,-1.2441263055742877,-0.413497114891592,-0.07250699308386462,-1.550488729962302,-1.9356973448505193,0.281236679814759,-0.2476540753413509
2016-05-01,143900,151132,5777,4.8,120421000,1.2,-5.4,-6.3,-5.7,-12.1,98.2549,227315.51761026154,613439.2224384379,1853408.1185890173,229636.3840127148,1226572.799608774,185964,12890.792945707213,571,1148,1213090.7868328018,1205,188607.58204028403,228374.06905545422,119.9,120,239.557,247.137,98.153,98.284,14095.5,47.58896824345664,94.38461702770068,17.695,107.86067543194115,1098000,0.365,1.8075,-0.402997974263523,1.2692356563120937,-0.6173621174021316,-1.0718240474361405,-0.14977370640354845,0.9021976917209984,-0.18872669965455768,0.02550952147005899,-0.5096609957726145,1.0200727182221647,-0.1425335506317587,-1.5964117748156008,-0.8366802226597125,0.009163631730748354,-0.40495965909946563,-0.9402840137644336,0.9905961457984844,-0.25840672149960864,-0.7355860377546672,-0.40115615229785373,-0.859314030735508,-1.213030304312425,-0.23482589578270058,-1.2042755447849292,-1.2342180698002088,-1.075421476864921,-0.3874909660666015,0.2575291844265869,1.133112906132594,0.0645263205672613,-0.26377271382375633,-0.5804526666568597,-0.36473937096245107,-1.737504759516483,-1.6717982486620968,-0.7476122339339674,-0.06783991317186572,-0.7521752135872841,0.5680008413958817,-0.7080745148360168,-0.1740662747174287,0.15792266149152107,0.11062553409463456,0.7489861065832147,-0.5795086336515965,-0.8281719377154215,-0.46325244916616126,1.303367901305633,-0.12239444665932459,-1.0545641708685352,-0.9046180757215548,0.09436276130030288,-2.218522358953529,-0.9771864207169401,-1.1073466555531084,-0.6827106007591881,-0.37820286325167213,-0.7273768742044071,-0.9905998113617669,-1.0849384788374437,0.9248905693152252,-0.5942331427089803,0.3432043583616853,0.18636693860714557,-0.0061914796424132395,-0.40543207110067436,1.00813588811583,-0.4312625055720246,-0.8341277822251789,0.8259204517352079,-1.0059392014872972,-0.7662079023965724,-0.16855074397942757,-0.11189851629131074,0.06502464890010232,0.48895577108041993,-0.3668899471348638,0.16854935349835423,0.6236465161290075,-0.004196370064929933,-0.7758331930293668,-1.0828839669025179,-0.39051192878636315,0.062268670338497416,-0.3158662904596723,0.8766133998685433,-2.2909680824531,0.03385399346460197,0.06748286891303262,-0.8080357479994321,-0.22504609246966156,-0.10463081362033966,-0.5358275874266026,-0.48198727923543927,-1.098772817188021,-0.5140189275705128,-0.9334810287118018,-1.0457835161407663,-1.9727573620174246,-1.5836154832349334,0.1238481891959947,-0.6525434187303845,-0.6397434812435177,-1.4004912979532014,-1.2988880905730986,-1.099353064303214,-0.48825435330018285,0.017111334278469476,-1.14768273341935,-1.9044147618437246,-0.009105985422568788,-0.10972088371481419
2016-06-01,144146,151223,5742,4.9,120685000,1.2,3.8,-2,4.4,-8.8,98.7315,210434.78260869565,612206.4581744216,1852600.012514971,228701.7543859649,1210009.6618357487,187425,12948.080345792016,557,1203,1238346.3005339436,1208,190015.76404780065,232445.4614797864,120.7,120.9,240.222,247.54,98.325,98.386,14104.9,49.5906432748538,92.7888742740775,17.735,108.3379932790958,1061000,0.37,1.6975,-0.48699071964004265,0.5909216855682243,-0.8322754563808773,-1.1329014535693251,0.006826320093945536,0.4474632194557434,0.5971061710539082,-0.11701124632714643,-1.1376872750144393,1.0982268015772492,0.10742150361698771,-1.4873422712565272,-1.2578807481212069,-0.3379508910565081,-0.853320574985442,-1.3961039174041212,0.49159033160306004,-0.050499586220159834,-0.3311149251586987,-0.6011855388798503,-1.5354876633111978,-1.0726426744514383,-0.7887214091204758,-1.8013140521702562,-2.0101251653510657,-0.44234465053768723,-0.24960923066611768,1.4232875873505482,2.355685010658903,0.7530396803839376,1.0347098470849572,-0.525123630984923,-0.7388593793933608,-1.0515914817744574,-1.8631088416608441,-0.9529813100236074,-0.4052575931766962,-0.5885315238858903,1.345388057425897,-0.8827140790743381,-0.10254861723729887,-0.8500559627900995,-0.3051262326949246,0.43225996572873054,-0.4412581754761834,-1.186603655370324,-0.6692156842147027,0.14318836077352842,0.0637584700582822,-0.9849932531054192,-1.7125799496110483,0.2290843236712311,-1.9819897071791917,-0.8259088971435441,-0.5650238066227167,-0.5840357418554137,-0.3879170372890872,-0.4903680172491404,-1.0653534340171853,-0.9378571915972572,0.6420201290092051,-0.136432030453647,-0.5174200932133151,0.683316211209345,0.014460081666811451,-0.48500078769781874,0.9457735650680034,-1.3597713179563824,0.3248898002317447,0.07896457963439844,-0.8701034326298833,-0.7378875115452795,0.6057486632309583,0.1641777863677091,0.10557374659473939,-0.10139068571796621,-0.6608784467337501,-0.29381090270126325,-0.06555625520685826,0.2567598371547355,-1.6596808954254023,-0.8744125573003589,-0.4597427222923757,0.47951421500891395,-0.788139092147949,0.6511810137764499,-2.9251548713306414,-0.5349650158225229,0.3381684607259475,-1.1616664669320775,0.45299798740825764,-0.7861594357976402,1.3895822957200927,-0.3521204858577932,-1.16864412537272,-0.23911282890415947,-0.6624714201610875,-0.7634736504736659,-1.6715968207152274,-0.9040299946043685,-1.0082529935170925,-0.6445308859784176,-0.8022876322547071,-0.8574648291998304,-1.1595896728257689,-0.8971804089620959,-1.1181338922004747,-0.6902999401158729,-1.4126686727840323,-1.946294648284129,1.771359537780655,-0.12614995327050008
2016-07-01,144520,151554,5962,4.8,120896000,0.4,-1,3.3,1.6,1.3,98.8452,219799.27192857582,611465.0912122999,1852065.6927490153,228600.19116959182,1205078.1964979358,187333,12971.771979418765,628,1239,1235008.4399341075,1198,191368.89630066502,231973.11423399975,120.8,121.1,240.101,247.829,98.342,98.529,14160.1,45.40277806023876,89.84732131385549,18.109,108.11881500740131,1297000,0.396,1.494,0.5387606508865738,0.6827756433658865,-0.8353218277260751,0.4039332626214405,-0.15311587202221008,0.6238782905459757,0.5956872069300014,-0.06557380507615149,-1.3251125291270525,1.4691741504476519,-0.5172121630418482,-1.1790699012695351,-0.8845823216679725,-0.15461853764716452,-0.8303508808720979,-1.2104815043725414,0.3457610305256926,-0.0370256411415753,-0.23202715313320466,-0.24508485193162152,-0.7938852286848497,-0.6172036173697117,-0.9828611449838535,-1.897455292583441,-0.9009502426445304,-0.17693640807733235,-0.07190014783936342,0.9705591139696657,1.2057349297656652,0.5419416380387055,0.8316062021234671,-0.4379752241752923,-0.8647025557534415,-0.9479976760796639,-1.9795585519838463,-0.8965026793406516,-0.3818633073706485,-0.3730107037086083,1.8988350931204465,-0.9718384492656323,0.0865957058119808,0.06131906669595366,-0.08991219873140521,0.5038976205238567,-0.4517250116392512,-1.1851923323196285,-0.6345645655878692,-0.11161608742416664,0.20030299603597929,-0.9065637514817225,-2.4903853465654624,0.016570891873776184,-1.0427846825788625,-0.461491477834035,-1.1058934393411302,-0.8366453844125634,-0.3943926284901448,-0.021456264892058995,-1.3062175870045742,-1.1189887976733048,-0.4486573594753125,-0.3813495765643061,-0.32259709771341066,0.5548693889840731,-0.15597926065605666,-0.46801087686350623,1.0777864319634785,-1.403640113308715,0.6561493734050514,1.1526190161714123,-0.7993491360933253,-0.01709552064174211,0.8798426435055536,-0.02487128754375466,0.08149028559089364,-0.5091753711329295,-0.6627382920869246,-0.3956448097734293,-0.25821879779970014,0.45923498071671365,-1.1471887918551078,-0.8749771069406075,-0.3301081747072165,0.5916430803950423,-0.49239428290488707,0.399970901827692,-2.875238753313244,-0.4251710925124034,-0.08826524473584371,-1.2484285935378259,-0.573111184652571,-1.2964002467828368,0.2994687689607204,0.033665104881895044,-1.0157810999176178,-0.01591518015608578,-0.8161391591638308,-0.6611770086051941,-0.9384421982326325,-1.4814825813928183,-2.027854085751383,-0.3088050643148992,-0.6978674330942728,-1.2205664240093559,-1.5199282571243897,-0.11540964651881745,-1.1773591526725764,-0.4388152975667163,-1.4426740896884083,-1.9629291624605048,1.4013753769902322,-0.22153767959336784
2016-08-01,144662,151779,5677,4.9,121019000,0.4,-5.6,-4.1,5,-3.3,98.7427,220944.56686197058,609450.7458442916,1851731.918621223,228303.49617684988,1200325.957818418,187053,12985.611145523413,575,1171,1240112.105118858,1201,193110.20623686266,233876.25788239116,120.5,120.1,240.545,248.423,98.479,98.703,14176.7,45.41069669675768,90.57888159754343,17.927,107.34028834465863,1054000,0.3925,1.5525,0.9929450422641865,0.2020344560831717,-0.8098500961182679,-1.3527113242029087,-0.4569926583400563,1.1292461334839523,0.86307706525066,-0.15726074740370458,-1.4443906778576687,0.8991173882877797,-0.7787297686106897,-0.743676558542326,-1.6541897690147813,0.15273717642331097,-0.8378531428822736,-0.8930168192605578,0.03546461377382237,0.24411850445859123,-0.3828223835894099,-0.4926020496446783,-1.1014041683608644,-0.6768170031539974,0.3042643877147143,-2.077207544776047,-1.2777465897284186,-0.6608664459090389,-0.27205861240088897,-0.05733842022301344,-0.018764590176254106,0.5536508264241382,0.6816098771480457,-0.7662216748734874,-0.6632070650221876,-1.2206807550426515,-2.1154719625844756,-0.5895668324181147,-0.21207260478805254,-0.42320036101905134,1.9901223676101407,-0.96794917747057,0.3272957327139392,0.35452297397301064,0.4036556029577302,0.646597334691071,0.13970410920260123,-1.3241096188357777,-0.44122963775604496,0.5328533227165722,-0.03045628956480803,-0.6103421075363196,-2.523139912275932,0.45954784445282515,-1.769431441834678,-0.8669197559593608,-1.4972232003438395,-0.5450041624275027,0.1655049729988528,-0.18892518091975152,-0.18402062027521154,-0.9209277049475733,-1.0266257574161894,-0.5883727779126794,-0.7629725602380277,-0.8579803642820119,-0.4075979233721697,-0.7142407800369495,-0.6871060418808436,-1.2087739209484338,-0.2322813345261331,1.3328005804238185,-1.141508105279978,-0.4669134409375954,2.479957062266592,4.1665706698142735,0.34908107304042746,-0.2569770441293963,-0.7903847299167558,-0.19863126525475705,-0.34398096873081735,-0.47621532692410234,0.027579427460485778,-0.6658731685950618,-0.12323989302490702,0.616850740247995,-0.24456190529470645,0.8246533403445814,-2.1858438365891546,-0.5122225927888349,0.09148328899716063,-0.7786104175713104,-0.4364572458445398,-1.7449519089857957,-2.1359713974686954,0.05873122407644545,-0.7697895264077474,-0.17229492190196663,-0.322439441407118,-0.9145683961520461,-1.6314499855126852,-1.6387110501140816,-1.8532045186017032,-0.16353420872995547,-0.29601558637806485,-1.8237720051675252,-1.3659297408793458,-0.4650091397276166,-0.4821254987719197,-0.6467624700642187,-1.2627711566282354,-1.903299478956255,0.9000272649229681,0.08838717209045843
2016-09-01,144967,151761,5868,5,121199000,0.4,-3.2,-6.3,12.4,-8,98.6552,220335.27253562523,610051.0814262258,1856396.4796727784,229344.45503010156,1193100.966898425,187853,13020.290677639716,558,1068,1249101.0074392396,1303,193292.52224677196,230796.82970830885,120.6,120.5,241.176,248.842,98.666,98.834,14209.1,45.790849938175256,91.70175393796896,17.956,107.99211173295967,1006000,0.394,1.622,0.249549929909849,0.05968672566380234,-0.5409868405893624,-1.540380263763021,0.4064543087788396,0.6612734442346907,-0.34345508896751487,0.048423211714745076,-0.5020966108126312,0.6998064207147512,0.211542219122615,-0.4390185728571036,-1.3469140308486875,0.31637907157449974,0.29346376876489044,0.833728791185589,0.02201456638067651,-0.24606548600983452,0.16174859766218008,-0.27807054501938927,-0.07254529951763306,-0.2591564390266069,0.7408815994719261,-1.2003103244170672,-0.24826344250612858,-0.08510615984306719,-0.1911876483689701,-0.9414313427600216,0.23875567502235828,0.6405088549229287,0.04387510765230512,-0.29593783538937884,-0.3928480449479047,-1.0606083399462385,-0.8831163341836319,0.5985149169084873,0.06020609191196167,-0.40089259988195486,0.41342816847129904,-0.8641339124509357,-0.09388534706301983,0.13432690047955362,0.6637481820529907,1.0424030565524651,0.3796659546178945,-0.17943996346786353,-0.5037930062630844,1.5300681981217168,1.0924917487310761,-0.5080793493457415,-1.56823350131908,0.7517209470315597,-0.26986143649792216,-0.5994128623330861,-0.8963948246891962,-0.5518505117880561,0.266391054042301,-0.1450829162439208,0.3889276371512028,-0.05406934549405713,0.3038312528460949,-0.1318213043067455,-0.12057587531566942,0.023421266728062273,0.20764345812361523,-0.131897092927065,0.32504165788026085,-0.8265079187032083,-0.3551634271877201,1.3453504102944518,-0.08836735129652074,-0.3383135976587772,2.4956426009897283,0.555665284103588,0.565959276770717,0.8956154628227997,1.5104171776200168,0.4248907107693474,0.5529836466995686,0.7996904760379454,1.0828969378432618,-0.44140605671003297,0.5008471289709557,1.2069133882714427,-0.018200598297518415,0.9437556612500846,-1.4217683387574023,0.14472521842500422,0.5305828580799575,-0.47283023374369554,0.48823616295190064,-0.09788425850296573,-0.9989641584056628,-0.2685334461091784,-0.18510647113315298,0.02096265029530999,0.25550040213002895,-0.13536573885521108,-1.4114839555329002,-1.0512570667179932,-0.16983737634649768,-0.22632757524476202,-0.44262762916177834,-0.4473366928792428,-0.005540471878565656,0.23300276913840923,0.37864091811518413,-0.10228385214710077,-0.937379494410403,-1.1903096374306095,0.4862774736725294,0.6756101982968272
2016-10-01,145066,151793,5591,4.9,121356000,1.6,-9.8,-11.3,11,0.7,98.7237,236134.0373022616,610224.7441032488,1854538.5650693162,226962.21224258607,1204216.733422341,187741,13014.32212647166,575,1313,1255310.1104502974,1254,191510.90342679128,230507.34312416558,121.2,120.7,241.741,249.142,98.868,98.961,14235.4,50.349961564914835,88.61168301598315,17.954,107.90255289090857,1279000,0.39999999999999997,1.7625,-0.9410881449695738,0.37808386968967994,-0.7269264888323561,-1.310387480431582,-0.046964053262574315,-0.14278631114008666,-0.4346141131193187,0.12465208070009222,-0.047721906806435246,0.09361492867416564,-0.13131860002216844,-0.2711216822693365,-0.8906683569167003,0.31848631195013855,-0.3609214709098781,0.5360109767955646,-0.10153266620861917,-0.6550562717194368,0.48616617421721153,0.17501748643221654,-0.7125283876766192,-0.6641074772409472,-0.10109026459013562,-0.5949483760890202,-0.6047951657676134,-0.8242506139495738,-0.23014137364496154,-0.39747211977694863,0.18206285937494554,0.26547179581427777,-0.5696916069527256,0.17438523950957147,-0.7964827749833697,-0.584508126985037,-0.7017072867764218,0.008815395778249921,0.1818318996317583,-0.5403546980493124,-0.32240414878080553,-0.7092300039541743,0.06154251110246068,0.6026737637110683,0.39020540434594786,0.996721281643758,-0.141737367188012,-0.5986949052906044,-0.38845848769853,0.42727469613448177,0.5207448490568801,-0.16351806402257069,-0.1807456831228375,0.23932963597541818,-0.9387868394222415,-0.6815317905680656,-0.6001426929756252,-0.36162431237150544,0.44293700348231435,-0.2413077008940482,-0.22949017981497083,-0.45174726263240067,0.07261410718180823,0.16541913345096035,0.20556606271444164,-0.45781845484938283,0.056541388533187,-0.5645314369344135,-0.30846308473439715,-1.1642115163295552,-0.6215252136425,0.4388550142573897,0.13583598915881565,-0.5289336120734528,-0.15772268871084935,0.1275452920802449,0.39901154027241237,-0.22086926814175936,-0.4816318464283964,-0.04468544762065345,0.18658934118865605,0.30014536520139795,0.0941829854088358,-0.35788785053550776,0.11640340749995286,0.3923426776397083,0.31439539586255205,0.49822240879830865,-0.37725381888452336,0.23188049534706034,0.003117018107679395,-0.6937760688706294,0.041950023268319724,0.8259152635470569,-0.5769535199184506,0.1384368547351134,0.028814016128071246,0.16992700806328775,-0.4373595108423036,-0.5878451330015142,-1.65410379244887,0.9076711527748818,1.040594630831189,-0.14006562845147744,-0.36342085805940244,-0.46880220263471173,2.4055450568540575,-0.6939624281078262,-0.4742577749023338,-0.11621163017854907,-0.8071210385682162,-1.0757433181409717,0.11554571599305828,0.3900943022422439
2016-11-01,145183,151954,5971,4.7,121571000,1.6,1.2,-5.5,10.5,6.1,98.3443,218757.1409793632,614501.3700569257,1866207.887773223,226843.0046207824,1200486.3449307894,187539,13036.268591824148,571,1140,1278936.5122698457,1230,189738.22307155642,234123.0119007897,121.1,120.8,242.026,249.481,98.901,99.005,14273.6,46.167379500712826,95.24313152045431,17.792,108.0900502447332,983000,0.4075,2.1,-1.0522645544040454,0.461166377780615,-0.7327561260336922,0.9323329945704283,0.2758228058913787,-0.2903681545139565,0.37419914028605705,0.07976888316309202,0.11386789156635038,-0.005621553140843317,0.20046417668615282,-0.4953443012929929,-0.15012404258625245,0.3349692227770621,0.16539071432176036,-0.07118519616205965,0.3105142397450591,-0.11423131650966728,0.4141438533681689,0.6891721134513753,-0.39612112680976297,-0.7758496540541928,-0.5880209599430697,-0.38968880932609573,-0.19311756172802858,-0.6699145391987082,-0.3532865321103233,-0.40740633274038107,0.6297971221640094,0.08414600527103178,-1.166975278153225,0.14942697668491003,-0.017561512742319763,-1.0505269828172266,-0.2709918024015397,-0.5176014720834682,-0.7796999516071639,-0.6023789662281258,-0.1057459268273709,0.5627945986201534,-0.1461724914272571,0.22975513012072402,0.35334099952250764,0.5899098028965899,-0.06138710022706235,-0.9127257076290344,-0.25935883347269895,-0.0013207405841124847,0.04972381741409487,0.6059434151340756,0.22449225585245913,0.3063972096987935,-0.3240681161069301,-0.6185041452150255,-1.1592090164288984,-0.1526463491307667,0.5817536252449071,-0.009746297424814782,0.5533921505782505,-0.5292263049811428,0.4704302810726977,0.7631570395508392,0.5683270463995879,-0.5197998134211405,-0.06496440555826993,-0.5832860068384065,-0.021135304120726783,-1.1959034559698989,-0.5306656593029342,0.08925742209262127,0.05460810484276877,0.3132580805859069,-0.5853643178467832,0.20781390605125255,0.4204022221546478,-0.33322461948077825,-0.9016492457796582,-0.6166406416076426,0.12803106688326082,-0.18589328980324046,0.8074281536622044,-0.11417634357050466,0.04981042189165489,0.5385358935395619,0.3957917486536674,0.4955071570755614,0.42537033931122076,-0.03196922801507293,-0.2850591768394743,-0.15078999517707345,0.166091142507763,1.3502314000628686,0.5903666994185542,-0.02319307031536701,-0.17963945899572492,0.6299036912774634,-0.8184210093152088,-0.42385992406332806,-1.2677784400950927,1.097712611531473,0.8033069744719237,-0.33258244227587125,0.12998758695028956,-0.3923262703350877,0.6533089191247137,-0.6796372515775446,-0.5639276868704844,-0.287772095534785,-2.058115563133591,-0.3357922432515014,-0.08694128959588257,0.625936914795293
2016-12-01,145408,152157,5964,4.7,121677000,1.6,9.5,-7.8,22.5,6.9,99.0406,221583.51081547575,617079.6701355594,1860246.4684030595,229302.21760151812,1195611.2283110092,189297,13127.857798952266,561,1252,1282356.0880580593,1248,194389.88200381547,235750.11860181086,121.6,121.3,242.637,249.92,99.071,99.12,14313.7,52.457328582531716,98.65907354943982,18.277,108.57905553643647,1261000,0.518,2.4739999999999998,-0.28848204968372465,0.09573841355618991,-0.09476380290042245,0.24808452931445982,-0.04833209341395574,-0.1152374352592809,1.3802272022680138,-0.006022018978261828,-0.11861412327979691,-0.1729694864682018,0.16098411726398246,1.1650412131108403,-0.07936886745519296,0.14949743361025977,0.9336027349985143,0.18888430007169946,0.24915024294896065,0.26742893241535093,0.1174229448194446,0.8951019274494513,-0.022550587709738834,-0.44561400650822247,0.044778415843984655,-0.515292342610131,1.2989478774454677,0.06712780545815997,-0.1747854731483157,-0.29747449598677,0.4803552282871295,0.07526676682142307,0.7743719105716995,-0.09996391906733913,0.583526117643799,-0.0622233054962091,0.11283136646438344,-0.31263252242240935,-1.1235665130014554,-0.14750587160665388,-0.11830131616122341,0.2580172356039949,0.449035836337049,-0.0057499133100000314,0.411047501461377,1.1504007049119394,0.3082689582154788,-0.08505536527869845,0.7642401036570591,-0.19730044916866568,0.05397740204520162,0.4646659947380884,-0.09001636192535345,0.3557976522662064,0.3456869553600757,-0.6123687378919956,-0.4048351855445757,3.231206098920424,0.2367068065295758,0.361007822533894,0.1613615684975855,-0.5176273790988213,1.5042709681701834,2.4591134111176607,0.45748368190051963,0.04853503516424864,-0.21472005405472822,-0.6639735189434035,-0.686924659856385,-0.9225277379637186,0.2296750711890926,1.3391104898383437,-0.121552737401484,0.8791677534665736,-0.6800053487217133,0.21736258429778402,0.6058889086383002,0.3780239587602743,-0.8575841355714219,-0.9507206869309868,-0.05071697146067976,0.0032432103478795106,0.9484859625081598,-0.3122060498269734,0.018642017247234882,0.6479346730870944,0.9164394429020746,0.8678840881637491,3.5681396078321654,0.06840999718325617,-0.2826647386190911,0.5595244933588506,-0.41632718138164726,0.7013331912749733,1.0414524840318025,0.20896096335997466,-0.35223163244067596,0.22595901195030912,-0.347038879750566,0.46631220989578653,-1.0248179708424439,0.9942000111520978,0.2169491643118261,-0.2176110946353214,0.84611080074526,-0.011351854984286501,-1.1655355871695625,-0.9570123503266678,0.48894243564413564,-0.13614387365358663,1.738642452161876,1.8648520445347172,-0.2848957764241787,0.6086073793269033
2017-01-01,145628,152152,5617,4.7,121905000,3.4,9.7,-2.5,24.4,4.9,98.8158,220487.4762445828,614555.911956642,1860830.2301647833,229139.97848186546,1187377.7035927242,190631,13135.815627796606,573,1190,1262958.6429497944,1303,196513.86109742487,240311.30908688702,122.3,121.6,243.618,250.467,99.451,99.385,14373.7,52.78981609033595,96.82302282480214,17.652,108.37358691440696,976000,0.6475,2.43,0.3768901643565317,1.028192809935029,0.012753720402154722,-1.3859025830530232,0.5645544913476563,0.3733431598006328,1.3668858112837485,0.024208589270593835,-0.9190321891544947,0.5260257629542163,-0.20395219063181577,-0.2068568029380151,0.236194712648576,0.22231418448854315,1.1763670219394375,-0.28041943639703487,1.1665901727482078,0.05541590088954492,0.8092016833439684,0.20910766031690114,0.4993656849042491,-0.36081157408207115,0.3926711095104999,-0.6764303268953008,-0.03979710146449286,-0.47273849465618073,-0.08144033754033882,1.151198685653928,0.06537275472895214,0.35652332103815926,0.7435472173255826,0.43569168508711587,0.3328195532343315,0.042173964757789305,-0.11467385876630386,0.6188897893698987,-0.22325241742263,-0.3940020362501159,0.9452374761504743,-0.10725484317465726,0.3984747361770986,0.032555971053453536,1.002069377450255,0.5476616728475205,1.2185725825584743,-0.049383701612009806,0.8754224803004007,0.5586275331657201,-0.1324659922915889,-0.34431455218299695,-0.014640420305700806,-0.0657490845374103,-0.6693258877600795,-0.4565768318565663,-0.5584931734828211,1.5654999024086647,0.23328780817812184,0.27618836671642855,0.22797978616428397,0.3578809835084759,0.3910958250259279,0.1242837726014625,0.4828908143452658,0.06589042936266218,0.08131663916705695,0.5874363367306794,0.8959656461379015,-0.705851203322821,-0.2994707970612985,1.3092249814661958,0.04649599800827754,0.1252171942892193,0.47819306350093704,0.3962939704125333,0.6119758830761726,0.6177157813902749,-0.24845109271187718,0.3553722173884194,0.06460620566470326,0.35489937126389715,0.11333992150201126,-0.9225290007749614,0.3342552943049677,0.44416017918927486,0.6162060801870667,0.6878641566868339,2.0867094720335118,0.03291454388815848,0.6681085264917855,0.42279201349860296,-0.6827352397348592,0.13794307259383295,0.8318074864691598,0.19135957897077627,0.4250742471520524,0.7301907003679851,-0.27703664928356536,-0.2603798162865083,-0.45686688723610064,0.8759505188285073,0.0942147469005779,0.0512362981022214,-0.3793577103628736,-0.3271359378664115,-0.8319501154287956,0.03039812848202189,0.4960396803219598,-0.1228622496045195,-0.4471960488001322,-0.5760373798810755,0.6902713816970226,-0.06942990959817508
2017-02-01,145848,152480,5923,4.6,121991000,3.4,19.5,7.1,41.4,5.9,98.4356,222434.8804048762,614822.3645894001,1860236.1433241237,227363.28399574236,1184824.1720723796,190276,13142.811238527504,587,1271,1282637.117667142,1234,197308.85867491417,237259.253308698,122.7,122,244.006,250.998,99.586,99.561,14416.8,53.69228606430623,95.5816278972659,17.699,109.79759761937541,921000,0.6575,2.43,0.11461436572848147,2.2892379689299136,0.29048742990607135,-1.1955257474717242,0.6489701985427049,0.7177000746703353,1.132937691686125,-0.008748149477591761,0.3526930322907596,1.30541569054871,0.043866110584566416,-0.3948284339903294,-0.2388654124714024,0.3413954256112029,1.0511774179966955,-0.08793632993461287,1.1867863189239745,-0.033323001070872174,0.7972589339762624,0.7689586168726823,0.4793389161756773,-0.36419101574916224,0.8152624550925782,-0.552716928420079,-0.2033699215017789,-0.09740922506411659,-0.3051450738343262,0.8796261518496189,-0.4059110979787082,0.4503774862057065,1.0612010539469812,0.7416004508017026,0.07214324298143383,0.12359950822665808,0.04905441900030315,0.5288371166625334,0.057048556195658406,0.11281999461351497,0.4773660173481338,-0.4765631481929423,-0.20302999313192296,0.6216077218408632,0.9298908244587667,0.5220372081175373,2.158883925648554,-0.09412310239261491,0.12802540977510063,0.3522156197832228,-0.31995387780482076,0.00878105366498197,0.11463492843059217,1.032424115967559,-0.11906049884867083,-0.3421308314536404,-0.8181806203651334,2.026548531326623,0.566238871265862,-0.41439752472763297,-0.05986860385176541,0.43562292354351867,0.5141663928907143,0.14403128295057602,0.5485133248464378,-0.16306621439291427,0.05305034719715072,0.8131784116771534,0.9348622939877177,0.49344979085105933,-0.17997104491237403,1.555462700261446,-0.1650758802475644,-0.3399111796684487,0.6934545229765848,0.048407004226498324,-0.09444778827518675,0.3394875034991632,-0.02963400556389835,0.238792663343732,1.3153802730393558,0.6200499244351155,-0.3743733463496254,-0.49725959324261576,0.30492048565816654,0.5133413891255804,1.651622302682154,0.4712544444280522,0.21270304847722316,0.5199980677420871,0.636912094621046,0.5133706462123038,0.8271116177879235,-0.08799929060989059,0.5465747190421996,0.31346886571167837,0.1022176515341601,0.9637737487960012,-0.07815575328525645,-0.193456404041217,-0.41014828717783686,0.6319096078797949,0.549117817522041,-0.025477357172008067,-0.4027404256799941,0.10898446420756498,-0.6926187968687925,0.46927988356314887,0.2504531165729075,0.11575819941221671,-0.8605488057837725,-0.8530736226003967,0.9909044500226976,0.08468376122699287
2017-03-01,145969,153065,5811,4.4,122097000,3.4,17.8,10.6,30.1,3.3,99.0492,223985.53272718142,616310.8454312553,1866748.138022148,229351.48440247148,1184342.191189029,190114,13201.285979806098,632,1190,1280419.952780429,1272,197129.65288591955,238445.7728437233,122.5,122.1,243.892,250.944,99.535,99.519,14476.3,49.56045612096248,96.34104818712099,17.061,110.11968751601891,935000,0.77,2.4699999999999998,0.46386522354741005,2.6217603809209384,0.367739126675453,-1.2160674295256189,0.24831297271500294,0.4641767345483949,2.736421354500569,0.04970739909147826,0.4567756682640572,0.8567788529586466,-0.29731372247258697,0.1711079924201868,-0.1290043269280852,0.8826228479771078,1.0197612502455775,-0.32168506027365507,1.1418850715154376,-0.02617356837674326,0.7198159192565526,0.5602583073175517,0.10427588057727383,-0.7757608759047547,0.9647340021153262,-0.7032574872057797,-0.18246399900130694,0.2564636911441805,-0.7744182638737718,0.6557476078192962,-0.4647187079359416,0.8649733017473724,0.7702483831109429,0.6334532465391888,-0.23390758207116236,0.24013663782679176,0.17708230186069346,0.9342556987484293,0.43271083772947383,0.1595111478965109,0.2513955267799861,0.06032801660612665,-0.09210976322534259,1.0876369720608567,1.0137863944041625,0.3785417344574105,2.323005202554933,0.04243107048194646,0.6224511164624682,0.26978481984662694,-0.1256950027942106,0.41074094805872624,0.17758099274345993,0.7490835775724479,-0.22574709151274475,-0.553973154113321,-0.4286436218408484,0.6999214512930894,0.1666848499864706,-0.6939185788116162,0.6140128145593793,0.22503315787388256,0.9089090463768225,0.6959906719202471,-0.24023265272259675,-0.42358184895695494,0.027683536445829555,0.3270990206634333,1.1094881055656924,0.26633735983405277,0.2862090824685376,1.2699495600545636,-0.30410190123417424,-0.5546838045159622,0.6573141137036432,0.25645857076127143,0.21581493923328748,-0.07848799243493439,0.7939146761632072,0.6086632290001758,1.1006414619667095,0.4181570999151428,-0.016203707634953546,-0.5487673808283058,0.35141649027852045,0.9885952918717344,1.6643644699431708,0.35928508650550783,0.14778717157579038,0.5002282218713676,0.7026623792879669,0.41472749682033566,0.7375098970261743,0.3162198323666332,0.13348835548540708,0.24158349771138926,-0.2977077993777817,0.9451190187686722,-0.0884407924363522,0.2102717164087937,-0.284935854646286,0.873768649190021,0.10207042126212335,-0.4045796568556429,-0.13448478117087315,0.4919614720834235,-0.7879467972484434,0.4124907563902646,0.7671272092661594,0.3739770887959567,-0.1997278306939929,-0.1885241435114532,1.1399691900245619,0.18276710583537598
2017-04-01,146174,153255,6091,4.4,122244000,2.3,4.6,16.1,21.7,10.2,100.0416,224768.11230884938,612674.8558535974,1858432.3583219808,227798.44572574578,1183207.82150915,190536,13205.515166708448,598,1146,1271726.2471797443,1251,196578.5911255954,240927.55076460267,122.8,122.4,244.193,251.227,99.725,99.723,14509.3,51.20080220606668,96.53896485378765,17.166,109.94699585623529,1139000,0.9,2.2975,0.22941718833059124,1.9268736047495758,1.6449514697546894,-1.2076563995169294,0.2095456963571279,0.9340078432475658,0.9890663395303377,0.16358937810281282,-0.13461640011615816,1.0006943808162414,1.0938681166957713,-0.06396152602161743,-0.4167360358924608,0.556127542099187,1.1367847728503095,-0.4945990774036209,1.0597279488176667,-0.10920849934361396,0.19575806728391026,0.03822752194691359,0.42657272283505066,-0.7483503951118141,1.5747534440052413,0.08147745765389636,0.028968118745826853,0.240993229332931,-0.31593144002392354,0.09571426085994592,-0.4019879841176107,1.2285012627239842,0.8668564659012066,0.5904060822640378,-0.44263031623111676,0.04429923157929999,-0.0650103366971134,1.1389313292697405,-0.12253833710957805,0.023975125537990475,0.8530864731326037,-0.2860019237810719,1.1678806454944979,0.7114314713452194,1.0331934542484034,-0.3534869382080982,1.6074168451059012,-0.010039047405225276,-0.012963415272425716,0.013026789160351666,0.010376529433805834,0.11112557021938048,0.7914823322168648,0.7273400859056752,-0.44292562636061816,-0.4916278962094384,-0.31220571551922344,0.6710884273812284,0.2040193831284857,-0.6371512383442824,0.8506650644604757,-0.04670157040097264,0.06481268020148397,0.1704042764013998,-0.6046516592194782,-0.28293469242888114,-0.35083591057073815,0.06673488249539498,0.8454641408128446,0.040211781283419,0.32720168752000034,1.3237203604493606,-0.33616234921995897,-0.10305952227884696,0.45198730636728646,0.1941657750681507,1.082207722947803,-0.2925528817228889,-0.2222807689685982,0.10883552011406247,0.9507698905914017,0.5105122233110274,0.10160626601888496,-1.2294192073864179,0.7076898643668506,1.728486199587709,0.9615786687531073,0.227176612888033,-0.34461327825887755,-0.26982871122333785,0.8342664982646635,0.365428428977968,0.5999841012407904,0.47879452661317923,0.6808613345752544,0.03069535358024038,-0.6984339488243372,-0.13806743524162776,0.2703180221587339,1.1032481901752405,-0.020717637547261792,0.7299831305239379,0.675268481079245,-0.18018157522572856,-0.05721792886948884,0.27135735853384674,-0.9796076664957679,-0.04947956008579811,0.14542951729734818,1.2145450238133149,-0.11231155476878421,-0.37615794534682495,1.33247885837337,1.020174179788059
2017-05-01,146380,153069,5826,4.4,122485000,2.3,3.8,6.7,33.5,6,100.128,223001.1436367649,616438.273710399,1862408.1284872678,232282.6588551594,1178687.2253766977,189650,13213.9202664473,635,1157,1286209.1450813587,1208,196156.77855580745,240281.09387853375,122.7,121.7,244.004,251.43,99.682,99.803,14610.7,48.63465821311771,96.78461702770068,17.081,109.34946537632206,956000,0.905,2.3125,0.5230089494492061,1.277763381440085,0.9449253741935265,-0.7171258436353174,0.3751828866995939,1.073318349143493,-0.07463579964588593,0.13089974203565874,0.10144683837046137,0.2541815882584838,0.9991460434007813,-0.22163522243084804,0.8038668673809943,0.4251220536288724,0.5374583995917852,-0.24635440820032845,0.78386171971701335,0.32151102794306385,-0.5956790366642332,-0.1959244541776089,0.2094730338599601,-0.15168715063211255,1.986023695988921,0.057645052952145184,0.49076407910425396,0.15954655039036175,-0.5941128942396025,-0.502823916845141,-0.23909171903724777,1.1202730214857757,0.34128243741541425,0.7926609743109854,-0.1994969001270754,0.15237611927929295,0.004257732725030189,1.1997245550933946,-0.22947432003181245,0.14510063492815925,0.7329962248625648,0.5019285751420949,1.2114874625546455,0.9508115997081161,1.3130892581895464,0.20038381162518779,0.6479867412210039,0.661477152837693,0.47940669989530976,0.08596626890521275,-0.23679216174714363,0.12263622856760321,0.35920686393835277,0.6142596765971435,-0.3877298201742371,0.002951712104627663,0.03837560722215903,0.7299512114828378,0.019191403404240914,0.00406142441036475,0.5640948683339416,0.11973812631715479,-1.0472382165557834,0.8330316772838566,-0.02216875061953675,-0.10891311078140362,-0.25598248551167846,0.42120722560283436,0.8412442683883414,0.2543596204107249,0.05551822164492223,0.934347384928026,-0.5878475750436376,0.5743828491317884,0.696679821410964,-0.05827586653456311,1.3582114432968304,-0.3467286740476253,0.8397537148627967,-0.25619776360395247,0.21728188907046936,0.5107112294911762,0.11147572259657028,-0.790525527218573,1.1803223423808802,1.650839268793198,0.6602044320622524,0.4899845278800914,-0.780594996500453,-0.21353543340265085,1.7030263431163417,-0.03850956699940851,0.6071769447285309,-0.4544444934087982,0.13440626853219886,0.24208237456741266,-0.1360478707616795,-0.6165413983553547,0.19883926061855128,0.9478131350875455,0.4078818964787454,0.9390759172867089,0.6714687122250113,-0.09053132750730465,0.09033953838019772,-0.13861268879225797,-0.9685569953923885,0.08869405443227964,0.35418439062165913,1.3935770456611651,-0.08022019489793684,-0.25685297869196394,1.3905557300117939,0.9878478943782105
2017-06-01,146583,153318,6305,4.3,122674000,2.3,19.2,5.4,28.4,11.6,100.337,237535.83385121182,620965.0582362729,1869905.5412719212,229985.16528677105,1189641.7617224304,190500,13256.21955375579,619,1249,1280438.2254475472,1353,198454.38325682096,241132.24946374516,122.4,121.6,244.163,251.746,99.766,99.937,14618.7,45.28596916785278,94.2888742740775,17.13,110.07468066614392,992000,1.02,2.19,0.7718778838891952,1.5850213260720447,1.963954016988547,-0.2986844250556791,0.3832749186279745,1.1249283307327442,0.48786474863519314,0.4748857990808646,0.894474381078672,1.0168415487676934,1.243894604944146,0.09186586589838604,0.8322362576886188,0.5743477195025241,0.47834836011760196,0.3900661711041448,1.4240035487361868,0.25307821302106515,0.4055929259068167,-0.1291562523670785,0.47026524119706264,0.09494568979490156,1.3709387679635103,0.7435816990775334,-0.26934622094833516,0.39472743180740627,-0.24812890093623857,-0.5314960157222668,-0.9035634966411368,1.6721502771808394,0.39833205491656304,1.472963986756584,0.31656202946590467,0.4711436848581624,1.267088319352921,1.3958814299599869,1.3112726891881685,0.3349861815293973,0.6372227209941476,0.7134211621639099,1.4602823942319603,2.080432617113641,1.843014229602863,0.5815919614242345,1.3088496163363186,0.8592054858359683,0.6038552198984397,0.2863461600818879,0.00968258850041482,0.2209853782446228,-0.1437664503833389,0.4772578158866598,0.047130320287099896,0.3364631687460674,0.053167059221839764,0.651106351419154,0.7042868295815697,0.08595198087956107,1.3590184506915253,0.7454405830050017,-0.9227042080373227,1.6285309943669404,0.262116796709869,0.1431526024832757,0.014928552842840136,-0.005733494350731115,0.6742985770004923,3.298600947245452,0.9115106118325176,1.266449323940309,0.14143237073738957,0.9822072582653696,1.4499103685577086,0.10730691685511834,1.956236496048847,-0.10515701366787897,0.7180277741571311,0.17697808644402946,-0.1450909966511566,1.3341644376224857,0.26864649624801296,-0.4557686487612451,1.6009261470430278,1.353909652501763,-0.345103137492326,-0.5360172704334283,-0.4712230705621112,0.3870642147665315,1.6408638093293886,0.07697050259018204,0.2396609447960563,-1.2365672927742741,-0.31338991949268197,0.3983179363806858,0.5291121334176894,0.11796799990265248,0.468708121466447,0.22245698727713073,0.5040469815929434,1.391485399678041,0.04194658148599523,-0.13674890820378574,-0.17988057308426392,0.14685384129935225,-0.6823088673783354,0.007319603379725231,-0.1914066375342765,0.7349859487339875,-0.022563594579427818,-0.12130971783848306,1.8672293332686727,1.5093112574446423
2017-07-01,146772,153569,6238,4.3,122839000,1.9,8.1,4.7,22.6,7.5,100.0865,218168.7925212669,623720.7298377805,1873311.8679430846,228848.8321994329,1182718.9563439977,190421,13289.480276144004,572,1206,1278137.9317254992,1256,197649.36925743715,241589.93216636777,122.2,122.2,244.243,251.985,99.803,100.01,14660.2,46.72204242357444,93.2473213138555,17.237,109.10525894980417,1254000,1.1524999999999999,2.32,1.3794915953760163,1.0586332998854076,1.9550075158598619,-0.5012233796311529,0.2773215563380741,0.5393777806965597,0.09089869888922063,0.2636481607209312,0.3976756548595072,0.9054029831335729,0.693507813378671,0.13654331195748115,-0.12187853316955105,0.2122691538081918,0.49887014925510076,0.2582608288267211,0.873465157231815,0.3024485801854084,0.0825134793584768,-0.3315485547728071,0.14201160580138467,-0.2945188374325804,0.8473346998988546,0.832340293042039,-0.13842603111655735,-0.059912714998920966,-0.08085079970030251,-0.6566729212668867,-0.5623100753525916,1.5001147851539751,-0.1551305744453743,1.7330580948413963,0.02008580673542002,0.33431470154088433,0.2965073456111572,1.1519298817858112,0.6525699891576164,0.18343893670496775,-0.14399208839850736,1.1548130007675488,0.8596715039170515,1.8584127627102884,1.9845273034464619,-0.032659104616332396,0.9712621307947791,0.7152330345994162,0.2926567115566315,0.3315963897249823,0.016020808319221626,-0.22839120400682766,-0.7165083118207916,0.35097361800167703,-0.13115548662444934,0.47758229918145373,0.6751387559189884,0.5250430971389816,0.9140687772845043,-0.26817577720100666,1.0451605444675873,0.37577102275644836,0.3001555575062803,0.10612634285994035,-0.11936161500880735,-0.14844627575576208,-0.16108344552179085,0.3911956426752944,0.31817551645707315,2.3338305919044036,-0.0701705957114492,0.9423571160892227,0.15418274223777756,0.8980843636154425,0.47907968260857636,-0.18155694301133335,2.0398812815518497,0.03025248681751,0.3483661113666208,0.20322990495641774,0.09866917230463827,1.1389299147759526,0.31023313139808345,-0.7966458588079801,1.354843734057805,0.950900500506333,-0.27707863042115866,-0.41247362514917224,-0.7440658034042543,0.6097885867923095,1.4061173768409678,0.3323225367795979,0.9118263180624308,-0.061015813031361076,-0.21346670980309318,0.24232109000113455,0.4255281083755463,0.2521011075485745,0.2602077200083438,0.6947336934553847,0.16525654233346965,1.6444627147917505,0.3793226585103724,-0.16891371906387173,-0.5475294236539586,0.11855453896283409,-1.0467438303549883,0.2909632167509692,-0.9126072623820373,0.36521104437052476,-0.2806245366983647,-0.13284281838184414,1.1333775004861024,0.9718303245228813
2017-08-01,146919,153503,6276,4.4,123004000,1.9,23.4,5.4,20.2,11.5,99.6323,221252.26188928992,626402.8712247693,1881668.0257720356,231026.6228118408,1174523.8785527907,190070,13291.011426914733,556,1159,1273699.1012426645,1319,198903.2961100503,240283.1235566397,122.9,122.9,245.183,252.535,100.027,100.118,14678.3,48.02703270117068,97.57888159754343,17.051,109.12472488765239,991000,1.1575,2.23,1.0425665495669323,0.2681083735713388,1.2677696668627485,-0.6880105076144657,-0.3039634219643746,0.10551039856265522,-0.38296291457337384,-0.13210460848262007,-0.14970583870809911,0.36573057427573424,0.12303173361028416,-0.13772240547648168,-0.28605515241959634,0.055295404473617596,0.38291499993539263,-0.4153184864870565,0.4693657124463417,0.17245131986153442,-0.5479026810708368,-0.25742400691899675,0.22316144914704683,-0.44739431431588583,0.2980644298849189,0.5306091044439306,-0.038865304082824896,0.14256896479865153,1.1404342838239168,-0.4741382015518546,-0.11138182207657005,0.951409100236113,0.25762974948897593,0.2688105474649301,-0.5036234558818427,-0.649517412762716,-0.2201994901413453,0.17497190553292583,0.6241488633367688,0.15349180566102566,-0.23515045887732572,0.7850298655286733,0.8475991322355452,0.6221773519895674,1.4683880738901174,0.7064278366720452,0.16122909956325784,0.05548820321811514,-0.40339582323774764,0.12486065379849665,0.2595398238142951,-0.12767296789799,-1.0622221083508365,-0.010771694858648623,-0.09009084964947665,-0.2967924684824586,-0.05340348054424737,-0.16550943283875022,-0.3364772187212196,-0.39190281688149314,1.0136504179747896,-0.11427056788936293,0.4464205244959554,-0.32699368561321585,-0.4374798566409538,-0.029038246931935605,-0.5161888506670907,1.2532641857350215,0.2973482319778181,2.5400365749874587,-0.42751464013020457,0.6260263929153125,-0.1580935539969661,0.8182526774055241,-0.059027963294765534,-0.9399985929396844,1.6235896353711585,0.015581451957356766,-0.5106745578187972,-0.40801710616124864,-0.16149288491218475,0.11600995658633168,0.03506007570367394,-0.6243627396326387,0.7510283474348843,0.07280705427184883,-0.3739707608133409,0.3840957661430037,-0.7612179557340789,0.4645300901119447,0.9393602748045378,0.08752547566706995,0.6708230935933353,-0.0846483785683703,-0.5028987175922539,-0.4251588406830399,0.1584870055074443,0.03338974131519458,-0.21416701595539142,0.32991450960398616,-0.6612731887557819,1.0627031079068603,0.7948674724557291,-0.22368295896996976,-0.36059461297962875,0.22484230090616755,-1.2057884421280485,0.21533860141357003,-1.2389885169196628,0.23049063237737005,-0.4656845829466606,-0.2803324906256847,-0.18925118487909875,0.038132411170206
2017-09-01,147007,154286,6320,4.3,123250000,1.9,20.9,14.6,24.3,13.1,99.7482,227870.51792828683,627531.8725099602,1881761.106209107,231516.93227091632,1170842.6294820716,193042,13363.844621513943,637,1181,1274926.294820717,1273,200323.70517928287,241750.99601593625,123.9,123.9,246.435,252.812,100.4,100.24,14706,49.6215139442231,95.60175393796895,18.313,108.8273483174383,1362000,1.156,2.186,1.1445326570754115,0.5585836889945927,0.28472165705613206,-0.47709940691142744,-0.8878927480394934,0.206719703345039,0.9916140173318259,0.30318244544723816,0.16583411949001842,0.03989259060543806,-0.018143118690342613,0.3593900492138423,0.6643710857101229,0.9092913436880353,-0.16917232692517917,-0.2538276726924723,0.8560444159471103,-0.496885351666498,0.22014791417922147,-0.2067799418356401,-0.15203808373156996,-0.3592916876083188,0.4432700698676162,0.14163021841214407,0.08942356892004565,0.10274103246799635,1.3715938187489223,1.9490732990965205,0.11367365677099013,0.8934691495352244,0.48100805909630334,0.391364347001944,-0.3535046854579596,-0.05222662518712128,0.04933540621924355,0.06789594401696113,0.4439930798385397,0.3072867783730029,0.4763086697569667,0.7205268924580719,1.0788475588854336,0.3620904102514232,0.5475678390653436,1.1043022107525697,-0.1511358488926933,-0.01727611865465404,-0.39858559347782874,0.256941478996455,0.7688720712351622,-0.16163633912165676,-0.4593091896402906,0.7353527649560775,0.11640754684315945,0.006655695664770722,-0.6892072646108224,1.0087489571946948,-0.29543624741536095,-0.2646857682346583,1.4294991079279704,0.06377877203757744,-0.1147458253740674,0.16243633350624195,0.0028396961026722735,0.11787081771382879,-0.32282485337447764,1.5697701439329923,0.6204349252011615,1.2309920898487963,0.5524183880982952,0.5338921928824344,1.7544319497335268,0.47358414622655165,0.12727178992349736,0.038676635178881605,1.7404227590610366,-0.17124612738010705,-0.1292457607078628,-0.11133521524232612,-0.24665605261654758,-0.3226234625660431,-0.16030112839775068,-0.36399072832071583,0.501246552932025,0.5605106958800008,1.3808045353837937,0.010101837539578764,-0.4624102368102735,0.46922319779045035,1.3675078473952693,0.5847163238452913,0.46049386173601936,-0.14395123994982578,-0.47134178562748,-0.4861349135046514,0.14199131317812935,0.4213956443235208,-0.021897850685419516,-0.09762060549534014,-0.1877944762682512,0.9689128998489525,1.18889854519334,0.14797264576316094,-0.3338448611365514,0.7449686772309522,-0.36559590403892467,1.682153281737865,-0.700972357153896,0.37017890331818915,-0.33988145303887207,-0.42366714758934654,-0.46998005864733555,0.09033169549863765
2017-10-01,147150,153609,6408,4.2,123359000,2.4,26,3.1,27.6,23.9,100.9893,227126.95586436026,625075.8472510966,1880630.042984484,232315.4051983965,1168319.2249156975,193048,13376.47093931225,626,1257,1277108.5535804876,1356,201783.52945857495,244405.20834369495,124.1,124,246.626,253.526,100.531,100.486,14748.6,51.307556873004344,102.11168301598315,18.482,109.77715389680795,969000,1.1524999999999999,2.355,1.5940345994892726,0.9448080284547686,0.39262584960287683,-0.3137596722196031,-0.00444055582297076,0.7225324866209574,-0.002485145300206895,0.40546756775065107,1.2345185560889926,0.039280772276185,0.04805357241734383,0.7085555830713344,1.4014804391388596,1.8453209846159166,0.4121122616708357,0.33021656203675187,1.629228887624651,-0.6185821249066482,0.6223261202078856,-0.21706802682814685,0.9251235385732108,-0.2808103526857772,0.9626820846869929,0.6366671882066113,0.5461304120987215,1.2992845245409566,0.07507068796350572,0.7072324115330815,0.3497897308766682,1.1286678604812166,0.477698073201151,0.8298529136610479,0.5230270397533262,0.32341281004455,1.6438112856372218,0.421727912026095,0.487755162212433,0.717994218960898,1.4172879604198438,0.6057734821886676,0.7923139998456346,0.8582661853891735,0.5470221871517821,1.1228374994484216,0.41368075587676695,1.343353294702534,1.1474175010434213,0.6221841056963646,1.081312535246497,0.6380513495184724,0.09693557107678236,0.9187845158996976,0.3024975413024059,0.9607886586158301,-0.16065049266970272,1.5737441748079966,-0.14048355839100413,-0.12879589813828504,2.0276450659623144,1.0533453698876054,-0.4001786382016855,1.3986923291019409,0.6950506787321922,0.4835686493801685,-0.0016460237649190412,2.235244679186678,1.1471388094918669,3.3331093578901068,1.3504571337555695,0.41447285209186197,0.018251326483967673,0.4310097577346654,1.8526498513588359,0.1863988638906609,0.6764869820647404,0.21575150774018031,0.7556172180574147,0.3899083534525723,0.546788156012668,-0.22479679573908395,-0.008626659310295305,-0.2507787362167777,0.8194090735969316,0.7604395174377174,2.2640616315728552,0.3470228940264334,0.04460537487331693,0.8139213772320697,2.0480462610182752,1.1459025101580012,0.6923002214327192,2.1359552838472875,-0.09920793826206001,0.65220913741162,0.7726558274326284,0.7780598274795852,0.5011972106991998,0.08683032826456219,0.07055486729585031,0.5947327189598017,1.4724759074509828,0.010498023126417955,0.4533976451783898,1.1455898353945058,3.1195155931369194,0.9843388455619724,-0.08284901587857296,1.7301151453567527,-0.5852909821843004,-0.36504502018536517,-0.22141519550541,0.4515003410371893
2017-11-01,147373,153805,6271,4.2,123569000,2.4,17.4,-2.3,25.2,18.5,101.2493,228691.33349888257,627498.3858952074,1887229.4642032234,235515.27191457662,1164136.0814502111,194493,13449.81375713931,711,1273,1300521.480009933,1299,205502.85572386393,250661.0379935436,125.3,124.6,247.284,253.816,100.675,100.535,14771.1,56.26024335733797,99.94313152045432,18.003,110.14172840727197,991000,1.1575,2.355,1.7596428125242636,0.8119007946545274,0.46021413235231656,-0.8849487283852462,0.18204066820680953,-0.22142984616366784,0.7215060628516738,0.3979434945178999,0.522607646522742,0.1938439019365727,-0.08343594311083906,0.5130621540666359,1.1632131828401548,0.22215262625942622,-0.16468351353980965,1.0307587163356655,0.6495710336358415,-0.5634595765606513,0.6893117235428353,-0.14509267513222485,1.5205042629405545,-0.4240783212501043,0.9496776534411313,0.2545098690092969,0.7025419270415802,0.5012583393222915,0.16150289167908144,0.9600595176489561,0.05716803283976318,1.0667215316696115,0.5962707252707153,0.3550675340937953,0.31935997796368676,0.6040718554421616,1.9106165329912,0.29356556897767605,0.7703700046444528,0.6748993425034245,0.9561288097197403,1.0464341423775947,0.6767145006181585,0.04670628448336575,-0.2270203801976448,1.4662092998704357,0.062165856023708436,0.9337403103124001,1.3244755409376547,-0.017832804046177347,1.0201561928757341,1.0311985678902547,0.06194053592262848,1.1482648166787823,0.03943936984783444,0.9932803878762618,-0.13708213940380065,2.1011520666390524,-0.08405685964121853,0.1840862048372152,0.9522320566139912,0.536006785648878,0.8851367339852134,1.3222496957987762,0.27413088365797944,0.2331458376443944,0.09483365857405317,1.609632107268946,0.8668495374800166,2.953240644094955,0.32221043853184816,-0.35285736808175444,-0.12166589401131869,-0.29902996691880634,0.5149736521995288,-0.0035536928162991227,0.14752843250444214,0.2661976495145216,1.0581694595532722,0.8857592982809485,-0.008895361071929661,-0.04546827021373169,0.008846156000793373,-0.2420629103573293,0.5585267891000676,0.9908390399547248,0.7226160157655088,0.6124046234415247,0.3734762584233349,0.23886128031290704,2.516142663940489,0.7936917471064183,1.2450293876746783,1.6437668511321135,0.013287101737103301,0.6044733892152391,0.6624335334391476,0.9563957078384994,0.12106135763309336,-0.17530044086804542,-0.6706432905259774,-0.8300095816611217,1.773330449558421,-0.3127096742246993,0.580128354022639,1.525281422320807,0.6113584376456229,1.247519795494919,0.8907944819899262,1.7089945933908441,1.158712154292626,0.5822874971544416,-0.10609769865385976,0.17210381442605763
2017-12-01,147523,153904,6336,4.1,123783000,2.4,20.3,4.3,29.1,12.5,101.4871,239742.71233175628,627486.3371718194,1885407.5824596016,235138.5128098313,1171332.3613136152,195148,13554.81496910366,630,1177,1303652.0169409153,1311,207982.46397079976,254137.53087154464,125.5,124.7,247.805,254.344,100.821,100.683,14797.9,57.40867478005575,96.35907354943983,17.887,109.21162031861476,1213000,1.274,2.396,1.085343636287809,-0.0405367937292342,-0.39418714297917967,-0.16314337488195638,-0.13743471337766983,-0.2735931088306981,0.9010825878508675,0.41587791533153173,0.05214930616178085,0.10842337157011797,-0.1336930656888818,-0.7419254093512302,0.6043887367893201,-0.9372148071733798,-0.733093141739708,0.9710491121043489,-0.19804246657128793,-0.15454594673379077,0.6970728506554882,-0.568968364425058,-0.22227358507013045,-0.5057146180907037,0.5211961677051116,0.18900252670311932,0.37774915829820377,0.6017924326937307,-0.3718254077734542,1.2483211585420466,-0.6737825257377499,0.5730073192129658,0.8726465549858926,-0.5046900336401192,-0.22094202120636394,-0.3817270854745332,0.9364682107426648,0.14051709757815217,0.6033747098333683,0.5775894445013168,0.476094951445371,0.5893408664358328,0.3829917486658098,-1.0371845152054864,-0.11136138818349199,0.25097448844683523,0.09620386142723122,0.23606475977722677,0.5672220720274409,-0.4342819575765301,-0.008750812480483084,0.26997331825343385,0.31915165833591813,2.0688479173299257,0.0681287865354839,0.9764469915411117,-0.5098570912452571,1.582517140375836,0.2726615948922181,-0.16856226038433303,0.2576965052141043,-0.14869527758653348,1.9111389044479685,1.2567070247230474,0.02508933329433649,0.2037454436410561,-0.2602183711820726,0.35602094467920214,0.7300776601613675,1.9281085197424797,-0.19403772554151846,-1.5865980542989437,0.5366127449249753,-0.6271690025328466,1.3858833026977322,-0.08953874908941213,0.13069031194174754,0.35904470769433167,1.078426008239067,0.18227602591046957,-0.31529352153217455,0.20938015651087213,-0.9022771751092158,-0.4050175987588204,0.43032678399395446,0.12521063034760938,-0.4349303949800897,0.06688413500894075,0.23183964911889235,0.06566281986268153,1.555333897257212,1.0379706516738754,0.5779351629016418,1.152070705350372,0.7119582450802345,0.3125737965286306,0.15942033755711407,0.647019141181532,-0.10039070316148394,-0.30543653058116693,-0.6221330934174151,-0.8566921132943478,0.4442271237848704,-0.43301082526169393,-0.12819332903346642,1.1062808762882568,-0.807145612407357,0.5197448044810044,0.4294637662352408,0.9184946924888356,1.501813038540912,-0.2226627483928258,-0.5386949518513755,-0.40634928034363754
2018-01-01,147660,154425,6621,4,124027000,1.1,23,3.6,22.3,3.6,101.4852,225515.0742596271,630787.8536349173,1895688.9615521678,236096.2064842538,1160815.818338126,193448,13540.944080475103,590,1299,1320981.432622852,1317,204901.234201919,251337.46380893094,126.5,125.6,248.859,255.204,101.199,101.007,14886.6,62.945286020612855,94.02302282480214,17.176,110.05730698421904,941000,1.41,2.56,0.4788393581159342,-0.5984089789538023,0.484857194887378,-0.21345509348927444,-0.42645418205083796,-0.037984499678544406,1.1056850212641556,0.2994790551219628,-0.12589069756383395,-0.22216575758448565,-0.2386852676275139,-0.38432337173412434,0.21319855086636183,-1.3188212288280923,-0.48416972882419107,0.2960735885902279,-0.7851496409601841,-0.21850633260858437,0.7616028059109812,-0.5319032024759788,0.07383271357476451,0.13201164966615886,0.6465222398790478,-0.019326664456863367,0.07948444747215765,1.400844258246139,-0.3662037145757648,1.1282291371424464,-0.33810097040287573,0.5620020100627411,0.5002588982248618,-0.9389822733070323,-0.3770749935805332,0.3630751339980596,-0.07496121087262236,0.5048687156043357,0.28776147044813166,0.3904024514659093,0.07483987141765525,1.7790093845364399,0.4644962420238973,-1.1209895011191262,-0.249432280274146,-0.10694288446391623,1.2732612006050563,0.9495264025681232,-0.48169168448805677,-0.09921638338776725,0.2254775408850923,-0.8225701122456645,0.1632866756167534,0.89863455877798315,-0.3703713540175905,0.7914601423819049,-0.01649876999788393,-0.27798926209211494,0.31742806739336604,-0.5191108610180571,0.05759120705417573,-0.4308251765274449,0.033001715887669814,0.23667585107787303,-0.2466191020907355,-0.24337438310086948,-0.7734400152397641,0.09211170530010264,1.195831087069462,0.811645101140941,1.0170191840504734,-1.5346758015413888,0.3164355959164477,0.1372604177410224,-0.3259744337177898,0.038582001274767685,0.10475039185835118,0.27246555462736066,0.9079795294911572,0.14365620332728807,0.6061500160159805,0.020046597604003374,0.05891527336337989,-1.0055991878211166,0.5883332623874484,0.4123449440825557,-0.832210865929863,-0.39126890446205853,-0.25816292899914556,-0.3940897245116324,1.4745823556817619,0.5669400990666027,0.38937934786596295,0.1735831337419645,0.9603954095446943,0.13685934751538847,0.17215204454966315,0.3107046839325563,-0.01201708481368782,0.08537696891156255,-0.4654991399186076,-0.8030158381458898,0.1701734280944686,-0.225045329817064,-0.4037787997154509,0.832438743327182,-0.5373881330614504,0.4583277420520711,0.21515965661838451,0.18478197416302075,0.8850749620201688,-0.3469315212705346,-0.17216971600916325,-0.4859562669002196
2018-02-01,148054,155197,6552,4.1,124253000,1.1,16.8,11.1,32.1,5.9,101.7319,233641.6344561016,633795.4563382503,1901946.207394062,237023.74378796245,1159266.7823617575,193978,13546.876232547134,618,1277,1337446.7539638716,1321,207599.39260077308,255633.2334148458,126.8,125.8,249.529,255.711,101.416,101.198,14921.1,61.36112644947542,98.98162789726591,17.447,109.76404980065742,884000,1.4175,2.8375,0.8027409621506592,-0.5952194253448364,0.09901186831002552,0.21341797673026092,-0.24880651727111944,-0.278996499231919,1.8567448484330016,-0.17354186825065773,-0.2663966835301698,-0.12193306225875825,-0.2511760114220417,-0.42725294113122536,0.5117658626030972,-1.3755068376143782,-0.034867472120560655,0.08156528842981753,-0.6357548870114547,-0.2343178314288824,0.810878987360115,-0.1729289706754057,0.05452262104107392,-0.5857545429279187,0.3601521536184639,-0.2831110607732627,0.12730188579999105,1.2258548091194408,-0.20930728686851355,0.7740738876104701,-0.4989938626815369,0.39001914069439875,0.2789247230329995,-0.4796938683453073,-0.4009619448922349,-0.032266957928523035,-0.34218116403910875,-0.34660961350102804,0.8885489898797042,0.14166583126347462,-0.20495751125408046,0.6645042205393304,0.4790494600705798,-1.0358673184192835,-0.16386348579603777,-0.0834374387778004,0.908376561004656,0.5795845135389633,-0.16997718232591502,0.16539706936554063,0.5214287146679417,-0.29206134611737633,0.6200105545047425,0.42154044795710854,-0.6173697782056548,0.5382997803856101,0.09748650692602912,-0.5685886141984717,0.17914434650669472,-0.4713997717315689,0.46099837408959965,-0.060918960815146,-0.5710088723745863,0.19008713741015726,-0.5257482186814512,-0.27227577121356156,-0.6204332316420019,0.4901021031737941,1.560821950046075,0.1415308899381586,-0.6615690274303193,-1.5943581619447706,-0.20218609192129117,-0.25242806995969896,-0.613661576851756,-0.31562893132268366,-0.3942063346970811,-0.17092579596802593,0.5633753718528897,-0.06096091489006171,0.5900236835488457,-0.07861386695374162,-0.0952306467692761,-0.5283604876369105,0.7266966551730618,-0.05972596089260665,-0.3856225564919125,-0.19139149359382518,-0.6243083273300648,-0.11649192247463187,1.1981693917462302,0.10217990704945845,-0.1593424893933162,-0.3279293699774186,0.9362063248579309,-0.03574812404049538,0.11480288237730046,-0.0950859876699556,-0.1164958196676486,-0.2705987043394142,-0.35397126756062985,-0.6144345504205393,-0.07131297245401208,-0.40807099392139606,-0.390194609659149,0.39365746335294755,-0.5067785372448038,0.29040977808257695,0.006530300368975485,0.12200417046980397,-0.35855329129469127,-0.48234485824082207,0.5422447303696718,0.029407645360618954
2018-03-01,148280,155214,6818,4,124444000,1.1,26.6,16.2,20.6,11.7,102.1943,240675.11130373113,634971.0413301288,1898824.6711913883,238168.31488121033,1164781.726488318,193972,13586.147117922857,679,1318,1326542.4924155865,1385,210078.4051061818,252939.20649304596,126.5,126.3,249.577,256.271,101.524,101.419,14974.8,61.788345612860006,100.84104818712099,17.662,110.39794304452066,1129000,1.486,2.846,1.1574063527571525,-0.14128935105101936,0.1665168245613057,-1.185114888543431,0.00815284198163213,-0.04932769970881271,1.2167923169742718,-0.09168296831865787,-0.6230342684954197,-0.4899451790199983,-0.21388820451454674,-0.01480733461922017,-0.08763577811389808,-0.9135915644113916,0.05071425736321764,0.23245199180363377,-0.6312965265894351,-0.3543052108796643,-0.07619472003835752,-0.18050557786048044,0.5122574758440438,-0.6358506025182323,0.7378149464251461,-0.06757947676325661,0.5671389568977906,1.3822029374131952,-0.6333454322555773,0.4184515050490366,0.06761519744207503,0.9836357242165465,-0.003704339179779316,-0.48461950787323727,0.250159144542498,-0.13184873314571854,0.22239007268750638,0.7234133795130389,0.42871164844821585,0.003354628537964222,-0.023405979719888892,0.7567858326002337,0.851661356251259,-0.8177504011157162,0.46882583574682607,-0.16198586961397635,1.4172786751742557,0.6262809020926468,0.045402523505558776,-1.0184338001437832,0.4382005170423138,0.483324153868624,0.6428527942513168,0.03662819749241033,-0.8567935171473079,0.7590016817087293,0.18778573177867947,2.084147434684101,-0.08140006844857645,-0.9342928621750798,0.7430308059134292,-0.8056103918720271,-0.7060522064533081,0.21578606052069546,-1.045136064309613,-0.28462791277154803,-0.6533908224414539,-0.06303670066839824,1.025427281076869,-0.6685224198551538,-0.07330600844012108,-1.4868786015703064,-0.4730152478589437,-0.5142739995738898,-0.3789462705096215,0.028138992454461165,0.6924384042553084,-1.2598211997901552,-1.0909577195727787,-0.3502761631008374,0.4515461013911941,0.13049950658077147,0.10459056023760899,-0.826257424281825,1.1234737394857364,-0.17039498522805643,-0.9066374412436459,-0.2844138724900899,-0.5178528164690778,-0.9636487906638218,0.21900825389493556,0.13659313104616497,0.05366275443019908,-0.8257810283803138,0.005073035378318069,-0.14136390589872705,-0.2918984319307747,0.3552597082155552,0.2857745766889058,0.06207786760149424,-0.22309016524198846,-0.3387901564602458,-0.3196340480115823,-0.4249021768363317,0.14702036471357183,0.61723904674242,-0.8110516598706072,0.3128099384194326,-0.8279173201913572,1.055113265144324,0.4484702757112368,-0.15732567559851388,0.5698904798674165,0.1782277146569385
2018-04-01,148422,155312,6877,4,124526000,2.1,15,15.6,22,20.1,103.3551,239639.9583357899,633374.6044847984,1896904.33871489,240548.90631448617,1165385.2956783208,193486,13598.254819880902,642,1276,1331544.9167698445,1378,208474.34310083918,253976.7702376039,127.1,126.9,250.227,256.63,101.766,101.602,15007.2,65.10032820391879,98.33896485378764,17.584,110.7138873166194,886000,1.69,2.8625,1.1836824165794606,1.1142244226687723,0.7333131687899916,-1.0011813882787262,0.09933369522580567,-0.1481687547199781,1.966721392163977,-0.10793261669146831,-0.43077375524078126,-0.17587352055312452,0.31440218148968935,-1.049817336743913,-0.5268175346494224,-0.8817565806364309,0.4151283880306792,0.2346779640833414,-0.2094244101904454,-0.1999210331554177,-1.3840471810228248,-0.39099895417230895,0.5177231087076946,-0.7460029106029943,1.4319173386483297,0.238389485277026,0.48575312449466096,1.1242800762779952,0.3775397761094377,-0.39841473884550016,0.48757706479297164,1.6407680875459538,-0.08768252090514764,-0.5350317754098036,0.09540615313244999,-0.14902084847126645,0.1706014085873089,1.2896728600973761,0.4581282633722194,-0.642272558174368,-0.09326902465873955,0.601903371153868,1.1871071676704459,-0.5236326543718096,0.910242692248646,-0.8041331105671904,1.9278059016081195,0.392506361143953,0.05152758610088337,-1.1149477683026803,-0.6096332629509681,0.07567640821986407,0.9406729163590374,0.010605419138390816,-1.0887760165618832,0.2934375729550891,-0.2169223416340898,0.11189810961818986,-1.0514434945531783,-0.717574381427946,1.3819802155884093,-1.4304852889405353,-1.1100839930362887,0.006461433588256724,-1.5042041465146532,-0.06471367123092218,-0.5601945148867012,0.06660637120522298,0.24186074352504122,-0.4026995420420778,0.205126775346414,-1.2615659743550902,-0.11173872962257465,-0.9551512222456683,-0.07247769369454116,0.009934660573358477,0.7036073826517613,-1.8102521408998928,-1.9227118012451003,-0.8071661970215199,-0.5499835212255872,-0.22223095562246648,0.1666145808062782,-1.5796115853398867,1.3001083460822498,-0.3835308821742869,-1.1657013795684243,-1.0580747380687554,-0.6427160866301445,-0.8859045441657745,0.4598139840198001,0.4008334432391349,0.19644459632196626,-0.4521317347529117,-0.011544023033896997,0.03404576703196678,0.39944692418112654,-0.5556425305993276,-0.2299247867150574,-0.04078257108478878,-0.5811628241694176,-0.3899428927646367,0.4296467377632005,-0.5589893332665815,-0.5366355767303358,0.28812016386246664,-1.01817291501417,0.10646599749432077,0.021655036973223976,2.57708646039171,0.4768624008174067,-0.2833273443223463,0.6053969082841766,0.3452122316494948
2018-05-01,148740,155652,7016,3.8,124636000,2.1,21.8,13.7,31.7,15.9,102.381,238537.9778499328,632127.4070295562,1895315.594940876,240045.71271617897,1166288.3432573744,196163,13640.242885590684,662,1357,1335163.4769131164,1338,211473.30318517576,252316.53603554997,128.2,127.8,250.792,257.145,101.941,101.78,15057.8,68.64755103442187,97.68461702770068,17.829,110.63264950082589,885000,1.7,3.0025,1.156489137206059,-0.06410198886096369,0.4429902691443766,-0.9787202060493597,-0.8432380013815508,-0.44016653340092365,1.5583548156146787,-0.389535950821156,-0.26739667629550445,0.07936607573062066,0.7222875996948442,-1.1559503570712706,-0.664832771021683,-0.9922428384016233,0.443964311701039,0.2470723537370054,-0.7211941251769636,-0.13717290851608094,-0.9406740546385511,-0.15155559964009657,0.6142416707048047,-0.7173342097382792,1.1012655274998806,0.2965949261089001,0.606066152874438,0.5744009177920181,0.9464422476744792,-0.24095447018593025,-0.8096904248580663,1.272039563506865,-0.2960197025428917,-0.644286178968795,-0.5097175622518642,-0.03492922395580879,-0.3933775435421264,0.5173433858773708,0.5495622631063062,-0.331922105889947,-0.2484415928641694,0.6218946011386245,0.9288117636085635,-0.4376646330658575,1.0352492248014595,-0.6864295445251551,1.2370920461208708,0.23234564317300374,-0.4165232626114503,-0.6973415455842367,-0.5597983343635917,-0.7783047287209675,1.1627393962290289,-0.27194265040312615,-0.6554830766775799,0.4896976135312716,-0.07767243130258457,-0.18144637941388822,-0.34697400997255856,-0.6660948472091812,1.3926343300896944,-0.44591697820334697,-0.8484002696307673,-0.6549994676711286,-1.0919413563418416,-0.595715536415192,-0.43844863684541285,0.4031667548146086,0.9731919723034472,0.31442052852838653,0.5327951846563928,-0.7897171192095738,-0.08735149047407542,-0.7299199903850965,1.800959511076936,-0.21704345923005042,0.9458835536570437,-0.7427667657982201,-1.1889047101227692,-0.07727655951720766,-0.4293156570624599,0.7105509961654535,0.12729184821945816,-1.2498726429336497,1.2802085988421332,-0.5413832294155501,-1.4314014925518337,-1.1279117059712924,-0.6379664374906505,-0.6265598133562995,-0.24606742559904138,0.37383282231076814,-0.21760749121010717,-0.5635196839185769,0.7439634130455366,0.16014359580848578,0.25135526906231337,-0.6955001421391558,-0.018144550997287588,-0.4337800657982718,-0.9090968428977437,-0.30226102554477613,0.11049628928953634,-0.42228572096250866,-0.6975875440925329,0.1805676531437903,-0.6018372962704858,0.21935423512810237,2.3519451596115917,1.682447940437855,-0.1856374336835472,-0.28225742795844844,0.8488642138752892,0.49247486158577036
2018-06-01,148959,155762,7230,4,124843000,2.1,25.6,13.2,22,7.1,103.2256,238930.10810651878,632033.0494271236,1894945.5177501938,241218.6731223476,1167382.8029285793,195296,13653.37306060042,636,1192,1316246.361328642,1345,209220.90778112106,253256.42709425752,128.2,128,251.018,257.399,102.029,101.872,15119.3,66.52030305109332,97.4888742740775,17.743,109.5706375120654,1113000,1.798,2.896,1.1490473605306992,1.35094150423594,0.46114910633671724,-0.736255177323271,-0.8444310076430306,-0.21834235909001062,1.0179867033635486,-0.39615579615107005,-0.09033657588526323,-0.2761258914905774,0.09885306924591353,-0.8281905878764908,-1.194874889091537,-0.8054114264928647,0.5963654701468656,-0.14008511738030893,-0.46252925600927614,-0.1985537994706571,-1.4271048082864712,-0.16475357676241928,0.2722647527105179,-0.28097609098346177,0.4955732027640739,0.4617022897206616,0.8804125881585435,0.4505089277332902,0.478445575448942,-0.7503967127295657,-1.0241397403706787,1.1074508299131611,-0.19925420389410375,-0.8891326372263862,-0.5800495140597666,0.4538615633485083,-0.33110812739671697,0.3120030985151086,0.016359594316945517,-0.5307885169529054,-0.48301417608288066,0.2631082429466436,0.8652177838430544,-0.6997466801070635,1.1614350249021264,-0.6752241227483743,0.5439567833534599,0.2915905148553837,-0.31908778068876215,-0.8144743817152827,-1.02527505387485,-1.1295290837132803,-0.20457681210234988,-0.847632261554945,-0.5749625097118544,0.10489226364021761,0.006819844632441719,-0.17314764956607798,-1.227430551490859,-0.8279905515843423,0.11389124338333442,-0.5286515667788312,-0.8108669916909642,-1.1804206040154412,-1.072536062495711,-0.5094981971834813,-0.5038353412304508,0.11311797858777889,0.4274603933776422,1.3494953611021674,0.0029757266822677876,-1.6432332524579198,0.0866770627096841,-0.7847984152285099,-0.2308483659239048,-0.05076773311243963,0.9064205930983614,-0.6327764574430671,-0.8383754476900226,-0.5581766673821064,-0.7023282467370682,0.6011113869423244,0.25820187429225877,-0.9725320543440069,0.8823344416066896,-0.471247745532513,-1.679501884319421,-0.9852670324383892,-1.055030794017029,-0.8166466102571629,-0.8535555608014336,-0.3874914053483231,-0.5101907033967287,-1.3499261100164222,0.4910140726540457,-0.1131651726560096,-0.16669042437487575,-0.43504129523165896,-0.44278417795989117,0.12296194393582156,-0.323266985887046,-0.40683597619024137,-1.1004516733810847,-0.44338735600130375,-0.31372885616046253,-0.4557901331677196,-0.4844636353449805,-0.13575766332366762,0.8981536295813051,0.7288124270237673,-0.2687013501993183,-0.0177046837989075,0.3827235051056961,-0.007573541368023484
2018-07-01,149020,156146,7190,3.8,125014000,2.8,16.5,6,24.6,9,103.3561,230852.67826546697,634167.8334002369,1902944.5191881852,239802.4222367996,1161414.5706257282,196304,13682.40696319649,628,1208,1309230.7391053194,1334,207113.97436776097,255638.0156064893,128.1,127.4,251.214,257.699,102.137,102.006,15184.7,69.49489411280926,97.7473213138555,17.629,109.40629181283671,838000,1.91,2.8775,2.0548522075217575,1.5173005630187122,1.2738970663266833,-0.6745581675064525,-0.7932137111738575,-0.7461089258599268,-0.044713535969886926,-0.5392628844886346,-1.7097511998535473,-0.6968824153528247,0.1699771160559166,-1.2215344467311162,-1.5212557277729621,-1.2731148055744272,-0.49946233470648727,-0.6852493250759526,-1.3322300892918428,-0.1648572921036724,-1.3695638408527153,0.25259617046786864,-0.26123039877623694,-0.6309775030283561,0.5420277521609888,0.30593109931385915,-0.03350157764583493,0.44566140873252813,0.37289413274134353,-0.8099392994110248,-0.22127476022692832,1.192895894901241,-0.15234287708196415,-1.3611319589339883,-0.531582150560214,-0.2567323313890574,-0.764022238260668,0.19049389129215089,-0.05615322995767438,-0.5063719082596437,-1.3232425488521535,-0.706271411427283,1.1679505536316368,-0.6366149521852167,1.2594956205577563,-0.9225561874093027,0.3282262178809601,0.37434580024815944,-0.4224019077716996,-0.957674687513617,-0.8098810430087244,-1.8217569470024635,-0.9556562403950275,-1.2793707546580424,-0.8776147668550828,-0.101111641799606,-0.5036392089884776,-0.9318869973474052,-0.6419517322957563,-1.082872616262628,-0.5237800258330183,-1.0564796759478823,-1.0543022945825702,-1.9172388559802782,-1.0355552324616204,-0.4606306656660795,-0.8882627624574209,-0.08983038602325555,-0.029597686299697275,-0.060908861406306664,0.14793358969908166,-2.3438264515654725,0.09018192130668912,-0.6540809060408054,-0.565443463703555,-0.21705624562082326,0.6579252948021903,-0.7706876087164061,-1.0935237182218143,-1.1455228547350733,-1.1013833153640216,-0.07362720682360772,0.27628430498418455,-1.2480611883904653,1.106341198221616,-1.2802997009503767,-2.3310070867513466,-1.3363299432700462,-0.9113543489243792,-1.0228295761397037,-0.6811669979419459,-0.2633032909103067,-0.49687035264252066,-0.23136597190832148,0.5055727761423722,-0.5743299675187465,-0.6027923059584277,-0.5545167040718066,-0.500130238244827,-0.19941397535119298,0.11819122023851944,0.04817264696980464,-0.8431800472330673,-0.1551800437611685,-0.21712452496955842,-0.3019949781668659,-1.1015141710929175,-0.8041583634169034,-1.081095657916217,0.27890192616072257,-0.3117897432035581,-0.26741903624529795,0.20884447379000962,0.3463451270040879
2018-08-01,149279,155504,7208,3.8,125258000,2.8,25.9,10.4,9.1,7.5,104.0585,240350.0704445836,639607.467125861,1912718.2570239063,242042.69724483407,1163185.8562930494,196074,13711.255479023168,593,1288,1311172.3152786475,1273,206852.69254852852,255088.6427676894,127.6,127.3,251.663,257.891,102.208,102.016,15238.6,66.58969943644334,96.97888159754343,17.564,109.6881765770552,834000,1.914,2.896,2.2256190571408627,1.3895390978085151,0.8813280308047219,-0.5335496646321658,-0.9380649684386406,-0.7780400633111741,0.08249555040676851,-0.6083990338833722,-1.7139355367618685,-0.4970754951479608,1.6001435285866443,-1.716712112739227,-1.287929991402753,-1.0472068021582053,-0.7311227944103034,-0.9169189782647881,-1.0267651527174464,-0.18751380318620756,-1.2913963749603368,0.6772535621363067,-0.32806010116984285,-0.9542049844829488,0.748706486891253,0.05673968768694257,-0.3814559176398496,0.6692944538944438,0.06430595888396365,-0.7449873644099971,0.5467451021453454,0.8897016024770316,-0.21285932807371022,-1.2654680307526431,-0.7448470666079108,-0.5905799682806807,-1.378474524165321,-0.6465209435578545,-0.42427398686726514,-0.8106314191676209,-1.3400301589262202,-0.7323588500391163,1.124751810558653,-1.529626156460306,1.296474965594812,-1.4328347981825833,0.2249357202041929,-0.39650178055325325,-0.6994458964089619,-1.4042734207540848,-1.055123021833088,-1.8663489729520462,-0.60668509070444,-1.8314027245433073,-0.9675293884036515,-0.6710840669658857,-0.17253245583932797,-1.3628043579196254,-0.5739560177593804,-1.0823404607941312,-0.19572109495063558,-0.9669955897889171,-0.9170415212905255,-1.6580528428075145,-0.6681254790122257,-1.0870915546656763,-0.8791707976414865,0.16257638026611132,0.07806568168596693,-0.5121336627387415,-0.4496234948732837,-2.3624862260491346,0.0688577062572813,-1.805971036453845,-0.5085412463639891,-0.9390733921708863,0.7555741418848404,-0.6067795713369604,-1.324436098485561,-1.2671385857977167,-1.127241041439315,-0.8865165823493415,0.03600018928746853,-1.1489160082541423,1.3000434583727607,-0.5703117577854137,-2.2134138372103043,-1.5950942253139653,-1.2790175388620209,-0.9720926448838167,-0.9277158612024662,-0.49912505596487683,-0.4409713430053127,0.37030112452108677,0.8549191167155173,-1.0211514782493805,-0.8249555251820352,-0.7426243249487303,-0.5654125171570294,0.020479759719889884,-0.37054799514623465,-1.1995658879079982,-0.96909349512231,-0.27332167907117605,-0.5806698944484141,-0.18457670315445324,-1.4393256530328062,-1.0834861901255324,-1.5099380445828599,0.6220481197917656,-0.18059152378362103,-0.47605633156777477,-0.8265979764074389,0.680758029075856
2018-09-01,149358,156015,7411,3.7,125336000,2.8,15.1,6.5,21.8,11,104.1038,242102.95065320548,642689.7615653498,1922908.2296412187,242479.83752855944,1164691.753402722,194902,13686.851920560837,595,1250,1294032.2990099397,1314,208803.14007303404,257861.89927551796,127.7,127.3,252.182,258.368,102.418,102.205,15237.5,68.57193071530395,100.60175393796895,17.776,108.28260664912884,1026000,1.94,3,0.6700408416872311,1.3018894422303298,-0.11282380234230296,-0.09572635785749209,-1.1709382640049382,-1.2473638108224723,0.4516078041499084,-0.4646271796490027,-0.523296413654756,-0.5041371081144608,0.294679688845264,-1.3307040243479764,-1.301240144405223,-0.931172485543062,-0.6580618466839673,-0.9896441988218424,-1.8859576396581668,-0.7689283668195518,-1.193747275466685,1.0343986702674923,-1.1354803835260319,-0.6111413354108619,-0.15953066447473577,-0.27259573870525233,-0.561370629426192,0.3738176803883472,-0.2512390800718893,-0.504099895784852,0.5727991401073984,0.9681637824731394,-0.2595772657011773,-1.23819018131297,-1.0702965442227477,-0.35230889858212233,-1.608919159953475,-1.1253811749633198,-0.358401346276994,-0.7457042251042277,-0.49720794387780015,-0.6530142943653713,0.8239138185436885,-1.5461390724565789,0.9594844981505777,-1.8608615034229807,-0.17213267680535507,-0.7292241312645962,-0.07272918415772524,-1.1547017038749101,-1.7400203408642005,-1.9294479070508967,0.7467583351146203,-1.8442075492996943,-0.9252099558315201,-1.1531445805411253,-0.17896030421843395,-0.9111139691707938,-1.5328137011289744,-1.130401163457577,-0.08869478419933269,-1.0183120138838004,-1.446920738432046,-1.1644225771162953,-0.9646985442571038,-1.086131335694556,-0.8277002972397494,0.5315511233087037,0.7234001890103694,0.12577698809083424,-1.0880936164137365,-2.3051474512860888,-0.3738737059022011,-1.5526632153923678,-1.5319890386671748,-0.25853079621649167,0.6568657216060982,-0.7200400883429726,-1.355184253239748,-1.2345044946002006,-1.060107453896063,-1.109702783212711,-0.19377501745992645,-0.9322939294212903,0.836674370173158,-0.7499754536228893,-1.453869030482515,-1.2449705122206642,-1.1602625812464866,-0.7166284240980956,-0.682403030769269,-0.12948864527854523,-0.06727032692880616,-0.19747970941078846,1.272331617643106,-0.9580625296258629,-0.9884474970409508,-0.4001190319828837,-0.5606731224426865,-0.3238881749346494,-0.6995435924953961,-0.7956790779412574,-0.06296009634955546,-0.34535012847640184,0.0022919819090040524,-0.8561449760596407,-0.42585390596144823,-0.6695914094602576,-1.4163738789756115,-0.20159595236964373,-0.5515290615216148,-0.49432430152653567,-0.9449532181722954,-0.1223775081435432
2018-10-01,149526,156391,7304,3.8,125591000,2.1,18.9,5,20.3,5.6,103.9297,232860.27584190265,645746.8687557874,1933682.137056125,241989.37570057018,1157810.80949364,196389,13726.887275208344,554,1221,1277193.820361616,1272,208867.87855158633,259708.56279545787,128.3,127.9,252.772,258.917,102.595,102.366,15274.1,68.96047565670843,100.01168301598314,17.991,108.88751665550942,852000,2.185,3.16,0.20613929718403556,0.5400683780531372,0.5039003038721707,-0.043469302960249034,-0.9468308288238915,-1.4644740638312275,1.5264655595558982,-0.38957198540508214,-0.6330780979285777,-0.5919834633550424,0.22090720887446313,-0.9780506054870004,-0.9678854683303201,-0.7762876098609455,-0.22260243188296247,-0.8208663983858784,-2.1159469866754628,-1.0794073656465943,-1.0824319710583503,1.1818554265691956,-0.27954168444834504,-0.5103838552693846,0.2866622112544716,0.09595975971033063,-0.8362738879269236,0.5170721786598941,-0.01218432889505015,0.25805063687165875,0.37505681928122936,1.0391428583169808,0.33129881279004175,-0.9198323598697058,-0.8555475107635145,-1.0360096323281403,-1.0513235725947194,-0.9145647044917021,-0.518930256789011,-0.7922239726165743,-0.9229813958669049,-0.3629980066211231,0.6499752307598592,-1.2236048427499087,0.6944965559969071,-2.173574956653782,-0.3275312945249715,-0.714897051553081,-0.03307872415927064,-1.3684101514960638,-1.467122341116861,-1.4850408569678646,1.5370586764802825,-1.689265541939399,-0.6686789276599303,-0.8070218608141909,0.3110108936319499,-0.8938175671630866,-1.519530958572026,-0.8445594245327266,-0.6673546861589055,-0.8876836742783303,-2.238106256677373,-1.470137508984459,-0.9865738859810108,-0.4158961938085908,-0.5417582711934367,0.2220754485671795,-0.2757189933397457,0.6964665507308314,-1.1762598452665787,-1.0634846929763861,-0.024860851103417368,-1.1295274298468787,-1.7600105061573084,-0.19073544814963259,1.000378311844954,-0.5513778227508366,-1.0434744390074573,-1.1331403049588644,-0.6406036752981893,-1.1992357856281948,-0.10060338245871182,-0.797963895695486,0.5160033137976718,-0.8248134397168733,-1.9678518012792932,-1.1729856021436855,-0.6994977323494513,-0.19207298141122003,-0.24114758057296717,0.002362604428451147,-0.17632804455348627,1.2474151429917875,0.6035219219151348,-0.230571060224222,-1.3045958755098404,-0.8163601376990416,-0.4093915589258087,-0.38169981195970415,-0.41953692670762044,-1.1670468157941374,0.07046418232211336,-0.3608443958637956,-0.2349299166258131,-0.4401158846437807,0.32304372032913253,-0.5440105997859683,-1.5953833360648306,-0.43691995003549994,-0.12217375523375779,-0.2552612302210069,-0.5281884017023556,0.034632091354682704
2018-11-01,149617,156721,7594,3.8,125786000,2.1,17.8,4.4,13.8,9.5,104.0126,229884.04949819742,647111.9555685472,1930817.7561011354,242921.1731462535,1148679.723277794,197492,13799.961025041412,625,1181,1267855.4029036344,1340,206328.55890090618,254212.21864951772,126.2,126.9,252.594,259.439,102.63,102.556,15315.2,55.500341030887654,98.94313152045432,18.061,108.71756788232133,901000,2.2,3.114,0.3770219242423599,0.2577311593635202,0.7670859892091226,-1.0167213394948171,0.01320138944374134,-1.5224750594765872,1.8296087512997572,-0.36482675644623863,-1.2703316343820326,-0.7655383332344504,-0.13423413055571173,-0.5993025989077075,-1.4896786762926522,-0.5522599615539063,-0.12735801240195332,-0.43520243233936673,-2.5303415202150035,0.7914654874968317,-1.0624865029248804,1.184485260501109,-0.012254020460058565,-0.05516847661911077,0.867998588962274,0.3549567689102441,-0.4956192395463779,0.05854508704922329,0.4126352521100688,0.7037211616766339,0.7537689701987405,1.0931520137337105,1.2476886350428456,-0.9496706848269112,-0.7862591033278495,-0.865500354020965,-0.43954299895762605,-0.5519347818379793,-1.0095915760392025,-0.8915097902690262,0.07924312755965901,-0.2404019771035935,0.5691481970620225,-1.0339064912124702,0.5186803022178327,-1.4071785012127453,-1.001554069905983,-0.6317730732080316,0.3460899222114856,-1.6768407083583479,-0.720250494943852,-1.1220595155462165,1.7080423080335938,-1.1921562722064647,-0.5726866379194353,-0.12769743778500203,-0.23590901807294462,-1.2613083863784882,-1.3690414102314776,-0.812247877467411,-0.8109519730758423,-0.5454695637805254,0.5848737753462399,-1.4220032716700783,-1.1060008738616085,-0.21883399002901302,-0.36190242821946894,-0.27457857378208,0.3358930513174044,0.9993221222801291,-0.9931323846895861,-2.2502949892497885,-0.07476777078622843,-1.1962980143856738,-0.4104327408824837,-0.0346575408885288,0.7903129428720876,-0.4051962682804118,-1.0463258715725037,-1.1533590580080886,-0.935098004672413,-0.4156227205941259,-0.08814171682485536,-0.6521364605579478,0.8277361994090126,-0.6283489373524725,-1.4945918957354594,-0.7064824557995718,-0.468229573556068,-0.16034667900069932,-1.1092641269497205,0.60463915499882,-0.37920099877791036,0.19549072265442635,0.4495288976805184,-6.08074973236665e-4,-1.1438724617784666,-0.1306198298104219,-0.05033778100283848,-0.12850422175504245,0.017207931820177658,-0.7687981118402707,0.04122314444443622,-0.3601728223850975,-0.33802977611720897,0.3227283354027333,-0.1506377458773994,0.13540079888841294,-0.17201659833559263,0.6294742462098479,3.462549046715413,0.5026110945999039,-0.6157011696250596,0.2455812979513367
2018-12-01,149809,156817,7489,3.9,125808000,2.1,11.3,3.2,11.1,8.6,104.0451,236999.63973086924,653668.416081635,1938824.1387246428,242240.0950331545,1146862.250610997,193504,13682.047886583385,546,1095,1257600.2181088792,1317,203844.16899543337,257394.76733430056,124.4,126.1,252.767,260.063,102.701,102.735,15506.5,48.217641503003875,98.75907354943982,18.077,108.33191246250644,1123000,2.26,2.84,0.8118061908732066,0.08135589406263392,1.8004576793328693,-0.03875816454944836,0.02775797595303367,-1.0997263087406248,0.5310062956850045,0.1529072530712767,0.2639115054293048,-0.4090265443171493,0.15364214283176617,-1.3079326883643305,-0.2909290603025301,0.19536060483185913,0.5667008953786941,0.034625321210970006,-1.3636195993138016,0.5664435753991142,-0.640835117620772,1.506650338017197,0.7775877339877735,0.023076421070874306,1.2492883841997595,0.42058347881393293,0.16494404073515653,0.22084072297820068,1.142885927275756,1.081923501686878,4.186839923002246,1.2941715331330657,0.8532686581530059,-0.866906896451328,-1.004809185629244,-0.02236559004831287,-0.23709095528420332,0.5909158661311754,-0.3175571604704658,-0.7206115755051885,0.3155037653875137,0.12081319064739021,0.749028046087856,-1.2294395764506358,0.7238123931259219,-0.4997351576952897,-0.4556874843204018,-0.12226934334836473,0.5240296128464397,-1.4829074024781677,-1.0692896523345445,-1.1915881658053271,1.3007891734998105,-0.9106181350704321,0.082327860976835393,0.35212653939306426,0.7223269133659977,-2.1078438898235436,-0.8745295965977504,-0.7783159259010475,0.5980374576156083,-0.6885110290203365,1.8855085886423868,0.041457198850963516,-0.5802670708500945,-0.19090733512370067,0.1431617664940137,-0.44809557032806163,0.9496323850961905,1.594839158115822,-0.7489058823019787,-1.5046380284801297,0.2677351911800307,-0.7595662859403008,-0.5232075566653944,0.059508399978296746,0.8720894379082823,-0.24672534815508482,-0.5704849428840398,-0.40656288180605393,-0.8950935847345757,-0.2732995783360906,-0.7200026463633541,-0.8718711256392973,1.3363876701094617,-1.0409309650646916,-1.017799535650954,-0.7794498035382648,-0.05308891326907726,0.2190999617652642,-0.5191799825959904,1.01935156904533,-0.008625352686470621,-0.013989843162129726,0.5016887748149975,0.1125078744857954,-0.7053863429001485,0.9813006378292571,7.957472021304813e-4,-0.11451399089449475,0.6074045363786624,-0.41775804581295184,-0.05572127175897216,-0.2953399228336366,-0.025715493153999534,0.8251618647023267,-0.6728760386565318,-0.45478967553968797,-0.41559837417525525,0.8824091100954226,1.162227691035231,-0.5337235852452288,-0.44371025163562494,0.41466488421261544
2019-01-01,150059,156487,7502,4,126217000,6.2,9.4,-2.1,14.4,9.2,103.3598,230087.2885979269,659515.0416958928,1964618.1827226817,240926.27230925104,1140800.6001091108,194187,13721.261008495052,595,1226,1261157.5481256333,1254,205697.1397396929,253223.63806406362,124.6,125.3,252.561,260.766,102.648,102.87,15536.3,50.05455537370431,89.52302282480214,16.97,108.03086040169659,891000,2.4,2.715,0.7225739761379973,0.24437593657462992,2.0381571712921245,-0.922964934953115,-0.651711020667527,-0.9383254733394368,0.9410957705055277,-0.14980773829160218,0.1805942294899731,-0.28255719902365234,0.032733379287352427,-0.9219966487009479,-0.40030927667038724,-0.43083043915483576,0.2048361352985082,-0.13732372383401997,-0.9985626515465537,0.3059744744284576,-0.3749846085785422,1.409777564833121,0.2968258620478996,0.13683264784313504,1.2244286437468648,0.8086970212124529,-0.07862216118503895,0.7596086209943923,0.468049367657112,1.0593257334688164,0.286737526858439,1.6384449661007314,0.4380400978999929,-0.6046868550953082,-0.03599439587330274,1.174071579358807,-0.49996558434648547,-0.016656509292241384,-0.020019239111901767,-0.3542866138115471,0.2794590602585103,0.5122130304685355,1.3663066042811969,-1.2879238333974126,1.4324701206750539,-0.7085768248580947,0.30652895200667607,0.438420102853626,0.42457890512458124,-0.27332180292188535,-0.7964378433900777,-0.7609247363727281,1.1821273426789818,-1.0059049600411414,-0.5155885512432772,0.8214827797671181,0.37627002351564715,-0.3334740218166573,-0.4558993074861414,-0.7262796353564882,-0.15871782256028083,-0.25191800452815805,0.4693227885921183,0.7418111044894301,-0.6062898202317362,0.5839563856322447,-0.18563199832307203,0.06539421611475649,0.8873490447811934,1.9771620423656855,-0.30745339977147457,-1.3229098160824015,0.2822533176512764,-0.34653642461191586,-0.3233110985419512,0.16176397151346553,1.15970579339016,-0.40669787405027363,-0.5197125554792613,-0.39536820804622314,-1.0185863385265002,-0.24803049267516858,-0.019022660510414166,-1.1480571983064718,1.3144031257525226,-0.8316576637545378,-0.5565898418940792,-0.7068469579373114,0.4544700458476288,-0.4135064541214358,-0.25366787528604057,0.4234449328359568,-0.2531312840140006,0.5838948972343805,0.48707730995753284,0.09334699915841546,-0.5859259641599095,-0.41059391975440646,0.09485856284112346,0.28919309237766155,0.6236078155553489,0.0019606176224039595,-0.25413782023079295,-0.20826901745430576,-0.05098180262683807,-0.0148122597955654,-0.39750875519262385,0.351931278076256,-0.008137410632561015,0.5713658316008466,0.6381156031734244,-0.5182676309853063,-0.045756105003168956,-0.2700653190358623
2019-02-01,150065,156863,7066,3.8,126376000,6.2,9.2,5,1,12.2,102.8251,225319.92687385742,661133.2607258159,1968442.7298716032,240902.01874829826,1127608.0360963088,194123,13728.071881442296,648,1121,1275976.3117974252,1286,207405.96678206074,253664.0865066708,125.9,126.1,253.319,261.186,102.836,102.963,15560.4,53.43459488894939,93.0816278972659,16.962,108.04972847438063,890000,2.4,2.6775,0.8559413527361364,0.03198425706017402,1.2292774503760018,-2.1285563115558093,-0.1835295499331335,-0.5279577181920698,0.4875481637649744,-0.26055351806069454,0.4536842913916255,-0.45632906740542545,-0.25504791254393844,-0.729840430610738,-0.24490297043521064,-0.2441087849692965,0.11478549960989322,0.06428268011913482,-0.3610384131863764,0.06022552519318139,-0.7597613214116847,0.3717901736934905,0.15663692490515882,0.49270268286382574,1.0405160758930272,1.226541365984873,0.37645645938322325,1.2681295280507086,0.09950588400924587,0.8453115953662662,0.49034810755697245,1.2205897642678938,0.5367571082525068,-0.5590827142325054,-0.12744462274218687,1.1448523218048074,-0.8141990916209708,0.48103884103066946,-0.022961742725174053,-0.23846765927323,0.05497160255447493,3.123954021313736,2.097582633319633,-0.8063286227402416,1.6107636758703665,-1.0385236593978908,-0.2306079230972819,0.8782016079384579,0.9471407275787864,-0.8239989744600646,-0.6096524284799293,-0.1897459234187503,2.1114833955515095,-0.9119119633699468,-0.08962118509428293,0.24215526175683588,0.3959953846076075,1.0405573184693824,-0.8138477557111535,-0.44647396753951973,0.4972757280919933,-0.3226723292974413,0.49886447473064444,0.8976459861774999,-0.5776544050519559,-0.7457188415448308,-0.33828447460556377,0.609140581449663,0.8449688763392669,1.2566708712255386,0.06289644872857704,-0.6805911043108734,0.034679066128873615,-0.18323179101192416,-0.5056556043976785,0.07421950128369598,2.141930701369983,-0.5758111284274858,-0.6779850841724838,-0.7439613566485466,-0.7689847989858166,-0.42534761631611506,-0.048266188713503216,-1.0382100821575133,1.9722976080363726,-1.1753731325010512,0.6066852711060648,-0.10992747528625385,0.3224429309851896,-0.42453856790602085,-0.5725082274086879,0.3201027518269396,0.5152893726517368,-0.1842949866263779,0.1483993384293214,-0.023796236933992417,0.5063237752559941,-0.30483640723009175,0.15644100196457508,0.7496767534378836,0.8635724426390029,0.1642012228187725,0.3223882177053536,-0.22835058536377098,-0.02387432394197712,0.21479189435404433,-0.35959850084934075,0.3154242614916397,0.46881647369907264,0.8476284730582313,1.516126647480805,-0.431670015563719,-0.11314441439359346,-0.1702683493232268
2019-03-01,150295,156701,7317,3.8,126340000,6.2,10,1.4,10.6,7.1,102.8361,233304.87343430126,658960.5021878547,1961333.4360286265,239193.16186244163,1123282.4612638135,196358,13824.331273224732,718,1191,1283204.4552678303,1295,208258.54524638836,254977.73336308688,126.6,127,254.277,261.567,103.069,103.058,15566.5,56.41851575158389,97.84104818712099,17.842,109.26909880342416,1059000,2.402,2.592,1.2768908881029433,0.9202917364137952,1.4008036519846652,-2.0076511487440634,-0.03666339852818817,0.6717567535719055,1.6119172581061436,-0.32429498760041303,0.7897212224755037,-0.061450257089006324,0.36559640575790353,-0.8160691223413655,-0.21524713719770308,0.3033974207603846,0.015578266516853631,0.14021549612613451,0.2120507027382484,-0.15110118125284053,-1.4082036490744712,0.6441415799689124,1.1913341723051798,-0.1386528907069364,1.4961643747614908,1.1139810753312087,0.8914601548369818,1.593646725125742,0.19173620078936904,0.520097733613265,0.7413174464935965,1.8956501373246846,0.04728653967723198,-0.14031577968033732,-0.140757094539942,0.8722503396012702,-0.4813218353029541,1.2117659875154188,0.5946354012415397,-0.16146301671944457,0.1583548718544165,1.5411887344276196,1.8692960575674682,0.6340654845492044,1.9428964406446523,-1.5406073018180457,0.52499386228783,0.659627801687849,1.2432204591262785,-0.9159103907698967,-0.4526898663354746,-0.1958849399897761,1.731923910534037,-0.8243445615653245,-0.32843869674208814,-0.09760277502779074,0.38267493007259507,-0.2544011109118305,-1.0225060588491945,-0.8178978483645312,0.8066817866049636,-0.7510627442960135,-0.05919115678573732,-0.792810044873693,-1.2544689152469761,-0.9834107098866026,-0.37529943691592255,3.316391118556606,1.0465899609470095,1.837462446416501,-0.0698185580571786,-0.24744181408290858,0.5118494856164744,-0.008278202436959236,0.24295417293274882,0.11320856859631574,1.9329812818444772,-1.1298097972052827,-2.039445080428486,0.5389699198590283,-1.290017497378481,-0.0733887981281483,0.08676173366663516,-1.3273267572962837,2.013239614404689,-1.3818282782468636,-0.8324562782250368,-0.6205789202795152,0.49267334611773145,-0.3344738593329733,0.6135039986773554,0.4378730479856161,0.9646796964791642,-0.01567899769557808,-0.49262019274658453,0.08514443345953221,0.1776467531659307,-0.9932927435191825,0.12526160066864825,0.5785642908281623,1.4010110912970581,-0.07718694651905976,0.2109208935966553,-0.41057301226892634,0.1877759128264049,0.1628791587824944,-0.41053517220181496,0.4538190569664222,0.35783030168924096,1.5039920034732126,0.8844830769997087,-0.10868933757242269,0.539326283698234,0.6831321065297148
2019-04-01,150593,156625,7272,3.7,126393000,-2.4,6.3,7,6.2,-2,102.2748,225178.0185758514,662988.5835913313,1964799.4091878824,236655.37925696594,1112856.0371517027,195642,13825.46439628483,702,1272,1309165.0541795664,1322,204378.86996904024,252529.9922600619,126.8,127.1,255.233,261.997,103.36,103.265,15534.2,61.784055727554176,96.73896485378765,16.968,109.74912196410506,839000,2.4225,2.5375,1.4381647893170315,0.3828868433587048,1.3713104702589574,-1.699150817149428,-0.6569785213327205,0.14548328272031258,2.8630229371202325,-0.180028804728209,0.6945427531096362,0.14322101808289467,0.45877092438890643,-1.5689761182644322,-0.8728899357898369,0.3638921827218297,-0.6905606494618552,-0.3345041020159364,-0.57033264002741,-0.5055136364703842,-2.1305541181002727,0.8644596186967891,1.0977520643740295,-0.02984694395517451,1.691283378645593,0.6724509937954517,0.4922975740732982,1.36754523359062,1.2661390054356465,0.02175183922300697,0.5850708608688097,2.42233245854461,-0.2186588584635432,0.009923570194235468,-0.532564557015829,0.7619167236417019,-1.074095297508078,1.2209295443177104,0.13720815603571232,-0.6427591787740096,0.07227552795651804,0.5389097065992561,1.9588659989091501,0.6354175331952778,2.293001290785744,-2.290976704032193,0.4337667933158263,0.46629451711515135,1.0932915376347616,-1.563861301419181,-1.232498074065096,-0.8272991003913372,1.4003518773130148,-1.4657806151017483,-0.9446453339634795,-0.44733909157514773,0.337437537937876,-0.3780744302277424,-1.5186048219533834,-0.11227675655969423,0.6931060999946813,-0.8441120463055758,-0.9321293975096498,-1.5598212517111185,-1.7228708128312653,-0.5903325677967295,-1.4121124732651231,1.238477525975334,0.5205922746016228,0.36470167576842694,-0.20604470582994033,-0.5365674195903334,0.5898099071206937,-0.24470322560061405,0.21291059027357478,0.12010594844382695,2.0371135160552947,-1.7714694830307174,-2.7335387301286267,0.04210949622107815,-1.2677769208441658,-0.10320657347199348,0.11188867621490334,-2.400137010438879,1.9771546339795276,-1.8402893677554724,-0.7544088430106105,-1.0193409676642804,-0.19237126616761346,-0.6622198309536226,-0.39102213505372646,1.1896460955517731,0.874703101107585,-0.3042927153025468,-0.24626008643084224,0.022946765307329593,-0.48213487786304676,-1.5780267278333877,0.23514033962706907,0.17693867305473188,1.0378187686077924,-0.3993210005269734,-0.23203356994292917,-0.4634455445537514,0.25332369054288845,-0.14445921357550953,-0.9190192760266516,-0.08739448781750875,-0.18426307886899565,1.5907953105719848,0.14492314133228698,-0.4675681328233109,0.14256774414905043,0.4497923520152361
2019-05-01,150621,156821,7275,3.6,126505000,-2.4,20,0.7,17.3,1.5,102.4176,217107.36211147095,663529.7529849664,1965210.6836551246,236692.6088848069,1096740.9484217141,197708,13876.637501812733,618,1293,1318862.0873012035,1347,208324.06825542613,257675.83506550008,127,126.7,255.296,262.217,103.435,103.371,15532.4,58.809880601343835,99.68461702770068,17.967,108.7977075401304,874000,2.398,2.398,1.4479216295175716,0.3310788600261938,0.9528654201536151,-1.276433612834723,-0.7171083702166493,-0.3754337902330449,2.5516232555016733,-0.036265401836500316,0.7859694761966851,-0.7055087057474136,0.46780126288745827,-1.7826240843921493,-1.0913265317339178,0.24068606183091185,-0.46730628734270885,-1.1338518131715154,-0.46433456625957925,0.14909902749675552,-2.3636781580105892,0.7015863125774197,-0.5217199118885577,0.7295770701158666,1.2372726861777552,0.5006602591232063,0.02022478100799788,0.5054364618115613,0.6406425135403162,-0.39473154605046645,0.007992486089838685,1.9418257548785756,-0.5402334390382034,-0.111299219749356,-0.7128576191488982,0.5589147192402453,-0.7992924080669401,1.0878684276330624,-0.5577957765738932,-0.8680099787524663,0.0605548322189577,0.29474730534337684,1.9958341685646763,0.0738724660271384,2.156212569901329,-2.070493496408229,-0.8337255590429815,0.5771906846312931,0.5851807699854042,-1.5694448251927182,-2.625107046738451,-1.4744918606381192,2.203382880371574,-1.4387329940342903,-0.44254702757125897,0.43798973167631794,0.23786102452461902,-0.42018525036904686,-2.205734656838731,0.15615856469068995,0.24105961495400158,-0.8024587207652187,-1.1365335681899136,-1.8353228511644744,-1.1963024317651425,-0.6498368099516676,-1.047511071465658,0.36823228783917306,-0.03073249773562374,0.10745870895097363,-0.9549701889502366,-0.8506067335477404,0.46850807555287405,-0.4635585203865725,0.4131690228192536,-0.11822478526441857,1.742350978334898,-1.583912673472429,-2.271170133060423,-0.5021510000775896,-1.343433915135239,-0.1719736251539301,0.05364201380292974,-1.8493551449352998,2.038158857080574,-1.7057195482176202,-1.2929049940387434,-0.824805663204903,-0.6319649733922598,-0.5309877295871964,-0.5121294981198875,-0.05228054556842757,0.5675213890903147,-0.2717958222636675,0.44660201174405845,-0.09298591418574961,-0.2738405014787082,-1.1473856288090485,0.254508763323157,0.5843167195483425,0.7213543705011743,-0.45792371397690157,2.012148251766395,-0.15343948720996647,-0.35068650312654026,-0.3465807610199292,-1.0041690284177744,-0.4816966349202743,-0.8386147154506739,1.3109578139735025,0.1983537128523978,-0.6644313925409415,-0.43628309166979695,0.6560079295024249
2019-06-01,150839,157232,7194,3.6,126520000,-2.4,-6,-4.5,2.2,13.1,102.5425,217318.61930346722,663653.3183873836,1963296.7050996725,236853.04008349116,1080864.6747323258,197972,13923.601716207339,729,1243,1337693.7497584168,1299,205653.04781415485,252717.32828263307,125.6,126,255.213,262.739,103.484,103.56,15562.1,52.81975957635963,97.4888742740775,17.781,107.69533343527101,1126000,2.375,2.0725,1.368626458345781,0.49522394709589335,1.7388661461907722,-1.0887772364523272,-0.9984356514689905,-0.30631608405263977,1.4856139504794899,-0.1516933197692943,0.6423222106122051,-0.7186081110507202,0.6561039508063559,-1.731759380714634,-1.170070494129553,0.22009068111483987,-0.3115144785557464,-1.037763649857123,-0.3280059085582902,0.14225953236506217,-1.5751828251479587,0.8804181114136134,-0.3158755787597896,0.5484847567486347,1.4849754184030572,0.570258064929465,-0.25249660061955387,0.4618933461804551,0.6282584513618779,-0.772853486742915,-0.26903473306919873,2.2473850424494968,-1.1570816522477576,-0.014257068701340603,-0.7468943139718942,0.07209740777285385,0.57398828357137,0.592430055146472,-0.38159487416823196,-0.33612954188331684,-0.4805638560693193,-0.030687646575562076,2.3738940586462616,0.1689533132500965,2.524090406891277,-1.9805164620187008,-0.5822834323364673,0.25674090167048985,0.7435252350060748,-1.0137284160507682,-1.8580626924685586,-1.3875762979302722,0.3531581029954859,-0.8081234336724816,0.1669047178542265,0.28008046319391106,0.20196612471400374,-1.0801179580668165,-1.4171945124060685,0.39923138427799293,-0.09684661168273934,-0.6986630420446683,-1.0168437789217692,-1.4143367775429216,-1.2662731686493853,-0.5751183591445862,-0.5503555331738159,-0.17093223837950894,0.4230829940070754,0.9483058529212421,-0.5709828053490135,-1.0304376095555976,0.5765973139364243,-0.4320252028085434,0.20741402700370368,-0.013732306858538101,2.4103486384642916,-0.9984040969273184,-1.3990357955758705,-0.6878436138241278,-1.1420728606934294,-0.8931837957874073,0.0017366266517303995,-1.5985842881253656,2.2475151921488328,-1.467362911132533,-1.4793936959509972,-0.8706665224905294,-0.033997699930226895,0.3216104595934174,-0.16846214889996997,0.03639541723442592,1.855411434208407,-0.18863030616828858,0.06210217069410891,-0.12127030905184102,0.37428598393831347,-1.0069127293494777,0.18378924682474376,0.751064324531993,0.9735869371800272,0.33962770334217035,3.6920381042587787,-0.2019427126755079,-0.42791139918868026,0.16117046233247426,-1.0568861678407526,-0.0035689923126148355,-1.2046223609154634,0.7181146376107801,0.12873844329256648,-0.4467246962141691,-0.37844938693417196,0.882852370514428
2019-07-01,150936,157529,7042,3.7,126555000,-4.2,-1.7,4.4,21.7,12.4,102.0057,220953.07946189033,662577.4449441239,1966497.889987876,232088.74563316672,1072482.6774237133,199018,13989.307289957731,648,1240,1362800.3705776767,1379,205358.90061955957,252101.87025921137,125.6,126.2,255.802,263.28,103.622,103.678,15581.4,55.34538997510181,98.2473213138555,17.682,108.66595507616759,834000,2.4025,2.0575,2.247449784414942,0.09936925462366014,0.9181449133677848,-1.108873976939569,-0.9273514117181137,-0.5648995420270961,1.6441844320227663,0.005588018949955489,1.5280886902570463,-0.2282635508688902,0.8739468223215189,-1.505261547691181,-1.215830674354122,-0.24278575233903749,-0.2968599168865606,-0.6436775970075841,0.3807735403117801,-0.1710344877949437,-1.7988039824205964,0.7972379419385799,-0.09137204388484103,0.6973102394626836,1.1225466665742443,0.6066989890369515,0.3298167625009691,0.8529205070456934,1.1687967119011122,-0.5240932826982619,0.5838122016636322,2.300795166196364,-0.41100998089120655,0.13081746292463825,-0.6303960123124961,0.7031993265881926,0.012450961647770188,0.8048439774938685,-0.11159358537746025,-0.47232383116933024,-0.9791012098384129,-0.2869794174748429,1.9959496151423743,0.7305623699250718,3.048343907533629,-1.5872214567363043,-0.18176337282849164,-0.26349422227410974,0.5937426911694155,-1.7277982247254613,-1.4115155211095272,-1.2580237180163936,-0.6347665633184543,-0.92638751499728,0.39288066898287377,-0.22567019077441264,0.17330392772958514,-1.2041060847014808,-0.6749824969799912,0.4361153948085482,0.5977258054085623,-0.9070530772555301,-0.8678047391281445,-1.4201707673585893,-1.8253826478631527,-0.2775933154170712,-0.8254476405656612,-0.13581284129049176,-0.031067868086839624,0.5253227790605679,-0.2291932318886246,-1.037535154579411,0.8614669572369469,-0.5833873462179855,-0.4659790730144564,-0.02506768742964422,2.1133173855997036,-0.6601535486891434,-1.75936841671653,-0.5924320584556385,-0.7181487214735831,-0.46962259055143785,0.15552653530578708,-1.7882114192756136,2.41865539826231,-1.3920695466128992,-1.4310389703492914,-1.1271720927584667,-0.10800979576072844,0.003826930042339638,-0.17774007723771745,0.5621271667710649,1.2181290667536426,-0.23932776645292175,-0.3599878135525631,-0.1772310877769605,0.1853493012929785,-0.9131088394417541,-0.09264006292374768,1.0601753462317567,0.9437290796210619,0.24714868883455215,1.117102164062834,0.20604861474417702,-0.2511158191225745,-0.1948849164346454,-1.4164666887891426,-0.3088897441312932,-0.840363699374127,0.39239089162855695,0.2527226107882877,-0.504226958267149,-0.3513170886798994,0.8080324075699115
2019-08-01,151171,157829,7178,3.6,126558000,-4.2,7.1,0,11.7,9.1,102.7814,222200.25079579436,661741.1015722967,1963537.2587431215,231787.40233433008,1066534.19504196,200191,14042.82820488087,712,1375,1376208.1605093083,1482,205072.82724028165,252026.6229381692,124.9,125.5,256.036,263.877,103.67,103.797,15664.3,52.86968264686023,90.57888159754343,17.882,109.2488293654907,1055000,2.164,1.678,2.17958154632565,0.2895751062221565,1.3048701970740684,-0.6661407308611933,-0.12652153485891518,-0.11282587439345637,1.3351301045922928,0.23102798883243844,4.4903240227097365,-0.504944108401844,0.5838654183736722,-1.0679442400917745,-0.2726687022836481,0.7086605633101876,0.23825247972331204,-0.13346432414917062,0.29966392767197886,0.07146419334568999,-1.050934661957206,1.1209499278140531,0.05186623712066748,1.0686247219004197,1.7710503014579981,0.8797171856526197,0.37144008841616905,1.4910292820532434,0.7500306675657505,0.29137062721970086,1.6851023989756855,2.680616990802995,-0.48990064138962286,0.46182874302016663,-0.2564631253084468,1.3498572251521077,0.40332153903839224,0.7595536760750311,0.34604468912486236,-0.2621205616182255,-0.23364733039215133,0.16932183427528025,2.2430485075433686,0.5606688618671845,3.192191679012942,-1.0266093352129986,0.5139725644755874,0.43714642261709424,0.9837800239355445,-1.7745639959913289,-1.0032902354608348,-1.0739842123357095,0.37887320953292924,-0.5048303261366359,0.707779737965099,0.13477679635320278,-0.2410857545038098,-0.536773176811265,-0.7796819913345323,1.0052659677044522,1.6981863013462508,-0.7536924070410207,-0.4068934385508703,-0.750604609541077,-0.7012898099090279,-0.18225385466925212,-0.3956341514617567,0.380931101127646,0.2373898347185278,-0.0643828777937006,-0.16070901195284212,-0.40117837331586315,1.4679019418184436,-0.320329347262862,-0.09986979628896354,-0.47803575128293085,2.008831496694187,-0.5832528649620855,-1.4185576244698863,-0.5762771909676938,-0.787036503669326,-0.084838894521959,0.006853497229588118,-1.6979066163802594,2.5446962911022526,-1.2715313972969895,-0.7048403092068193,-0.29294262264608084,0.49949457390795465,0.5146168619856555,0.24041749976667998,0.6697311549396098,2.088526213771644,1.0693681078261907,1.2202879891555383,1.1518153061350314,0.32149620912191773,-0.8102900422485011,0.07533587298241852,1.0622328869914592,1.5905606229978033,-0.5804023256079173,0.6188839708162269,0.14222594289372878,-0.3136384344432987,0.3413232277045593,-1.3230772397419794,-0.12611658513871216,-0.39949104179354367,0.5735026039931126,0.24911179758079208,-0.5197984487915668,-0.4901216371409759,0.0965937357676348
2019-09-01,151365,158339,7124,3.5,126367000,-4.2,-2.5,0.7,12.9,12.4,102.4601,218629.55857827305,657717.4091176386,1965637.8882650104,229905.6230900485,1058681.4224981442,198605,14065.533629606778,712,1311,1387272.1313371828,1469,203987.15934177168,246789.3534362257,125,125.1,256.43,264.388,103.733,103.873,15697.5,54.90056201980084,93.70175393796896,17.72,108.86924338164691,838000,2.0675,1.695,1.388834933423218,0.5619017499741368,1.315161816646961,-0.7859716488390205,0.22799332359546198,0.16669922301627918,1.650363602766679,0.15233616355271062,1.0039849826077847,-0.6054570769970147,0.03923782950037269,-0.9897790716909596,0.1018292037157541,1.1636117105955215,0.9840159507150644,-0.05440817778133611,0.16435177271097243,5.450128799032822,-0.7640761691258144,0.7331597320183286,0.39088596819948146,0.46787495374795196,1.5394447787555052,0.9234292209159425,0.724941395088692,1.6352583417986892,0.5309102328490853,0.8755232639434662,1.677770072164869,2.1614686465367248,0.14616596771923773,0.35132622455847695,-0.7449817359741865,1.2504835717121183,0.27268873049567033,0.9437134008906887,0.22952894630449072,-0.3174779599076817,0.11029642834301458,0.012478356714899115,2.218804186211017,2.105651779036162,2.9564277474600056,-0.9661589893105729,0.09440863842038413,0.26220907060300197,0.7073532068380552,-0.6252465039863261,-1.234660617769477,-0.3722035176490158,2.449938365930873,-0.4125667249577218,0.7987698457292549,-0.008778132564553315,-0.0975494849142291,-0.090911981518770807,-1.0282473619915657,0.8533348635189549,0.9698743955010183,-0.36961236324219926,-0.7197722704881977,-0.48371393302029053,-0.43588847194378366,0.17833759239850383,0.2810081019451357,0.47280553930578845,0.8384807472396344,0.3004759064789898,-0.2756369356920264,-0.7497537930690091,0.5049986931961898,-0.36990872819028464,0.2148436057668728,0.1585910561673399,1.9586728546610848,-0.5268400088812245,-1.3263353842745027,-0.3691534018302227,-0.3426036321802952,-0.6214122307494692,-0.018789852542512586,-1.4649602820778493,2.5002189907032095,-1.1246170760224192,1.0646461026801926,-0.16284732430922694,0.7678828627983277,0.5592425362432157,0.4470356059053325,0.38212103841004613,1.7220285502514894,1.116121232238147,0.5722065198785871,7.74093111297266,-0.004831562029225828,-1.1196844060221571,0.023524181075252292,0.8572526048622862,1.2838645420807435,-0.5692827530872082,1.0812926142464763,0.06127881655965624,-0.33610833067647866,0.19027536177860893,-0.9829816772548601,-0.06435725521086652,-0.2762706744639174,1.131531575843177,0.32623267904250836,-0.5582465442455482,-0.07819990096188698,0.3241057591366271
2019-10-01,151460,158545,7289,3.6,126443000,3.2,3,-2.5,4.9,11.4,101.5878,217691.04188920005,654303.9156249699,1967615.6822394135,227672.0844520146,1050918.5215123608,198576,14066.418391600988,722,1325,1386483.4435174225,1523,204279.37681033902,244027.44498012835,124.5,125.1,257.155,264.97,103.917,104.028,15718.1,51.926056371912196,96.91168301598314,17.049,108.29565794121638,849000,1.8425,1.69,1.1216869604929256,0.7558287031815558,1.9757893720032802,-1.23923287702658,-1.2962190585465108,0.22406514084599044,1.6086361517654548,0.5602201414099909,0.5288980803794018,-0.43990051494678567,-0.2083969012478441,-0.9697606657773632,-0.06731999052004423,0.6836265461373396,0.5178125302267097,-0.4577964032835663,0.01298061891223989,7.272177731773253,-1.2487552447689239,0.6480465009095755,-0.42353454574632693,0.28801866162286616,1.2433903473029702,0.26644188530502283,0.32403856031066436,1.193004692431739,0.8497647029004078,0.3782994557211114,1.2884859539097768,1.899002278265165,0.46209717403891626,0.09750156275898311,-0.48939752637078493,0.23989717492686458,0.4026219307059924,0.8232668396866647,0.24785235238710282,-0.6541859383482432,0.5371838659114402,0.5223941205817344,1.9775058886507668,1.2889805755374795,2.0503089774697214,-1.1991146397485124,-0.28013534724314565,0.3906847500658857,1.0649703053506654,-0.7851419387583034,-1.361481277816093,-0.8585454949099913,2.28634247453843,-0.917554827765226,0.7133670071300726,0.10688195063580033,-0.14851796668351122,-0.2759000536965698,-1.2601697965785401,0.22947178219659586,0.8540182736848847,-0.6812434579156513,-1.575329373333755,-0.647658306247115,-0.9916445208966227,0.23351748520780582,0.47905533893799734,0.43168967886740134,2.574423423734614,-0.1695584790425612,-0.5418758455199343,-0.7103105802076027,0.4016630885693705,-0.8894980829004584,0.3314119472556653,0.33989000723088103,1.836886704771558,-0.6812468250632443,-1.006210489249649,-0.43862749157719716,0.02306711359840058,-0.197163192900291,-0.08549223361248806,-1.2571210444571934,2.7482185387534943,-1.3766457354464585,0.8278890504805678,0.5844646793326,0.16053882739898412,0.7375539740817909,0.12690539314814092,0.6014413673073282,1.6699041128810599,2.377347498498619,-0.47361058262622596,0.3010578016151313,-0.06762491925790172,-1.2313264380164783,-0.054826374317497935,0.14620442525502148,0.7263728443474906,-0.6939711138575846,1.2921240320446066,0.07692152279895537,-0.16742948969995752,0.5195708542744244,-1.3510923165141366,0.07513558719631251,-0.6321899128280578,1.2182297063182645,0.8364971277509392,-0.7018331338136996,0.014339234824824354,-0.20972854298797994
2019-11-01,151668,158629,6888,3.6,126463000,3.2,-2.6,-5.5,12,13.3,102.1494,210258.20964392833,653924.0944397447,1960774.6895779772,225844.03599169423,1038286.3569945397,199402,14141.928785664844,713,1353,1406264.9004075981,1535,204554.71814196723,241840.34453587633,124.7,125.2,257.879,265.548,104.024,104.092,15766.9,54.823886795354916,98.24313152045431,17.549,108.56358688377958,1122000,1.592,1.808,1.3126581908711568,1.2634996829951457,1.35875786936592,-1.223806929237611,-0.7343148599343877,-0.08099900061162082,1.2933986342320194,0.7457416042043452,1.5880111709751903,-0.19937171799674402,-0.18427107899706377,-0.7994945849394404,-0.08590467889585146,1.0175357173976882,0.7074909990237831,-0.135108304611772,0.2997132012358455,0.23091291119826998,-0.675543045420623,0.2929388164584302,0.3536815840872495,0.8808362464743201,1.4805177976140995,0.19795047845584215,-0.35505780141919957,1.623532311756128,0.4659840358642937,0.9620058373797853,1.2561320599245047,2.790355446654552,0.305139312775628,0.22976554906858526,-0.266425365015854,0.7730329742525915,0.3137519364936295,1.3932945631740534,0.6246390082922222,0.08242529396455511,1.2533603244681328,0.6386681422583753,2.3737291469100583,1.5791337495741244,2.285678840132853,1.410225811150378,-0.07942262290007096,0.4589747795732356,1.4694335388755593,-1.5694720187564424,-0.9186103811437603,-0.3573541513258507,2.7137941199276874,-0.9148216228770873,0.6036573644536439,0.21673898128891447,0.229448572939648,-1.3083154189660493,-0.6445055100314726,0.6191811831554641,0.821619627537536,-0.2703383028831795,-0.8962469789684822,-0.1509594844306636,-0.9509940718272897,0.5959653376840479,0.1314938344858872,0.6436871173175329,0.5736000669126758,-0.9482375892721827,0.32908352403098845,-0.5305219564413429,0.600881903063052,-0.6995312555314546,0.2950360335999933,0.40502599145193763,1.773179735168712,-0.515022720047849,-1.1334404049208415,-0.7145367310614568,-0.03922711517646275,0.48336712825543704,-0.12345719651212586,-1.0791999969100274,2.6568359903593826,-0.8019901486884257,0.047639670814713105,0.28734567068808853,1.252475171769044,0.8743370584741671,0.6900881938479441,0.5380919670371294,1.6321731584148387,2.4088357954102975,-0.634207727876444,0.40069455523013775,0.05801605401118831,-1.6249695553247339,0.06422151182453573,0.05750620386199099,0.638852189673112,-0.632626734138277,1.052640579558611,0.014430377823142835,0.042277047452850616,0.8447471215604524,-0.4666297109205037,0.7618355734123702,-0.3337431604123303,1.5662251339684052,0.5197389925826001,-0.1369133270555661,-0.012124409968520222,-0.148601865695373
2019-12-01,151795,158845,6699,3.6,126910000,3.2,3.6,-5.8,3.6,13.8,101.9421,213087.32875070703,652028.1476794461,1950250.4901028646,223932.23848830853,1028652.918787809,199461,14164.725282099955,700,1548,1407407.9400232008,1443,204590.29595329173,246427.3730430364,125,125,258.63,266.02,104.307,104.322,15683.8,57.407460668986744,99.75907354943982,17.491,108.47402955028288,944000,1.55,1.8599999999999999,1.5072931644865335,2.866126301671738,1.8322687799834272,-1.3736157461193392,-0.7136425649106971,0.37224735919283075,1.2442656504092215,0.9008566690912232,0.608966584458179,-0.23638962049131462,0.15823035886686299,-0.7094383066235055,-0.34507630565274683,1.1460559559574,1.0452074851772846,0.5270629082908621,0.4999322821875628,0.043673402588918234,-0.44502977374446595,0.40901543096198806,0.2640195876550457,1.0596348461155967,1.2852165697622502,0.59109181000862,0.3357323873254809,1.0269184518988062,0.40326794688337136,1.1028928121779331,-0.029971749314515655,2.5509110379206215,0.43161406401762575,0.3543967372485307,-0.25868856200083007,0.6321060291362193,1.0952115200504866,1.7750784201967151,0.6605517350025198,-0.07877136334381124,2.094772976043905,0.16522130811965186,2.4816820733932894,3.069160187591702,2.98283599949428,1.2541725945636741,0.29105224951490793,0.7484515182225672,1.0441300385910501,-2.1816922233546854,0.1611849788253331,-0.24199427759126013,1.6477408921818348,-1.0613660912278289,0.43825036317991045,0.5919893288274636,0.6874860405232271,-1.8520574541413122,-0.12638595075391745,0.4896582066185242,1.0939153778192372,-0.27924883737076134,-0.4189876178580703,-0.9626748059372456,-0.00991006167223043,0.27069727099381413,0.19105248823468185,0.6587267288508879,0.9631682717932251,-0.3676970529136694,-0.6499573598914368,-0.12202342584715249,0.4739582375964306,-0.41699456940042084,0.5344183312843154,0.27435208701086083,1.8452680054898618,-0.1543862491323115,-0.938869735476543,0.09554108306169673,-0.8156429293080028,-0.004347446838683766,-0.6738701290543802,-1.2439556073025477,2.9515905335672428,-0.773608793292449,-0.06278772852411363,-0.029575249178597798,1.7842310808696724,0.713385999690593,0.3080106374531611,0.5727479950489055,1.4017825332859315,0.7957081900600369,-0.7791087909628945,0.29491872412604153,0.12523398096132338,-0.7356554328853191,-0.38070647660069756,0.20528558836039268,0.5995027820688752,0.11122515942358938,0.8519471566539257,0.15303782925898116,0.12995673295688515,1.040279721775467,-0.13159445609359058,-0.6925453267021353,-0.6668071555063861,1.907468259393497,-0.1570590195929349,-0.4605448369073213,0.09589882744490265,0.49011471479990393
2020-01-01,152031,158508,7124,3.6,126626000,11.8,11.6,-2.7,16.6,-3.9,101.3372,223767.70511113878,646439.8241699308,1952297.256439133,222607.9544910409,1032668.3841063408,198790,14216.090941303784,689,1581,1427464.3503576936,1495,200038.30720462752,241756.7684042176,125.2,125.8,259.127,266.716,104.419,104.488,15857.3,55.08576025435984,98.12302282480213,16.893,109.26698967033128,862000,1.55,1.776,1.476756251383031,3.850645626296375,3.0004554400836496,-1.0691718948423952,-0.03323918559473175,0.33730889907380696,1.4698020192774144,0.7527068279397292,1.003805901150353,-0.31440979873397923,-0.1769433661052458,-1.1712401626804199,0.38390986490181805,1.7353469495358365,1.5615516986429525,0.2511697837959792,0.8034770430176852,-0.17559004130289735,-0.10505704970844791,0.44284643458660417,0.7428541652891036,0.13411411015560248,1.7527849641917748,0.5766778421869417,1.4367121386179904,1.3673733724462114,0.37115621344544764,1.189819592294334,1.058059291629284,2.8976294687948645,0.5213784419838706,0.45862597320230614,-0.5566667607826083,0.4832908855123434,0.06083956180176822,2.0748105851849896,0.9472721876739888,-0.11814066468258011,2.0331064368455523,0.7643151919629355,2.6289468082230854,3.793733604405336,4.02656417299635,-0.010724938339767343,0.8870317176427174,1.3712147547050302,1.3769953901495036,-1.890599562343796,0.7814936880173079,-0.6139988523572419,2.136823514610085,-1.335996233009544,0.31836545036674146,0.6502761352820577,1.0270873964821403,-0.5877066655377012,0.13553959433997698,0.4825048003399617,1.5433475652268709,0.3112159000641534,-0.5540173479186378,-1.2351716096520386,-0.2148126385017592,0.813951987903502,0.23620700238505565,0.4043217969868514,1.210426775457476,-0.2330508834494305,-0.24395989841793148,1.1697017563004357,0.1846833154430104,-0.14866814870040362,0.9436430972803092,0.5323050322944038,1.75969383725599,0.05756766014361398,-0.32287447472375136,0.4135943766284127,-0.7671979764500518,-0.05102671116783761,-0.07656985782718576,-1.69791777864869,2.8477431721862523,-0.6979265478878105,1.1341998976412198,-0.16082832752930076,0.8020513220228116,0.7879931452385484,0.11801693324199823,0.6959854209971151,2.277194480286088,0.015349187677668477,-0.4860490122131112,0.3521255808137048,0.3367345809204143,-1.0966393375096903,-0.10942540914255319,0.614924303808874,0.7656435620547632,0.05612381417530924,1.1672472203632223,0.32178734317704083,0.817523817144524,0.38003576914809756,-0.003005659976008563,0.36116646023636023,-0.24300651606144466,1.905510799553075,-0.7593011936017569,-0.39204737063220896,0.05134805006500737,1.0067072260017413
2020-02-01,152292,158714,6966,3.5,126733000,11.8,11.2,8.3,36.9,3.8,101.6718,229914.57896901693,640186.1470619183,1939347.974183107,225016.02242182495,1040477.8986235065,198777,14189.456768157946,707,1549,1433260.6345835605,1455,200441.93187361897,238638.42894175492,124.3,124.3,259.25,267.37,104.541,104.684,15916.8,48.344668598922915,100.2816278972659,17.088,100.04068965517241,1051000,1.5825,1.5025,1.235995907799467,3.157195429645646,2.5684048433731133,-0.3387678022410224,0.005832263160705053,-0.016452457314148822,0.7336840245985565,0.42384600456181354,0.6185403638583337,-0.3845123809263849,-0.6033487197261466,-1.098861220982785,0.49747322574615005,1.6513750303848553,1.9193817904841606,-0.2985594680662575,0.9109334273133298,-0.18953774019439132,-0.07299750535380914,0.46568987338314727,0.27071378981405164,-0.03833269239720531,1.264354568711477,0.4404819155386755,0.17272337998281745,1.878473929326817,0.34519503222226855,0.8218807859940037,1.9924520717906693,2.238427818132994,1.501115014822517,0.2538393111947338,-0.06544555818302661,0.3822810476806042,0.00628008617792628,1.4918489925993244,0.4951388652812,-0.05745149207657816,1.2086818928518592,-0.031063101843135543,2.1778021696266925,2.3983999746694122,3.5209724461010623,-0.5481255295129256,0.8969512957539765,1.155878551112995,1.5048353252395599,-1.2414911443584447,0.6488053345295289,-0.3146321276039041,1.9682706004419561,-1.6100419465026703,0.2919874349446289,0.1857192239967409,0.45531730898663414,-0.33827954780643255,-0.3816608181234715,0.8438528654796562,1.1050639862759564,0.4206467234052285,-0.9778618900866964,0.2792711302880747,-0.6396597864813405,1.1386404012294096,-0.11642410327773088,0.27016505452086864,1.2596772592718783,-0.21804432901038212,0.03556819839014228,1.117580863844065,0.3214527650009366,-0.8282826008879715,0.45328684330963953,0.07021940176041427,1.3385659897733817,-0.26264369557449674,-0.06107220846515104,-0.5272924897084489,-0.34627939963369037,-0.040283396369487294,0.009887149809378165,-1.4972358513064967,1.9564990949266472,-0.21557139955587704,1.647418764992624,0.04477202783237517,0.8257191280832209,0.7394822293537762,0.31156567295874393,-0.38525411563006234,2.0316357115959214,0.8905177732190459,0.08363662504738105,0.32097394530460943,-0.568464747030925,-1.2339869749180692,0.0744946644362881,0.38959893599574436,0.5051245962447818,0.12142989108241356,0.054139710868397174,0.09806302998821836,0.8338082075911906,0.14524108672615585,0.2970658137719716,0.09502319036123259,-0.3510870704854703,1.755361869341415,0.04790940197223331,-0.2787566411610125,-0.44747627252037164,0.47644440012818307
2020-03-01,150895,155353,5894,4.4,126631000,11.8,-15,2.2,-17.5,-11,97.606,196360.74128074283,636300.502628247,1936347.2731269856,212469.78475233092,1031295.3228715038,181467,13247.227870928136,626,1266,1444196.7540191074,1346,182303.45700801903,222949.20001534742,121.3,122.5,258.076,267.054,104.252,104.596,15704.9,28.018647124275798,88.54104818712098,11.836,94.53677419354838,9341000,0.7625000000000001,0.8875,-1.7514738933848797,-0.9224767641083323,0.5515502958907643,6.564954958506094,-0.2967210309497639,-2.6614238766063316,-2.42733996850441,0.6478619959062358,0.5249301968414128,-2.1342933489765388,-1.2239723337180857,-0.3645199342081127,0.7657436738021988,-0.3522953887213932,-0.6178879977901023,2.0665855743393267,-2.058031327650011,0.8942803269267748,-1.0656097898306525,-1.277148594398662,-3.830057573230966,5.058378663996601,-2.539757223435852,0.9941900224334759,-1.3840780777124517,-2.1924752040175495,1.8812952085725565,0.16200269946474438,-0.09733398393215331,-3.3538082903895785,3.8055471036919686,-0.13968312234143015,-0.6853733761986396,0.17022809883399267,-0.43560019871377353,-3.859042048272903,-2.4292800532728,-0.7084327649974937,-1.5373810143881896,-1.8912362758910346,-0.5974440920669268,-2.483445970169427,-0.01639478750733603,1.0704245261472205,-3.7367505523737794,1.8387521058033816,-0.73481018875259,-0.3150204722750677,-0.8090956163116869,-2.455056745860921,2.2258235913693176,0.7818741223568428,-0.08775533483159995,-0.5371758248649834,-0.43403165510183817,-0.21164497597421056,-0.7642837415033938,4.060455410232362,-0.6256073600246295,5.954809873452622,-3.1780967756969982,2.5229675886581533,3.5412010255911177,5.23799245639714,0.2202513527063995,1.0609093330781998,-1.9355419389209634,0.4745467484480591,-2.0237031424333476,-1.0280633027812125,0.524188310091385,2.0079136976721736,-0.1986465629217042,0.13482269367509608,-2.1176983920004004,7.998569049449236,10.283758739363174,-0.2647843102068485,-0.818883293591653,-0.8693182989889698,-0.07969931236070679,2.5501608051505595,-2.153763029745116,0.8340863728352509,0.366887359817862,0.9235864517757141,0.028402332958448486,0.26590569725360214,-1.5853288136409427,-4.207885750634276,0.3661827820071697,1.8650771992975572,3.035878693543908,-1.1686263268250021,0.7562130124281699,1.5158790538690694,-0.6899924507653264,-0.3834551414031442,-0.48637630742396964,0.7247904288272762,-0.7887680264513994,2.410827195136231,-0.9614182728000555,-1.6530620943613985,1.7504108542422838,-1.263307983664697,-1.4379575959075068,-3.719867531059349,-0.9991003199383623,-0.2564420678612814,-2.933494286554741,-1.909280754988265
2020-04-01,130424,133185,4606,14.8,120537000,3.9,-79.9,11,-60.5,6.3,84.6812,159093.40474103473,637270.3892426096,1917585.4333457865,171393.89502682607,1027308.6296078678,156632,11784.582486490652,576,936,1405597.3491817333,1076,146343.08446593527,196323.33818160804,118.2,118.2,256.032,265.746,103.817,104.256,18030.2,15.941512469056129,71.33896485378764,8.944,68.258,18653000,0.0575,0.6675,-3.027585847566708,-5.343149947698262,-6.145517879143571,4.320853249394286,1.6605828726472716,-2.838143015720744,-5.459775090056414,1.1996266744682489,1.0807370936742138,-1.152546345235019,-1.553998127193356,3.7988591967527623,2.343363765685136,-0.1028391390420412,-2.5014293180773888,5.683995101583353,-3.4222281444665104,0.8750239262191997,4.587406797166027,-0.6627930394914323,-2.612006385590216,4.320002500460269,-5.6503292888615055,0.8470082850315941,-2.07919411195802,-4.141786226195817,1.0113792702639146,-0.4017588775740407,-3.700894173177713,-9.085515389173572,-0.6130690998982422,-1.2566275805227687,1.534055081293233,1.1705483190033181,1.9044211860758655,-8.202559304927298,-1.016734895276513,2.042747753291918,-4.612356267475838,-1.3261319920766004,-6.25415940516144,-7.500571744018164,-3.351527910804402,2.8784250063120664,-2.661384490348357,0.22061788580929173,-2.8729296728373175,-0.33169250722636323,3.0971422455691013,0.9465418584224644,0.22662542876716435,3.1942135025908462,5.988478492123564,2.112923009252462,1.954728057984801,1.5411359654928012,4.7318341202148595,2.4888381289754826,-2.062164966463846,5.542428833217045,-0.4603107791933483,4.771447151400574,9.586896316994693,4.341748376918343,5.734236414618698,3.869654364669074,-6.079908914341229,1.943210386028872,0.2427354902476353,-2.2299826935542413,-0.15602135054158395,3.300609616845764,-0.6681959951112109,0.06895169313235883,-5.845930288193328,9.322458371067569,13.859110197739817,3.104364936817454,1.3745609127244833,-0.3216110409627004,-0.09191835766669525,10.638971543772024,-6.294373343426864,2.494154481692997,0.08599462838728975,2.5794050682445064,1.7164479326293571,4.803010075654129,-1.870705158630801,-5.4122546917494985,0.8237318817816199,1.1179091805377004,1.2396246502163526,-1.765066819421052,1.8117871446949019,6.137667943841311,0.43737874528978504,0.6755814650870876,1.5383061845854011,1.836236349277914,-0.27127946679441756,2.8202044655791014,-0.6609287467526754,-0.2242787843213297,6.7361952795174815,-0.4931872927325513,2.145277309394232,-8.28944116638714,-1.124064347530686,1.3129426782536782,-2.5339773886444266,-1.9359413529268992
2020-05-01,133040,137173,5612,13.2,117310000,3.9,-44.4,-4.1,-43.5,-10,86.0108,177470.7931558789,629290.5671997998,1865332.5544572228,178221.41386146235,1029652.4048732606,187039,12752.564620744077,707,1039,1397578.7670573744,1250,141600.74677136863,193561.9839482649,119,118.2,255.802,265.412,103.914,104.37,17114.4,27.484265835209882,71.98461702770068,12.508,62.78741935483871,10867000,0.05,0.67,-2.4794302686550216,-4.065563486212887,-4.641078621126435,3.048878913800427,4.578465859055553,1.0435456133250465,-5.532429155936695,1.140756515460981,2.343652471866917,2.9079988556817056,-0.13673606768889277,7.9417032675576555,0.9466387680772064,1.0460426306139874,-0.7931656402844309,5.293838818746081,-0.8251820594985134,0.6457522875836907,9.787880286271557,1.1166754515169168,1.8205136490926772,3.150464939061809,-3.693596048522,0.832509905262063,-0.048591993658719336,-0.02837132068505177,-0.8524330303094012,-0.5496176160957404,-4.259732865723516,-8.736862860922209,-1.8986353301132182,-0.2778899780847029,3.3963890775680747,2.192232583959221,3.862199164839199,-3.7878675651378,2.6809193013202237,4.263513661623255,-3.4478866607149015,0.5685471622054028,-5.300121268045372,-3.6124341049579214,-4.01817331129271,2.352025457214105,1.3291404981852564,-1.318373651823245,-1.9845428482144816,-0.559613262454794,7.355754882689522,5.8772627970522695,-1.3961520658413389,3.4917630436500913,5.714081716028855,1.7469766900157127,2.7884889306624325,3.000974547292971,10.223652135568571,1.97666086045316,0.8116576512882652,3.3324623604113617,1.382636024811665,4.457742027293447,4.1530448350727385,4.008618795054788,4.5029917547829355,2.6253498367935517,-5.228040845487927,2.7999864079913404,3.8013295630830135,0.3113740904557548,-0.7559621572096424,2.4671971581553116,-0.370262854109516,-0.3165954353232198,-5.369918362151914,5.910192628377907,8.25421559330428,5.238008018942511,3.293401456818522,2.0165135227694346,-0.011335299783579156,7.927259373966187,-6.1291331988667705,2.8824654926080164,0.22014859145027754,2.987549062553681,2.181454868990273,4.227823848911171,-0.18314312492731155,-2.744893522946701,0.7719527308978127,1.6910985116937731,0.28328618485467505,-0.45498584065412184,3.390220410569226,4.651285337718864,1.183243943234111,1.1010536305740886,3.2958007099804547,1.3016248838114,-0.7547171936050069,1.0322574050478146,2.4078531997227137,2.097272371863947,4.968012036562554,1.5877894601001141,1.3564588595707978,-5.506571057451262,0.041614044584625476,1.8026602748420677,0.9106553197077059,-0.3399208288629592
2020-06-01,137671,142342,6129,11,117202000,3.9,-0.7,1.3,27.8,0.2,91.6745,194542.03563170973,619513.9735016741,1838993.372833311,205933.82134256905,1019274.1262364127,201538,13470.589928333635,901,1266,1401917.8187330307,1334,154231.38545374305,201395.91108382182,120.6,120.3,257.042,265.849,104.233,104.531,17047.5,36.75419492866943,77.3888742740775,13.47,69.86366666666667,5961000,0.075,0.7375,-2.5322399614003497,-3.2669886253568263,-2.096906950481013,3.3710353756378812,5.111380362923201,2.201441452862489,-6.928507957248491,0.6814423074285278,4.104471733365999,4.426970051378391,-0.18056237261970873,6.111311982160968,1.7844580020546579,1.0473790846723412,0.9966608584660527,3.988505840025679,0.7832722695038516,0.37760531617384707,8.586075981410794,1.0099610010479014,2.96321400822878,2.510833035419769,-2.2842853553814964,0.939866595602075,1.1776951268893954,0.9567832795307204,-1.1511492058615345,-0.7675624558866154,-2.912421365276349,-7.239654577975909,-2.050845982845503,0.7093535303027481,2.942700149570163,1.015514730624333,3.5416013917995324,-0.08739125846289503,2.822367076748408,3.3761677229241402,-2.392885670944043,0.3485140047364479,-4.842699199258795,0.202247271788006,-4.727406152303555,1.4094842406106307,1.2398717600383147,-0.09631095496539574,-0.7136212007217156,-0.8097026030474678,5.673953183545779,5.3966843723550335,-0.6953186553032539,1.9879310624156188,2.970583650415147,0.5542300976667545,1.3069519573572457,1.4771372786367443,9.19715025413942,1.9942229649225327,2.0129163538618133,2.4722210423797586,1.5853939102878094,3.321857357266614,4.073049780091607,2.937615693113429,2.7500582257847337,2.193034402833945,-5.368094650999099,1.5081840885874742,2.5019151758045326,2.00597869135559,0.3009735127882586,2.2310592768858264,0.17347639175902557,0.06548866172205033,-5.459872253528017,3.6457588736104665,4.880506341863008,4.3241850510219875,3.3515133864874187,4.018535874318759,0.19876937789864563,5.818734593802751,-6.10533721919617,2.7072375794945587,0.8325020933787982,1.8884173864289697,2.2496097065057166,2.1919392542335276,0.24664770569462674,-1.2559223740545011,0.15065123391873186,-1.0453795159887824,-0.6908180109456915,0.30385768709136496,2.894800278488385,2.621503943534337,0.60351186110873,1.4737790880823793,2.4698421226530276,-0.4373994771842912,-1.304597759119134,0.738088130597875,2.7289211385045307,2.133547098795871,4.420869422802456,1.5471799099267958,1.5943369534424376,-1.9395478654521154,0.6556593492026642,1.2232479081960401,1.7949223803704306,-0.4272169082415517
2020-07-01,139255,143779,6530,10.2,117184000,-11.6,10.3,2.6,29.7,-7.8,95.0037,213983.78026854366,618259.6304655522,1836692.7848621293,219421.5982556138,1014832.0645728932,203716,13679.469033319307,981,1526,1409242.18660342,1546,165159.13698787347,221470.1044336483,122.1,121.5,258.352,267.389,104.564,104.9,17195.8,38.93309360774263,72.34732131385549,15.225,77.97322580645161,5534000,0.09,0.628,-4.141720043361676,-3.862017015122279,-2.7192230830499975,2.8587408841169824,4.428708628608338,2.285235429058392,-8.245693687000824,0.6327134614648795,3.9842063031237664,4.599863766497555,-0.24035289985488012,5.568417327020421,3.0095252685318097,1.2562694669293157,1.3842205259836318,4.913509461787106,1.567079214807306,0.05300336468389141,5.996685097516448,1.5914980545231237,2.6513445589428972,1.5337276860313922,-1.8308668429523691,0.6243245213391798,1.1547823411281386,1.2523499337650579,-1.12051194756955,-0.6204797299843603,-1.3740863139047936,-7.331011809962456,-1.3742841700672304,1.0551686368633484,3.703677571537212,1.5684708635040865,3.517606909357095,0.027966724502177798,0.6482293972206574,2.9549853520029292,-2.7035200935650545,0.5586990551009471,-5.342238668650299,-1.014032824492031,-5.8393065206835875,2.028444696950598,0.8795770041554967,-0.4341067712481139,-0.15774587918281455,0.6865243179711721,4.220445678012313,5.536179542728493,0.1468216916981726,2.002324401181313,2.3844090238478866,0.9644589988003159,0.9791826334944697,1.0231662012633675,4.002467574170868,2.476285704303876,2.0631101826410694,2.9351255843219137,1.882003725396062,2.404145384678553,5.757718021687508,2.199775278684497,3.1123757322155288,1.466096714679786,-4.726477262792058,1.0873696305360188,3.0424766245283936,2.9681816082441688,0.288691245587663,1.5817966378792065,0.2524791538061523,-0.04745991315496711,-5.728216043995765,3.4714960004084014,6.286903820771277,3.0377198182338443,3.6074411205910715,4.2849142016667,0.7332908734858699,5.888229482909386,-6.25608347311287,3.016041236017879,2.134971261892452,1.2191666316079184,2.6120305638384105,2.0922581313833035,0.8289392728897159,0.13817907217140973,-0.22678297637205722,0.4442662196285152,-0.9594012346059413,0.061035906867332484,2.5716308971750585,1.3061336428144805,0.7601898188600822,0.6645775026543245,2.0601857344121752,1.7548794568327004,-0.05309052192540926,0.6900580325028038,2.441299669531212,1.2302352609534548,7.431589922404998,1.6638433461363127,2.183469931509302,-1.5469672791297158,0.37730781506847505,1.227290440771071,0.9617328955886284,-0.48211978684084694
2020-08-01,140819,147245,6429,8.4,117294000,-11.6,7.6,1.3,15.8,6.2,95.9294,216301.35288453288,619842.3064822142,1837170.5512971047,220008.19930019925,1012309.4377758922,204667,13781.402843059672,1016,1396,1421919.7803350273,1533,168496.57250183533,227458.12159752878,123.2,122.1,259.316,268.422,104.887,105.235,16524.8,40.36725237636695,74.87888159754343,15.932,82.81548387096774,4612000,0.095,0.6475,-6.182751944445074,-2.5075285311724365,-2.6791869665330195,2.565288080796682,4.358671548517339,2.5330810585915864,-5.774017990973824,0.6359489630351067,2.1706996916881796,3.436498677234534,0.22974444996062726,4.681565402130373,1.946566520635809,0.8270585413879904,1.8367665587544237,3.795338929623664,1.0885152904854032,0.25764218754507523,5.075724355922898,0.8152644184767317,2.151819630536212,0.7613446728294024,-2.2506697758714402,0.5511059549607201,0.7423095558065075,0.13850358520207157,-1.1394248136225529,-0.4193336084479928,-3.2631374781137645,-7.349931745894011,-1.4901953209325234,1.2566336982245878,2.7016083001047098,1.3758705315230997,3.36005669842944,-0.22695084212451072,-0.2335465691123519,2.327407550905268,-1.89059660012241,0.012520261801219722,-4.933960267766078,-0.8266286021117245,-5.200597446241409,1.4918027325592278,0.8620150657510285,-0.7023315152879562,-0.013703823746616613,0.0048256496284179605,3.175664845438286,5.440272803813631,0.8716900866187852,2.612955923918675,1.098774584211589,1.1116593130256769,0.787705087015246,1.2760945225851554,5.059782297537944,1.8653954369761956,1.6137755791606623,2.373066787348232,1.0038054469234303,1.0682065014812159,2.99264851514298,1.975533384036501,2.399350228946205,0.9217636983668577,-3.549106326622272,1.097930754103661,2.5289926874782624,2.3327791383231724,-0.23811751606069942,1.609328211098243,-0.06195563368995659,-0.4630151536085404,-5.428605029605318,2.6646559978853235,4.690774196815739,3.0979095158909034,2.5572636173987573,4.188016737427886,0.32469069867846684,5.369860315839002,-6.464652610950353,2.5411314422377953,2.186513979673948,1.729400279511699,2.114010301386756,1.450614075343708,0.055341206209332514,-0.32529985110541404,-1.3282191224078608,0.5226500096100307,-1.3666946649776028,-0.6351346812415535,1.6342333566644187,1.484375945501071,0.7397081402209276,0.8300844194574365,1.419513662636985,0.1817018284379956,0.17709664545482753,0.5335132392949757,0.493359636464259,0.2988076886065214,3.9646412517407175,1.2288391088376223,1.4260407102687698,-2.1725079174122572,-0.011118957907948125,1.2309008295554666,1.2708011702256137,-0.0819557570015359
2020-09-01,141770,147620,6511,7.8,118220000,-11.6,10.7,5,15.8,13.6,95.8914,219409.5919882718,622697.6753041524,1853130.2007063034,221489.63311311236,1013337.9662243207,208195,13970.451040496542,979,1473,1437865.3161472115,1636,173759.11505435713,228022.96136930486,123.4,122.8,259.997,268.933,105.046,105.395,16616.5,37.72632941758848,80.90175393796896,16.739,86.14566666666667,3407000,0.09,0.6825,-2.346680143895247,-1.487165836423046,-1.1873072145634107,1.5049845742752628,5.59738932482364,2.513079967575078,-3.6472890321994083,0.883467021649903,1.0132534752618938,1.4418293417888473,0.31486126127448466,2.5560876242363517,1.144661744660621,0.3934874631684635,0.5786977749592146,2.5372230940405696,0.8074433320025044,-0.49268309959333395,2.6604515811243865,0.8228866392602056,0.8610899144923115,0.678105425108021,-2.5153679880769895,0.4080793706386057,0.44699714669740664,0.4150972905788121,-1.3458655346855197,-0.23014863238257732,-3.4091946795559958,-6.801248936904647,-1.4331155536984166,1.0440301152157878,2.764245099987812,0.4451402720210184,2.771086564112511,0.5239376818508061,-0.11768369433505985,1.7871396894827067,-1.2541524993320396,-0.8877743898806992,-3.6788069645015558,-0.2788268528491499,-3.9698605488922123,1.3255673208151664,0.8904965156295238,-1.0240751548077736,-0.08483029527622471,-1.3125792184949627,2.122873673072287,5.207680618028922,2.3131017275742045,2.360783844809828,0.25168736365882444,1.4312761963229277,0.5717934508045043,1.3771025389886116,4.078158738123058,1.281219664117009,0.49495228194404023,2.6482663803267883,-0.057016392003902405,0.8400528535792682,1.3178627138264443,1.7642928486281393,1.2929657683339089,0.9101647530728876,-3.3017954439700032,0.6198144845086176,2.231755113564497,1.9596367963242929,-0.9030688533581857,0.8213638900675126,-0.20163236178123817,-0.06022855399329051,-5.157188986297378,1.2221765468970165,2.460363855378315,2.781561943810679,1.1844951375221076,2.894438609716113,0.18211552088807784,4.362713682411187,-5.861039641872353,2.5796786436211647,1.8430954617505382,2.9145687532421354,1.6877055862165908,0.5152438382103677,-0.15761902431229147,-0.2448975748540549,-1.0764960049161252,-1.3889830116599935,-1.6588170744912998,-0.8612505527181991,1.2656031146475808,2.523116973574807,0.5820111263371995,0.7756251293582572,1.861508507690207,0.1187055661045863,0.2037092435579317,0.40731974471775984,0.5888168201387803,0.07604438134977165,-0.2523323323704047,1.2791860000498876,3.166854436666508,-2.617195588231742,0.2473388427273452,1.297549752984021,0.6350581940675665,0.1727329643830424
2020-10-01,142461,149931,6798,6.9,118860000,14.1,10,2,29.9,22.1,96.5256,224856.81121915023,629506.4030597683,1871436.6339816297,224745.49502407093,1017058.0176203072,207097,14010.617852453714,1031,1543,1459831.9791448633,1613,176870.96835575515,235027.49605160506,123.3,123,260.319,269.306,105.106,105.47,16552.9,37.48596654805625,83.21168301598314,16.613,90.2741935483871,3977000,0.09,0.77,-1.9820290365231281,-1.6616080406276315,-1.4401236449591317,0.6796682112201117,3.984223500984353,1.0987183103958833,-3.6892534625541313,0.19891118584355952,-0.6504585465068281,0.20755395267523294,-0.9313980795822177,1.5008563308446696,0.4758092145648165,-0.9862812137040061,-0.9824744233880836,1.2227653983232865,-0.18078025376246962,-1.2387189237492922,1.5093830139402102,-0.13824437903617529,0.20541563532891738,0.0027479727306849834,-2.941724875756436,-0.48162434250152564,0.2257478726743574,-0.42862804245877756,-1.4730049097772218,0.2026700169177115,-3.4693348878467707,-6.257925925059159,-1.8962811719488883,0.44535943045823806,1.6402129018999294,-0.3176604486864163,1.147333203575845,-0.4087421303747236,-1.2708303892492399,1.2905772596535023,-0.9832374598231097,-1.3032982140670795,-3.6936281628168124,0.03426027175360756,-3.923159837698603,-0.03910036004146682,0.38606944239088775,-1.1847901466346495,-0.5266693098477853,-1.3320069174045766,0.9117885574340767,2.3033189079368235,-1.1808977300630736,0.4374666620370536,-0.4220714172257513,0.05077092307033726,-0.2848356339600641,0.4074238819665548,2.4709091916578347,0.7131600640408353,-0.21231248492111537,0.6093535030788861,-1.5531149566614952,0.24417021902899175,-0.10164227848685484,0.4328461485128327,0.1699379026356665,-0.7799343019315244,-4.030080516206154,-1.162479682606853,0.8557031931925927,1.8038456812318273,-0.5325520070851602,0.8493973257782825,-1.2305876493300032,-0.09485158848776568,-4.645730762256551,0.4036738199157408,1.4537314983441691,1.8493562663561736,-0.6310705242729674,1.2157180180193352,0.06069938207115193,3.057586241596059,-5.493317605746603,1.5110331545991567,0.7871185328251229,0.7570156705993817,-0.2700147486834745,-0.9955239526883322,-0.418358737941795,-0.9184160239234579,-2.3012310371026525,-2.9185420930027037,-2.3092339901692465,-0.14273295148346624,0.47696926839860865,1.2914067629299546,0.057929952659605155,0.06098590424384298,0.7902407559252977,-0.17630258259213635,-1.3403719268721643,0.10215739665049071,0.5850114586858777,-0.6049314471803937,-6.751976363057091,0.47105428571878327,4.272232178353155,-3.0527578701728677,-1.1875706296689956,1.0885704201257254,0.11806568052564276,-1.4901798148713528
2020-11-01,142731,149934,6820,6.7,119428000,14.1,-0.5,0.7,29.9,21.9,96.9529,225340.9360893324,630201.9482062248,1878100.511367636,224795.43834640057,1020870.5155618913,204645,13974.72083630316,877,1543,1474902.3521026373,1703,180782.13352340224,241935.85174625803,123.4,124,260.911,269.981,105.225,105.578,16350.6,38.907103825136616,78.34313152045432,16.352,93.33,3005000,0.0875,0.875,-3.256508128952823,-2.674715881731636,-2.0882172976330207,0.9687358961884434,1.4802411228104153,0.554601475657914,-4.591537930474823,0.1681553398924556,-0.3094324114329678,-0.24092231764350508,-0.9252201955774414,1.7708867179256278,-0.1875103072715707,-0.9504354941661353,-1.1348317905268432,1.4774636408404844,-0.32651432806718445,-0.5500992153182611,1.4928311785632202,-0.4653549599694913,-0.5847116042241568,0.9050958447729842,-2.9883060823531675,-0.4469280580194812,-1.2076677643245426,-0.8670394370513995,-1.4194633406749677,0.5466137067782895,-2.326478949223433,-5.750503839016379,-1.575255685850529,0.41726844502473315,1.4665895888626161,-0.9522210653807471,0.8769460007771398,-0.3247503910840762,-1.2704873706698865,1.4443861757322014,-0.5932749084906277,-1.6516983198408792,-3.601060582354604,-0.715081880162185,-4.130261047588354,0.13624347074091245,-0.19296216938025093,-1.323731371900487,-0.7438346736542606,1.2451492734223049,0.4649113326112964,1.6554608425576025,-1.8590217054221498,-0.21041249516480376,-0.9066706565418414,-0.9797588051770145,-0.13456560129523024,-0.6368259766253361,1.5709497602154445,0.6748556866639857,-0.4460640137613182,0.8558492513768781,-1.0354248477210068,-0.1873312615374459,-0.3579972829048121,-0.2326276093593353,0.1529056778001927,-1.157503079046716,-3.3712701305356307,-1.168750162757249,0.5536227396699519,1.6579006795959939,-1.0746696207794897,1.0139050995902088,-0.7879234435532572,-0.21369907383524223,-4.550078431638753,0.6525392448727332,1.6374039650808594,0.9582104991633216,-1.947617465591902,0.27439981768814153,-0.0656914525328251,2.4022077725469444,-5.650167268969655,1.7625390630652091,-0.22008567793530714,0.555207137599287,-0.7841590071412847,-1.2904110740356018,-0.9121713513080321,-1.172430208126719,-2.681256868515135,-3.5752904279124142,-2.134233084894867,0.05532067612886424,0.8318409637588485,3.7527086723929184,-0.43736721083875857,-0.5037089216743937,0.5251280476347366,-0.4703804347630389,-2.0179581215034914,-0.1261034158696099,-0.34077086689108166,-0.6933181138707487,0.6300354371802339,1.4296057556464552,-0.42703391128051915,-3.3168888435711117,-3.0495144730054213,2.688566269726951,-0.02530906663272666,-1.6713557378275972
2020-12-01,142548,149975,6773,6.7,120141000,14.1,5.9,4.3,12.5,19.8,98.2039,228795.53410918725,630349.1342605734,1884141.1474232143,229094.5217144479,1020494.8434099726,205517,14029.047213549058,874,1614,1489063.298325291,1752,185877.56646797238,244471.56779260098,124.6,125.5,262.045,270.341,105.69,105.904,16391.2,44.48859873214117,81.15907354943982,16.972,94.99870967741936,3347000,0.09,0.9325,-3.958978274227945,-2.812898099408734,-2.3580245416689936,1.5507070572401433,1.464483209734016,0.916089242586346,-5.960710141354421,-0.2343854017987552,0.5505407684934035,-0.40342008765312987,0.12386507349245013,4.824417243321912,-0.06562628110875765,-0.5610369981625433,-0.9924638248371281,0.9659159332121627,-0.09025305243577682,-0.1301457811282713,1.7069486240295326,0.08328151924963226,-0.29706456365128286,0.7191309852883484,-3.05400081817835,-0.29211436480407876,-2.1741112721798035,-0.7720386951335501,-1.4823814846452974,0.7421028717483417,0.27328781752811204,-6.229689852713719,-1.6377375709767905,0.07292639639706551,1.265099301900047,-0.8321163020588487,1.225177633266583,-0.6946902144490105,-1.61653952583297,1.1914581826194175,-0.9068260729464717,-1.262849665004813,-4.195139106280015,-0.966795835536409,-4.24697370834075,-0.09706961914425649,-0.5056700955191555,-1.4790686080423605,-0.8428228037011679,4.296287505248501,1.4984918843821924,1.8915706813945175,-1.6955653681530651,-0.19083439907701866,-0.43540345498533156,-0.24888376339345927,-0.10766464089865513,-1.0470395997755573,1.7692576365025836,0.8039439168681825,-0.42900354546921027,0.8540430473757383,-1.3511306993016314,-0.4291828627119059,0.9099874732556109,0.4016298233988631,-0.0021980984887239804,-1.328822480849046,-2.5163461775091323,-0.9463934092956021,0.749680325827299,1.3695153057446032,-0.6949169334636713,1.45433300033209,0.4178113203266923,-0.2136593559166342,-4.665182896697414,0.8549604603632537,1.502032764514391,1.4244215835409801,-1.4620462279526483,-0.26735793960564946,-0.16955626096975962,2.762997039138238,-5.818013719544895,1.2483526135188279,-0.6093768038583729,0.6603239854948342,0.45456110380007375,-0.3583211876928139,-0.7271048467260544,-1.0965866059280382,-1.9208921799016931,-2.768613852816439,-1.7732258270932946,-0.1844706761877571,0.7670621617046876,2.993071623188727,0.21644160698994452,-0.1420951091127656,1.3387638908781572,0.08078411387604797,-2.03264244862026,0.24082357127974013,-0.9434732292807417,-0.5322257837678995,1.418409845517068,4.512150567533574,-0.9417716922810138,-4.056707027271189,-2.466274737183957,2.3907105334567986,-0.12164819638265131,-0.07589944237284119
2021-01-01,142913,149852,7204,6.4,120591000,-2.4,11.9,5.5,29.9,25.8,98.8135,235605.13937200117,636765.5515021257,1897725.6225796577,233862.16453154606,1022846.2618892754,212927,14216.698245713264,898,1630,1509559.4958664442,1855,187676.63056286116,246900.06881404182,126.5,128.9,262.639,270.416,106.083,106.244,18146.5,49.01822158121471,77.32302282480214,16.697,97.78935483870967,4139000,0.088,1.054,-2.574396895771344,-3.456548313829959,-2.8405419500364517,3.1996835258163747,1.8783692498862816,1.2255208037253915,-5.120117114952774,0.3900570475029993,0.576768623367426,0.04505409817333491,0.12631430610144995,3.8586067739753127,1.3339455821269388,-0.5458425951588692,-0.6817490790053702,0.0821511304611181,0.20237392291871265,0.5859702676713818,1.712393829190413,-0.13841756769019725,0.5214466465200841,0.197368045133369,-2.508297525157306,0.22439701775792287,0.11153861959991032,-0.7875008726824605,-0.7398244133933526,0.19086326615096572,-1.7299040526582345,-5.751647281785248,-1.5786276743901881,1.0550706559533616,1.6948092171793794,0.1987541547631881,1.3307215512048403,-0.4101802412891785,0.3751711450551474,1.5814285499141474,-1.2551181748896036,0.2240860669579541,-4.470760427416135,0.16223261752518947,-6.90892084214041,0.12926219664164004,-0.35124459163236066,-1.079602556853447,-1.6047728948626898,2.2446467156750742,2.029030923296715,3.291975299970534,-1.8142597061392465,1.176938409749916,3.3617741068712523,-0.36168246539328985,0.1776138915512971,-0.3810253986152313,1.8649549025792649,1.0469502949983502,0.056409945868401326,0.35278094315413955,1.8351548248708178,-0.15240704606306923,0.5686754344303775,0.006336437191317018,0.2635045886451237,-2.166894492970639,-2.6258018121646343,-0.5856407450332577,1.0261218502944756,1.1657155981836582,-0.1506020988614535,1.1367798522184192,0.328440575968716,-0.6901956015059159,-4.398726034207115,0.3935575432733124,0.6225290074467762,1.908595197245803,0.5063338203260838,-0.06925302281835664,0.0454642031650601,4.056950055410316,-4.546852532643054,1.1181525400829533,0.7549556043837998,0.8261407030698267,0.3827575637341869,2.0560783627149055,-1.4537971136646433,-0.57029273102602,-1.3308635242312528,-2.9712017818056062,-1.3858066256007924,0.5460340599123594,1.9611536427005016,1.824459612489747,0.5387647255032707,0.2980250137005355,2.526894630905334,0.587791424066152,-1.868208551289723,0.272073453469712,-0.770497159059333,0.2455561759015599,0.5181746183120135,2.8055418892547137,0.019655416444512852,-2.5174248048501937,-1.615054720134533,1.1470014743823551,-0.525905302251376,-0.23138029337341634
2021-02-01,143422,150189,7752,6.2,120782000,-2.4,10.1,9.1,30.1,17.4,95.5072,236145.05358266569,639847.4702031539,1905957.270703536,226074.70578843064,1033621.3616853415,206732,14073.691427712709,778,1404,1484146.8568906086,1711,183842.5486752261,245483.74674794078,128,131,263.573,270.776,106.471,106.477,16633.9,55.45171924749462,76.0816278972659,16.124,103.26821428571428,3020000,0.0775,1.2625,-2.675007190538021,-3.0471283288836983,-2.6002042242428454,5.51906019327284,0.10419849991851309,1.521975890465328,-3.8354118191705098,-0.06365254621296938,-0.26378138097750853,-0.06633489161820276,0.056364879053009506,2.729085747032969,1.0418994761389992,-1.6176129318092425,-0.7244218291303116,-0.36413147308016164,-0.046589162391083266,0.6328479378242677,0.8685483068983286,-0.8935046181525383,0.013220059914807653,0.38905214344297295,-2.4557941592830947,-0.08001850993662823,0.25391328726168033,-0.970791561381109,-0.4633698328044092,-0.7533112538131916,-1.413082951008609,-4.562771840961672,-1.9402586355050362,1.5398865415152048,0.934782842503777,-0.016416994136703028,1.5361345250132001,-0.7990913346332336,0.5946135946287325,1.5276705371630623,-0.7583834192841619,-1.039078465674557,-3.9948457865106803,0.8673855141609519,-6.114790140002353,0.12646678031460123,0.20222830303805203,-0.22569623704047997,-1.5446212109460336,2.168218430412625,0.7053554747757136,1.5265101966216568,-2.1404617394962404,-0.07913040669582612,0.7957851494886216,-0.21669636769515888,0.4400015746198695,-0.332291917692735,0.9725755068300579,0.4821781351260228,-0.7983628941411591,0.32983198944764214,1.2313446789146434,0.7458521065289232,0.13055693898832513,-0.17363290120329483,-0.1434812199171068,-2.4204898269649635,-2.8880830276837832,-1.1665126359432416,1.6802116975018564,1.1773376905368291,-0.17688034350655085,1.5120550531671433,0.33860904288158455,-0.8110731620211364,-3.816042369585216,0.21963448091959364,-0.005928775792724217,2.0841547715006055,0.1871975515368019,-0.11016102720136921,0.09345514452067509,3.0918927698904257,-3.7993149969776767,-0.4738232070578034,0.3933804002262779,0.5210764423040413,-0.6154186827090207,-0.15298809616824505,-1.2820782880704318,0.13248369336132587,-2.387253102154673,-2.6586705189695943,-1.7962264775441903,-0.20654505298828943,0.5785874918864105,1.3178286121148173,0.7853769451044199,0.12754367222787202,1.6066630888279079,1.0695335634077914,-1.7617298416558473,0.15431377072550123,-1.3109346424054416,-0.2372846756523465,0.2872039664121284,0.5392787193350244,-0.1690717985871832,-2.92328718292482,0.23163561679415826,0.9620726900262164,-0.4014025069284154,-0.33994919874406726
2021-03-01,144246,150644,8470,6.1,121185000,-2.4,23.2,11.4,40.1,26.5,98.1929,237130.01719112045,643386.0901412661,1901790.8281451764,228343.85978025265,1041512.8185963077,227898,14680.095672322295,871,1696,1505034.0085208162,1756,195222.92398535018,256566.26055759026,129.9,134.3,264.847,271.453,107.032,106.898,20445.8,58.23492039763809,84.34104818712099,18.496,110.65354838709678,2677000,0.07,1.5925,-2.1976751482228516,-1.1280303190581267,-1.709719941236946,1.7210138621252193,0.04373455228422021,1.7583953270396087,-3.2108892970736274,-0.32177342962627453,-1.0402038368983066,0.9319231128575189,0.1125073530017878,2.0191054743638257,0.8664160923977855,-0.6014977282302783,-0.6906485564970599,-0.4367354782913939,0.022381467431964397,-0.0013846437597586497,2.1040245045410813,-0.022238599110431467,2.1919753004347715,-0.2109963293729349,-2.0174723182547276,-0.2680041763998774,1.0562977759375594,1.017341005196423,-0.9010725313825689,-0.505229147658247,-1.4212234531370607,-3.426810923537703,-1.9129994492184896,1.5420096191804935,1.2852784718236667,0.2806726878575697,1.5712472158001396,1.925247388350956,0.021064759842595704,1.7467471581647285,2.043496557919153,-1.1522518417338887,-2.6525661498502107,4.380070099186208,-5.275609402635088,0.46796231334322413,-0.25959553631089927,0.44590958978505635,-0.4750455932425557,5.327835784598546,1.5731149951199186,3.33207827528088,-2.125230363860171,-0.21961134982442246,4.731149665378329,0.26062980735721625,0.5330484491250426,0.3620467473091277,2.2565468331950327,0.7470919084605626,-0.30580026066073124,0.2117295570296849,1.180162005894803,0.7535954298190695,-0.5976321803470827,-0.6550425997892879,-0.8234752025589237,-3.7779737927007764,-1.7741807228596327,-0.9934571017825897,1.936584076750616,2.4338011780075783,-0.4065874352311593,0.4015955911219803,2.806109658025152,-1.224581515339994,-3.5288136607413247,-1.2220691607391307,-1.6263904992350608,1.0719241085943159,0.18822303161732915,0.5390201075751018,0.32786649198120765,2.526527804324168,-3.5051671977432433,-0.4120351714625572,0.48648617475388267,0.38794145686034887,-0.806647877141312,3.3035700767735907,-0.030785108213015833,0.034574999853593,-1.441591219283896,-2.720991707773423,-2.325844152825625,1.3682648371837385,1.835834926301126,1.372964768414477,0.21646606337271965,0.5120436110505245,1.9911315397766471,0.23164312375952928,-1.5880018116893821,-0.059236109345083235,0.49212739255540794,0.18789441089719067,0.13185901109770268,0.7495091132875689,0.36340289990144514,-2.0462938279404,-0.19031184291073833,0.5777269142618492,1.0526208003378,-0.04390005568952299
2021-04-01,144611,151081,9356,6.1,121239000,6.4,23.5,28.1,44.4,30.5,98.3317,234700.64664783707,643887.5055745504,1892815.955604834,229012.74713839748,1046029.0619889995,228396,14786.494722759031,828,1495,1502530.8458451019,1721,194288.87319756203,254787.60963282292,131.1,135.9,266.625,273.626,107.632,107.549,17335.4,57.343540954363014,87.83896485378764,18.697,122.00766666666667,2356000,0.07,1.646,-1.1782490990481347,0.8583635180288466,0.34791511618699045,0.85622917850143,0.01710693513132659,2.019830573134447,-2.297401804911984,-0.11215051416076667,-0.5253313592082753,1.0429788265953728,0.02342655803873369,2.264035844189171,0.9063695422168521,-0.42078451261384137,-0.42208493215267584,-0.5432952651518264,1.5879871679192301,-0.0202784169286839,1.6647825405766423,0.30827975081880443,3.128068846247581,0.31214270783922815,-0.6949026784959453,4.556128464737186e-4,0.7406798019193563,1.622807610579884,-1.1145440390385848,-0.2244445816100285,-0.4445243716021761,-1.958728791787426,0.6420114698043354,2.2658344789493956,1.2906299820812532,0.3189860448966777,1.2313442560890822,3.212097775373916,-0.2284824115013505,1.7703501703766276,6.204184309829246,-0.03568619712904668,-0.9344114026635097,7.2276083151769415,-3.466908506061209,2.0021728362668343,0.10999865411793347,0.7517498587778515,0.21411555938175536,6.671932719174279,0.6310775277362541,2.6281610598328973,-2.1510164896213104,-1.2072169504561585,2.330631306165558,-0.3400231344514346,0.12981492610595127,-0.1553485876560125,1.6035834221283798,0.1909764833446381,0.5085057851996844,0.37857875568498206,1.368421217608422,0.4787281450371444,-1.227709904153318,-0.784379766780535,-0.8295130991656988,-3.680961805906216,1.0298232430333933,-1.1270482836935412,1.8824127298370739,3.163324195680035,-0.28365591162481785,-0.10325240861309286,1.0017796208220922,-1.0690111019931139,-2.8542718786893984,-1.836371824449388,-1.8807977778766265,0.6459720294303203,-0.02243749711298052,1.3453835318992713,0.16359385646575647,1.1040724007052176,-2.353354709936305,-0.333305840651446,1.2868802237798063,-0.15145457615962166,-0.8396613487974834,1.1609422345350606,-0.2909587115935664,0.2990763086441741,-1.4244139283941528,-2.225953608455855,-2.101573914082896,1.4607308963309629,1.300067912251017,-0.5152307531651292,0.18952188792205213,0.28366729558595016,1.973742940490561,0.44588606176537726,-1.530163047128646,-0.1635663545570295,1.1343692098992224,0.5512304072184931,-0.8782908590058562,0.6855450553568344,0.013937768816272095,-1.2331534832502151,0.0040744512292082286,0.39080614526659113,2.2874039026236526,-0.023323777821583375
2021-05-01,145032,151535,9905,5.8,121363000,6.4,31,23.6,32.8,37.7,99.1867,233869.14885750203,649283.627893219,1892710.2627363366,226849.6265621534,1052344.1544036085,225512,14743.862308659322,725,1589,1506754.2335280634,1703,195630.59232418844,256433.48369444654,132.8,139,268.404,275.457,108.184,108.103,16836.3,60.23996154699402,82.58461702770069,17.466,128.47032258064516,2346000,0.06,1.62,-1.0807495162390652,1.4620927124390015,0.6229471296861939,1.8390837707255023,0.04131068666366129,1.850226187023773,-1.9895991652294356,0.002107415872731583,-0.8078640323268729,0.255540557080577,-0.544409828786023,0.9246288043569142,1.3577325990634688,-0.6879890640443198,-0.024313606097925648,-0.7750084542668602,1.963716531123839,0.1581082243086715,-1.1987665864257844,-0.36035263714039945,1.8278224589949232,0.8449127081349646,-0.14117153750723424,0.7140863526436052,0.9323371868002042,1.112356299833054,-0.9237278950047916,0.21954304937093475,-0.054200736129311824,-0.7767853559655874,8.127225806174732,2.0018045122969808,0.41772745896636065,0.33248917601806693,0.8113069179119248,2.890050612276557,0.1272667613607714,1.0248280012506925,5.561843640433706,0.09976953440090161,-0.6920647723431267,6.012890952281079,-2.5447651794527357,0.7946341214948841,0.18115284474258017,-0.05150042866946256,0.977718010544394,3.898335278886238,-0.48176458904537983,1.672635307365293,-2.222416367089692,-0.9428865921100165,0.2269556275902319,0.07481794838268016,-0.3499407615013668,-0.10369330699439305,-0.5901822717442444,0.02399370298715926,1.0497644150481087,0.619114616396913,1.0383403632074226,0.17311891765107779,1.0503189354708555,-0.1759927704837852,-0.42809497486542086,-2.9608908445838686,1.890184858081867,-1.5399431455835249,1.3930850564980188,2.723892813578786,0.33776154088737587,0.597911825201324,1.1496015175436243,1.5023397811275094,-1.751835126038543,-1.2499419898626845,-1.2142126309672712,-0.03586657521503521,0.16792185115580008,0.8107160094032633,0.45347737501727475,1.240331393449246,-2.175675511737764,-0.061839190484449594,2.7179637537131125,0.05421018666288069,0.2811470439554321,-0.2418266532725596,0.05443064588910955,1.2009692107751222,-1.185416246650381,-1.4932651697000325,-1.4056256277055956,1.1759139291395673,0.9093979973376669,-0.5095975863565723,-0.057672957403016756,0.2900077254692835,1.5741460442656872,0.999631628531053,-1.9547935692190836,-0.06286889212249226,0.32515239373695753,-0.013381589755884368,0.25082240551510215,-0.1619929307461524,0.5620559449987621,-0.2961066345032169,0.7597981248599539,0.2943091857794088,1.2103907920424364,-0.495269686505597
2021-06-01,145828,151734,10298,5.9,121715000,6.4,16.1,29.8,31.3,29,99.6483,237506.8966785596,653051.0905947696,1901678.1571204483,228744.43667929524,1060261.338139552,226054,14881.744951631294,695,1650,1507810.7183580387,1654,196793.50424835397,262254.0184647074,134.2,140.6,270.71,277.608,108.748,108.595,16757.8,65.63798874462059,84.7888742740775,15.903,133.139,1639000,0.07250000000000001,1.5275,-1.0445538223740773,0.9810848775902898,0.6357941039196934,1.7765831386174504,-0.3451494115682538,1.4698309784215051,-0.8388100555068136,0.2439286918831786,-1.0618957494743202,0.36608901488820345,-0.659869164192671,-0.1536155145383303,0.6964911613426177,-0.1772930365162046,-0.41462133609179597,-0.467390429562099,1.2635353560658913,0.17089092863498812,-1.3536630148620377,-0.11841207450052246,1.0199832850731743,0.6767935854700956,0.7891145312289198,0.09525580012317125,0.7877560493679976,0.3816745243862406,-0.6675997896461732,0.8317290715279393,-0.20355415505906757,0.7336050377946255,4.602336983437622,1.9603574607582368,0.24717183777906124,0.3579988727443712,0.4607345096818804,2.515720726818419,0.8110312543534798,0.9265984409420543,4.553386031943254,0.6354320862773425,0.10499001634807614,4.48575343302419,-1.782122352524218,0.8238033530218776,1.2525479173740457,0.25308064226556365,0.9190162722868476,3.0795786415735007,-0.37886208154102863,1.3343097746000276,-1.055585745458494,-0.5662677969946711,0.1449794422861833,0.2743293333376216,0.19543570602051896,0.049635187552281274,-1.3001335778842265,0.05823638254378869,0.74868468396251,0.993642569661323,0.595291544844207,0.8060326782521071,0.3583013786142919,0.3755864495914515,0.041426943002563506,-2.18869562003259,2.933792781119594,-1.0438678746458074,0.910610487806624,2.3013498513022546,0.09352700253645382,0.5239601337806721,0.3218158619191451,0.72396613067847,-0.19082601288338832,-0.9699422968327205,-0.8329151348047522,-0.4834736330095432,0.5946241486785308,0.6700601536770815,0.23491616092989134,1.115142669647004,-1.4111411700564822,-0.13032511667771424,3.4226658329654516,-0.36847731422376573,0.21641367219010438,-1.0013216432478904,0.9028375174518325,1.4924040079139993,-1.578872483600204,-0.15552874319447016,-1.7026494271136425,1.1563851207461449,1.2071618091873917,-0.6173028034721463,0.10075637945595164,0.5496670859373045,1.5119373565645948,0.5997081233032663,-0.3604790693192729,0.07640981891054553,0.29357807234628275,0.2045127029725442,-0.3403977997321359,-0.44921873081875807,1.5563068618227873,0.6893582478486598,0.726754711356579,0.01940914571171647,1.2469854553601043,-0.7291213969642047
2021-07-01,146759,152773,11049,5.4,122729000,8,36.8,20.2,27.1,31.4,100.0668,237397.39190116676,657171.3566689545,1911880.5248805643,234406.77190574238,1062757.2637840312,221285,14846.488217799128,726,1597,1520437.4285060626,1658,197928.16289178678,261226.26401281168,134.6,142.1,271.965,278.639,109.275,109.062,16867.8,66.33722260352322,81.04732131385549,15.207,136.9593548387097,1850000,0.1,1.338,-0.6263782253009965,0.9949833847447508,1.2816513830367058,0.6592890388652796,-0.06359862960008923,2.2677357852218765,-1.2031867746595588,0.13578825574224104,-1.255067570414354,-0.38507753236888265,-0.8441808560910998,-0.03225478988397778,1.177952711941757,-0.5221280386687461,-0.26224697636265965,0.13107329542296192,0.5285308375085531,-0.04151937334233804,-1.5877029530862075,-0.16428246614790748,0.2498883572053532,0.9924368447397343,0.7881305198434784,0.02109786817839208,0.9899687293131082,-0.09342427014224153,-0.4787657352945157,-0.09141771399410516,-0.8357435532800632,1.73930741261475,0.9765296048008866,1.6727012012092435,-0.14101471113524403,0.6523550223694764,0.07422283065818747,2.275215033349031,1.6101904981904909,0.12747567909350213,5.0088785880178985,0.7151721683616636,0.5531990903417606,3.837832005209446,-2.0293626950672685,0.7140778739290509,0.8774526826547739,0.32737371719732666,0.6233694606677105,3.3384794566149414,-0.6942998522490105,1.1574185766695106,-0.7854811816971514,-1.0954078663760907,-0.09879718920711714,0.19348943288158788,0.19707426320958626,-0.6921932434630474,-1.8858502327401534,-0.303720041539041,0.2792699325200636,1.2855141909843848,0.9894081152917936,0.8814277676074848,0.2567920516225287,-0.038497102590621446,-0.22855189773393284,-1.8882544683107423,1.830273826800654,-0.6950371372781262,0.15452400182335727,1.8355160326077082,0.1307003506217577,0.4513654460792373,-0.053454352828519514,0.9277795627556643,0.28909429397475367,-0.6031836306301037,-1.0966029507548154,-0.2507617768853781,0.6042281505410978,-0.03812539256276071,0.1702300355994481,0.7968425806355883,-1.052038824752519,-0.2994110151452926,4.111717324325005,-0.7533087985503882,0.9585931397382699,-0.9343682185983195,0.502870740033701,-0.19247543029010028,-1.464077709897159,-1.3906602487729351,-1.7348962618072634,1.0479127654952778,0.7939055085266286,-0.608939009312514,0.5152900671004543,0.6609985811684823,1.208288545715552,-1.4682174649633901,0.1624755285431114,0.3583587732560587,0.6285624965385213,-0.13801763891021554,0.1825056217534917,-1.1620575600171756,1.8246408823355136,0.6021268062306381,0.5751520937255346,-0.05690956244993878,0.9484941636316917,-0.9899737619597775
2021-08-01,147246,153250,10956,5.1,123976000,8,21.6,28.3,17.8,25.2,100.0412,240874.04301859278,662890.9952606634,1919653.73326558,231687.02150929638,1072286.7298578199,222009,14938.570907765219,686,1594,1519098.6146554868,1736,198439.66460080206,264598.0678089683,134.3,142.4,272.752,279.021,109.72,109.436,16832.4,61.72985781990522,71.07888159754343,13.765,138.91290322580645,1440000,0.095,1.2825,-0.03063405257700498,0.2974458797998263,0.8793024524320358,0.333181436351383,0.2499032837717243,1.075768442050688,-0.5415216681997259,-0.15601596997559783,-1.0617346850616713,-0.41102987803713276,-0.6185717797185433,-0.08623628374052966,0.8722077242838275,-0.7168530403780298,-0.14391670842545212,0.7378141885241148,0.8436853586055016,0.0975092835059129,-1.1781443684470982,-0.16512426471540154,0.7011642617536871,1.3282093527864285,0.946170628384001,0.06564019059669404,0.43970563147722663,-0.8872412335281741,-0.4499174017989482,-0.056486665262320025,0.03363653707622527,1.354310953118236,0.289652959897861,1.6142742533602903,0.1860002954951844,1.3578861810959697,0.3009988634004309,1.8693202863854692,2.0276481870707634,0.33608651279725943,3.366542273807898,0.07377725723876108,-0.3172074274939817,2.350223389532909,-2.3449852697505347,0.30946958778723127,0.08961556634103493,1.7823190340147717,0.3601303852444617,6.447421589536074,-0.09647713375813274,0.313729833081722,-1.4599095511753346,-1.7901553427460049,-0.6115342195580968,-0.15157420806195007,-0.058058462191186835,-0.3593874471857024,-1.2940381556215377,-0.4871517938230609,-0.1682411845277546,1.079957332952802,0.751186915760702,-0.12352611113643759,0.21637416869977122,0.12154501013594007,-0.20576484513997503,-1.2916478539947036,1.4818581960870403,-0.6926566647995579,0.7393440484667197,1.979303792796788,-0.0313764833544647,1.6648326316069757,-0.292468776312767,0.7643180027023468,0.39732850757682203,-0.1237136159872466,-0.7005795016453534,0.5070957264705471,0.5186510652337034,-0.832451944255098,-0.04193945204049405,0.7243360377173668,-0.3321630345326453,0.03372163891650244,2.9949989914878468,-0.8675559291282178,1.1957760264794606,-1.2609521214338102,0.589423062396755,0.12380866241873012,-1.6707972174684884,-2.6360897891909882,-2.7454870204227406,0.7209152145973998,0.8941896649122613,-0.6514945592782486,0.7935081193970277,0.4648432006710452,1.4950876082137614,1.1600690459571352,-0.2023539780716308,0.3097896086742938,0.7153716621673828,-0.30432397600290234,2.7200839329192323,-0.7132513282555093,1.460058500232493,1.1667866119793262,0.42396688552138884,0.1012758670407789,0.43209479633948644,-0.6012471562891489
2021-09-01,147712,153843,10879,4.7,124871000,8,28,36.5,31.9,21.7,98.9955,235528.45602333552,670305.414959063,1945521.5958944303,233234.89054676637,1075946.6409806719,222555,14973.147836833354,728,1577,1517147.2189155545,1640,194628.65866402537,262469.67204921535,134.9,142.8,273.942,279.727,110.047,109.657,16641.8,65.10854453097313,73.30175393796895,12.722,142.86833333333334,1422000,0.08,1.3375000000000001,0.014816595646566795,1.0259575767705709,1.0721258139137997,0.459448651609874,-0.297209809127393,1.725135536261646,0.5397244171499813,-0.0012340479932308607,-0.15072590545908304,0.1976264768430326,-0.1661714623015449,0.771675797869239,1.510114293571978,-0.22534552405378355,0.31121899122101077,-0.07244237373019385,2.1819211236121983,-0.8439119119885525,-0.2754081275980983,-0.2382360727452574,1.397199976760456,1.2871849344764694,1.332536613972107,0.31326967521540683,1.5210178173478512,-0.3440379924447776,-0.5500468293985099,-0.5645296742310334,1.2645547473033298,1.9279213200070682,0.3741689363976838,1.5305443762484765,0.8914536786800555,1.9604589235475667,0.7562615046708027,2.4408280915650566,1.5277092230746852,0.6915728587835069,4.020643828683373,1.4735354951499056,-0.31828367803877744,2.9430370660552487,-1.8029333700729424,0.446410691302232,0.9857732125105291,1.926772655123601,0.6065199956404501,5.024966729681188,0.3667541596514396,1.6743734311035594,-2.5310200397227094,-2.1394478353792845,-0.08126446181958066,0.7691699866565749,0.6639691105459432,-0.31183779772185194,-0.34530348951669687,-0.005591197507449381,-0.10230240827480203,1.5999877443172112,3.6135547504335856,-0.052428529435791266,0.8218758134065354,-0.23308048368439566,0.16924148617645746,-0.031155939797273824,1.5192828677873884,-0.4206697358193726,1.036080444933213,3.3443047536441624,-0.14072549818525443,2.2558396502838987,0.420855178697663,0.20138098916223438,0.402886527266011,-0.1629059863743269,-0.26535813930903657,0.304320005573943,0.18729768798461233,0.3237069478997462,-0.08673716199484292,0.5947426396297248,0.09946986602025841,-0.5067419108246402,1.1112698127741474,-1.0273331641041747,0.9355312012149641,-0.9555609563378273,0.3896057130812098,-0.14180606165279738,-1.0073104745742807,-0.7354977280689412,-2.0286409868058515,0.09776713221817085,1.1052318090525253,-0.3093291883475623,0.8122135519395075,0.8318608499649573,1.3742390990112137,1.9119364661884652,-1.2077040214369335,0.5605705669645228,0.45604641824161896,0.4840195187607692,2.2851859897257842,-0.066932967289019693,1.1014447434442907,1.9695925554211475,0.3630532300992026,0.41335707619956147,0.6530961703423663,-0.5058535792686257
2021-10-01,148569,154475,11341,4.5,125666000,2.9,19.3,38,21,33.6,100.3542,237973.28902574477,681234.5924273756,1964980.6201070347,235881.92268446196,1075765.9764676136,223693,15074.814206120587,684,1579,1521993.660884406,1707,206582.9277322762,266184.15943507827,136.9,145.5,276.528,281.649,110.741,110.184,16648.1,73.57708527103783,73.11168301598315,13.181,146.65064516129033,1424000,0.08,1.574,0.5793228978887283,1.38065268057254,1.39237417613384,1.0754558168349158,-0.4046324651052681,2.3176567705674493,1.886877075257684,0.34514209345869945,0.33570218663156876,0.681532940351354,-0.10315859808017758,0.39561615227717434,1.7930975494480945,-0.1618411972231613,0.9941821824556208,-0.5011326921571928,3.8719289055445856,-0.947968230851539,0.5011297717407357,0.05104405593641283,1.3528323342819182,1.4050563020121578,1.5450433648131916,0.6131258062532056,1.9715274945578094,-0.24025338276969452,0.017539224210140113,-0.15704598808895665,1.3296798964857894,1.8991576159479715,0.022594337708861635,1.6336792348639353,0.8518663920016625,2.8002159352585094,1.0031115057394304,2.929929674908203,2.4450404004561084,0.8225415110317633,3.571803963904562,0.7577049071140434,0.3750232320061716,3.472107851339122,-0.49910789149192136,0.6514255069922932,1.4057958918076718,1.4460018670563675,0.670783379613947,3.28122672772251,1.1928988274021406,2.115765091886913,-2.0867658856250504,-0.9372903502501352,0.14428818130292936,0.5209307333911113,0.5593984128657328,0.1907245150241194,0.7546884418930316,0.24870300284399305,1.3841900269501501,2.2249294798935204,10.994350274943285,0.46980647101725864,1.0407686283613016,0.6204507279737934,0.2550607916321229,-1.3382972797292303,2.991784588362819,-0.3289589070011323,1.2430654902704672,3.2087723670053308,0.42378495926768445,2.385346642634308,1.4801980361649807,0.06496786586902117,1.3010542287950422,-0.2655638168648071,-0.09549098242176071,0.7652674629928385,0.23179065480816935,0.49080714567631484,0.02345711080242653,-0.3219241457246718,0.5772560862112026,-0.12543143926760122,0.892112970249922,-0.9977076185890972,0.5787973139379687,-0.47355244006511055,0.40043845346754875,0.8871221172384647,-0.3443048281250086,-0.4073671728174935,0.8895028806977991,1.0371424288441955,1.3830596871862766,-0.18432640674928322,0.8061422708124245,0.9591510852990669,1.0518732563394817,2.4705281228550433,-1.5740851839783128,0.5598405464057454,0.9396524133319061,1.0940677857273864,3.5893755964665743,-0.03505992750143032,0.8070563033409036,2.3200191234812735,0.5193976683263455,0.9770325035848773,0.9539336232823307,-0.4101947149403174
2021-11-01,149206,155530,11119,4.2,126264000,2.9,23.1,32.2,42.2,39.8,101.2684,240920.09685230022,686898.0360505785,1981166.947436638,236646.93749439513,1076870.2358532867,224111,15109.855618330195,789,1705,1549778.495202224,1765,207834.27495291902,279061.070755986,137.9,146.5,278.824,283.411,111.51,110.792,16598.3,70.98018114967267,68.84313152045432,13.484,152.53633333333335,946000,0.08,1.57,0.9822182624934674,1.4356411903223265,1.9503439226277115,1.5486222519243067,0.39382736192977974,2.3867999910164848,1.081989156315721,0.43802169949559794,0.6278404308556076,0.5271075927188302,-0.07977707853184952,0.23468533995851543,1.6579587225941008,-0.10055412651299304,0.9823611888641958,-0.010919312315892764,2.868090058606286,-0.05186617084415316,1.1994256423028375,0.06864818619922286,1.387243144142376,1.4919132417219898,1.2249131764562267,0.5944911309777251,3.160068013531154,-0.052870708218985055,0.16772660805888087,0.38318913294527396,0.4754410206607,1.9869773696928947,0.06992189785630029,1.7552734437318112,0.9936008181155773,2.1759121863641826,1.210461271983805,2.993401456229091,2.470214423481356,1.2106392965766697,2.721274074030985,0.9362260503308494,0.7752103367618235,2.3824839003994294,-0.16508725053313122,-0.6440322736717945,0.9549453331607206,2.3611514377344296,0.07386196705810626,2.6888955177760145,1.7609917891620526,1.813372075915299,-1.6904290661841335,-0.7834503627098737,0.3270713195499752,1.1171738886657434,0.9373654359658598,0.07329007181840552,0.9725124095490129,0.5438494627731884,1.2800695228778658,1.1899517899887393,1.5507246324716966,-0.3852097216173704,1.4345942169710262,0.9406860066662484,0.4175185572771575,-1.5129499466094387,0.9119280420831437,0.00931112028740333,1.637090011718294,3.084100577186247,0.7013261909875393,2.317408598188657,1.2092962749083993,-0.10634732797133746,0.5064905191547011,-0.4237977421006247,-0.1833325884735329,0.9296203477072024,0.740440590804662,0.6353877357676221,0.003160909742921811,-0.5147992856977386,1.033875724216602,-0.25325397214633816,0.46423122540810785,-0.7115195618869301,1.0605983386220292,-0.14736042719789594,0.7165073752282131,1.4283220858522587,0.19737638456830567,0.10157791395402674,-0.9028989393339227,1.154196306594077,1.168055606514095,-0.4291499859820277,0.8968232660675552,1.2238180975712716,1.412575433057382,2.1759669719050083,-0.9969489419416728,0.39835209282172096,1.7428640052463162,1.066993930748868,0.3275499274728837,0.4551009935223357,1.9700648589320409,2.4429144098304505,1.4805975884942768,1.988143307064232,0.9295597283975764,-0.09121733203834076
2021-12-01,149781,156099,11417,3.9,126962000,2.9,34.6,23.1,17.1,32.5,101.1948,247268.336585844,700330.5976599745,2013456.2859995859,239389.2408729204,1082269.806898887,220771,15064.470999189101,825,1722,1565945.7677261832,1919,211005.9614510653,281613.95817182167,137.4,144.2,280.806,285.221,112.221,111.458,16525.4,63.90069594817368,71.05907354943982,13.166,157.1816129032258,865000,0.08,1.466,0.2410981954034052,3.5042397117275197,1.0211407578127065,0.593200764569615,1.2362847519005555,2.199767375876322,2.3744358491637425,0.38522566681233916,0.39499138607952045,0.7000218913361036,0.3158590788322366,-0.8705704712857841,1.485325812894264,0.18031200117974444,1.1759552288418196,0.09088971103572957,2.3691879229429844,0.18737954718641392,0.2562521736051675,0.33782367252042583,1.5464742069207738,0.9797300033813666,0.5199665204860767,0.9610207105862738,2.7241092471728425,0.45439874343540143,-0.028400440170219185,0.32909610954009827,-0.7200619386107352,1.900117289958709,0.12610458962989746,1.39642628570689,1.0524365669097187,1.4604367725716942,0.29649144043543596,2.7405240741519936,2.32106953840368,0.9106941948218977,2.394697211196519,1.8396984725677,0.37019580608575997,1.1917941670372465,-0.38380209883409233,-1.2415428772157864,0.7280116476677803,2.7091632539214596,0.2324573462583182,2.719733126261931,0.7318157234199907,1.2201979320499943,-1.3490795215427727,-1.2180500340954212,0.1996439132803558,1.6948311202154254,0.6341860675950286,-0.8958881332486266,0.2819127734351896,0.32896779033138407,0.16953378178671294,0.9681870081721652,-0.8228605090660999,-1.4176415878670663,1.333739444953599,-0.2263671473417461,0.11933743832719104,-0.8123244122454285,1.1004337092742966,0.04122058698036063,1.2472435360223626,2.312223153514402,0.3546197291413113,2.2122144685029816,0.548577575129845,-0.22569479677440552,-0.30256078477350923,-0.2894230512897281,-0.14420712487998283,0.8372057639271158,1.1304149158619805,0.30906679662448955,-0.18483982300338148,-0.7349168315716604,0.6825239676700078,0.6023031360162177,0.3621290460362463,-0.7641411865166721,0.2820840942486317,-0.6196204253625283,0.662932113444303,0.5707323397086573,0.333599367973583,0.9386492803669393,-0.6865133321854386,1.2502323378562743,0.8621399501852217,-0.6368603952574357,1.11189900599448,0.549561480238315,2.303961524568701,1.2517738926889617,-1.2568397294057108,0.29161566880054407,1.8569702865321673,0.5782252153098328,0.6811914708703404,-0.9570225575512763,1.7913235929669513,1.8556489138953807,0.16507036464739003,1.090874274145266,0.47314122961691896,0.4640907272317861
2022-01-01,150006,157115,11238,4,127179000,6.8,8.3,21.6,23.2,21.7,101.2146,249099.98581258423,707219.6211959992,2045828.254416878,241350.10995247218,1089085.443711428,223510,15089.912747393064,807,1702,1605277.7186635453,1920,206282.3650422076,280410.72568631626,140.1,148.2,282.542,286.799,112.776,111.988,16143.2,73.79229623324112,65.52302282480214,14.866,156.63032258064516,1188000,0.08,1.7650000000000001,-0.8221863395205053,-1.924367248397099,-2.213070059137994,-0.45717993637693366,-0.3521406543963713,-0.045845150210767446,-0.12532015706276836,-0.5256111177882369,-1.2829920439367717,-0.11486287860028735,-0.07159291791535358,-1.2167467953496471,0.004278041536265275,-1.3153764576699576,-0.4029295980719352,0.15484064769610936,0.26256001054347755,-0.17301768918770882,-0.3764841965393768,-2.0305944028169858,-1.124701828891732,-0.914018093083967,-1.3403238543194969,-1.1045427604227416,0.22222231246639484,-1.1481936531940504,-0.3473470330086582,-0.7873765131033134,-0.26160606966945926,-1.3260507385290063,-0.06857060851055724,0.07728631943306323,0.19589330136207278,-0.6203373844996366,-0.9516937392318557,-0.7127455056391852,-0.4986164451305292,-0.36613230779799916,-1.3259117985506972,-1.7937166625222607,-1.2940675300082682,-2.1537520025322388,-3.206280123447505,-0.5023260427197074,-2.8183656422349332,2.4720598195730887,-0.7999060381846254,1.5510542990618892,-1.010084687702467,-0.5595635378790683,-1.6189712667771528,-1.7980873726894544,-1.262387401263204,-0.8517343846504559,-0.6785403267344176,-0.849879592570286,-0.936737817871139,-0.34676611304013494,-1.0990709064251758,0.05148685337187872,-1.2175761522323798,-1.7842147221272664,-0.7541898996242947,-1.2965116761571078,-0.598318715982492,-1.1501079914837422,-0.43174962919340737,-0.3840547766315455,0.36633232094427093,-0.8995509409103467,-0.7524079611115341,-0.16036543123430907,-0.9254962542095742,-0.9889614927261654,-1.2005905781629735,-0.22669143899012065,-0.22728930392362293,-0.2038439776917278,0.4074403695682531,-0.6893670654452055,-0.1701069768137465,-1.2078839895070026,-1.8428120478644625,0.6640045138123962,-1.7548395173171045,-0.700432386498156,-1.045927779932188,-2.1493028400551766,-1.3261244601726545,-0.5372591094800679,-2.009847520557624,-2.7098074190899424,-2.5022630507441646,-0.4206258483800482,-0.5317907957167054,-1.0780172088886433,-0.4667552755184519,-0.3329774782427316,-0.5468905551970051,-0.3875310566556849,-0.5704845889065661,-0.34175004867786907,-0.6593427403087702,-0.3093375172218946,1.8175426661682583,-1.063843498000918,-0.1834946600266676,-0.6531175322693733,0.3467975489235356,-0.1916845476580211,-0.6010002440519683,-0.2573100295072087
2022-02-01,150875,157598,11661,3.8,127710000,6.8,0.5,21.6,17,23.9,101.8458,244108.23956506798,721597.6878816449,2072815.6611572588,240324.61295808404,1090415.8112239954,224269,15099.348835569965,788,1735,1632585.5369242835,1857,208835.21751006707,283454.784164104,142.6,153,284.525,288.256,113.489,112.492,16143,80.7479138947387,62.0816278972659,14.168,159.2567857142857,878000,0.08,1.935,-0.4075428138584315,-2.08047619553371,-1.3360646547564117,-0.8446119645394267,-2.1308232477481583,-0.6107292461205261,-0.09541130913590198,-0.5080551636144948,-1.616625568577621,-0.40327373988318727,-0.16908599238538854,-1.2429847626185504,-0.7139977139211016,-1.2142373449080701,-1.020713716474389,-1.3473235589949812,-1.41353331301015,-0.6152805622135591,-0.563383601554478,-1.4281429937616474,-0.64014768859758,-1.0574171450914547,-1.371709018481078,-1.4365037959844884,-0.9560307178965026,-1.6940470139061132,0.23134136389019488,-0.6817690082060657,-0.7287928900261131,0.4788510475112161,-0.6929356061307073,-0.3106558508153283,0.052682050977320954,-1.2858447540823723,-0.9664342396232111,-1.593266388160555,-1.1762225763796395,-0.7926386005180189,-0.778707945037773,-1.1770262079319098,-0.5671118685669458,-1.4523205537324446,-2.3105842770285023,-0.4603449643043085,-2.738957336216351,-1.8161828499883834,-1.5461587308022404,-0.6056506741294861,-1.2836776459780241,-1.882980655840003,-2.1121955337424643,-1.4159906932750301,-0.8167844845193633,-0.5691201675558293,-0.3825504829571478,-1.0681850158365511,-1.096522921538916,-0.8265774726540074,-0.703703655656048,-1.0376341334988624,-1.1000034465535917,-1.1115356941131158,-0.8565878073879757,-1.8911101791319374,-0.8964633463045589,-1.00768405635759,-0.4548111347281076,-0.7442588530258984,-1.0754565523990363,-1.9698560520685493,-0.22088135997791652,-0.6987804126356699,-0.7457251659244478,-1.9793537595217585,-0.7482425453023306,-0.8282799415353581,-0.7846433678575927,-0.277216430753753,-0.2860461047477913,-0.4988144472314445,-0.0026576848078612024,-1.1200023734176228,-0.9450440072188901,0.19198291345930152,-2.5211793865485763,-0.6858578393128584,-1.604213172260229,-1.4785722668128924,-1.5811394506198178,-0.1905713739589767,-1.3506644348296746,-2.721324835862438,-2.379174572798359,-0.823077400937814,-1.4914186834550331,-1.1796560600625001,-0.873275577243172,-1.0374246835916883,-1.8290972123765905,-0.6723668809879699,0.049318469676671306,-0.48045703442558163,-1.5061276964265027,-0.6648013329898678,1.8036732825786301,-0.4144758017238934,-1.2702276635475027,-0.6637530066187212,-0.1947866078199054,-0.6196768309536895,-0.857004279846206,-0.4127933682804171
2022-03-01,151346,158206,12134,3.7,127987000,6.8,-2.9,32.7,23.4,38.2,102.6732,242428.53025181458,734158.7401409743,2108874.004647036,241339.34264427147,1086407.4277878224,226470,15172.986051061676,720,1712,1640927.0759636296,1868,216875.8570692381,303694.678091345,146.8,159,287.467,289.044,114.489,112.916,16065.5,94.76892976617842,58.84104818712098,14.253,160.47612903225806,860000,0.16,2.06,0.48322586341106377,-1.7002059117959583,-1.178056456240113,-0.9242178564359766,-1.9803363102332985,0.1381667612096704,0.6053890996229798,-0.5123571657070516,-1.5100323845710273,-0.705872302283183,-0.13231931741497674,-1.6593760255077017,-0.7849995544301213,-1.2828221729022056,-0.46197201531685606,-1.147165382779601,-0.4167574995966208,-0.616441477826853,-0.25303275003901454,-0.13113634748576,-0.6027848829091664,-1.7705037052377626,0.5672049828549746,-1.1268296547788037,-0.37088679049269846,-1.2495943087457173,1.9413475631267352,0.08786141237818443,-0.4567353704320702,1.616185187675484,-1.0054830723574344,-0.13636164663066117,-0.12439169697082424,-1.180167114133556,-1.0267607102691916,-1.3766005009651199,-0.6658999438981723,-0.645456533333505,-0.3147872305399505,-0.06080005393379262,0.21082144011277926,-1.1452067892896052,-1.034176020615459,-0.26613710028662474,-2.127319312802384,-2.245060974376114,-1.3077680644775844,-1.5865508752555724,-1.1577198132261057,-0.8234168027696431,-1.9456490305291172,-1.6135373873924133,-1.2246438939243312,-0.5283028040343624,-0.32444540567830166,-0.5548519529947008,-0.9234297098760584,-1.2688204612658807,-0.39519667374224365,-2.5172722083871175,-0.5836181281971812,-0.959924446023786,-1.143673840362289,-1.934351581104647,-0.8417650053570045,0.7579322708889641,-0.619403817838293,-1.0541117769892736,-0.6304546828238999,-2.1442533813553437,0.7996419078652973,-0.6201432012314891,-1.2043114561623138,-1.072614510709916,0.44528998136758624,-1.6618973749221568,-1.666837229697399,-0.6930921705834193,-0.44684948644757133,-0.6169352127468438,0.00983298414045302,-1.4198613954771968,0.1993469123861791,0.11363439464933696,-2.080103449557773,-0.7773325493435485,-1.140161858012615,-1.6660775538626726,-1.4630840118597672,3.3091581420603107,-0.8250066861684933,-1.8044591410708357,0.44942182014896254,-0.5540326549984721,-0.7283335775398477,-1.4012988728168914,-0.7552852448404606,-0.9038748664631101,-1.9049691962206476,-0.6377330684975067,0.5449406246523341,-0.6826312493089679,-0.8018175340239425,-0.39915098734821197,0.1513496885278629,-0.5576858350734636,-0.2584767933236064,1.2205624875388406,-0.012664917415324932,-0.5289818687690229,-0.6442113411503569,-0.522305233747605
2022-04-01,151651,157891,11881,3.7,128311000,3.8,21.3,21.8,11.6,21,102.9024,243072.83730245114,748336.4534807785,2125196.281367578,242494.66672471593,1088070.878140102,228772,15232.530802385823,624,1820,1670298.2280464973,1859,223531.71666158736,295695.9380033959,147.5,160.6,288.582,290.474,114.845,113.301,16063.7,88.62379729200227,64.73896485378765,14.681,159.781,1066000,0.33,2.692,0.9638528847349499,-0.49421069477627994,0.1293881902796363,-0.9087561429432833,-0.9663032627919248,-0.23280950790308075,0.7273662732356432,-0.24071273698849038,-0.9395559763080529,-0.6792875674059328,-0.06229953874850822,-1.7001263786792915,-0.5841162703122157,-0.43051773495185963,-0.14495710580716126,-1.147140603151583,0.3226384132928572,-0.24323564511303966,-1.6800245973741448,-0.07468648722330384,-0.9848392158555451,-1.6047590674586154,0.9997618864254298,-0.8326884346682656,0.3493536396149198,-0.8371046672816507,0.3089024169687632,-0.5560673828989073,0.0603821690729927,2.3240111210718193,-0.5881978964826975,-0.17955534076217816,-0.19036786861374083,-0.6624784530551975,-0.7219112730089694,-0.5183579834232717,0.0360408645079852,-0.9285837250538775,-1.022591092382571,0.2228326698610218,0.8830991282257964,-1.0723815332582693,0.7274862487335656,-0.6220814729657209,-1.6544826869525793,-1.2074573817754322,-0.8060507689865745,-1.6049951492173893,-1.2283506201361667,-0.6875631396604005,1.0099681373270684,-1.3062328054775085,-1.4377371960130965,-0.6179267198079006,-0.4394720578869732,-0.01743763841836187,-1.5118112293574857,-0.3270539218090597,-1.7418802341695583,-1.9294455013909275,-0.6915621346625594,-0.7786066713658503,-0.8108217943768851,-0.9730232520448252,-1.043777728925495,1.0255667521725664,1.1348191875227236,-0.4866714879150239,-0.9919334477401697,-1.675216506800391,-0.05631083365907938,-0.504980831531563,-0.534355596121531,-0.43810991120763343,1.6987439553841857,-1.8645178678193035,-2.477810220037749,-0.6947435020438312,-0.9597265630996561,-0.9203112023426407,0.04174093667308747,-2.3029421017864893,1.2218215039914628,-0.002477948194272672,-1.078644188242888,-0.2508140063581664,-1.0653753297545125,-1.5694847705056534,-0.8158554243111679,2.481544684937792,-0.4599935096392535,-0.5891122055299459,-1.000286042555193,-0.634182476858516,-0.6202346299761303,-1.7033260648174575,-0.5027195555480717,-0.7639077068667474,-2.1298436173728397,-0.43906469699470235,0.4854431186567229,-0.5208207806782652,-0.44726696160584034,-0.41917708602931153,-0.2023937543293993,-0.895128972587236,-0.21832760915775118,2.0047540783370934,0.29987881282881,-0.6134976067161593,-0.6016277596226045,-0.17818421068071622
2022-05-01,151892,158378,11483,3.6,128556000,3.8,-6.3,20.2,3.6,13.2,102.9659,241245.60765782138,759468.4184106212,2141827.794774782,242016.75581173945,1085203.6488895812,226519,15206.50499385505,644,1531,1670962.9398833325,1704,224204.18549099026,295309.9305880113,148.2,164.9,291.299,292.039,115.542,113.709,16049.1,94.81400702774748,58.08461702770069,13.286,160.22,840000,0.74,2.8975,0.3471998553672425,-0.8858759723312275,-0.5258310840666394,-0.037783196881662075,-0.8659204383738871,-1.426881139180793,1.4904695514181094,0.007260142466848238,-1.2678043760227906,-1.694555614098407,-0.45929818062450223,-1.7374283589785877,-0.5689336562111375,-0.3372052810114728,-0.6380517151969468,-0.8946376364445442,-1.0465139503068734,-0.04068657375156931,-2.318027729269969,0.28187826520574366,-1.4942184102819778,-1.350774633091135,0.20038945129380137,-0.6196998724856806,-1.386691956580488,-1.6868855530665359,1.3606698111886835,0.04088864173101016,-0.41842342376806935,1.7612651359556648,-1.3986069518040063,-0.4485469407968934,-0.6840336199717613,-1.206287636830142,-1.3605531844239667,-1.4898401824689615,-1.3804995228860575,-1.231776321448827,-1.1794433758875045,-0.09881439785491575,1.0518823696212698,-2.130270337720571,0.5433250079342267,0.18172430146036583,-1.4538081918626915,-0.3701110199958746,-0.5127641011702148,-0.917028566480968,-1.836132860491885,-1.8403684005803105,2.576358736841752,-0.9982763127570273,-1.3261433183519566,-1.185271172655754,-0.7092977096755144,-0.6329851466768721,-2.8402674879273584,-0.6673198886356139,-2.2947082842979576,-1.571790964299985,-0.501818499074658,-0.417806613845836,-0.8806154877486414,-0.9835391841619627,-0.747975301400727,0.4492574667662723,0.8362063614804066,-0.8424550751595298,-0.9635272249602805,-1.8911626443840341,0.03859086894602479,-0.25878113879581127,-0.36650111851662404,-1.311052661199726,1.4619977575290153,-1.1643272225321315,-1.6217551613962669,-1.9072325528336944,-0.4794278080516856,-1.8898679790980575,0.04797569444986728,-1.8424404758273294,1.2994316856127333,-0.5425089081298666,-1.256229337962992,-0.3443990024831808,-1.3233048967049499,-1.4283297736688965,-1.2263054938807207,1.454449455282831,-0.2768238510559369,0.1570063305525656,-0.12397169211840259,-0.5695047536307517,-1.5359711285657243,-1.0986312911245566,-0.07779281709692443,-0.8723479810548519,-1.5729923669017838,-0.4735687807690071,0.6134653618404642,-0.4148706190596291,-0.8662919228410464,-0.9824282473008938,-1.498370715653004,-0.8843554201885817,-0.178289320360148,1.6554112983874647,-0.07670140131321639,-0.7768841558250913,-0.9200946104454488,-0.45194851637314043
2022-06-01,152353,158094,11256,3.6,129051000,3.8,-1.8,14.5,-2.9,9.5,102.8224,244157.2137767832,765369.4129348116,2154612.377760068,241033.68744158928,1082697.5675420773,225746,15216.8805892087,549,1551,1644622.784679888,1737,225167.4083219727,293575.4644991469,148.5,166.7,295.072,294.009,116.631,114.376,16015.9,98.4643876842349,49.2888742740775,13.669,158.319,854000,1.07,3.125,0.49570147161036615,-1.1659904358133932,-1.3000419492916797,-0.29314703677144804,-0.9873040398898747,-1.3766622880911825,2.741611550840295,-0.2704791387278239,-1.7857182414935304,-2.342786812788169,-0.8366366370371299,-0.96804864277164,-0.8155736511781426,-0.5875854765071507,-0.8792403225425544,-0.8175064371497157,-1.3373876806215903,-0.25310928340301486,-2.188919705271565,0.16618574229028027,-1.391984697009796,-0.8693337039252027,-0.4095998737276175,0.11446716952437397,-1.210435560091095,-1.5594952975091985,2.6539452194696613,-0.23594355383935994,-0.8691226660629009,1.6869827224870573,-1.6033898981669399,-0.4151142051863936,-0.6830121433371618,-1.217472405896287,-1.6570435249562545,-1.7693641058406877,-0.8760581159574519,-1.4760484309569344,-1.4083675380283815,0.017562166524420067,0.813760775405191,-3.0107367939588006,0.7164953453231558,0.12362855006580863,-1.3293061547306304,0.1578788946233607,-0.5153809283693197,-0.23431200278551223,-1.6701429771976763,-1.536999580543969,-0.057925955212085406,-0.7114235558441883,-0.7888522739650794,-0.9073089407924182,-0.056450502907667816,-0.8190683815148682,-2.145419561110614,-0.7963176339152664,-1.550744148078885,-1.338224174067954,-1.1069223679758633,0.036955325697466845,-1.0476439829802653,-0.9141317977478076,-0.8005677917626386,0.598577671565907,0.3952043680408263,-1.313923644701633,-1.250709750451193,-2.3933455878113152,0.9432431511419725,-0.2365502891612305,-1.1572390183080739,-1.3667616204853705,1.2519581581588644,-0.8799309889776266,-0.9219796990979947,-1.981377863992187,-0.16160597551715628,-2.1379975610162996,-0.3433854488074756,-1.5345703068943015,1.0971975564525445,-1.2324649457005772,-1.862551792929602,-0.39863790050705644,-0.8827187787634436,-0.8081601868194699,-1.4114888399897914,3.401837795201537,0.16525107969132966,0.8659230434429053,0.21700518792682028,-0.9419197010238809,-0.9580512278929103,-1.4281672070749827,-0.1776938087540948,-0.599988163473796,-1.2597079408504472,-0.40975732135433857,0.07812272359893511,-0.27047303073745604,-1.298076368237857,-0.8824425200419275,-1.16477188629309,-1.2209677085605088,0.13124921859558528,0.47362321472445396,-0.27742271560477155,-0.5928941625788914,-1.3914350071428032,-0.8640252023213488
2022-07-01,153049,158258,11610,3.5,129556000,7.4,3.6,8.7,-7.6,-12.1,103.0505,243832.61044727502,770091.3750835747,2160955.9612926543,241610.80728943442,1089092.4208396908,223622,15209.751247192744,519,1381,1650845.1766642095,1703,227179.37288920124,285806.8608458624,146.4,160.5,294.94,295.08,116.662,114.638,16219.1,87.106341396513,51.34732131385548,13.867,155.41129032258064,1091000,1.622,2.934,0.7819405062712744,-1.7419679217992248,-1.7981405358791236,-0.6482535928007964,-1.3128790377633168,-1.7934928484084376,1.3041530733806312,-0.40074696636591617,-1.8310884461687147,-2.1201961143908514,-0.8371931107295082,-0.5846790824065222,-0.8424199495361755,-0.6627956134544387,-0.9468661947112774,-1.2733345164058048,-0.8997281962897324,-0.3240865915699905,-1.5668537120314965,-0.49920438174908105,-1.5766432430998494,-1.4018013952213013,-0.743510883416174,0.5096003508917999,-0.85827426509101,-1.651451751707427,1.4764687194877024,-0.12323461920973956,-0.25985951213389735,1.270994875683614,-0.9253716614335035,-0.7258825790026682,-0.49881475522543095,-0.9593572731479377,-1.1955167803424775,-1.5206223333445656,-0.9390691566117616,-1.2095005605764317,-1.2785649010861555,-0.6814286068992721,0.44841499199786433,-2.7658077301140223,1.0310018379444226,0.25030530683983665,-1.2239717607471792,0.26644857526035776,-0.7934763340067443,-0.5888676975183195,-1.1048810858039695,-1.8076660819055421,-0.5647416662692917,-0.590234277302558,-0.645168013899375,-0.7609956698874979,0.03808450283363456,-0.931808745173523,-2.1033210136100644,-0.6717081042695521,-2.781220899417655,-0.6260940560731498,-0.010488962906556475,0.22539155617609627,-0.9058288127921704,-0.6567635949437398,-0.8424093113112289,1.0176444157069957,0.6948565513144968,-0.5571436517492218,-0.9252497257346433,-2.1909903857151387,0.5598363048677087,-0.2626580801718678,-0.628264928760568,-1.009442259052905,1.3434028416848505,-0.6250955341973307,-1.4064090607379813,-0.6720193367536086,-0.23006872560316122,-2.218242207247055,-0.1324233325228893,-1.5112692134008674,1.1631423714992073,-0.873960410629048,-1.5968774011272737,-0.3154378772475853,-0.8278138234199846,-0.7458244777095178,-0.9970400699658976,1.6629319537531577,0.481004634235108,0.05939578778863564,0.9488643474169328,-0.9707257819112958,-0.5380089634770951,-0.6102097980226099,-0.050259950927945565,-0.5169814688505789,-1.4898171790850887,-0.9294453866407901,0.5724914353815802,-0.20932776020219002,-1.0605181872544722,-0.672738220274532,-1.4295568358923925,-1.4082766781154579,0.5655160221282552,0.1333095621943554,-0.1944009697632029,-0.557055317971112,-1.0586174143704936,-1.02997729187575
2022-08-01,153286,158735,10148,3.6,129879000,7.4,-26.8,-0.9,4.4,1.6,103.1703,241336.04553768315,777318.3364386935,2173668.036562618,242408.676774756,1089330.9516076648,224814,15296.74706415275,638,1531,1637046.3752756366,1557,226676.467068939,283905.40332643886,144.6,158.3,295.162,296.582,117.002,115.298,16314.4,80.05846053913609,58.978881597543435,14.064,153.47064516129032,866000,2.33,2.8625,0.8272924229929459,-1.2205846846403783,-1.2422037554948773,-0.679169431235794,-1.705002787426117,-1.6650138808376436,-0.3309429818572412,-0.22401929374299825,-0.7908135608084229,-1.3362376812011947,-0.6030862706512962,-1.122495957595763,-0.46531243082560464,-0.3803902653345389,-0.8444244297550555,-1.5545931060276037,-0.8257377469146466,-0.1377901477093047,-1.3792180320063443,-1.0036571558040654,-1.4100312967644613,-1.3214520499722895,-0.6684680798242679,0.19069095912691814,-0.3892516422226834,-1.4167460211623348,0.8092128257938056,-0.5083529363102924,0.9564518386347207,1.4901162150317848,-0.4273291739769528,-0.8173584044415549,-0.46609979647885025,-0.5204696806473048,-0.8318495076370837,-1.0552374629018484,-0.00889660102742744,-1.1824171145722298,-1.081825835728867,-0.36335395736199017,0.1720019308826251,-1.9379812647351877,1.1000825812092918,-0.08729803019407617,-0.6997007634474834,0.006476946392374498,-0.7573773215966054,-1.1028212646768019,-1.2750556250717642,-1.5434263052658341,-0.05088600371365355,-0.6874851091119095,-0.8745752863486158,-0.6468527801579192,0.4524654015947021,-1.4183757999481281,-1.490046216536419,-1.085586571164111,-2.787953149768824,-0.7977099123166094,-0.03116748378911394,-1.2599274858448626,-0.7410716225154064,-0.2441506024504316,-0.6085800980446338,0.7829885904718924,0.8950038105016502,0.38454508483564853,-0.9019110408467585,-2.09970723153823,0.22339869089982867,-0.5114795872846085,-0.7519215400338449,-1.731658939132572,2.32673326958292,-0.9362378822700134,-0.9774451184635141,-1.467055178537176,-0.016327243663790535,-1.647483619016981,-0.030276844112962893,-1.3701985335313225,1.1207121461940595,-1.543042209011113,-1.156603290613696,-0.26425432624180906,-1.0547850580135731,-0.4217475837042858,-0.5301898729822647,1.143876826107436,-0.17723270448332432,1.6129495341846798,0.7614524073944466,-0.6727040239134494,-0.3294005445019827,-0.6087489798625167,-0.3581246810450457,-0.0850658479283206,-1.484607902353365,-0.47206110311429356,1.1312011936559552,-0.24707704525613133,-0.16733560981249884,-0.4754107472970784,-1.204108815427367,-1.4191555478570765,0.04498243744317665,-0.13248842133578348,-0.23270626455627003,-0.5199048676450704,-0.4611757349468054,-0.7184392045594673
2022-09-01,153513,158810,10812,3.5,130323000,7.4,-9.7,1.9,-8.4,-17,103.5326,240617.8382476976,777471.7363708393,2183058.137994619,242803.10452644044,1088230.2324987007,223282,15324.296923588096,552,1488,1630897.876074529,1600,223615.35905671472,281361.76593370084,143.1,156.8,296.421,298.281,117.377,115.805,16372.3,71.78578426778671,59.10175393796896,14.136,150.74666666666667,791000,2.5220000000000002,3.464,0.25470738884439276,-0.8357986957215751,-0.9772166920928014,-0.6240235812264454,-1.9251070778737598,-1.5779102644332392,0.28882680086888407,-0.15739608722805795,-0.8528719360574347,-0.8404024822669108,0.3790547217139657,-0.7854161518731703,-0.6038932684549939,-0.3639660208556574,-0.8076862374963245,-1.4833035404394788,-1.2396154123161622,-1.020070267236622,-1.3882430766194247,-1.0840037908217974,-1.2026134235057047,-0.9454100966038146,-0.4255847086307173,-0.4310888878600803,-0.6384358858152648,-1.4757348356829496,0.1925724420110118,-0.8903480084236968,1.133303168187469,1.2553600686304118,-0.4073393784777478,-0.9541589161187889,-0.8225216248797738,-0.4636392761001541,-1.153355670066757,-1.5123989949736405,-0.25933020724813843,-1.265670865133517,-1.5276935626423778,-0.4620178597481682,0.41113159018332457,-1.5283498951446002,1.347082576613831,-0.2603784245322278,-0.7009155242544914,-0.10625259376338199,-0.8542228606511818,-1.0796586895080087,-1.2427360292662655,-1.8117356604208927,0.8976993883124276,-1.1169238812184847,-0.8370981233890613,-0.5532612934014481,0.3312680003815981,-1.3409558836284785,-1.8755261353365846,-0.6561301348198065,-2.3949512322758926,-0.9137215568055514,-0.5115743072744491,-1.1056317565565084,-0.7262153336336982,-0.6277657452521194,-0.9038712295436591,-0.3295534071255138,0.5317563543286885,-0.784549209078377,-1.1354561994714163,-1.9621597151486698,-0.5679955644060857,-0.7223138349342699,-1.1988423774196677,-1.415332585383633,1.010850321931955,-0.6681223305389448,-1.0022406564214499,-1.0734278586235293,-0.34194372621110697,-1.0779042954006228,-0.1259936683988994,-1.0467465200286135,1.049041595419746,-1.4553656432679432,-1.3655362094357328,-0.7377993037216372,-1.5142841446186734,-1.0469195509737461,-0.6939300501662435,0.48443860413162515,-0.47932654115772627,2.49109777915691,0.8369348834022834,-1.3646033872671397,-0.7160299099816784,-0.6293522558468565,-0.5306260357549651,-0.7918250405413043,-1.5288624377682638,-0.43198724790040977,0.32056268237298724,-0.25664174807816115,-0.36389201378149877,-0.38164830027649,-1.095241642847466,0.08465174567180458,-0.43460706494747026,0.3849532112205575,-0.24580306281563571,-0.6425885547257651,-0.24595802686990187,0.10023299672168812
2022-10-01,153913,158684,10488,3.6,130541000,-2.2,-9.3,-0.9,-12,-11.1,103.4442,243505.4414671179,778168.8169580374,2187719.3242170573,242613.93999541947,1088853.2627596678,224402,15349.941895479722,579,1435,1618309.285696109,1594,220263.63335623583,283689.17050495796,142.7,156,297.979,299.381,117.891,116.2,16424.3,74.26351460247177,61.31168301598314,15.091,148.55161290322582,1012000,3.08,3.9725,0.29938601198183046,-1.1002791992242231,-0.898471949072235,-0.5782050259176292,-1.592880404111557,-1.2567219104072467,0.7353799246391558,-0.5173721751006631,-1.0680004242030534,-0.28833509589978734,0.2958642791233286,-0.6004664498834471,-0.41214602810622614,-0.3305013352160442,-0.36764544762525597,-1.3425972697989157,-1.688439464465055,-1.6466253791068073,-0.645418351867559,-1.0805420538123154,-0.9150632774160826,-0.6589150039047286,-0.159559427651062,-0.739667235960668,-0.8818423496923269,-1.4860367460834525,0.6762859341288366,-0.5655834981754352,1.2917376309637685,0.9186111421919299,-0.3156389525125584,-0.5069078071465456,-0.8275304264635175,-0.6059245584849492,-1.4540938960187075,-1.5292002466611654,0.5347511685657733,-1.0809916329938258,-1.7177224947274123,-0.3746507722357359,0.3002778666302771,-1.640297926986557,1.064742922483073,-0.04585465740010189,-0.6142210880355086,-0.015521158612420006,-1.2279120751855972,-0.8781947778373882,-0.8115741587684584,-1.720465005183248,0.7692950286822563,-0.5323561674829201,-0.3541437736782889,-0.19562027210423252,-0.10282868132328306,-0.8643587835373964,-1.188257251735992,-0.327581401391331,-2.13348496324331,-0.9199886579500004,-1.5882789318073616,-0.2827253668721843,-0.6899086971344234,-0.8895633920604691,-0.8203532945682667,-0.038396363086704875,1.0707191499024664,-0.9159697586622904,-1.2201623538275348,-1.845536909530852,0.3844260060025553,-0.6686550115238118,-2.2114240334438184,-0.6885813302697942,0.28704853472920083,-0.6079960071281684,-0.6716206381127181,-0.6915565329093845,-0.42386869600474714,-0.5115877804151641,-0.03316820124689414,-0.7828868769616351,0.9967215304445134,-0.6388099119143883,-1.5633979228616803,-0.6451459276273392,-1.4949195939985611,-0.7184924769443635,-1.0524588324256177,-0.3279074664001813,0.2632385720912017,4.656951135885407,1.337748061250444,-1.4669650222088173,-0.9029165498074168,-0.6854538113324917,-0.16626375450761421,-0.7727732052927452,-1.3185163726732507,-0.5496180550151331,-0.21017421000252415,-0.21182779438797855,-0.3960403094355219,-0.4768109998102362,-1.1071189042445357,1.0736481652669563,-1.6575691662989662,0.22880777181213047,-0.07225397573042601,-0.1810164101285256,-0.19169770964979782,-0.007908375424136959
2022-11-01,154210,158507,10619,3.6,130762000,-2.2,-6.1,2.9,-16.1,-4.1,103.1058,236079.03841111137,780943.3180230247,2187474.529133229,242967.83143434755,1083447.103306519,220770,15305.233418766547,597,1424,1618505.1725158812,1401,216733.91360249024,269852.22591586947,141.6,155.4,298.708,300.316,118.221,116.554,16436.5,71.36633931365833,58.14313152045432,14.733,147.75433333333334,843000,3.6950000000000003,3.935,-0.09839391107080321,-1.4334629851380487,-0.8722955564906517,-1.0120788922932897,-1.4415256354206885,-1.481525004334003,0.4290022646873785,-0.752040509897965,-1.8370362824717255,0.08141626983481703,0.6178961945141928,-0.7035126448828163,-1.015190879402304,-0.47717840117429244,-1.036335219486963,-1.972991334933436,-1.308854960967996,-0.9404060364044017,-1.0395007602499928,-1.4580845598387349,-1.3267938298509865,-1.3934599813011457,-0.511880846537751,-0.8411480006252806,-1.5305599886494576,-1.46684527556882,0.4346514937154441,-1.119299851706844,0.053052949509568514,0.7619335453460303,-0.5672304710624916,-0.8045264804405493,-1.1719854216663226,-1.2736176358301983,-1.7116393663453717,-1.5840957838630205,-0.22574530340926413,-1.4135189689308048,-1.6759159985810137,-0.41858759572463383,0.36499149461127256,-1.385155392398635,1.132712707774454,-0.8764383548910663,-0.913992682843576,0.049536260456928105,-1.3931566899689374,-0.9395194543456049,-1.4533017593991946,-2.3324689817634834,0.16513535539173924,-0.2621106717447657,-0.3568008411654866,-0.7834537326045936,-0.24529595100440482,-2.2035594220288424,-1.2975729310597068,-0.7461754837094288,-2.3690891429612546,-1.259412500701138,-1.7073055170399505,-1.1227813047766202,-0.6059391241258886,-1.382326304488679,-0.8789617886348423,0.0021007361218188143,1.8649521550998556,-0.9039510903477923,-1.3397777784775409,-1.9510082004274616,-0.05915335686387815,-1.2289518697385702,-1.3261962085737862,-0.6721617907839474,-0.36149122821306023,-0.434988111994049,-0.7224358338792707,-1.2628558995385784,0.15896085229158902,-0.6069599981540614,-0.11907243386557378,-0.6767578744947561,0.33938153488333545,-1.8100766647242124,-1.6411453718651523,-0.422377577244615,-1.9452316455948298,-0.6272467119289077,-0.7519871657865868,-0.686383350343641,-0.39167063127257545,3.259485716347831,1.0909805019242786,-1.6188773868456765,-1.6289820792812604,-2.809186995839274,-0.5193560827455637,-1.1903357327276367,-1.6412480774301117,-1.3823811539507729,-0.1239883243149124,-0.30024215458809117,-0.1757091090323321,-1.1618232094029999,-0.7492773440164753,-0.18737260849566945,-0.8810441951699408,-0.8746137682931416,-1.3210482482977886,-0.9632744002838849,-0.1384557023999547,0.47115950252618544
2022-12-01,154336,159259,10876,3.5,130884000,-2.2,-10,1.9,-11.6,-10.4,101.8266,247762.30332001724,780612.8223102455,2180016.3667403655,243166.13599317585,1090966.4451069653,218121,15315.99706088528,621,1308,1623598.219639705,1410,214106.06150182002,273666.2077818974,141.8,150.8,298.808,301.433,118.403,116.977,16497.5,64.55917502090318,60.25907354943981,13.935,145.00290322580645,1040000,4.058,3.638,-0.6227148032306676,-2.048556861809071,-0.786989433712999,-1.5010224655452384,-1.5426881943938895,-1.4997487249693886,-0.877962357001757,-0.9627218811017472,-2.201735906538134,0.18611703658830234,0.2990430243222066,-2.060576727380148,-1.019621226533994,-0.6926433067808413,-0.6924896037553462,-2.9348502945415564,-1.2019104513451955,-0.6258362009963604,-1.6068935528955688,-1.4875900216053635,-1.4703410715316725,-1.655374142801895,-1.1717506801403272,-0.808841591249051,-2.3228711903821893,-1.119127983555898,0.2892489743626704,-1.4906132984218108,-2.0690865325662227,-0.2850100941996215,-0.28986910964043844,-0.7230069053529667,-1.4017835085775463,-1.0482835578346148,-2.0980762099589203,-2.304614872287758,-0.918108271905308,-1.050418443767714,-2.0637928459635106,-0.15694598459019282,0.41867401456889974,-1.5831632411144916,1.086857729633325,-2.3516774322373526,-1.0284398540611457,-0.7312183871157877,-1.6230884314458822,-0.7892628202963371,-2.0221678610909017,-2.424578686212772,0.3561601615685757,0.5876056399757844,-0.9911064516959942,-1.6991127435945899,-0.5135940166696883,-2.5747385024491747,-1.6713591160224366,-0.8523742727076128,-2.376124897256883,-1.063550663545222,-3.1666564333719167,-2.0750179353904095,-0.6413069466203166,-1.5305431636894482,-0.7233054125140005,-0.47943014785847904,0.09778000747934229,-0.5698804459552524,-1.349276739608359,-1.3572496413131803,-0.25744834773384034,-1.2180278541815022,-1.1488543780400124,-0.2528615898518219,-0.5012830013044446,-0.6745798311828282,-0.9108508958348233,-1.2233579059124602,0.5941675257752297,-0.6332258469448453,-0.5111251417927916,-0.7083204392537414,-0.035076795825396426,-1.5280025519283829,-1.886824604363035,-0.5096268396787494,-1.9627478005038883,-0.8796638551977379,-0.8988832887695883,-0.19688511095559333,-0.9705532734668094,0.466281295836954,0.2181177154522586,-1.6028167641355053,-1.494230247935362,-2.534576556044044,-1.0178920630923631,-1.5757139662960773,-1.9983605320809206,-0.6460286209014248,1.2126481583006,-0.40348990986125716,-0.6887906894067098,-1.4526348621754737,-0.7487539244996523,-1.2351855788410762,-1.3018538779955637,-1.0613317659698709,-0.7816876957062884,-1.6417924705667495,-0.18680097250710032,0.3094289847290332
2023-01-01,154780,160217,10393,3.5,131131000,3,-24.4,0.9,-5,-3.9,102.7476,242736.98185821,770580.7221423949,2176218.4343788,244046.98883258965,1088751.9221558396,226407,15524.464947440067,650,1361,1623687.6822371793,1410,218452.69605989562,276264.4214205887,141.3,151.1,300.456,302.685,119.007,117.526,16808.5,65.643197458973,63.22302282480214,15.665,141.45774193548388,814000,4.33,3.535,0.5647770582311411,-1.695087259394431,-0.6397065024143337,-1.4847755637788262,-0.8311431013895294,-1.2905222757817132,1.0622016007966362,-0.6137868119063294,-1.2520517560556155,0.21210667524849586,0.0847262736346554,-0.668752953614806,-0.30860390544233923,-0.4216202287429687,0.03917614561436065,-0.36542549949173964,-0.23512067725481284,-0.7119916407878015,-0.5105534202234275,-0.7657801156924284,-0.40699548133092756,-0.45148194390631075,-0.5092269622657887,-0.037690356098265064,-0.9567733001329458,-0.6053420295934742,0.25813520710528065,-0.7480295058553137,-0.5043813659202118,0.7661132087482571,0.2227477168812117,-0.15069887230880175,-0.7774028930355756,-0.26475768937731164,-1.693694859048848,-1.036854255241122,0.05262716664694668,-0.9513140586062561,-0.668581273143168,-0.4409715742519781,0.6844426054012069,-0.519320933864068,1.5264670720192606,-0.9946287898123005,-0.23487826576845075,-0.1459058959657783,-0.3038136777729042,-0.5812472465935214,-0.7665495822861993,-1.5492181009956207,0.573846011747772,3.375880901630282,-0.6073875476449822,-0.018427059726102646,-0.08048938382846582,-0.12654230989678855,-0.9997081946104622,-0.7283739275950183,-0.7417847770252659,-0.5454698232382044,-1.1603467235979392,-1.3761063303460062,-0.6529488722697795,-0.40966491644712505,-0.5859658225148896,0.7130112920855101,0.26814443548949324,-0.4817456443361244,-1.442106723669914,-0.6115765752321366,-0.04241962117766253,-0.5970178272814834,-0.6723260357763203,0.03852969227787498,0.33239123848839797,-0.542331957740132,-0.5848638694961217,-0.6020344960793664,-0.13250801928746886,0.12609482000079203,-0.061652826131487495,-1.2686930902290483,1.1924462637355273,-1.3695476458443252,-1.1123228957122404,-0.42937874460873604,-0.862007228034497,-0.6903087894458444,-0.31115515287863166,0.0671568999625138,0.2982484370628787,-2.5151123158245747,1.0043572603426065,-0.8327809555776949,-0.21681891050752372,-0.8174177965379665,-0.08935174736832253,-0.827370098217687,-1.0003922036307855,-0.29389309613808445,0.22872355393519053,-0.2723702737673413,-0.2854015936222282,-0.5573930338812598,-0.4678004497524876,-0.389677318072658,-0.9086833030106067,-0.09711682135722335,-0.8251201184908372,-0.7297194424095184,-0.18822918275998193,0.05761233707928373
2023-02-01,155086,160395,9846,3.6,131288000,3,-8.5,-9.2,-19.9,-11.6,102.8003,235084.29577641728,765310.1732816309,2168474.9421619265,239504.69426554217,1085134.9653687992,222954,15520.891784825923,636,1399,1628922.7058399846,1618,213010.77880419762,270968.4173499385,141,151.7,301.476,304.097,119.401,117.963,16879.1,64.3461947554878,66.18162789726591,15.434,137.45214285714286,860000,4.535,3.7199999999999998,0.45338432335070644,-2.0177639079136087,0.06972581622662166,-1.9849089266170068,-0.6450180126932271,-1.347748817107322,1.2264752648351103,-0.5792290190121466,-0.6716432101846173,-0.16658069939254225,0.038210377123437674,-0.4164613095207552,-0.30300205791957546,-0.2577802445989582,-0.7403078771733764,-1.1708503606520073,-1.2915384601223265,-0.6819219346969728,-0.2207605679876227,-0.3917793034271565,-0.9845477693184861,-0.7365159276420566,-0.27848640297860683,-0.17416524323619234,-1.275056792116458,-1.1480495210017507,-0.04726126084548732,-0.7633676711797807,-0.6470337046801437,0.6824782894422946,0.11521333833803718,-0.7256779378384812,-0.7416373361378469,-0.6338614252030117,-1.5869538769732312,-1.1927482106105272,-0.3051673432265015,-1.2223741447731515,-1.4086564598026303,-0.9743770663212725,0.12992575500158637,-1.5724279679092947,1.096930864967995,-0.4222083321416055,-0.06681956676733598,-0.5963462849020013,-0.7016597641014236,-1.0571592467338131,-0.726713063935245,-2.043730083019752,0.4092957266054541,2.963538536231959,-0.6680021609377347,-0.3736448157155745,-0.26013842911063595,-0.866979298262394,-0.3070436475837733,-0.624139253405736,-1.4507255608721223,-1.2934371393823945,-0.3436040279789026,-0.6141385942732123,-0.7656432960278118,-0.37507449473263255,-0.7763766844478105,-0.30272517185130154,0.1536931855143106,-0.8331528964004296,-0.8896291244482454,-1.5155825713073061,-0.27945699019407805,-0.7946955651905847,-1.3101694405809023,1.9139311578970086,0.004223433771132254,-0.02107955575821526,-0.7659987899385853,-1.5225306004840167,-0.45302059140821715,-0.39417603857872296,0.025831301473679357,-0.9163744672783057,0.854379591995369,-1.6426629647356437,-2.215125002790743,-0.5494472554021154,-0.9214129654327143,-0.7823569735160485,-0.8516439322046858,-0.33769547768530644,0.08998386687519486,-2.034248511894188,1.13693108132977,-1.241613205714581,-0.2928072939234388,-0.8535525514775741,-0.029856660710543548,-0.3718294490023796,-1.1125595896416018,-0.7689896854620801,-0.3736172810086277,-0.12318198264291291,-0.7239038275881764,-0.4468973664294607,-0.7121453699068577,-0.6366545843146654,-0.688887118515968,-0.3072456477422269,-0.7038033196770068,-0.7285544300916611,-0.7674819075242072,-0.04368364201565181
2023-03-01,155171,160812,9572,3.5,131235000,3,-13.9,-7.6,-21.9,-22.9,102.8143,241959.63296613217,764190.7773121545,2169845.8082861537,240711.650899601,1089231.5542060845,220483,15483.760340602075,651,1377,1643449.348824371,1480,217092.83748630315,266097.0448253076,139.9,151.1,301.643,305.123,119.553,118.304,16968,61.294990506302646,61.441048187120984,15.668,135.6632258064516,915000,4.640000000000001,3.684,0.21298106591182056,-2.1832218040316045,0.10148023897847926,-2.1382407372228873,-1.4382499682142373,-2.1127287958278123,1.8562560825444527,-0.5915793533984535,-0.8984045693325861,-0.4437086121942314,0.10514678569368957,-0.4295141804503549,-0.2531057480378908,0.042372990053691384,-1.1113855117443878,-2.187791228251638,-1.1148256503342842,-0.5739945065920936,-1.3019181200525363,-0.666360040900127,-1.5134623178994402,-1.4648091012699866,-0.32559083306252296,-0.6539880323537967,-1.5792583110154588,-1.3194190871767433,-0.9081292231848902,-1.0290272243288936,-0.8246743371844876,0.7415815820087717,0.003516530681251453,-1.077205139540327,-0.9049405496466261,-1.0412218450547173,-1.6706081419721686,-1.7353943245863812,-0.7547760479400565,-1.5394052132738207,-2.0603975791668017,-0.8395056736276567,-0.07451829287302414,-2.1751292697804145,0.7456462537661558,-0.5876835092179012,-0.31249488562732786,-0.8792726566561835,-0.749027264236832,-2.1256863496201284,-0.964164329411368,-2.4086752559839297,0.16833885435247284,2.692435752664827,-1.201337490855979,-0.6727981547706653,-0.4392937502414175,-1.020095086747415,-1.777621947783506,-1.0060477598848818,-1.8717575781712559,-1.5696542696671436,0.05054257347943843,-0.4274889891797931,-0.9137665388750255,-1.0440965575364614,-0.8574697354474028,-0.7912072679308647,-0.0585343056274968,-1.367229364487259,-1.8220970891212747,-2.1043598081946966,-0.782894217577467,-1.059790127470242,-1.8598692926922302,0.49843070211865453,0.47973846556044053,-1.231865768771681,-1.8524745714519688,-1.5806190953564654,-0.4479706095020096,-1.4809139961028295,0.08499971623903084,-0.7514823088779943,0.6242629942690358,-1.8238749295831627,-2.173580349673395,-0.7822874847808845,-1.0814024853368647,-1.4451144440830443,-1.1236828758750124,-1.2106609042210752,-0.34316075733801055,-1.8446859059795209,1.250017804533593,-1.6528721537817637,-0.7480611092158025,-1.16256533731389,-0.17369036682951527,-0.5077607049488305,-1.187457103900248,-0.6530168006564001,-0.6423494750831187,-0.5361895992898913,-1.182700242665389,-0.5595285463025625,-0.7307131692340549,-1.0550857103038869,-0.5485200071006527,-0.6775694905801887,0.013968589905777068,-0.495716524553932,-0.9317275359622282,-0.31220882594998484
2023-04-01,155387,160974,9992,3.4,131367000,3.1,6.4,0,-33.4,-20.1,103.2241,241867.13345002919,758186.2132199717,2157419.079216967,238381.26198216222,1093176.627490206,221389,15536.134033508379,665,1354,1658991.414520297,1474,211392.848212053,270665.99983329163,140.3,151,302.858,306.49,119.97,118.715,16983.3,66.22488955572227,63.23896485378765,16.446,136.65166666666667,1083000,4.83,3.4575,-0.029889762766678544,-1.975529890291519,0.4225019915328695,-1.9716648443655826,-1.9475121568811922,-1.926704667721147,2.072928672461673,-0.6526590872692166,-1.4048434361681628,-1.1657282549911077,-0.40240905866343774,-1.1101888338272143,-0.7649202466647875,-0.8336321302461718,-0.1428678590077626,-2.788831224824014,-0.6912178844719077,-0.9180357473082691,-2.1292290479571374,-0.9536642003061416,-1.7597325837322255,-1.0058942370671637,-0.05959728778694745,-0.8140231755304455,-1.7682517737645604,-1.0955817611658598,-0.4213141458449264,-0.9603464291698871,-0.3573815614708304,0.3313594437058805,-0.2772461661024117,-1.1707270823285854,-1.4043703576651858,-1.328178527498421,-1.810794162508948,-1.7417304371451874,-1.1596706339584282,-1.69139504923355,-2.4375642239385136,-0.8724316792759447,0.47678351827852433,-1.896122440998481,1.0650075725849082,-0.8975453467390628,-0.05537771289818178,-0.6703368050183233,-0.2012429586085411,-2.192290167668303,-1.3110709032602428,-2.410799699404176,-0.14237806644267667,2.408667850370981,-1.7995595148316486,-1.393582257001735,-0.421595646615087,-1.0462693355128654,-2.5979416207178,-0.8608125111920364,-1.4122706895693196,-1.5131813468402442,-0.3293745569712214,-0.5163904604408325,-1.7941675448714296,-1.2024481590500253,-1.2679859904834863,-1.0669640805063718,-0.43355571685580696,-1.4434535802315391,-1.9072693310333537,-1.3983692260586877,-0.603219820800648,-0.8778683388112836,-2.339162552068101,-0.3957454233013595,0.535222620468855,-2.133541699929493,-1.9669782499770903,-2.2169036622635168,-0.9856205583802868,-1.5754412473650696,0.11211484303766091,-1.718164262277923,0.9415491312864442,-2.720931999170173,-2.1813772616298484,-0.7140364298394107,-1.2890322173993318,-2.151527812397635,-0.8496288816857906,-0.9167296815544478,-0.44187285773352797,-1.801616727116087,1.4747341525924447,-1.3206605879168916,-1.2321123512881242,-1.464851447048915,-0.4903903267559347,-0.7724542730619808,-1.4703174738680107,-0.8025589389939171,-0.9059231053025063,-0.632555117206669,-1.053529356279829,-0.5549773553755027,-1.5713385907135689,-1.0596042405163462,-1.6578930186795169,-0.20360457456901376,4.929941798107462e-5,-0.6288985417260633,-1.5205821845652219,-0.4213753049072828
2023-05-01,155614,160796,9310,3.6,131419000,3.1,-26.6,-5.7,-10,-12.6,102.9809,241141.16863659065,752721.8245380389,2148314.1923078727,241605.62676876975,1095345.4303312802,222178,15545.530214749459,739,1584,1674572.1658065591,1575,210228.89961711335,265009.9883469286,139.7,147.9,303.316,307.623,120.14,119.063,17041.9,59.58048942899949,58.68461702770069,15.948,135.02451612903226,905000,5.035,3.565,-0.14586645630501843,-1.8925760960204234,-0.7314425958459607,-1.5762518321431374,-2.088852934704639,-2.2555497752796585,0.8634761426098215,-0.6448633201214771,-1.1055909945406257,-1.5846053772635806,-0.6658691808440038,-1.2861256058877546,-0.5903302456181326,-0.777927263911709,-0.48365859264949584,-2.9602840880455483,-1.0371884982858517,-0.8246007779565587,-2.405009117080147,-0.7879013929124639,-1.713658504141931,-1.0871355463398498,-0.6407444871974395,-1.0388033884445385,-2.3064975192453736,-1.617624744537211,-0.6309924463079355,-0.6790457447940663,2.192658779454109,0.485054566107816,-1.2469014928275843,-1.2562380137991729,-1.686150462095995,-1.0940611489448129,-2.0155769239934243,-1.994128456785492,-2.4758804212500447,-1.9191384326144048,-2.7002202132644113,-0.9830027094551935,0.009011697287698767,-3.010136030829012,0.7190650332292572,-0.004700617729452891,-0.8423435360945013,-0.2594476733464081,-0.2564445175619777,-1.4456997450674156,-1.7638772808607381,-2.7538563551301896,-0.13076453952787742,2.2573928394058487,-1.0455721282620538,-1.5756793784763816,-0.966127207259928,-1.0804734436140095,-2.7534764949298665,-0.637159036374361,-1.6256864508312785,-1.1687643340714204,-0.4756407820525245,-0.2281375413699961,-1.1277450513153804,-0.7345267997644322,-1.0794510557637582,-0.24930244383723643,0.15661962560481849,-1.8355272205170623,-2.1592375892625717,-1.6408268891024356,-1.0523692182261326,-1.3911664147355307,-1.9627671092699372,0.198054835783451,-0.15699323066058504,-1.2131113968292295,-1.2530304358646416,-2.3932216818086927,-0.788771217838769,-2.1671925098096465,0.015034138681545205,-1.2759827290762902,0.4262633049275236,-2.0059286922636153,-2.1715864689250006,-0.9385083078758761,-2.041521040972237,-1.635428269480057,-1.164303558665059,-1.0877131373001452,-0.7269859397012659,-0.5658368328482621,1.1693355739566966,-1.1546989611758935,-1.4698694854354784,-0.9616240106480063,-0.5470511637410234,-1.1696052456172357,-1.6483584796133273,-0.5738201373893578,-1.1402489258132065,-0.5301398449406552,-0.8371861528844495,-0.8451910849333456,-1.5118809514656077,-1.3219992619205758,-1.775883942954569,-0.9988197592181293,-0.215164962447663,-0.618290200922741,-1.7943809212124762,-0.8779900349178067
2023-06-01,155871,160979,9191,3.6,131565000,3.1,5.2,-1,-13.9,-14.6,102.3809,252394.23755552788,747527.712043841,2142173.755391161,241870.71864491218,1107287.7485780711,222663,15562.004400714077,674,1421,1679755.0545937642,1464,209141.03043135302,263247.3948602981,139.4,147,304.099,308.291,120.435,119.37,17050.3,58.3302196205422,63.4888742740775,16.428,131.92366666666666,1007000,5.0760000000000005,3.738,0.07533551610549902,-1.7858913438948891,-0.9164541374652986,-1.1702311243401593,-2.0291383816593758,-2.0113397225322696,0.41540264329840554,-0.5474646314626523,-1.6386978800946665,-1.7148774149714587,-0.5782289564712708,-1.137527487528531,-0.7357797330449654,-0.950480245167245,-0.44359899959210625,-1.6875647479257179,-0.689621729264503,-0.5073657095634166,-1.9389660936494246,-0.6996711829701564,-1.7134892063119311,-1.2440694352274175,-1.1655626798675696,-0.3628868138034349,-2.2384411242651003,-1.1217381949824914,-0.46503938038824444,-0.5725698625431188,0.04977668973310566,0.28837508265520395,-2.2804635152508093,-1.4888804345620406,-0.9521791980334643,-0.8710319768955415,-1.2039403404935838,-1.8583608476165991,-1.8300940686257405,-1.872341578662966,-2.069328144276494,-1.2786551271169706,0.20252224110565323,-3.344836848364755,1.0266674776028328,-0.055059036572519794,-0.47052709846536095,-0.20402384303260096,-0.6060447381145169,-1.0998840203796085,-1.563437786051682,-2.5033167815291555,-0.49298244190372525,2.4909569703393926,-0.6341767834343248,-0.39047229783877235,-0.6396840452508524,0.013038324986093947,-2.167967182691025,-0.6403610809693626,-1.2360734579007866,-0.9320361288337392,-1.227926930645936,-0.20475409932694644,-0.9006557945199191,-1.129841951399485,-0.7174831234576989,0.021288650406364577,0.07737319020770722,-1.7434971411171531,-2.270768431231238,-2.0006324998920952,-0.6737899854655801,-1.1299137369159558,-0.6717433511467203,1.0989317320968683,-0.19130753207062928,-0.778133401599218,-0.771275278719411,-1.6157810968419264,-0.4207136251190292,-1.9398586732238852,-0.2787147408138779,-1.0137575666385124,0.5008404206692146,-2.0524937613945387,-1.7619565062171194,-0.7910626091307142,-1.452607113561485,-1.1228672208950494,-0.7002716367191089,-0.8612659041649895,-1.1570069627857154,1.0829065220522949,1.1223097699647089,-0.9738262150113755,-1.3710898222206818,-1.1522721525139552,-0.4225104177480279,-0.8832315685583491,-1.0414666848163576,-0.618163044999372,-0.043584488759631,-0.3888509406227027,-1.4383371162294467,-1.1042461976551567,-0.7353190016062066,-1.2185955235971975,-1.4972190825380425,-0.7316873015309973,-0.1201699526549553,-0.49541466418859204,-2.389606729550203,-0.36727555399631445
2023-07-01,156019,161183,8606,3.5,131703000,1,-6.9,-6.9,-14.5,-16.3,103.0722,243186.4541700526,744514.8344085308,2127060.5180543927,242173.1703676678,1110910.6287003101,222715,15630.856233105027,702,1460,1681132.3570871823,1522,211923.91250269488,264792.94847344066,139.4,147.5,304.615,308.959,120.598,119.536,17061.6,63.07733129902652,71.34732131385549,16.302,129.43193548387097,1174000,5.0975,3.9,0.2095130769458192,-1.3244073900312998,-1.5535347558896928,-0.6380627388554759,-2.0466325175877174,-1.8645206005431878,3.0625538887735777,-0.6672108235257879,-1.9753231626748824,-2.679674330155453,0.030780762702248655,-0.9940336903209738,-0.6739024971282452,-0.947407896241526,-0.5804872732050593,-1.5904690506591974,-0.620861082723322,-0.06541851696350938,-1.8220084063492399,-1.3983867107675285,-1.60464294072308,-0.9433308445589295,-0.5642229777974429,-0.3834111990286492,-0.9640253479384833,-0.8806170942448356,-0.282263934137487,-0.27352438089735454,0.5632315735663873,0.3418315546321167,-1.047455110507911,-1.5880518346257193,-1.3862224297647658,-0.7124915246726443,-1.514974622303023,-1.7314606764048814,-1.8435696848496408,-1.6176687311271636,-2.140158400545163,-1.4087258734440158,0.39066522538699905,-2.653134443485892,1.094156250263777,2.8524027142029507e-4,-0.48540519364052287,-0.9682207353703759,-0.675957201229218,-1.0201214309439293,-1.5925470702851183,-2.2307135357166863,-0.5747020698611036,3.037624248186637,-0.7048243497588262,-0.8432567767077728,-0.38510105965461455,2.8118531904730055,-1.736637613606358,-0.7310304601082228,-1.819506880746382,-1.3542276926151502,-1.1144542213973312,-0.41658893403644526,-1.0830436848858043,-0.9956625930511673,-0.7878533469896186,-0.2005882573690487,0.38041909105134275,-1.0227569221683879,-1.9434671104967591,-1.9943479932901995,-0.7609997982064856,-1.2302997872696748,-0.009774344422658742,0.6501984916666647,0.1346882865717916,-0.7020103818669963,-1.1204243729155692,-1.7884340007732533,-0.7577516257365966,-2.2801417162832864,-0.06963428888138051,-1.0645844863951257,0.47750134163614805,-2.1914250716480193,-1.5058547391510866,-1.015960286327694,-0.711050168832832,-0.9930149674945393,-0.6951707428411052,-0.6000944636818697,-0.4342802914616865,0.11643993003475757,1.109923341981722,-1.0707826672116867,-1.9585956123863224,-1.022541172576274,-0.6715349873065387,-0.619228057829019,-1.2694226147114067,-1.0895197221115267,0.4746803528364253,-0.3868933786784186,-0.8622283050965742,-0.7847878274982295,-1.3075322381764878,-1.3229504836748909,-1.6312250866276274,0.6766772788426171,-0.32415530395471615,-0.49345634132326893,-1.5662388997197214,0.03466844258053024
2023-08-01,156176,161475,9287,3.7,131822000,1,-13.4,1.9,10.6,-9.5,103.0951,239017.8977390154,740735.7500103335,2130380.7515719375,242193.1963791179,1108371.84309511,223675,15633.943702723926,645,1317,1692567.2715248212,1561,214907.61790600585,263818.4598850907,140.3,149.2,306.138,309.646,120.965,119.658,17085.8,67.28392510230232,70.17888159754344,15.909,129.25096774193548,980000,5.33,4.165,-1.046503659560884,-0.8399938880696738,-1.6716172378219778,-1.1239891329429739,-2.5990006007497835,-1.8222651498437958,2.906999037557986,-0.6896663845462472,-1.7133969323784526,-2.4733783578801645,-0.4342462287321816,-1.033359715383273,-0.6684258036245856,-1.4952489562808897,-0.5865554549011471,-2.0993883675651968,-0.7185050994995742,-0.26590594754510377,-2.007715951204729,-1.0119036160748591,-1.8224629490831614,-1.3652442144388397,-0.979831921245075,-0.760696397899461,-1.9789108201875578,-0.9363502973223979,0.12069562911225062,-0.4489611822484655,0.500572913902808,0.16464682441078168,-0.7493393396394777,-1.6763826235481503,-1.7274634290960555,-2.115058787529214,-1.4584187443156038,-1.6223971855402275,-1.8844094697813076,-1.3781679233609345,-1.7483487499236015,-0.910317978245162,0.08329968209985097,-2.3353108069772346,0.6660529853310793,-0.24884357841011404,-0.9605765928593082,-1.3822969355047348,-0.8424874355051902,-1.6955664305316083,-1.8650221936379012,-2.7691750511867035,-0.055420313869984944,2.226995281561152,-0.764732960261221,-1.288209067398451,-0.8292119627003018,1.8598846082458151,-2.4503000593924025,-0.9036171488720759,-2.1949344828623354,-1.7883355273908752,-0.6592771509882189,-0.4248795252446165,-1.0645815669445637,-1.6501071991724139,-0.982158167170746,-0.5242521764133327,0.732910918528449,-0.7885436193993123,-1.7307993447942627,-2.2210299531672257,-0.8911294586175613,-1.4665550141111128,-1.4913865795151122,-0.6432581206720204,-0.9203052228622521,-1.1570747517039282,-1.081064217607231,-2.132177854227922,-0.5204544905740575,-1.965405466116207,-0.224383539192611,-0.8653919357370233,0.23081000212180142,-2.082837426321317,-1.4893299920806669,-1.1080820758097918,-0.5783758803546176,-1.1450160812158305,-0.7174923958866986,-0.3666564953980602,-0.7888367006909607,-1.2184547543822681,1.1042168275627242,-1.5540361543419212,-2.2018380366804675,-0.8554846652976889,-0.927895995466805,-0.5845923368310616,-1.7129156479828358,-0.8479704607134072,0.5191594169388969,-0.43522678234647316,-0.9055211154685822,-0.7409107722665164,-1.470067202061908,-1.0500405167517828,-1.5875500112190553,0.29666569493830486,-0.5088600171023456,-0.5742312775703848,-0.7488537401983681,-0.684776606835615
2023-09-01,156334,161442,9279,3.8,131917000,1,-6.3,2.1,-14.2,-16.8,103.3081,245684.4637399392,739098.9150403256,2135392.7114385753,240351.10843830067,1113880.3990542644,224288,15672.930379694697,681,1371,1693110.464876799,1537,217101.50180826613,266171.83059141424,141,150,307.374,310.616,121.387,120.04,17101.1,73.67345761902017,68.30175393796895,16.193,128.15133333333333,1095000,5.33,4.336,-0.9825384806147932,-0.06757376680056731,-1.3653877166278106,-1.1458558786865594,-2.881264279274519,-1.5641581649122434,0.6377019330098161,-1.0613842908023605,-1.2016934453346861,-0.9244232068932015,-0.2342429641980322,-1.2152906453669499,-0.8954050639455984,-1.5459511785794156,-0.991308854461555,-1.9975860163521963,-1.2247956295512799,1.3240512936609734,-1.1340852147203875,-0.5184919719853865,-1.8038402786951595,-0.8048147682017193,-1.3475896598646797,-0.9441821626792423,-2.3616015611662804,-0.8170112628694115,0.04829201191398857,-1.123066980620517,0.11198485062402574,-0.5869227931605434,-0.44764504671168465,-1.403310244349074,-1.7967288447356458,-2.337071939779088,-1.7288394623021006,-1.4063059736346153,-1.5364787282372894,-1.535090876913529,-1.7537327359984713,-1.1059646138649266,-0.24312385191962524,-1.8819562785989727,0.05244259106751137,-0.30882810436914065,-1.068300244676311,-0.7758448988911951,-0.7108794186912782,-1.307584649807651,-1.1958694445578775,-2.607804929802392,0.7975322536108959,2.5344453136786487,-0.5123354879117876,-1.4964246857314922,-1.1135345001627135,-0.38340208027018385,-1.6208262756029024,-0.8171392791244828,-2.1163328866076023,-1.8672439054765018,-1.072634143665977,0.288016285364265,-1.1452544022715085,-0.8037328943873834,-1.0008479530911214,-0.5607080340116224,0.4131930837245672,-0.7977921858391543,-1.7650833495353022,-2.521721802297883,-0.9205149522893739,-1.568128659547739,1.752351135594023,-0.9409482783541927,-0.9325323470062513,-1.0312164008944467,-0.716098160293765,-1.8384768531993658,-0.4790940874392639,-1.386580349805135,-0.21995016646886714,-0.5583014562742606,0.19453845618471116,-1.6385299517141025,-1.44889762955582,-1.1152442749155926,-1.2220706348964019,-0.7625778315472168,-1.0151106102786729,-0.4705978718206823,-0.539401604366351,1.135186791423543,0.9222357920774873,-1.812746739031544,-1.871811543050224,-0.9086719337884082,-1.0129355472246926,-0.6546078407259118,-1.5526473945559531,-0.8022348988534234,-0.7507570050222335,-0.3466475343841305,-1.2939687488902945,-0.975206446272532,-1.6252717300718889,-0.09836676735979713,-1.9831864407221367,-0.11991951152803866,-0.5925639473088725,-0.4239785678946084,-0.5191861878075293,-0.7752698268388907
2023-10-01,156520,161211,8550,3.9,132047000,1.2,-4.5,-6.4,-15.7,-24.3,102.5781,235524.33269368557,735329.1440525115,2132793.494134236,238066.72651353557,1115027.0546281121,223027,15705.27338763476,681,1368,1705747.7701550801,1528,216159.47817922765,268951.005180323,140.1,148.6,307.653,311.433,121.421,120.2,17152.8,70.53145666729807,65.21168301598314,15.805,126.21064516129033,841000,5.33,4.7825,-0.8008343769488115,-0.32687225391723546,-0.9556442527261992,-1.304173643662151,-2.3981023400996158,-1.2252069620473085,0.371228189915387,-1.014076082969153,-1.6387864645634391,0.1461858904294075,-0.38950910311219566,-0.6837324993416597,-1.1249532372648892,-1.5509998694701115,-1.0825904509193556,-1.6788331252409727,-1.7921944691441172,1.098208844369778,-0.47273872709952325,-0.5294809026945345,-1.8201685298832604,-0.7549814860938031,-1.087444148043542,-0.5970031576590378,-2.460661146991739,-0.7222954195425194,0.05591347061509552,-1.2973195930341366,-0.5186885308128647,-0.8514245519560684,-0.2204479970681661,-1.2884800287317042,-1.580262566342374,-2.1347673473696673,-1.8437769236546993,-1.5520501862045437,-1.4752246593417464,-1.5137999855789814,-1.967754031385955,-1.5635279790911367,-0.7507641391385547,-1.6491292245630726,-0.16944835435634575,-0.018223550381246234,-1.1064373008123574,-0.858584534784682,-1.3926175897316835,-1.0474693962015968,-0.4134277637542836,-2.250327269683523,0.9107679236846291,1.8284662547637303,-0.3980203433067274,-0.9939971013067418,-0.5725839845302164,-0.8336305745059166,-0.5998416426149972,-0.5080586923972897,-2.220170782633111,-1.8744187214578618,-1.762004004114638,0.14091332147708377,-1.2974867541603659,-0.565341418448401,-1.1021007461443502,-0.5750913969837506,-2.3477527620848897,-0.8721119697402684,-1.97227816875303,-2.1690802299275287,-0.8066326446345504,-1.4528048934206543,-0.7314301536119903,-0.6832651608215247,-0.9534562259983708,-0.7957742892365363,-0.7045100836847666,-1.7148005423718269,-0.5893074926263252,-0.7994364884468321,-0.19068637690598028,-0.3255228870181255,0.48869005961420436,-1.574172643389969,-0.8227262945124485,-1.1360024722572288,-1.133843089469042,-0.9323843754770613,-1.166812298892504,-0.19068106706887267,-0.4001677034103718,-0.5957313599427918,1.039122737090725,-1.2823237506878022,-1.0694315036170348,-0.9819715706210609,-0.8336677783806735,-0.7413243668244314,-1.195477203679574,-1.0425073844602561,-0.6792821360399977,-0.4378276922432714,-1.3502703117251595,-1.0353847613064773,-4.754065907751472,0.6534510401010204,-2.6938832160707085,-0.6802811619376472,-1.1423922570257214,-0.3178633199862441,-0.5274653388884201,-0.8018418976784587
2023-11-01,156661,161886,8663,3.7,132147000,1.2,-2.5,-6.1,-6.8,-7.4,102.8868,245908.66037968948,733342.6677099204,2128005.8173097186,239823.74500679484,1125198.6986780877,222446,15773.17464893135,610,1514,1721937.157682329,1503,211879.9159906107,265458.96306057734,139.4,147.5,308.087,312.373,121.415,120.309,17229.4,63.987151505168214,62.74313152045431,15.939,124.32000000000001,872000,5.33,4.5675,-0.686777224871312,1.3363195679381181,-0.618426350883004,-1.4805634924911888,-1.7031498071273354,-0.532292899200009,-0.05193661521387277,-1.03386395205129,-1.1638613762201164,0.5617308307572073,-0.15403260208673422,-0.5149540131477512,-0.9444013015932926,-1.1153510618174174,-0.8255397508788148,-1.586047792715529,-1.391389259231448,0.2638849791358181,0.00854400943721222,-0.3599437936721023,-1.462741375468593,-0.9518702704271615,-0.9927373391286387,-0.6009860843650541,-1.7567200114960335,-0.807483867455661,-0.02524991993303769,-0.8993392944549499,-1.0358403792887532,-0.8789432076737977,0.09227725859489341,-1.108008369722627,-1.09620905090121,-1.4600709066700284,-1.257228242443496,-0.6803520711058076,-1.1048635255704886,-1.3551981139121119,-1.0994424511555883,-0.5815889434239094,-0.4698628935655718,-0.9629624844490552,0.3674552476657652,-0.7627185583108198,-0.2870400551946435,-1.2225122425395571,-1.260855433302127,-1.1514449397030058,-0.2701150173041152,-1.506751188041132,0.27687001311940995,1.5658285373020466,-0.35869804462679666,-0.6721456869881205,-0.04447946346560511,-1.0891209780876028,-0.3177117799474774,0.014478012310906195,-1.9312018368090387,-1.336419960450855,-0.9072603415686737,-0.8534576999391852,-1.0201683145989728,-0.8910216259691323,-1.109198253189675,0.05163327949686234,-1.2924681462641001,-0.76618689816826,-1.973598758970674,-1.6506646661735704,-0.4709714120981273,-0.717887959920805,-0.3195399664561195,-0.4364686857991157,-0.5956388083913632,-0.7909411415965355,-0.6414617812672317,-1.267593032522994,-0.14688865360246786,-0.784739000813852,-0.13432806764993752,-0.21408412019663242,0.45132125900964765,-1.6957450324161092,-0.5166862345261416,-0.7194744173317194,-1.131406308127636,-0.9410049011186268,-0.6161122797537297,-0.5056174760577848,-0.4564338767929864,-0.10666004736254467,0.27888344605165943,-0.8310456107285042,-0.4609489067166603,-1.2881495979856017,-0.6435120651060995,-0.7718493685031029,-0.930946446872101,-1.1394152188811364,-0.7652387660552952,-0.2343577724739837,-1.1398818629490801,-0.7829262694427614,-2.0432956454222477,-0.0014622886982417552,-2.2321290473172755,-0.5658511016303417,-1.694619084753337,-0.24240650612844827,0.04719423029012772,-0.09248709932124102
2023-12-01,156930,161124,8585,3.8,132242000,1.2,-13.8,-15.6,-7.9,-20.3,102.6309,250262.3312116577,736764.1979572704,2119060.359789802,239315.9651979408,1138362.0335191856,222287,15863.143698294436,643,1521,1728007.7630302133,1519,215323.76112234997,267862.3706846927,138.4,146.5,308.735,313.23,121.602,120.528,17267.4,59.12731698491801,70.15907354943982,16.385,122.53129032258065,1037000,5.33,4.066,-1.5436924790411704,1.5173292959030986,-0.6237381967452278,-0.7786591776963502,-0.8187897488755617,-0.6232307959248206,-0.8571072882312397,-0.8588852762675199,-0.15988786668898602,0.6577827869930031,0.18894908243972855,-1.8838497122400588,-0.829678388498259,-0.4962291149749588,-0.9555200026789521,-2.2198180231328237,-1.1579467855561616,0.07938853106614441,-0.5369339016700547,-0.5857498183288634,-1.495027258852923,-1.23610534059734,-1.0505064340432542,-0.5893841258233793,-2.756715201023502,-0.47584581367726636,0.13111507870491382,-1.0710600096311,-0.156327618436983,-0.8575290433325978,-0.005451474555956116,-0.8251038029553927,-1.2193390239009356,-1.540837385365103,-1.3876467955615295,-0.9149251924899122,-1.121581537138856,-1.4885303571283346,-0.9517865590789778,-1.3588114101828939,-0.43967037943680454,-1.4799317559704404,0.669717289890419,-1.5499382300136506,0.3761218868387192,-1.0840066585568047,-1.2862097423089704,-1.102909105691937,0.06423945760021108,-2.1432470678893507,0.5683886406812853,1.022719838907946,-0.6448687801337588,-0.5427832127977255,-0.6797740748508163,0.2788304372857867,-0.5490057418807873,0.0492440495210085,-0.2795102307460072,-0.9328646158777002,-2.543955691517365,-1.9366881305529933,-0.834794641560272,-0.9344672988160325,-0.35188655054127954,-0.35953610451857276,-0.70275971673442,0.5108581153844136,-1.5572476535168287,-0.875128962293322,-0.5250823365859948,-0.3295606389182691,-0.2954783668347731,0.08750716426203001,-0.19606464158903655,-0.5945438310644678,-0.5815593302641847,-0.6085536085834394,0.4350746617797868,-1.0761928983960336,-0.31325462976494284,-0.21817283258290207,-0.14216909548802653,-2.0653596460108314,-0.3516252416227474,-0.40056397966791235,-1.4252729392108157,-0.2300854758557184,-0.5764578941192541,-0.14824668143136224,-0.8511116906339627,0.7012800179243492,-0.05509999474957412,-0.6204787335982328,-0.7668702024092067,-0.7311621945895646,-0.3235451005755511,-0.6010073464675645,-0.9677737349860789,-0.5428022951477399,-0.688939085711687,-0.194938940464149,-1.1081046149636118,-0.8272275455194776,-0.576603081877273,-0.34205714590977165,-2.063437220010799,-1.8277999360506125,-2.916221479051468,-0.9463939650073716,-0.033522996444086406,0.2707605014700669
2024-01-01,157049,161190,8468,3.7,132371000,8.3,-34,-8.4,-4.7,-25.9,101.483,229794.86549563936,728360.1523154405,2114783.82852326,236689.18642263443,1130610.49011178,219648,15811.734840109733,681,1381,1737893.7886418542,1545,214384.8012119723,269314.1710682553,139.4,147.5,309.794,314.389,122.115,121.128,17426.2,60.72145109118454,77.32302282480214,15.536,120.69354838709677,840000,5.33,4.06,-0.8087462240549501,0.9135927719010388,-0.9490420813148026,-1.148240547141981,-0.45818678283514436,-1.425870246848718,-0.3562914672462557,-0.7023659163623998,0.873943634910037,0.4103947375760423,0.04825075138255494,-1.0206919862863015,-0.7566000088609599,0.005796266743641754,-0.9321512442897832,-1.9373813516431895,-1.1213998459846128,-0.4455542082804824,-0.4604115251030284,-0.32098375100282117,-1.104298472342251,-0.13280345140907768,-0.44987238452751566,-0.7025422223297912,-1.3400262903360667,-1.0405663986890437,-1.4540621384034197e-4,-0.7268910046842623,0.2154094345155823,-0.6682037131476533,0.24420998332170932,-0.7935285771087308,-1.2537166876715002,-0.9181611065648075,-1.987003183063437,-1.0985072867168932,-1.574937605071712,-0.5527207431340653,-0.5991960747875025,-1.1714240074285651,0.16423697888572664,-0.6069874772693206,1.1822196876735631,-0.935434383642062,-1.059215620814951,-1.574818583620646,-0.5147382124887412,-1.3272442940626425,0.4344557953115817,-1.8171617050398057,0.6424569935568277,-0.9254195582887567,-0.9523049915890167,-0.36207595211477533,-0.517590980089392,0.13586069238152104,-0.4224200884183117,-0.09836988965879048,-1.4211911588317614,-0.7778310117073854,-1.2217661531400787,-1.648978035176113,-0.31654273804907884,-0.6314098310411688,-0.65358296207418,-1.031108962575925,-0.6299330820734139,0.07727448027947811,-1.157088489781293,-0.23267959324525855,-0.6232493265810615,-0.09522833800376883,-0.27878369991237295,-0.4573510608148861,0.041863252222206965,-0.23431008421209779,-0.5741155744434824,-0.9648678983246166,-0.43736556071562055,-0.7097739003184302,0.031994673874081406,-0.838680276450593,0.245931700469593,-1.5590913660032069,0.06535939092627435,-0.5166472964421567,-0.6630782231221332,-0.7724700667740034,-0.20881016703053898,0.30465222559100913,-0.7832073488742892,0.5232149049924604,-0.328020692862165,-0.6112090436136431,-0.9642902103256551,-0.7122547020693074,-0.16225117962252383,-0.4660326337517742,-1.2759013639702266,-0.31387403940749575,-0.11811105988496132,-0.17494757768906058,-0.9302550465831771,-0.4006992952200671,-0.09457803654261109,-0.5084532346910215,-1.3853091945437577,-1.1078500653650147,-0.2757557147896722,-0.34773224544885917,-0.032743525086971315,0.04090643880332447
2024-02-01,157271,161013,8445,3.9,132462000,8.3,-5.5,-3.2,2.5,-18.7,102.7267,230723.95382630985,728777.7360523781,2119256.262095092,236380.55741505703,1125439.613368818,220332,15847.878263425147,658,1552,1741922.053325061,1577,219866.27916469378,274098.3231831763,139.7,148.6,311.022,315.555,122.494,121.418,17442.4,63.06431335412347,76.18162789726591,16.177,119.47551724137931,843000,5.33,4.175,0.08461141694378405,2.612216535621399,1.0834747363411894,-1.2049733699403897,0.42671052054687153,-1.1675413329050524,0.34495442965194456,-0.2528016916609603,0.6684371048284523,0.5693036893188952,-0.1285176043554961,-0.22741343673741793,0.31554342858370915,-0.2587919358346955,-0.08307408354852215,0.1931329998068671,-0.34115374494727607,-0.38713314796592924,0.733000895341984,1.128073171981903,0.009395103494658538,0.3425205684866031,0.532503492088525,-0.22231626050499073,-0.8973376540851951,0.8178122399531869,-0.027533423586240346,-0.6125038688986333,0.10038231937057611,-0.5771323903829202,0.720346648887715,-0.27989439699953467,-0.1481509890265479,-0.052107873350125955,-0.28388037905618535,0.16746953231029382,-0.24867120086485744,-0.2568855024001592,0.6110204112202909,-0.0821840640987555,0.05810771269093624,0.098727578242848,0.7523259206651852,-0.18449303017356866,-0.5686703113931247,-0.3420664768894828,0.3622808236244606,-0.9225644154785861,0.9739973555097495,-0.3373207338949134,1.135297766629372,0.09782247490929728,-0.1788585634752058,0.24568428604861856,0.43709614910388506,0.16551506849206296,0.757036754041754,-0.07017667512905185,0.42717926766820047,-0.028953772946302553,-0.4706732053358172,-0.3069070466158023,0.05799961779959958,0.3086581490365563,-0.44134018463539615,0.08782806568362109,-0.30100498846428964,-0.3018478532913952,-0.6432083382548774,0.08838897344424339,-0.5250377388495755,0.5099900215628557,-0.0028216027297917057,-0.1678517973576764,0.47741127422919644,0.07949791212359589,-0.04720575571882912,-0.26017036248275854,-0.5896312319817069,0.8767169061010052,0.21322645508844015,-0.5031651871791627,0.3098879264339081,0.2002394883445227,1.155072585307782,0.15198823448329335,0.287980879182712,0.1879486134149857,1.0754676486262138,0.23125604428552565,0.47574717723630783,-0.17220957135416434,-0.6721847135808567,0.47949822111565427,0.38121059757068476,0.19842761039702353,0.13194764735917666,-0.21901327179032726,-0.06655793203525327,0.7691424458018957,-0.15338837784365336,-0.043560158840945495,-0.4868679701220591,0.008447979825514498,0.5880609574383086,0.2663767872828731,-0.7597970436856936,-0.04637361300375968,0.0910810101074074,-0.3408948580555615,-0.34695147381537095,0.06401553147922845
2024-03-01,157517,161425,8093,3.9,132544000,8.3,-9,-1,4.9,-14.2,102.5186,233844.53918250455,722416.8510804478,2111167.1433060607,235431.0400937256,1123895.1444936213,220322,15908.292111429315,692,1312,1737642.3782869042,1476,216120.4764384275,270033.8453527727,140.5,148.8,312.107,316.762,122.912,121.829,17486.9,66.12861234053632,78.84104818712099,16.136,119.44612903225807,1075000,5.33,4.22,0.22318857083504395,3.305996147984069,0.7736384096061328,-1.2237592792211376,0.03319222520723954,-0.13945489457130086,1.3990496074101288,-0.28264313233454014,0.9786156133821785,0.5436334825355351,-0.00624655718603125,-0.004508183070210623,-0.3306313686150477,0.048463444300017255,1.4700358585780566,0.18769419634993453,-0.14864016531708102,-0.4156212629813462,0.5462776715426146,0.4818411211414945,-0.4188432563394133,0.70183361844935,0.8195610905546039,-0.23479125260147257,0.0034526909703458276,0.7468274640331556,-0.6271847952166822,-0.5667313370955164,1.1289527576067295,0.35044962929049206,0.23652843207991966,-0.5856385651959084,-0.2834731002006472,0.4578139281146992,-0.0949911985181821,0.04327114388027199,-0.366732439995966,-0.21799096792307524,0.33412424172041116,0.8893468360812271,0.32669273006803085,-0.04877710615178127,0.2972998127645038,-0.0039095699341336445,1.10130090970104,-0.22572337840308176,0.5570313676393017,-1.1925663999421405,0.7840542688996712,-0.3898291252108316,0.5118438984529153,-0.4210869873003001,-0.9634664826756053,0.5950763866287273,-0.187889714535571,-0.05696548684541223,0.701605460495471,-0.43907877104785714,-0.09030783839461914,-0.7344181913223412,0.1806498366311198,-0.42890442957525604,-0.3920251996040059,-0.042304680719248214,-0.265542222091345,-0.6904551269231264,-0.06079234246724863,-0.15086829744137886,-0.00688988588097993,-0.054373813508147226,-0.5375627235310962,0.18771918783887628,0.8086912929197695,0.2537071552674221,0.3756254379264674,-0.4299525589185939,-0.8545022022731923,-0.3065337579931152,-0.5239727892020104,0.7166366374031736,0.2711830297493112,-0.5551726737038214,0.611305900444677,0.2851987490050247,1.511930460700919,0.14227062646433822,0.48704847518417366,-0.4819535065027926,1.0070378136842322,0.3190055620669538,0.8529230169681721,-0.00316966379255601,-1.4146528299948709,0.06461619430191426,-0.06810328340773125,0.0530704731855929,0.6317670043541603,0.043034871455934716,0.4162532829574857,1.1991172396854533,-0.48782057041101107,-0.057328556363631544,-0.14352345638279757,0.1452315741281076,0.5226570864284787,0.18789791116707028,-0.13872577632950844,0.09303368196799638,0.05824705132265794,-0.1717626839907637,-0.6985160218826554,0.2802480190837146
2024-04-01,157635,161495,7619,3.9,132657000,-0.9,-19.4,-7.9,7.1,-9,102.3568,232867.5527857572,720588.4739601085,2110828.7236773903,237772.043429573,1119879.2541019523,219670,15907.379456968045,719,1385,1755342.6814028597,1459,216168.42754434654,275494.58753266145,141.7,149.8,313.016,317.596,123.234,122.14,17464.9,69.25848385997371,76.73896485378765,16.529,119.124,841000,5.33,4.5275,0.2681291916310413,3.5031462975778345,0.6225374468763688,-1.313282222226715,-0.2586665844400166,0.09710602021007547,-0.4104941436472844,-0.1840607448782906,0.4768730008719944,0.0915399413793127,-0.24538414602692846,-0.5202683610436386,-0.50812899980816,-0.21292529192230947,1.8621997173711162,-0.14025184684810432,-0.47695778093715563,-0.35565232439097216,-0.5976696247140995,-0.2811334576728833,-0.7574267938153325,0.2233764223326659,0.7395722667767101,-0.4296921264673419,-0.05300793378728026,0.5393182497526462,-0.19842420785898646,-0.12946873118051397,0.3166881242771047,0.20929716029885953,0.10749640240626251,-0.6291375078337715,-0.5756817666803344,0.1396924301652688,-0.3857837836747071,0.7759217343842137,-0.8165191725332236,-0.3777767920347986,0.5987410417126818,0.6482721855494151,0.7831878706399507,0.1303579474569042,0.9440646725383599,0.06902270639751182,0.7161538918355657,-0.22312143644872454,0.5125829823900601,-1.7968868734352945,0.22202645068252602,-0.565386592929591,0.4767275461151378,-0.9084406830334245,-0.8362913755184609,0.3283903245864734,-0.21115978215669165,-0.1931044414196077,-0.3542726282561873,-0.4673760040797655,0.5758657185461429,-1.1487309047514305,0.2760794336377028,-0.9274195295243621,-1.0813243473802845,-0.3046497282436672,-0.5869289474217434,-0.46446153247889205,-0.15512463566866408,-0.03339236200709008,-0.5180681720065209,-0.5942659585569082,-0.32554662139744434,-0.7011561698748061,0.4510519107607176,0.12780932796838546,0.46961876078625553,-0.7606146877473744,-1.1313725873191174,-0.6647007605377401,-1.0603102490330785,0.17268301932721886,0.26001861865321624,-1.0576298031474796,0.8058704021005992,-0.4513255133191157,0.8765742163957172,0.07749324825185488,0.4152703777058202,-0.6326066380675055,0.4703337201636545,0.003124591368930868,0.4575611214911304,1.5883776836915755,-0.605730440948991,-0.02458550885600323,-0.15017101346736547,-0.42658266882473417,-0.3385703531372709,-0.031942336282859515,0.127113896826354,0.46789445501353955,-0.26980452730377913,-0.12083088726106378,-0.11494150944615286,0.15280939065020832,0.26380683114131953,0.19174766874760937,-0.6600263180573384,0.5061531376053574,0.5359253987591307,-0.2566023082707852,-0.7771726099395515,-0.11036553971396021
2024-05-01,157828,161164,7901,4,132821000,-0.9,-9,-9.1,4.8,-2.4,102.9797,232770.4018697656,724590.1772382003,2120199.5314538386,236512.3677205739,1120078.8807375187,221190,15984.954229695511,665,1316,1759568.7528403555,1407,215036.0319418295,275459.3261053042,141.5,148.8,313.14,318.053,123.224,122.239,17511.1,64.93864831526326,68.78461702770068,16.309,116.12483870967742,888000,5.33,4.5,0.5681641416007195,3.1003000961210265,0.3507252215268204,-0.750428819440514,-0.4756236798242353,-0.5291890056568871,-0.44857487896885606,-0.4440374049272855,0.01957962048482348,-0.7364597172794569,-0.20047016350438301,-0.4730082593482643,-0.9144698939953987,-0.07072461055025986,0.1660044048028645,-0.24008591743401286,-0.47406989623187856,-0.006729374719783875,-0.9246452438336662,-0.3632654387913376,-0.4348454731454936,0.34701664359747064,0.6676789544746584,-0.3322531612473461,0.21939718398641292,0.7130431888010167,-0.44883418401448094,-0.1433992550649548,1.621276436282113,0.24527639865132467,-0.6356469951499919,-0.6644278573888854,-0.5371787124815441,-0.8245446414845828,-0.2938407405671235,0.15623120256838843,-0.488553030384341,-0.49269364246843395,0.5001041169444483,0.5333295165817138,0.6875717010808282,-0.07237520773231147,0.9271624547314943,0.36685662706119293,0.22499000788991888,0.076709396512235975,0.41055565714282893,-0.9990670288087329,0.20678335719417212,-0.362686969831978,0.6495596124523643,-1.281113911590795,-0.697682796556514,0.4262215254899022,0.14842027148903003,0.14681363906452416,-0.7023761035723244,-0.034632270136573544,0.7621971825803731,-0.8175383113521929,0.4530600404141441,-0.7806959227039267,-0.6359381414238385,-0.5024750020392731,-0.4253951449537443,-0.10176604611659068,0.11909357960825337,-0.28125518645617353,-0.6720416644475821,-0.718682655753764,-0.5456275042865202,-0.4192367352264813,-0.7299286200713994,-0.8178973651049963,0.4615247926894598,-0.52873040557658,-0.6157770715397868,-0.7793644648832955,-0.7210697899907089,-0.21286928286454565,0.1804061000496403,-0.6861618196873799,0.9402007403880677,-0.4815582274676584,0.6795029249062094,-0.2935333958806226,0.11222373488017817,-0.5524380987848143,0.5018726920058105,-0.07826766225610236,0.21866302320362038,0.8732912229760441,-0.9564721482936028,0.1772129800560001,0.1437118003931788,0.2923151923874511,0.07432823901391328,-0.06864085076650671,0.2625720806157489,0.20126223366580784,-0.3299562448921938,-0.031058855718656443,0.427528346528798,0.2628645716717898,0.17596077479858663,-0.44298934312418903,-0.5671149593195393,0.2681638545559949,0.276152950055581,-0.2991971469709046,-0.6370842441670291,-0.14296081590481413
2024-06-01,157915,161155,7412,4.1,132957000,-0.9,-7.7,-4.1,0.5,-7.7,103.2534,227875.72242621728,724819.8493949048,2122919.0171804465,238152.21003655702,1112330.488210166,220573,16006.857476351433,671,1327,1737851.4861918308,1461,217523.04063419497,277418.15204792126,141.6,148.4,313.131,318.343,123.369,122.51,17515.6,64.6596794980911,67.4888742740775,15.433,114.36233333333334,1178000,5.33,4.3025,0.696091188540355,1.814803211159002,0.4694383348102551,-0.45332809118730055,-0.09968043398976019,0.02396477519962901,0.9805537582951294,-0.3431027128317443,-0.4737807659642465,-0.7496199751261624,-0.5409833685066956,-0.2158694023310612,-0.629373854676802,-0.23648205719838006,-0.03406810796125666,-0.13967196301177745,-0.7563325179915038,-0.22861140913736913,-0.712410680089488,-0.6872767091304521,-0.8180431429297083,0.45328047747600053,0.6284768024971095,-0.48237052569029987,0.17546329078772288,0.04506812538694362,-0.27628048331946614,0.7275282600004214,-0.08754066331235344,0.23566209739428462,-0.41917371129020753,-1.0036068663938704,-0.4140475111207848,-0.39722501383294945,-0.18185971800659131,-0.03214521876666104,-0.5722608597289041,0.05094806190419678,0.45288055372915625,0.13675822664252651,0.13375085056055094,-0.5710672576637968,0.5089486191534531,0.394824062998245,0.39402049745150175,0.017740842558611115,0.24101006809568654,-0.5394640743118472,0.12439481800909712,-0.10743123509638042,-0.10596317761679887,-1.6058855688224651,-0.19362031047968367,0.5704061949226124,0.2893168867059093,-0.28813324711141564,-0.3291212454730002,-0.03256472254474017,0.0184982394841106,-0.16391896061615568,-0.07255678480580588,-0.5748569540729369,-0.30551372152664696,-0.4677406423077697,0.048906218204470504,0.04187331355435486,0.32586848734605456,-0.3567433888872822,-0.18355650656533018,-0.4159925382553991,-0.34259936241123756,0.08755641209989584,0.5594331535176198,-1.023554884815569,0.4512403712607625,-0.07342087036881247,-0.5202329656976675,0.09541781738597276,-0.7587227707962225,0.182821088068077,-0.1704739001211249,-0.4965935262643174,0.3789090517888248,2.447984608968002,0.8388053691137494,0.013430723081895158,0.4835660506249118,-0.066205336734611,0.807738242108942,-0.20411391394007072,0.16029248946220012,0.9176425754992817,0.8007140777338863,0.3691993568750801,0.010598733574593667,0.20148317025614096,0.013423240370727063,-0.11012456883312009,0.2956436174308236,-0.4611744178023832,-0.17483330914313838,0.11810240717117415,0.37054089936444384,0.15592361009900202,0.8315842344464311,-0.6350072742846715,0.022804965827812662,0.259190823209863,-0.028597199190167226,0.008939967236567642,-0.3487957815897167,-0.6454909194027785
2024-07-01,158003,161219,7504,4.2,132999000,-1.5,-14.8,-9.2,12.8,5.2,102.5192,237292.33259154359,725880.6392878819,2122773.5735895094,240097.1070200283,1111497.4711713535,222951,16076.309933238923,710,1265,1734282.0149706656,1436,219393.081124823,283029.73902488366,141.8,149.2,313.566,318.933,123.575,122.722,17505,66.19461865264009,66.2473213138555,16.347,113.59,946000,5.33,4.2725,1.7270415598516573,1.4045111397951726,-1.1630446488161377,-0.4680659599372947,0.09116120044324591,-1.066404562150415,1.3388322117069158,-0.3920704978651895,-0.6238566314539931,-1.1152631541305955,-0.8139978705046449,-0.4692953433232259,-0.51056464615766906,0.701676692806237,-0.39317375327399895,-0.1535732086990583,-0.8968266532168695,-0.1524027219292044,-0.7576808206031345,-0.7634941842152927,-0.52502095556336,0.26459968534254075,0.27904384362001305,-0.44096024020357966,0.09669351974509745,-0.25009668417322545,-0.08779229001855553,0.8839013160408137,-0.8081011071768234,0.0550385604987414,0.36036603445642934,-0.6732463348912954,-0.11761359986734124,-0.25417756098239247,0.14992528265954966,-0.11198429633512816,-1.16367196194601,0.03740616814438226,0.7743050605893735,-0.15897903109988304,0.8849864810487236,0.04119005077996798,0.04014751852636621,0.3019859562789768,-0.39503889559581457,-0.34014884206801893,0.2807895455302769,-0.9559896730941136,-0.21758162404291018,-0.37245940062760863,-0.38840478457402805,-1.4369993694251366,-0.5474229106724496,0.322197481758999,-0.754188326342437,-1.1072123581262054,-0.47777167429494805,-0.44206748066167156,-0.2389265428109438,-0.6948132373629343,0.10531705775998762,-0.9291086001077725,-1.0151225334357326,-0.6348961069337752,0.05015499796421171,-0.07464202491954056,-0.23368739311523856,-0.08153061120420058,-0.09078387224340391,-0.4110532011177453,-0.4279317919499479,-0.3807889491975832,-0.10466399096338555,-0.6172069187574521,-0.03881958243758412,-0.19389331065160642,-0.41436768899738263,0.19491464449026094,-0.9624352635221796,-0.40847314820143643,0.5028899652608297,-0.35681703363664496,-0.014626723752107641,0.7774962533443884,0.6161287530979185,-0.21176472772861296,-0.11596397266704307,-0.07993774766231374,0.11609306609160305,-0.5397531666594083,-0.24124281337722833,-0.18673464266167306,-0.4554327810802655,0.09742651169460703,-0.555261301713852,1.103750460396779,-0.1611254961490513,-0.15738836461058742,-0.06229339183279823,-1.3275378001501112,0.16908598211874823,0.12278182659678161,0.6806967300078857,-0.08277576037500174,0.5660784605319691,-0.875930274218211,-0.7329110205893743,-0.0029349492207473007,0.08996777277853327,-0.01537602711040294,-0.17340973141372373,-0.8891163217685968
2024-08-01,158074,161425,7649,4.2,133179000,-1.5,2.8,-3.2,-3.3,13.2,103.0196,234327.18808344175,725768.0215312744,2127112.1712633413,237859.15766162597,1110408.3991368092,222048,16087.838547770494,693,1391,1747502.1620179913,1476,222844.6499147316,280402.0141117137,141.4,148.2,314.131,319.839,123.727,122.926,17494.6,61.975154978298995,68.67888159754344,15.638,113.51774193548387,1154000,5.33,3.902,0.5974269519274943,1.1823434689699546,-0.5745125497577913,-0.2517570343535454,0.6209311861062908,-0.9128625908548728,1.5242841358353678,-0.1174235332649373,-0.14883934994766052,-0.39120170425467193,-0.5716068084304702,-0.1419958154965249,-0.3652574352913302,0.3043220518339344,-0.05708735061474521,0.13760011713885156,-0.502480945564765,-0.1871832608954502,-0.3773632435900079,-0.13368373505660056,0.10009788846727222,0.4216676601959381,0.24905817174751457,-0.29369950988982735,0.09458380644211217,0.020149496580444425,0.015558189250673548,0.13560141648734206,-0.9320917642121975,-0.16344788360217477,0.1561385237729784,-0.417463923046052,-0.3295615681372318,-0.44916600586951805,0.3527774992490728,-0.2605490435528598,-0.954595729017805,-0.12746318507784837,1.055920105369682,0.3500424433195746,0.8100804857107153,0.5068272517025201,0.18447229886484262,0.29777233372855555,0.07007289348892513,0.2304599251712075,0.20723494486946029,-1.2387615175458069,-0.03182834038421985,0.31637554397349177,0.2713181757230872,-1.4391499380424384,-0.48557668741210797,0.05680166773373155,-0.3141145296658329,-0.44041256955351704,0.17035774290731281,0.23647355711680734,0.3072609120099298,-0.49010913857556315,0.6042556714068743,-1.481968824071266,-0.2550588713950604,-0.26380769511339636,0.005722558757268098,0.23226904533766296,-0.3442220039562477,-0.06326954631901509,-0.10127309415039729,-0.3035618949384536,-0.3864940700811665,-0.41440143930461215,-0.5948382308316374,-0.7653521795698609,-0.5915732030782107,-0.0035049370905095856,-0.2756237466871738,0.8108470050652041,-0.5680143905883087,0.37980698295453513,0.27079742613583685,-0.2729988491873477,0.19816373100508958,0.9696612854170334,0.2884319523534899,0.14757319864793125,0.13643379075443524,0.08547418737411298,0.6768490458341354,-0.4591021998471132,0.19539424265668046,-0.7763888995577318,-0.04405727890847209,0.4567379915299749,0.026450565506803646,0.7997924442724291,-0.0816091256319281,-0.1356715848360924,0.04595217393236742,-0.653018792217232,0.3127780093822574,0.1406999353818316,0.7929895367144036,0.1764609585799682,0.9027263039651772,-0.5074037659465915,-0.542508335540974,0.08285912866763825,0.3108722055237291,0.14879861133663608,-0.017135288408415803,-0.4221230040300825
2024-09-01,158314,161802,7103,4.1,133373000,-1.5,2.4,-1.1,0.9,-2.9,102.5954,235978.18281574,722596.5999402932,2130724.106725037,237006.9146919049,1111368.4957922848,223305,16172.55262669539,717,1357,1728614.0762794602,1434,220823.95371916832,286580.4952436279,140.9,147.3,314.851,320.835,123.939,123.234,17519.6,56.67304077005624,70.60175393796895,16.275,112.52633333333334,900000,5.17,3.7225,-0.05499418326152915,1.1345677818690656,0.45257890532934264,-0.029869675931356234,0.5161341684198942,0.17673648090199817,0.9042844837731587,-0.04029815988577527,0.2854110826583872,0.21340735131638908,0.03988680603744625,-0.07023536356186566,-0.3744216056424363,0.14492975768599445,0.005408563666498535,0.8864669560079645,-0.37032151901888666,-0.9686091993753932,0.1812535902391348,0.7932522858066311,0.3174513924281716,0.558351828827324,0.17469776440909374,0.2413182379485464,0.026801106974909113,0.6804545559935596,-0.03758553788253749,0.04119479446981596,-0.3532636779125469,-0.15516006366185633,0.6430168515081605,-0.15766748615167614,-0.20072832387169104,-0.4117014950368124,0.3432724714243535,0.2764839917458735,-0.06554665217529607,0.03190339614655229,0.6537267133015993,0.14499007012179996,0.33147421393137677,0.5110403422486383,0.15058909642039447,0.3543102030774139,0.2266420132388423,-0.02538744438152156,0.3746779462343096,-0.8983203860687388,0.13837644797253135,0.2745440920104428,0.5078014002178818,-1.6317643656057907,-0.18521457571052763,0.48993719900749677,0.10591593819435138,0.9453183709083959,0.6658271318690174,0.7318123744973675,0.6600311085764952,-0.3536854527928526,0.16318815884251298,-0.5643410346203432,-0.12320488670748837,0.7247496496330643,0.4124669038287133,0.43488929521954367,-0.04671252561788799,0.2380759832509005,0.06263229114415363,-0.7545902024410828,-0.12918490475000183,0.09801351115181606,-0.5929043074344384,0.41031205514895336,0.21972418144204137,0.07563961465763303,0.022672004510844272,0.007155996479657936,-0.5718629410885421,0.8176092419102332,0.251764644941991,-0.04477823023343824,0.19487928641999713,0.9808896018586931,-0.9201962246546543,0.18681066909570707,0.29923881570320476,-0.010800626057653098,0.8703765295613404,-0.5004763772024635,0.25754322498574356,-0.02964753520512102,-0.7581089564345885,-0.2575570942606405,0.4151204916576318,0.28931251188481194,0.05170925786038569,0.1648845398541844,0.6318302439124127,-0.13901077898688013,-0.04070775651421406,0.25554057947716935,-0.15505653630999985,0.20693370219046042,0.7952791763772349,-0.5667686340835129,-0.4570016962017899,0.19001526292146365,0.1587089147079623,0.26184204131215294,0.3652190902339397,0.08420462793641717
2024-10-01,158358,161456,7615,4.1,133594000,3.8,-11.5,-3.2,6,7,102.2138,236000.48283909386,722539.7336337665,2133567.9302399964,235181.26584315777,1113167.0220898883,224238,16193.779423007283,621,1352,1751601.0139620972,1428,216876.03106264837,276627.3689293043,141.1,148.8,315.564,321.688,124.265,123.595,17586.3,57.93264394640486,71.91168301598314,16.581,110.18064516129033,945000,4.83,4.0424999999999995,-0.12807506742266045,1.2227168351029658,0.45596144514101955,-0.009294527024983732,0.6170281195489808,0.47106992135521475,-0.18228800516277335,0.03839034914426796,0.3306206379100044,0.8436950700493782,-0.00529571303796586,0.10063507876495857,-0.3941459959284229,0.13025359184633337,0.04856122056438126,1.2502894213818216,-0.7191990451995285,-1.0409840983641456,0.7220143997956212,0.8597068486752253,0.4667943170280083,0.15271036621284959,0.07280738095284384,0.020718275218896832,0.2200859660934124,0.6030786015574271,0.02772528036012032,0.3650936428538367,0.14485282863542132,-0.032861998625212094,0.8140732874252207,0.13135004016062507,-0.1255302640802066,-0.21512734534336922,0.583968073974492,0.19306898582942109,-0.06720322049457991,0.14730376856490396,0.7603282415705981,0.9857151887962792,0.05701007968481717,1.7383987633648728,-0.28030573484132504,0.5689142554129942,0.18588162307295514,-0.14509130022102315,0.4609920098325984,-0.7136987492705249,0.4024753218285447,0.49268470096702366,0.04885365954864722,-1.4388627655179502,-0.10301668399134017,0.20979183740434365,0.15965664734400642,0.9051459988053289,0.6077132483079617,0.269682035224604,0.8440859039701751,-0.032518433997746704,0.04233771965024283,0.43283771342156196,-0.3072084841270576,0.6866249937959494,0.3531991038141976,0.5731227203980114,1.5723117689921935,0.11150513183767527,0.31375421263076103,-0.7477471208235956,0.20609350520161523,-0.17512720788911101,0.42524837832136203,0.05529585962608688,0.9086409119509731,-0.056360355252717695,0.20475812307158986,0.28940359293866036,-0.42079576807885266,0.7706725270261556,0.42210513918265474,0.25111223117767323,0.2840587591099365,0.5988555185077586,-0.8729288191725298,0.26128934695242917,0.22362023914264081,-0.007953876358114675,0.4557348461478091,-0.2887718155263582,-0.5170675517338055,-1.220572609828206,-1.4688887403493325,0.04276860820780959,0.2075637840542725,0.36064465330699125,0.17086997371620877,0.1494417612822225,1.014287779768331,-0.21655301705323926,0.18505204968669695,0.2433076041767486,-0.48383585659067474,0.33494583085381624,-0.8907012695749779,-0.17808070981607912,-0.40214687420287054,0.2019326920363177,-0.3956628384369377,0.5516405168995538,0.19726981375801517,0.103019634638114
2024-11-01,158619,161183,8031,4.2,133798000,3.8,20.2,3.1,-4.4,-1,101.9503,231786.42915135974,722093.4251883053,2131596.1246365285,234792.08032218908,1112837.7237759146,225043,16266.288314214742,675,1295,1756280.9990434004,1508,221728.47048609715,285838.3105973521,141.3,148.8,316.449,322.619,124.399,123.716,17618,56.230355549481914,73.24313152045431,17.15,109.56033333333333,1097000,4.672,4.342,0.32452580693797595,0.9624159284144692,0.9094393793967601,0.9006573785482201,0.704295012998844,0.9108686575093479,-0.19873397618288616,0.3118441409242602,0.17018793037742144,1.4847838774569637,-0.21694528638478902,-0.20969954492009568,-0.30386666147156166,0.675347309771535,0.2862188539947812,1.3709554740232202,0.10670725960178284,-0.1924417227324957,1.2670360288439262,0.8329855934602077,1.0169670936747042,0.10555940583574731,0.49786988480084865,0.3681847320482589,1.2583518937814946,1.4264604079844667,0.07942449678757445,0.014730008112631527,0.8362153666389981,0.40033764537942934,0.4913830999951143,0.008403646255733222,0.560724956408394,0.4967576530770952,0.9137814992195272,0.9377756107913955,1.0058505067004146,0.3152120771446124,1.3866436956993584,0.9915383456395386,0.340438383910037,2.0019057095411097,0.10666849961154953,-0.19319846252669276,0.7888627002809244,-0.14709181232694393,0.8496944970883974,-0.5113398507794114,0.9877954510413869,1.2133621174080378,0.11583011409118613,-0.3178082379724627,0.06988401801619726,0.7294440889160797,0.19466609216866598,0.6830292133121791,1.1457918343556899,0.3019530651322528,1.7424735035568082,0.5354721199482186,-0.19864711010049937,2.3543498180635476,0.17177676263756866,0.8032786326694116,0.49563569800000074,0.47892704886132115,-0.41704024297767445,-0.23175046803916483,0.46475345572364973,-0.07327981424355659,-0.30037075235941474,-0.5232293218287708,0.17540096840234182,0.16232683982304832,2.098747186321253,0.4866555217436866,0.5353879200782051,0.8218905810125609,0.20249419988808123,0.7854722704278305,0.4910926669479488,0.46132854169956816,0.17029994564840167,1.4364991868229124,0.10779991904738986,0.9281687516468281,0.577475516118749,0.1228355411891105,1.0620038885751821,-0.16607975294501495,0.2527870059744784,0.49065282131898547,0.652121068078466,0.6869596771748515,0.5879102722009386,-0.09257778398005923,0.29200934194004285,0.05271810402198641,0.9197514180119686,-0.28918055253812575,0.4143770440804341,0.012950470817056392,0.4559011411804319,1.2344819973091958,1.5158415081684018,0.5287410860094734,0.4843794702916626,0.36441208370042444,-0.18464367747464294,1.4381165712434443,0.539239332075849,0.0816122075454379
2024-12-01,158942,161661,7508,4.1,133974000,3.8,2.1,-7.4,-10.9,9.2,103.0447,232877.55772667888,715168.0305204017,2103083.1205761004,235941.62011397062,1110374.3718391587,225962,16356.707194896166,718,1514,1756092.4588639806,1480,216553.79140651925,294255.7846901073,141.4,149.5,317.603,323.296,124.769,123.98,17638.6,56.199857336357596,74.45907354943982,17.323,110.99677419354839,889000,4.5,4.3875,2.3719624129270334,0.8801117976607996,1.83126290421976,0.6578911009226014,0.6665349969142035,1.3010260189793792,0.805372421452871,1.0025188303087773,0.5213123069050196,1.663100034687673,0.4317435604333075,-1.0374169628158163,0.2242147410705995,1.371126151245142,0.852438546177154,1.3139206474105956,1.161973231281022,2.4234486437020044e-4,2.065959090392981,0.9237180032466376,1.5387213642565403,0.591009404516712,0.8651060736429189,1.4421942542396686,2.833637128509914,1.4260662449524024,0.19293140842568904,0.38700100692106043,1.2753647390592744,0.6993985672724611,0.8899997279059398,0.5521980725026876,1.3846165230032397,1.1502561274682526,1.769853740589112,1.2959397356738125,2.124551736110262,0.9795751824857508,1.6491872369569864,1.6280473018107389,0.7632645478349542,2.1838931866323987,0.38821924903232563,-0.5798214064955528,0.8444679486073023,0.38657505620805,1.8408163357620388,-0.19110830355051447,0.9837031883060227,2.0947632751179825,-0.081221754375928365,0.4001095652454213,0.4310717726041639,0.5672606305935598,1.2197249642108512,1.6732063741519618,1.7768093999758006,0.3916193540719115,2.115424747112309,0.7960311321327848,-0.6429288565769059,0.7588702541776118,0.48682932275144397,0.6568976274000151,0.7124371954960432,0.9052985065856399,-0.6504567503657791,0.5602306649033895,1.1508869809782765,0.5713291691069009,0.3209936950544591,-0.17001857535950496,0.5469284623073731,0.6845775708018204,1.2751328559155222,0.8970847611600157,0.9415410980799644,1.2520974211198128,0.6107446411525884,1.474197931932269,0.2460812948173655,0.339801395646436,0.6258309483091865,1.8974939972841862,0.7741370597741954,1.2762252619001995,1.065234468510087,0.6748219900445072,1.9281856767336694,0.042129655696911614,0.5032573953853899,1.6592379260094874,1.1566570213756595,1.3588357609443795,0.6297630623580543,0.04173168053728995,0.24649131658142615,0.7854196415144925,0.8309091604138861,0.5401763742265013,0.9584842170805058,0.32864001552399197,1.0007889989453762,1.7731589889394708,1.985078487656882,0.6512686566693948,0.9862215190775258,0.6027681708781434,2.2661999329627283,1.59356636790349,0.8835015195098779,0.5328388152296801
2025-01-01,159053,163895,7762,4,134160000,6.6,-12.6,3.5,44.3,6.8,102.9343,232550.4320465109,718313.6609752591,2114213.82884344,235921.3531600888,1106898.3692440384,222968,16282.802791930872,662,1358,1752413.3910460158,1460,217569.359037838,321607.1171876248,141.8,151.6,319.086,324.739,125.218,124.384,17655.7,60.48651152390231,70.02302282480214,16.026,110.45032258064516,854000,4.33,4.622,1.1858023171679566,0.10880173624363118,1.6214973563313706,0.6377550636407008,0.9962270916346647,0.7278486653892646,-1.109657139948713,0.9996284019800066,1.0818590175710459,1.5707201591558868,-0.1349352379143421,1.5585189450488461,0.6317381530827795,1.5478016645162023,1.0645588560126273,1.3229053402691546,1.1181549989702406,0.04411320655370951,0.723699809076819,1.0109485086898842,1.2304029079378056,1.1638348740615618,1.4089490827837028,1.0145439090078618,2.6133602229655937,0.7463527987067834,-0.011777070848837529,0.6736428536386666,0.3202224133178606,1.185492282266043,0.41432812954283643,0.9870088781932013,1.3656158422417275,1.697446600802398,1.3807164997164276,1.01938148755305,1.5870406768238399,1.3576466800785711,0.9883769021643045,1.442891901975871,0.8100108350737385,1.6127728149713338,0.6550190244784844,0.8728390502769596,0.3741167411702298,0.6390250809830417,1.1723075410929353,0.961445662712424,0.20368414303969853,1.6639512948403192,0.27359049913735345,-0.21549282042356166,0.9563834560450198,0.7035372372197045,0.5163570223588608,1.5936118634018992,1.0326297039898449,0.6348388429348046,2.1977883475830793,1.3364278594779113,0.5586535707972209,1.2674200728261364,2.092529810601279,0.6347490729040681,1.2485768641749833,2.2257588331308837,-0.23292256675707854,1.6913787259817425,1.8062281402481402,1.4025710640802498,1.1733561914931736,0.6037682586602091,1.1326965555833228,1.1178216148998759,0.4677384880193486,0.6073106532234158,1.621823242363185,1.025380499916843,0.7029757157144318,1.0646604770237686,-0.05282586424276464,1.9177557623590227,0.23948974194236827,2.2878094091838275,1.0630896707275095,1.0872361353551867,1.2379209707449055,1.1257245788914823,1.110793274262815,0.5018271739395863,2.0700801507852495,1.6913409197541522,1.701483819110567,1.0306717447150469,0.6800201293918465,1.4915207846904774,0.6439821985085177,0.9389755018142466,0.6127623178601579,1.1443203482959627,1.2623786436150424,0.26946203525764245,0.7753760467580149,1.2451527589847808,0.8341900293072649,1.3347206096021136,1.9389674374015209,0.4011312849596446,1.857349561121767,0.6742412370430422,0.43451300034640505,1.050394528977603
2025-02-01,159155,163307,7480,4.1,134244000,6.6,5.7,5.4,18.1,12.4,104.0003,233805.74046238634,718897.0804603186,2112663.3468460552,237619.19531728423,1102383.5086965857,222581,16279.197385059528,653,1490,1732730.4972999627,1454,221637.67804738387,318672.80636874796,142.1,152.6,319.775,325.475,125.739,124.962,17720.5,56.88768003562936,63.98162789726591,16.397,109.81535714285714,904000,4.33,4.455,-0.6023958131207386,-0.9446319694275076,0.6701513772655556,0.8089823895045504,1.8020031984496863,0.8854846055249581,-1.5025328116654033,1.672443177423244,2.0448672559606003,0.8752821464145557,0.5711268394798398,0.9660503994032381,0.6629988272343845,1.169334017780743,1.5408179114085392,1.445905593546145,2.587155759340237,1.0220952564427843,-0.2937553741554883,0.9775767674255136,1.2049221809747828,0.8359824761643996,1.363201411000782,0.37465431626230633,1.8045151680635199,0.519527478729876,-0.42960965900419035,1.0275413392895378,0.06844958283476292,0.7345869502455378,-0.014534379883901022,1.5116178049637252,0.9876037639517722,1.2182570986903025,0.8807015492116207,1.0436279884708528,1.1486717113144667,1.6709607969036087,-0.5910690135121773,0.6474666133374246,-0.10197466870558461,0.5857454897640315,0.013810808930553599,1.4682727067886496,0.22531635988728438,1.0481070621375002,1.5273423411395026,1.617706484325706,-0.3415011006126894,1.6398443713078437,0.1341461142343084,-0.5567311735238236,1.7016808815212876,0.4574160494031869,-0.19457707121175416,1.4313850730761906,0.6917636079826969,0.8938675894329384,2.387140542175069,1.6041817609042774,1.5325144242376671,1.3257549482051902,1.898894874074177,1.282681454107181,1.8172919879010383,2.379183302842006,-0.18853383859332323,1.7798802303558274,1.7707465015510897,2.424746727771656,1.0830182483540627,0.7702366517521884,1.4951426056513353,1.4319633503639992,0.1810738943509509,0.5573484102225928,2.238241531950429,0.4555917040184252,1.1338786514619534,0.5041485422269871,-0.7704037604058644,2.0434126756929816,0.3053296261446924,2.500428751284069,1.3873316490804044,1.2373867630601314,1.2084322020131177,1.7939563360713715,0.5131107418172046,-0.06434728602609989,1.2751315693080891,1.6322708407835584,0.880348251496288,1.1878110190384672,0.3959288913473629,1.96816647817693,0.47768232709936254,1.0028287874199622,0.46513764156271625,1.374502530314674,1.1543579344575778,0.2670889172789225,0.054823205877010936,1.0266607466225617,0.04207933078511089,0.6070896706518701,3.7556731214323875,0.43410628480782126,1.1732512784601676,-0.015134041505267072,0.5079339774345094,0.8431112473661548
2025-03-01,159275,163508,7200,4.2,134391000,6.6,-20,1,12.5,4.1,103.7483,251455.22210029102,721320.9917775975,2114428.772985627,238131.5902476263,1119511.9041939024,226076,16398.52410261304,670,1355,1719266.1863638533,1481,223510.98175803554,333501.1212367002,141.6,152.5,319.615,325.659,125.754,125.076,17846.1,54.264675477519596,56.441048187120984,18.281,108.61419354838709,1116000,4.33,4.2825,0.3491500498707364,-1.122211421218762,0.5463708681235243,2.314077799867568,2.442236249963818,1.6302403870472313,-2.8310942844115825,1.302102137919765,2.364559026630069,0.88048153517748,0.006081064546671044,1.2828189098145624,0.9429907376727791,1.9791572487265192,1.3033970301723263,2.2518811099102174,1.9930649482019,1.271785041824223,0.5676944304514376,1.317018991527298,2.640841730779485,0.15793907972054266,0.8251386221320969,0.8690146174601975,2.3490303687720884,1.9794999639726696,-0.37717081989409945,1.6509361677094592,0.5367366753224503,0.47456221151913613,0.8638198233719978,1.4024483591430055,1.044587276603933,1.6528497940855953,2.2118047387173463,1.6933960203429035,2.3324925302009154,1.759415660877658,-0.09179071581647366,0.5109093199698316,-0.37586855080250425,0.6305676983550049,0.5745171471830722,1.031706009768126,1.9638612683816061,1.00718868968362,1.3947668990215267,1.8983999936539664,0.9816756022454749,2.5150272979961312,-0.08700218495794486,0.006247437936482136,1.9217420032601311,0.6922701768427137,-0.17305468917877728,0.9001784560434064,1.7436249937380164,0.5358835569230639,2.7607291922543347,1.557326040247094,1.202730239073826,2.2178188893328206,1.9526677254942537,1.4185000003752168,2.3541819656339866,1.0941620441258122,0.020801290640236857,2.071656313590084,2.0987874626497365,2.943967775523263,1.0612281599375797,0.6446673486221667,1.231084682042441,1.1790496018588636,0.9563337831362024,1.4510894009005755,1.6731545958431977,1.4639674867586918,1.5022038659920955,1.0662282587152967,-0.5155776792983899,0.7133439616318338,0.5635163152224499,1.3261106962629188,1.5168534068770185,1.0980193604656716,2.1291833586862356,2.1184908277212937,1.0350027484228346,0.5269592086897196,1.4853601154560292,1.6426215789093734,-0.13557665960824286,1.6032938190647623,1.044868217851919,1.0450966809575089,0.49783079935159724,1.0562535043376435,0.7886670728279191,0.6145511827453201,0.6362858366541002,0.17340258407562403,0.8369337770745179,0.9107594884373498,-0.07040852122051869,0.821699257142778,2.2028920827944,1.2514693607409337,0.8637521735942266,0.03497571348442534,1.314113895505063,0.4263546174342105
2025-04-01,159422,163969,7391,4.2,134451000,2.9060117420771046,-8.1,0,-26.4,-2.6,103.8216,235297.9027645377,721877.1846202733,2112850.0709696496,238683.66698442964,1118932.3164918972,225394,16420.00317762949,743,1392,1709866.5395614873,1422,229877.66126469657,278826.6603114077,141.8,152.7,320.321,326.43,125.88,125.221,17978.7,50.476644423260254,51.73896485378765,17.716,107.465,904000,4.33,4.2925,0.24407213425014013,-0.6691474667203743,2.156836711069332,2.507317957829485,2.2994145853988472,1.6389803975473876,1.2132161304164977,1.7235896283396497,2.1775222064514104,0.8444202440759305,0.9216587638250606,1.1359392399521908,0.595231823195899,1.8065702531816308,1.263067772590193,1.9070730510987206,1.4074138690825033,2.1599519183110525,2.000197643986173,1.270154783932234,2.5382139225588904,0.1444657987284328,1.3841222806328655,0.7552037903237723,2.5888511643653187,1.8061865757850413,0.09958102535177982,1.9344729966012109,0.3063921024932692,0.9309600868990445,0.6225912836067746,1.510049252240383,1.0828203336761808,1.2056096489020325,1.8749252254361781,2.019153642381298,1.9879823452283172,1.638748577004895,0.786220381832862,0.8609253900439737,0.20160328957365156,0.9745563715621031,0.32730364272823254,-0.02214360961002032,1.679068105213429,0.6185980843251105,1.180159199500859,2.043422027877044,0.346131968319057,2.269587591979241,-0.22939861881214463,-0.39935243944471877,0.6404818499771325,0.6969894304427042,0.5588948357497179,0.9808693523662533,1.7277651076864964,0.5191194216700877,2.585542255875459,1.651798955576505,0.8367951846932306,1.9276994510386891,1.3877819150771427,1.6721481747400906,1.2233984174455714,0.4978909270775561,0.7963676690293765,2.2198087226078593,2.002270595379111,2.851591025710872,0.94428122889731,-0.016238860207931888,0.9442407972888102,1.8422424521641503,1.2840863315938167,2.264541747256241,0.404911778832738,2.0787075898537846,1.3056337880959918,1.6677206078732576,-0.5718063620652866,-0.13132346673084822,0.496868790710148,2.191475381628628,1.8676077732914225,1.1100421005666574,1.7021644534249645,1.7931747230331823,0.6320170332020899,1.3554542969181655,1.4754840404382263,0.687358510882188,0.9671779338430297,1.8393556751137776,0.9284590926829421,2.3465113674685987,0.7434106755688792,0.8036541033674058,0.7019696322775646,0.6076891267648789,0.7456471534942267,0.18964728414829926,1.04095170168253,0.4557352200013738,-0.3638399078372209,0.5173250023974295,1.55560214630321,1.1551963017103373,0.43586161513958044,0.008771672732581122,1.6312312667975886,1.4325178937386585
2025-05-01,159561,163273,7270.296048550697,4.2,134488000,1.8595169295622396,-9.2,1,-4,-9.2,103.5948,236096.85940424868,721975.9613368568,2113625.4477137956,237092.4484358956,1120931.703144238,223163,16415.642415032533,699.4641610191469,1256,1708369.9947990403,1393,228613.3250276204,295904.8807624705,141.8,151.3,320.58,326.854,126.01007762001096,125.41087539589526,18020.356331856285,50.6307740328599,55.74811096127984,16.092,106.37838709677419,1170000,4.33,4.396,0.6152720303263384,-0.31927104158563124,2.1029673205702704,1.3641061236307106,1.949364692368112,1.824828713853685,1.3051781882002653,1.6660254880639644,1.83088386872902,0.31471105564971663,1.1779837773221908,0.5834623843929323,1.0423316614033553,1.383745994511892,0.6661966407147433,3.5828106994507603,1.8334635641006092,0.8757180293727187,1.906268548892959,0.7951607446979974,2.0754908773427054,0.38461130712877495,1.5447882575275973,1.09595132847464,2.190260487083024,1.3569475252567367,0.42279612515703496,1.57040836425655,1.5192984047023483,1.069589046566348,0.2575212218987883,1.2650139686173936,1.5368886768973673,1.8813621406491263,1.6924439952542536,1.9731574694186704,1.7524107256979553,1.2884883547976869,0.7331734457585017,1.0092899647467852,0.8177267298870966,1.3200203156938521,0.18284397306655953,0.1248566214068018,1.3095135941681846,1.043736104469822,0.6163765741882066,2.0359952125390754,0.9925954115236026,1.7730602967789997,-0.0761780282784013,-0.40774004517922136,0.5532334729608879,1.1577400578635935,0.386561944713658,0.8305485308521668,1.902950129917649,0.35201221242455866,1.4386510242987123,2.517388086677395,1.6921947484046038,1.0755011809857238,1.1862938453347736,1.6616666181019912,1.3659702198809378,0.702067841950545,1.6492768390282087,1.859449572073735,1.8000138199341713,2.884409067075733,1.090820661537872,0.34065979031152366,1.306562927924547,1.383550792780008,1.321351353192893,2.4004523749198685,1.35474975621199,2.1668165942590787,1.2896076747844825,1.4897710967489723,-0.6644787402540091,-0.2406546218795886,1.0621281906345752,1.43647904206865,1.6206601675623207,1.614980514606235,1.8145302605180624,1.5569258561488735,1.332472747550352,-0.5642368248830836,1.5314844165643398,-0.10845937902977462,-0.022986125668351794,1.619999490419557,0.7476326064585768,1.094705719627891,0.5721000063964735,0.9123361509111387,-0.1464190421897138,1.2192333574485008,0.9211620688157587,0.26438591678161005,1.3431407505008544,0.3600828063067585,-0.6433360690580759,1.518995502932169,2.076300308213145,1.0802984663411652,0.7040373477236053,0.11156446747098997,1.736004860517362,1.4595047967481232
2025-06-01,159282.4520343642,163246.02341329772,7342.124626922736,3.8551087035004477,134694314.17124787,3.7204535490912525,-16,1.8,-4,13.6,104.3299445017578,237752.81348590532,722679.4733333309,2118951.026906161,237658.61582893814,1123737.1135574009,225341.04882033085,16462.561807954662,682.6339445484335,1315.1676461410814,1709852.6145949315,1373.7225505479717,229422.88700507747,295483.83012485935,141.9508235628153,151.15478626263769,320.98448963375006,327.5105205139628,126.2081780787707,125.65634019133037,18130.60572543041,52.85130767706773,59.043816835031514,16.635618882360983,105.93,495000,4.33,4.4350000000000005,1.08052396842928,1.7081138962226403,2.5575495666156574,1.286271846440509,2.995883862950321,1.6571026458295013,-1.5222194607132373,1.9050223797852064,2.976349626496601,-0.17345957655617528,3.6478430567254847,1.4543130501798327,3.049573291436317,2.8938750465218845,0.8469645427060236,3.3963082344780657,2.2930013328542165,0.997401833603689,3.3177544701742687,0.8764366101867263,2.2824484423062126,-0.11216579827828907,2.102469686192333,1.410368372226037,2.2947702978468465,0.24622877478133096,-0.012454243201710357,1.8645148857154286,-0.03744839273644355,1.2094773052978818,0.9153508610432872,1.5134530865890663,1.491674835818658,2.1782714591570858,1.9082886102284278,2.7427547507504393,1.389066441195897,2.1036560378238094,2.351912299657653,1.2293286653554758,0.982934226921474,3.661085133600277,0.35679146032627523,1.1065593233056783,1.2741249818503382,1.3494468296683542,0.6731102229468018,2.21381598228407,2.799584361516788,2.056953890774402,-0.9559236081688429,-0.25043849197676754,2.7194731427929133,1.141372114452345,0.611622621779421,1.4791864661040828,2.299266796028748,0.39986408645318583,2.739938155484896,3.386977208510245,2.8156465808787092,1.6447556213149002,1.8882223331560428,1.6897919654144649,1.3576308889117787,0.42917894535961065,1.1500864853244015,1.7990099059992422,3.308557670932343,5.279964769416347,2.176210835311511,2.301186482567771,2.9249189902810717,0.8279239797959352,1.1916939701837537,1.91620852935676,2.6163070626253973,2.0776458042775,1.5915964872996415,1.2744493312746874,2.275216576393777,1.067999256943215,1.1971069776882923,1.2671927778483187,2.8859500500325725,1.4659835342056646,3.314577103505826,3.8276883555856673,0.6110947711866384,-0.6613728815618537,3.3185755791210694,-0.9254367767333923,-0.37811985867285725,1.22563629363434,0.7863961044657005,3.20818837774475,0.6199141292191036,1.059838930176533,-0.2228592143424482,2.601201541899503,1.73767107144374,0.20129558924909677,4.152291513719845,0.5274080564857796,0.5438837279862522,2.91014857917083,2.4980971602536304,1.031054111907528,0.8336283389395599,0.30011435881901544,1.9317779929158199,2.898449593732266
