date,PAYEMS,CE16OV,JTSJOL,UNRATE,ADPMNUSNERSA,PRS85006112,GACDISA066MSFRBNY,DTCDISA066MSFRBNY,GACDFSA066MSFRBPHI,DTCDFSA066MSFRBPHI,INDPRO,DGORDER,WHLSLRIMSA,TOTBUSIMNSA,AMDMVS,AMTMUO,CES0500000003,W209RC1,CIS1020000000000I,RRSFS,PCE,HSN1F,HOUST,TTLCONS,PERMIT,BOPTEXP,BOPTIMP,IR,IQ,CPIAUCSL,CPILFESL,PCEPI,PCEPILFE,DSPIC96,WTISPLC,UMCSENT,TOTALSA,CCSA,ICSA,IHLIDXUS,DFF,DGS10,gt_1003,gt_1010,gt_1011,gt_105,gt_107,gt_1076,gt_1080,gt_1081,gt_1085,gt_1086,gt_1109,gt_1115,gt_1116,gt_1138,gt_1140,gt_1142,gt_1143,gt_1147,gt_1150,gt_1160,gt_1162,gt_1166,gt_1171,gt_1178,gt_1190,gt_1191,gt_1210,gt_1212,gt_1213,gt_1217,gt_1225,gt_1228,gt_123,gt_124,gt_1267,gt_1268,gt_1269,gt_1273,gt_1306,gt_1339,gt_1347,gt_1348,gt_1349,gt_1361,gt_1364,gt_137,gt_1372,gt_145,gt_146,gt_148,gt_158,gt_179,gt_185,gt_203,gt_205,gt_206,gt_208,gt_229,gt_236,gt_248,gt_249,gt_255,gt_263,gt_270,gt_271,gt_287,gt_291,gt_301,gt_312,gt_340,gt_355,gt_378,gt_390,gt_404,gt_405,gt_406,gt_423,gt_432,gt_458,gt_466,gt_467,gt_468,gt_472,gt_496,gt_498,gt_530,gt_531,gt_551,gt_563,gt_566,gt_606,gt_608,gt_614,gt_620,gt_634,gt_650,gt_652,gt_657,gt_658,gt_659,gt_664,gt_665,gt_666,gt_667,gt_670,gt_671,gt_672,gt_673,gt_678,gt_687,gt_688,gt_696,gt_697,gt_706,gt_708,gt_717,gt_718,gt_719,gt_739,gt_743,gt_744,gt_77,gt_800,gt_804,gt_806,gt_807,gt_810,gt_811,gt_813,gt_814,gt_815,gt_882,gt_891,gt_899,gt_900,gt_906,gt_916,gt_917,gt_918,gt_924,gt_948,gt_951,gt_954,gt_957,gt_959,gt_983,gt_984,gt_985,gt_988,gt_989,gt_990,gt_991,gt_992,gt_993,gt_994,gt_995,gt_997,gt_999
2004-01-01,130756,138472,3424,5.7,NA,0.4,32.5,-1,36.1,-0.3,92.4006,226458.3254128173,391066.9251923101,1441073.8665778886,228626.64588323256,646549.8232140819,NA,6526.5,95.7,162100,10147.258234168472,1165,1911,1189376.3702492744,1952,114594.02602998388,169801.92373493518,99,101.5,186.3,194.6,78.909,79.671,11051.2,43.42977353660546,101.98887334392238,16.695,3148200,360200,NA,0.992,4.1659999999999995,-0.6456176737640834,-0.6841730395630679,0.44491029202668825,-4.019203123239626,2.150996260603257,-1.337081576533899,-1.9370741416875226,0.8147040084014416,-0.04567014456076684,-0.6068627528893422,0.43480868155256447,1.4060572062425976,0.36101215297991457,-0.31614634021630283,-0.41000444505106176,-1.2153331168074617,-0.9634280764451447,0.7679416680093618,-1.1916573522399116,0.29815424886469233,0.3475967978291653,-0.1063333030257448,-1.4975668019925672,-1.5808652722961145,0.811733181225797,-1.398513424593372,0.9566027398997913,-0.16126751048005766,0.23219295367485535,0.16179391925037395,-0.592628878707542,-0.8042914391604781,0.36631497714711336,-0.3065471120710789,-0.14664790062475666,-0.4926276559860787,-0.6677105317850066,0.4570122946717805,-0.30909399968145523,-1.2769487619552515,-1.113881570532,0.24965289402033003,-0.6826884281464657,-7.572045116988843e-4,-0.6536775935577687,0.027591743793039986,-0.3743813719834436,-0.8206126676068781,0.19438401005948722,1.2224543646955817,-1.1213146134192076,-2.3708685437327626,-0.9196125322714607,-1.4469845628855016,-1.5237538633040624,0.3268720272349986,-0.8929060343665809,0.3750414392673381,-0.2789210414232814,-1.141736489601019,-2.0677530705798626,-0.2514310410803328,-0.6944464368160603,-0.5655191643831798,-0.17066486779260587,0.08510922850139746,-2.0810340122087645,-0.7354502110991351,1.6727799737734552,-0.31259453746234694,1.5956262971470376,-1.1114605595263043,-0.7436023562289348,0.23314875681918368,-0.22574019666746184,-0.3005379332681004,-0.01310979077121288,0.4321307529191759,-0.7799733841063693,-0.42573480441575373,-2.2343873510050165,-2.1008451178215224,-1.0287064008219833,1.3428475032587612,0.8732000281066422,-0.42759645133364427,2.756471319672011,-1.4320616447573837,-0.43809179418818367,0.8512954799421342,0.11518870328596909,1.2093933080372905,-0.3784306569194679,-0.9888588382639518,-1.1035623876412768,-1.4662060416008944,-0.6593020148148525,0.4150835016258752,1.9510195756406568,-0.5369085872616818,0.4933268633302768,0.12214821342401469,0.683247189231331,-0.01771834469548989,0.896856475302258,0.06099026591433733,-1.1141944681275913,0.8273325841697107,-0.03936070743578216,-0.5560573584986704,-0.5928809918274411,-0.3206767349120337,-0.7430556651882894,1.6042036745984347,0.15208308558823552,1.3681426030963786,0.11993017025928943,0.3035383981880319,0.852073843795753,0.5084896228342957,0.32050323843575257,-1.8164450186859777,0.0025239078468673286,0.43518574522949116,0.7708420552295409,0.6222214193761477,-0.13997188348238565,-1.0237597896670145,-0.6467257305878348,0.5598808983054663,0.37468107085203434,-0.8128327514305623,-0.6691950363259476,0.16746333179345146,-0.32320139565244366,0.6170612877593504,-0.4144672129138522,-1.3132802915145507,-0.8876388699709454,-3.2704972284278946,-1.8965279079230202,-0.8227383576581285,0.7806116288967988,-0.45470635837074386,-0.2561387493892856,-0.13879333161704158,-0.99657809369788,-0.7487236937035151,-0.05253136231891853,0.5062828265656524,0.9150704695701224,1.259710895971771,-0.5322542531487361,-0.033980956865793444,0.020500000930364876,-0.3946482305328761,-0.4206823950037525,-0.5265611177683226
2004-02-01,130821,138542,3532,5.6,NA,0.4,37,3.4,27.7,4.4,92.958,229727.98664592736,395437.3585239703,1448947.0155765605,231215.14473234946,650975.6313466622,NA,6533.5,95.7,162783,10167.811120806304,1159,1846,1185949.1381817723,1966,118861.36297532785,173812.86594079187,99.4,102.2,186.7,194.9,79.077,79.8,11071,43.93186387950985,93.69050233328409,17.032,3114750,360750,NA,1.0075,4.0825,-0.692598900448362,0.3671549446090103,0.458282599493019,-3.222028514299983,0.8251846553691048,-0.5175474085146812,-1.7884293942318694,-0.4886639510554516,-0.39488123761574306,-0.2559716291669249,0.30498527542650444,0.8499866135680383,-0.27753525805092444,0.5916731901194102,-1.4906737816642204,-1.0036036593070776,-0.7559699662549239,0.6790295748780766,-0.5916397550561131,1.2061326472489458,0.9192961930924973,0.1023221449694075,-0.8137347903663803,-0.855865947736555,1.0027113530997298,-1.4393821468166528,0.10688100208377702,-0.47037819825341937,-0.12375483525951157,-0.03780463867919819,-0.6767270954645905,-1.0938275990802608,0.6130433179907935,-0.08930896543782464,-0.5372001559553714,-0.40023937289800254,-0.07309299265257925,-0.3097273236930662,-0.21091414635173134,-1.3269716554801214,-0.9741505008954857,-0.49153195830815843,-0.37578138169443237,0.12327212150003644,-1.005046702218091,-1.2567391285574645,-1.6909383215571208,-0.8570044228164122,-0.007048320613161908,2.160488057108191,-1.3065161675573582,-1.3438836712274487,0.37368104451338235,-0.9464325507926283,-1.5681788844005558,0.02145060726491232,-0.35446911937486053,-0.7398853904060775,0.17632657536199425,-0.9299201530409317,-0.9296798579832025,-0.06290727301118532,-0.769198795252315,-1.7232058037970388,-0.5693666283329427,0.008182675080682579,-2.351750813222131,-0.9069206403013039,0.9033081351730335,0.3938728331315809,0.4034625198549081,-1.089313501715632,-0.16135900736355788,-0.407358088079523,-0.5127487217416163,-0.23784503605085464,-0.07869242995951947,0.2793641782554053,-0.6183186723217178,0.10571687106312426,-1.8197739935522719,-1.870614293750278,-0.2563444240196194,0.44376840109834215,0.32585523586534965,-0.34205323164857115,0.8483850504516289,0.1541401287485933,0.08495740128491697,0.6451622921066532,0.9681157468980359,0.8241051685277212,-0.6851166340393078,-0.7472432260614662,-0.19245991280804686,-1.4282687668200413,0.015336063107488668,0.06997755404317359,2.6383622587699382,-0.8301653808419877,0.9369883705017348,0.44225202774316325,1.0347859904156442,9.726037083354698e-4,0.5302308813205968,0.8266247178774996,-0.7991783165021775,-0.1762891690964133,-0.02557204082603367,-0.7897352530646061,-0.4986943260429526,-0.5315478661004597,-0.4879006608121306,1.876162952227537,0.0039001069226124166,1.1790954999934178,0.6001002928319225,0.03422740271152322,0.44542011524434727,1.294674245266295,0.9453689338559789,0.01489367782948227,0.8564372962858319,0.605292484551111,0.8581986712420019,0.19981494904160246,-0.2550020283683105,-0.8652912787926101,-0.9640517291596926,0.26408032435729695,-0.3465475122656419,-0.7919388273970929,-0.5541186853641642,-0.20636930096875705,2.097784948803829,-0.18758699917320867,-0.597971398086998,-0.37544849157750515,-0.661178109956391,-3.0295775868446286,-2.153850711746712,-0.439052572387214,0.7037053080428299,-0.15563402585091976,0.6689584025906282,-0.2033043269187289,-0.8908139905088727,-0.7271790329308244,0.02476242725500156,-0.49971221909133945,-0.03583179526976429,0.6963238860786518,-0.30289583953021415,-0.18017311593593038,-0.0045875936952599955,1.4742274906038881,-1.2186575126864563,-1.0511531180611333
2004-03-01,131140,138453,3525,5.8,NA,0.4,32.7,10.8,29.6,16.5,92.5861,240999.255041099,397333.29966287455,1461244.8930808639,238533.31481458098,659767.1687773835,NA,6563.8,95.7,165404,10225.886690488516,1276,1998,1213599.919190899,2066,121942.19623985152,179644.94501193197,100.2,103,187.1,195.5,79.199,79.934,11115.6,46.414727458680034,95.38846332619188,17.247,3046250,342000,NA,1.005,3.815,-0.5804394808480656,-0.6260846528299042,-0.6725220288223672,-2.8440349150752193,0.035049145928089255,-0.3762157921770169,-1.8112926351589114,-1.093184676625668,0.48072514868906646,-0.8524890267401692,0.3449183380601946,0.6777714115664606,-0.24456248922570484,0.07891321850311411,-0.45349914450298034,-0.8187760961626985,-0.6905624427668295,0.16000374475184043,-0.950019703817204,0.7401027464179607,0.06712170223205659,1.2551176255800855,-0.9946356586356998,-0.9720541274877209,0.68956170326294,-0.1681571681567238,0.3313549528017557,-0.02650556159255481,-0.14370815660583994,-0.2865326958061861,-0.2247985606312698,-0.2799047280600656,0.3805552574979601,-0.18939082734545787,-0.7875408443069073,-0.6141434368344827,0.08890983448153475,0.1121665275584617,-0.4248681365586941,-0.9981921419248296,-0.7849700092307005,-0.43862853062652224,-0.7047542565051648,0.1643270104364642,-0.413190794983702,-0.26603358203648003,-1.7769137346804325,-0.3435378471499112,0.1381310415091182,0.6880413828825702,-0.9900593234003684,-1.9022669768690503,-0.38470845870186193,-1.1380240267172403,-1.3310503629813555,-0.45925877761206474,-0.2761241320265124,-1.1099896576335873,0.3377818834720517,-0.656778056796605,-1.4016433290124448,0.30875546136369253,-0.3694332931784828,-1.5600579737642295,-0.9859333049645542,-0.3601025481890145,-1.8002645959523227,-0.6163794672232045,0.15343654328778522,-0.02012453057418055,-0.1916209804289381,-0.9258644854531092,-0.2703683036495773,-0.21630590712197806,-0.4068797125984504,-0.442979281390186,-0.13031424215634457,0.08709157873051883,-0.4280229209885776,0.3254450585893093,-1.1649857720959376,-0.38356514250906554,0.841525354092913,-0.05665350547887716,0.2654306385148661,0.11845737989183383,-0.2302076414414938,-0.011504453838454014,0.41118220700757907,0.32322144778302053,1.678616395853998,0.6438419780664174,-0.19565760702830132,-0.7881580336441484,-0.3694231912725475,-0.9112353535838229,-0.05132330124662663,-0.4514238612116853,1.7664236909078757,-0.6130095378136069,1.3714798397148016,0.02003853935300479,0.8972550447062676,-0.04284300498626465,0.1264979161830966,-0.12586465912818445,-0.5037746859824711,0.4339762523697675,-0.013788876485997885,-0.5765169755643201,-0.23927541833590166,-0.6357615741630485,-0.38496014397939726,1.4589877232151873,-0.28891542334232545,0.9974284770025439,0.701857061146634,0.4407930794732236,0.33192621814610473,0.5519685966797949,0.8796365898500861,0.4814906164375245,0.4259669171209191,0.9218782758100316,1.3319222355696094,-0.023941594592535052,1.06629174134818,-0.9113958845965109,-0.34253583570878754,0.5278421086574377,0.12427416133206244,-0.9167709966932155,-0.35201306483055245,-0.5424328244620776,1.430384314570337,-0.07708958328257388,-0.6259355544004328,0.31847760797288155,-0.6654353335412969,-2.7865947790994072,-1.736246295674042,-0.1731018811880962,0.8632229021671722,-0.1284839540703231,0.2609123610824941,0.12787118880802892,-1.0378770320719974,-0.8981416389003846,-0.03973078813380327,0.16496277030865314,0.2578973286710685,0.6652552211294392,-0.28331055587207987,-0.1732237883850174,0.017115059112900996,1.4577935366400785,-0.5391448465337788,-0.17623140571710294
2004-04-01,131412,138680,3511,5.6,NA,3.5,39,9.3,32.3,-0.2,92.93,232359.53923323168,396632.47044589516,1469638.9473114451,233996.67280014115,664387.6187835556,NA,6610.4,96.3,164012,10217.52829380183,1186,2003,1219471.6809921104,2070,121305.42182340634,179542.76208000403,100.4,103.7,187.4,195.9,79.346,80.142,11153.3,46.24051622009931,93.95814417725572,16.898,3000750,348250,NA,1.006,4.288,-0.3757322097354271,-0.019759297003088958,0.12053269959716187,-2.214572950973528,0.26131349485841826,-0.07621758467071704,-1.5158345500194228,-1.15401875231254,0.5017799241068904,-0.527477918075322,0.3920650859515661,0.6372587340248423,0.04243877505025795,0.7472053273493752,-0.16167309241244035,-0.5188731130096201,-0.19438832358352406,0.5299533275986186,-0.535635932100184,1.4559896574162212,0.053457534661643644,1.1640524776511405,-1.3880562722232763,-0.8289737190804524,-0.06710585139798621,-0.1997636200953971,0.17877367967447136,0.3894153508312476,0.02118255908303558,0.5505685227167887,-0.29898705480019133,-0.53995461998040994,0.5692203323962438,-0.18090347865103423,-1.0766358635277165,-0.6110328527428058,-0.16886106727935582,0.6235600477562863,-0.40014581259071225,-1.2196381245219898,-0.5523992773817077,-0.3635343436816561,-0.625877865840913,0.047623537245254734,-0.5077273224471706,-0.6747145158190458,-1.1938002346483885,-1.1848006788472047,1.132763192558427,-0.06803933784291098,-0.26414623736520965,-1.6002535099528814,-0.5282255480065892,-0.8842244908989675,-0.3395571310917281,-0.18272464870707508,0.20777730520226,-0.6912819142491854,0.6317723978879319,0.47500455270919717,-0.9252520026292418,0.4456886010410703,0.38624912281551493,-0.8179578419150227,-0.5654901064397667,0.35587319829361336,-0.30498215864724376,-0.13882277095622775,-0.4231285606625238,0.364634985702046,-0.18336846308079102,-0.3634764811342315,-0.2843360108604342,-0.012087561921982324,-0.5941870642261448,-0.2988753501901541,0.10926836671618441,-0.012219227697767062,-0.27682303753178106,0.8970608070679023,-0.6357533535546785,-0.7906920067134485,-0.10909825229613956,-0.21883187113457472,0.04884411775728064,-0.12493736237555285,-0.5904863685323926,0.09937182024411034,0.4111490098716688,0.796827544849717,1.2104700131213753,0.8453328201147156,0.07692409796694522,0.4228179683056313,-0.5799626609236651,-0.2871747042634846,-0.19303267116495265,-0.21050967623590242,1.7333167233446192,-0.9165757676691834,0.4146831615057605,0.63648553118574,1.6402189923325325,-0.02862928081329982,0.5618630460675147,-1.0593234492890946,0.47382829391358944,1.2831766378032459,-0.005630716880392783,0.2104751797714839,0.16104057111670825,-0.5299318324416773,-0.367932273552078,1.4519454309354092,0.2373656389541158,0.9143317354802598,1.4789166153001754,0.3999584626296943,0.8670966971176598,1.2150981936111587,0.9146227065874943,2.3899037088611133,0.9089362213520807,0.14337160321157646,1.3823065675296686,0.18460929732831496,0.9358549079091613,-1.0104481758266086,-0.48775269262175536,0.13752600107065216,0.423003047777487,-1.151324223787753,0.11801975366075584,-0.7476106817321477,2.161115701454914,-0.004385962366146941,-0.5663551932646507,1.5056928184575789,-0.5605261926065604,-3.1526349482631053,-1.2413555892665455,-0.11338315313911367,1.7425953186167553,0.06377530083802577,0.617665138497868,0.4579836213928842,-0.7290143080985428,-0.343310964112719,-0.07082075430769728,-0.0669939745908446,0.17153325329574803,0.7439342668236,-0.1839086791534577,-0.01644618682849267,0.0012795038615242536,0.6955022001770779,-1.6055411732355216,-0.7174195416778939
2004-05-01,131697,138852,3710,5.6,NA,3.5,37,12.5,28.9,8.9,93.6013,230464.54952012462,399827.89809557307,1477205.0906309488,233242.0481382845,667112.2054168133,NA,6684.2,96.3,165296,10271.468770413547,1241,1981,1224035.2243605847,2150,123177.22727501129,181600.17084568614,101.9,104.1,188.2,196.2,79.604,80.252,11208.9,50.600472338073466,90.06727538292948,18.186,2975600,336200,NA,1.0025,4.7125,-0.28365329307175086,-0.4721567694402534,0.07139344034905093,-2.702217807278821,-0.6198551521851937,-1.0408319763934815,-1.5008966986176786,-0.8640438124887514,-0.41030424607052723,1.1446857942737614,0.4237980107514112,0.022831891261519535,-0.1679009745689253,0.7558887138975733,-0.03407587845078321,-1.1362086679105086,-0.529207165636027,-0.25689597333183006,-1.1439761959382388,-0.1572980584539899,-0.5240463031865926,-0.017172666789473136,-1.2142862110475006,-1.4159828552013332,0.020583433490260317,0.038595405075137534,-0.741592306516542,1.19618174744641,-0.9825784887815154,-0.8493069553386265,-0.7923871813857728,-0.885361745467449,0.5763272479608806,-0.18823024515642517,-0.9051139887726235,0.020437896820570785,-0.351282850348765,-0.47300223354388005,-0.676669222684247,-1.3524984111752272,-0.6242010087349151,-0.534880562825367,-0.6671517589905561,-0.5695900263688726,-0.9372253055042077,-1.0747458839309063,-1.4993660480594944,-1.4930272218927119,0.9406360314134011,-0.20672145522627627,-0.28589946063777855,-1.3070573046091671,-0.617541015493782,-0.9047866210629023,0.12776855736145507,0.5983198487506883,-0.32400260481201504,-0.956366735387714,0.024681597521286923,-1.2271857971554434,-0.3557746984536189,-0.4272145218954837,-0.40171713694368105,-1.1083012858820478,-0.7575725441704005,-0.46149975107164243,0.3204359165991119,-0.24337043838798234,-1.0127391241690276,-0.5699180923783332,-0.37225054651169565,-0.9605839085426037,-0.42289577343474694,-0.3339975353749824,-0.9337814827000863,-0.20785539225233127,-0.3434702667583859,-0.062113664678392515,-1.1758495926054018,0.06978928180086097,-0.22969241344327893,-0.7573999101244758,-1.241956632179491,-0.15243425053013074,-0.1509968609756788,-0.9840348336680281,-0.6121637713447035,-0.310310779977438,-0.3645059469908178,0.09136211876573569,-0.4716294005669843,0.44179955975403834,0.41364130040128355,-0.36869931643631537,0.05593953501814831,0.2685913632046131,-1.2045305142496703,-0.5469812047633974,1.1663317180054176,-1.6921776906281176,0.20454315374735613,-0.10241212846647785,0.4909195927427516,-0.08137768170749174,0.3966166578472506,-0.7204593889062723,-0.10075094032201225,-0.7357546350791305,-0.027910493240694535,0.31314113001727495,-0.06785825140350502,-0.8269276548552823,-0.5114283335950475,0.8894355107010001,0.10924239791146251,-0.41932822519591867,0.47050032070855313,-0.21382050479849096,0.6687846653936068,0.5891301414780362,0.62378025138279,-0.6746570759076753,0.1030331558529543,-0.4406035911867351,1.1008106856721063,0.4508321435788733,1.0813496483590765,-0.7636419424655034,-1.0779811295996422,0.29830021614602614,-0.26227054434711294,-1.1099374411723597,-0.4664405027717474,-0.9889689777487992,0.7256855690539371,-0.5149123877033386,-0.7539440379152191,-1.0583096124012241,0.12165249196441454,-2.623838108923469,-1.4356522481876028,-0.30509951053284945,0.7006259268399827,-0.6351707912636922,0.1402887314130307,-0.027982627984945448,-0.9292746899094142,-0.8433380024793697,-0.17953507784390768,-0.8699399902604487,-1.2439875104350935,0.033515945927246736,-0.5162620996903419,-0.020712338441477778,0.006526965337187871,-0.3065351346850311,-1.6573621252404311,-1.4019186634797114
2004-06-01,131794,139174,3337,5.6,NA,3.5,27,6,30.6,7.3,92.871,232541.24337663312,402080.64536333,1491309.4973009294,234373.8647893675,670769.500569954,NA,6710.8,96.3,163646,10218.58676454009,1180,1828,1231460.2096929764,2020,119785.54696796983,186304.8189299896,101.7,103.4,188.9,196.6,79.831,80.379,11215.8,47.62560909922211,94.8619562339933,16.173,2950750,349000,NA,1.005,4.745,-0.17430187663102595,0.1945593097090283,0.6915494564156138,-3.1131812142444075,-0.9314697801836802,-0.6576512213603432,-1.6728741260274604,-0.5131982277487501,0.453654042090578,0.18467847535714776,0.5372313921621356,0.06737920552247678,-0.4059623278268096,0.22887865288401302,0.42113000370683956,-0.3235942655429899,-0.5891863324171823,-0.6389368207385221,-0.2460103941623279,0.4635057728426829,-0.2709916658837827,0.21639145448519473,-1.2077894561920393,-1.1650708329991655,-0.22586077365926577,0.5471613839086704,-0.4422464311464119,1.5694103115700078,-0.9314635939222502,0.0328044780891456,-0.6465193355240765,-0.16924238189112858,0.3819671351753942,-0.11866619874911993,-0.4464805402321905,-0.31174180536061846,-0.14081971181465128,-0.5949506701618975,-0.4391584254292584,-0.24136649803613244,-0.057291256297717544,-0.1552905752515727,-0.5502342664488987,-0.021139481928342283,-0.2162368579732336,-0.23379933676624143,-1.3296730850407883,-1.7820268889192794,-0.5229584078860726,-0.7271017686468167,-0.870328911397326,-0.5260418677957048,-0.7581686092597989,-0.32815633972833036,0.9750355344234412,0.6931832347461755,-0.6688799565925245,-0.496980129634758,-0.44970490010262815,-0.2777252852144591,-0.05784427409497085,-0.41497292643569816,-0.05482410823546572,-0.00938198054015143,-0.4433819216517766,-0.07207042114188458,1.944123186207457,-0.30306382026003265,0.251311094071573,-0.8870011869895198,0.37961537965067765,-0.9446544429415308,-0.6313021708261882,-0.2798067738137237,-0.6242297032249162,-0.2087975226177451,0.2183087713147073,-0.11630900883505467,-0.6915427328947258,-0.07760788983711006,-0.2053763497384669,-1.1688623699614775,-1.089744132961276,0.5364208860703009,0.2646676854701192,-0.8942026448183802,-0.5832206123207128,-0.324376238734468,-0.4610230649737392,0.30413928059943385,-0.038402630129766524,0.647550766142957,0.37688440561326236,-0.10722401370257469,-0.5760084906874929,-0.9660433156981727,-0.19698442076935732,-0.7502847065114844,-0.4526423446594931,-1.04670040850274,-0.38876385553058423,-0.38329903797416415,0.18271046369456634,0.6816708897913037,-0.7451349703537622,0.3085021711707405,0.4669360344038052,-0.7433546558764715,-0.025716926168673108,-0.20385880416322225,0.16256457521449255,-0.5456431699629578,-0.46661986829045055,0.8449877426023664,0.4800068427634986,0.07981986514064783,0.959517452379265,0.8302355265547854,0.525151904585611,0.0763954703032671,0.2929177106681421,1.0609360568247121,0.05304234773590007,0.9420294325300441,-0.047503907076078405,1.4837932249393104,-0.0218747132588183,-0.45523525907315454,-1.233355103969579,0.6497729439497208,-0.41848493178846546,-0.7930645420270022,-0.582025903694493,-0.5343788885606606,0.8585875013687967,-0.5578502737804564,-0.6387684181851916,-0.6753324449202652,-0.8722089917939462,-1.5135818844560796,-0.3394253856873154,0.008622580204015518,-0.4091721655478623,-0.6281988970228529,-0.25733326753094254,-0.19283191481485512,-0.8499674950947377,-0.8818108034819594,-0.1599325181057075,-0.994638849763973,-1.1018364869138317,0.35527478142605634,-0.20818329792661908,-0.0429254809610617,0.014455296962871893,-1.3380339872804485,-1.4981707084236973,-0.792080079705448
2004-07-01,131854,139556,3814,5.5,NA,5.7,35,6,34.7,15,93.5649,233821.4129278518,408926.8506351292,1500057.3330039042,231891.6213002941,679946.186095989,NA,6769.7,97,164823,10308.366184844503,1088,2002,1259225.3300794694,2112,121061.26024654278,184315.12420999937,102.1,103.9,189.1,196.8,79.905,80.474,11240.5,50.922971028095866,96.4570157050335,17.309,2917000,343000,NA,1.244,4.522,-0.045576393139305504,0.47432959611180336,0.060130310286189086,-3.6594938442425757,-1.2675015000050194,0.721368773732676,-0.9570800886306849,-0.05096699472152384,-0.6537365810195527,-0.6689678459109661,0.31004326408919025,0.24470602471121974,0.2930061014214031,0.4162041927694334,0.8798736798517883,-0.009711028890086897,-0.7565207702229373,0.12725210024066963,-0.2545060352868816,0.5837683168591464,0.1394773741374401,-0.3487473692117363,-1.3483195251334712,-0.9005435778924141,-0.31703432175378427,1.1312081319297078,0.12188840828391523,1.8287835376040327,-0.2589416720436339,0.11227907503260352,-0.4480395502407652,-0.28325043190158117,0.5587127716776783,0.02644667460416006,-0.20974245065143696,-0.6195915799150709,-0.6643732404404977,-0.5206397576313725,0.17832575016118873,0.2988336236964609,0.201600923566635,0.32223093587323265,-0.8974225908290335,-0.011977301653107147,-0.2416253630434929,0.21633768049795013,-0.54867022936065,-1.2964055691702512,-0.5854685355724586,-1.0031035983321464,-0.8391368888980102,-0.2009669327452967,-0.9491471099837526,0.10403209609322366,1.0702579502400957,0.8043810357514105,-1.0556394829755418,-0.18775228301583777,0.09055919563724087,-0.1850115454891423,-0.10297808484763515,-0.7344322812547359,0.5341168041739457,0.2096071074177424,-0.14696855131965614,-0.5133740638155041,2.867364908978449,0.15970038682425508,0.6171294683221759,-0.4181200274336575,-0.24690609973911712,-0.3048897722770939,-0.47349057330701744,-0.7838582695181145,-0.40680605102743633,-0.21028510777489015,1.0844144409913448,-0.2811401166984325,1.9648329863890832,-0.1116580827057032,-0.003559408999166288,-0.060369990066798745,-1.0831575231429547,0.9846566444877646,0.6250170228762384,-0.8398181257122997,-0.7734492277181342,-1.1511847371137762,-0.2426030492149481,0.4653459317851284,-0.6530646334757958,0.5901222787270695,0.37082642328181,0.0033703510840278356,-1.1430649016809693,-0.4444956764705086,-0.6884487625201255,-2.9352587423790255,-1.3966995882435091,-1.7746638141990057,-0.3530440715819681,0.19388637958888924,-0.2896132402170401,0.781567849741752,-0.581331038758834,0.6245082982544785,0.8839769872106032,-0.515488289916376,-0.03831435597135571,-0.2065783759638988,0.4248447300695614,-0.2202204028560136,-0.3451607991392676,0.3831344107357462,0.20820644456089601,0.592595058906612,0.4398393965392477,1.0288315475206187,0.5596258563284222,0.15765815420080484,0.3517328367021806,-0.8810653565168745,0.6835092180053525,0.21585743655819714,-0.9642178469253843,3.7682924271516667,-2.063139346538979,-0.781224632443601,-1.4555860355626038,0.6140837633174058,-0.8655822016752095,-0.4763976823542005,-1.6796789526321454,-0.44043919987840274,1.2350956464240326,-0.5305752128871025,-0.42731514037454954,-1.2086844013202582,-1.03873358993505,0.47271821049263196,0.31083995457087404,0.13006120101219243,-0.8929203216194561,-0.26749096191973365,-0.08885139039737769,0.14895293252041267,-0.6099590455134403,-0.5016807920767411,-0.2974699504119765,-1.1848215698150324,-1.1031361320489923,0.5552996697407941,-0.19819450104060923,0.11992359511878659,0.021297429599694943,-1.4331052011291106,-1.8892442442530453,0.1798207407642132
2004-08-01,131939,139573,3541,5.4,NA,5.7,15.2,3.2,25,-7.1,93.6277,229815.1252095164,412906.2116928927,1509093.094855578,237213.86936181926,679886.4233357516,NA,6809.3,97,164478,10346.483876616718,1175,2024,1267875.8161759188,2056,121504.5155479949,187206.36429589975,103.6,103.4,189.2,196.9,79.946,80.505,11274.6,56.21294373702249,96.62177264947795,17.157,2891500,340750,NA,1.4125,4.2925,0.14758628518148717,0.033718236299359286,-0.4337563145986721,-3.8865436600627943,-0.9605556592317478,0.8323843898026578,-0.7194510159800075,0.7098637814497396,-0.25888415245973684,-0.32145193868627425,0.42707439743153497,0.08458493038485447,-0.07375421811879435,1.9187032070249979,1.199097822214674,-0.15114951755503866,0.16920156679269738,0.682819265610705,-0.22207530695452124,0.485389805112742,-0.1483702797499936,-0.2402786230530903,-0.6756931939037094,-0.7400094154931849,0.010743976216433004,1.3377193162019336,0.031815602885143346,1.595084883511941,-0.13786685671229623,-0.14369671148241375,-0.15513083623182694,-0.39477300050789793,0.4002566960860997,0.06288740118699877,0.38471668536271647,-0.9521804725025678,-0.47341593465742465,-0.398657705975831,-0.747584754681549,-0.4154964784363047,0.12607383290123464,-0.15939886849459944,-0.7316443708859222,0.21028386292974816,-0.14713461672670788,-0.7242544013448671,-0.23038940088135107,-0.9014222155858539,-0.3215467198023233,0.1165462496770458,-0.7511496659145576,0.1772608453512453,-0.6786326149885442,0.0037457097925290804,0.6076175393603446,0.7426185873002698,-1.100832462920128,0.44393075777171315,-0.4502756264838362,0.31407929153920444,0.008111262960328084,-0.2097211728512844,0.5373378485747335,0.9634349391714898,-0.06272820424536424,0.566607078298399,2.057775466690193,-0.07814637630518514,0.5473042487271513,-0.6585641248431678,0.19151405528710896,-0.7860883611079045,0.1258655641573588,-0.9113321394994368,-0.38768828679306105,-0.11744166043583591,0.5380330597775878,-0.14815276041370087,0.733444355706384,-0.2412204100616788,0.9437457089030974,0.03015918439428586,-1.1941942124689102,1.5720019840711665,0.5688433108544736,-0.7808312822308151,0.30804572748441844,-0.6387733843802854,-0.39439080754548383,0.2297910857614155,-0.640233226605142,0.5480661485893976,0.1322445646371742,0.5347986179416069,-1.503680085118082,-0.8581175472943283,-0.8004952025397293,-2.690335994847206,-1.113398081031381,-1.3350600869917684,-0.06120662398923235,1.0336383020748792,-0.3742535109961899,0.6509965391528657,-0.6972394298404865,-0.037808692236345996,2.158626681619188,-0.055743719243723046,-0.012031332239884965,-0.38069691021396984,0.6262437131337567,-0.7067431787451028,-0.07651835765845766,0.6372560377915489,0.04665634817968479,1.6479547737900961,0.5873150683798213,1.259256329306212,1.1729709342703079,0.7191861503918052,0.6348036167871595,3.873112413626738,0.7861555242888911,0.09164477865637034,-0.34398883203324804,2.2358485148924543,-2.5441215290748467,-0.38914114085379514,-1.041713530459328,0.3807394408347565,-0.4384530918464306,-0.26113565740129446,-1.4313703971288851,-0.584707061367133,1.0351606613565212,-0.705593886805043,-0.654232241676968,-1.9643858517738575,0.11787812136308545,2.70892714425278,0.8644339812106369,0.03225755239235681,-0.4697764369533097,-0.06664085576790535,0.07784253022764431,0.3347568694919346,-0.5203123256153989,-0.14961169060475638,-0.5931502607418704,-0.27061849555833456,-0.7991328959661392,0.12277899538387471,0.0370013480776746,0.27244441591817203,0.04631885921825172,-0.21247772432282122,-1.6596830320570466,-0.11512146972773961
2004-09-01,132089,139487,3821,5.4,NA,5.7,28.4,4.9,19.6,4,93.7467,235249.17607110756,412021.8715669629,1503766.5672193612,237360.18176370717,684131.8785578747,NA,6832.1,97,167253,10413.337661040647,1214,1905,1263457.5052431838,2041,123127.43433536403,186274.0936782183,104.1,103.8,189.8,197.5,80.104,80.656,11279.6,57.36292819334865,94.70475876058904,17.875,2862750,337250,NA,1.555,4.145,0.1926096170764193,-0.5260357804324104,-0.10515042191891939,-2.8182406044515513,-1.4198551118967981,0.7361771031519028,-1.830642973344583,-0.9223015213989119,-0.05251090078930405,-0.11031321912607527,0.31327566534599605,-0.757933319133063,-0.40911949473363013,-0.1450854513377088,0.037915603629271315,-0.05185581089827239,0.03737174170619096,-0.4708312140033738,-0.2655090439298379,0.19042332022941363,-0.13613989959874795,-0.3085163533849689,-0.9656465550251856,-1.0073254529461808,-0.3431671019399925,0.36909528135361674,0.1313267403503915,0.3630371295747987,-0.3005183092849525,-0.308022720286615,-0.18684650288029694,-0.5654691311338588,0.26854867112873637,-0.0031252790042787266,-0.9815269258815688,-1.2250885372176654,-0.6357190974768109,-0.6897054206008174,-0.8510697610600236,-1.1368228689735573,-0.3298012236464054,0.11959916438055629,-0.5904443737239778,0.22135097921602723,0.16064508930185728,-1.071898813245213,-1.014158718747071,-1.6583981775984187,-0.5622182559656963,-0.37947690207738466,-0.5107540834716743,-1.1192892577610003,-1.0472090379456804,-0.38438691284042764,0.0482826565306875,-0.23492703998463432,-1.0496982654514329,0.2357290174392686,-0.5761423996506791,-0.04665443474190877,-0.5485585346365498,-0.9638755305304129,-0.26099102062087337,-0.09877635425144794,-0.0075239632694636335,1.0126368806701467,0.08182517986587394,-0.19186816414463198,0.3517538777874609,-1.2348887497522727,0.8279592809235568,-1.6154651644179832,-0.6132665208449515,-0.6572205091090313,-0.3974309687827956,0.0016687045859757684,-0.4131771266178735,0.006382029219648141,-0.2741222500910743,-0.5123717930378693,0.18905236019356708,-0.35498780785444833,-1.1705780105202057,0.9385656084618009,-0.03112077501930423,-0.6352086659306644,0.2991786863769993,-0.7076759558728073,-0.49989581906400704,-0.23755106875499596,-0.537514510392139,0.4500083744600005,-0.3747956974576562,0.13739151335543942,-2.231898885185821,-0.4874368991856539,-1.1431869728635253,-2.5865871354002485,-0.32308484751853733,-1.5085284929210507,-0.6490850090006489,-0.18968234944919096,-0.11851054123664395,0.7848355203173921,-0.5504605712643056,-0.37812194468435784,1.2224759656849395,-0.026856743065150065,0.15577150382422356,-0.38681831100010794,-0.05320411057323981,-0.6782416748500452,-0.17487212230517965,0.6664302371283597,-0.35689050822140145,0.8878269699499554,-0.6318807168812955,0.6182673722213063,0.6966816657972801,-0.3865031159790777,0.3665220510798721,-1.208236933018344,-0.26404231530901273,-0.87258649472804,-0.8582422876118406,1.2689213801174741,-2.5605181435547784,-0.693295397950411,-0.9692106544323577,-0.6448656969430937,-0.6454219167023213,-1.2716209643171652,-1.330143556198741,-0.7781927573088205,0.8378299590967326,-0.479237190441812,-0.8988256065620328,-1.7483296924406804,-0.47213638655711926,3.1332878239206643,0.21771622930826698,-0.11101341254138235,0.1085376713208355,-0.27387844426922053,-0.10333215472731119,-0.26388385009103926,-0.5764129846841659,-0.8305513217938654,-0.9458218094565483,-0.8386683938162124,-1.0673586880777646,0.11737597283125074,0.05848671783781507,0.06484562322322894,-9.92537232670405e-4,-0.45622985459230214,-1.1316510156161739,-1.3764799863013633
2004-10-01,132429,139732,3943,5.5,NA,-0.2,24.5,4.2,26.9,2,94.5465,230194.65990453464,416633.1046141608,1504622.7896762262,238009.645982498,681095.8631662689,NA,6855.5,97.5,166916,10437.92263325378,1305,2072,1262578.3114558472,2097,124747.66308671443,191785.99840891012,105.8,104.4,190.8,197.9,80.448,80.831,11282.5,66.04266109785203,93.12168584392238,17.514,2778000,334000,NA,1.762,4.092,-0.075094484186959,-1.0648631294851834,0.0504821349505024,-2.724458139475785,-1.484587563544897,0.6165339694817247,-2.0547649284045155,-2.173369855255789,-0.38937528720998216,-0.03070493631151917,0.36954633592948083,-0.3212619575480051,-0.6274164565825672,-0.257987935388934,-1.2762421204005483,0.20535497342238315,0.0667456245130014,-0.44037532023720743,-0.48928947853577426,0.07011706708284349,-0.06623736011235078,-0.5689756962546411,-0.8012478257878075,-1.27713536075436,-0.48236626316642656,-0.30827314309488796,0.21418976638564918,0.016377339645193688,-0.7698633229010468,-0.11804617735968206,-0.27587623653029447,-0.5647011255112611,0.9685539833386461,-0.06745889832801684,-0.7742055613671247,-0.5280707854496965,-0.9720613518939242,-0.6879564664860932,-0.9144219802742268,-1.5948182687974466,-0.6955713670341245,0.014803770079766456,-0.42085589867934753,-0.05300181466630115,-0.24955802478030126,-0.9441057229489719,-0.8442046320253948,-1.6842717905197735,-0.5263880878278794,-0.31431830328267396,-0.28496647197317565,-1.520506093689545,-0.42782108458061263,-0.8834531809927822,-0.683278702987536,-1.6353807813130508,-1.3831540957850101,-0.1764400166595171,-0.7368415349635055,-0.3896785641521931,-0.5925464465731648,-0.6525684050730352,-0.4747423875847574,-1.1134692611595447,-0.3474473254999125,-0.7616380971646024,-0.8738829520383953,-0.31636880996801325,0.1878441743592116,-0.9241615078069986,0.5501516958476768,-1.9856009813750108,-1.0214511294529116,-0.5668783487118436,-0.39429991182408647,0.1313629324260609,-0.6627167748417585,-0.025370117017896893,-0.1557671523814746,-0.7816077498624832,-1.4253894379220053,-0.7024721647385436,-0.9109319691089309,0.478383219807138,-0.20830205317343595,-0.3402955660050358,-1.0185259673034188,-0.8077050568194309,-0.6762908595521923,-0.42250486080142846,-1.9574758707617703,0.7301898592099337,0.07072929803641215,1.0963208535242908,-1.75968488944881,-1.0859492648989784,-1.0149217713295515,-1.7109442407024842,-0.05927022863265617,-0.8739881000247255,-1.172455835964501,-0.9601749129009173,-0.14719435178741205,-0.09039016182798798,-0.12775197233609606,0.13195491404090653,-0.1789683230042775,-0.09145171645557754,-2.788064368735499,-0.24190980219086788,-0.39358226050820094,-0.47570871838893786,-0.11933955875197384,0.47230047275126985,-0.2978891840716222,0.4406627364854977,-0.43439956799280693,0.360610509848375,0.4612180498109607,-0.5880824453486916,0.3672325551006238,-1.6540292627087796,-0.2523714298099429,-0.9971250937357661,-0.8148424632318664,0.6757475275744013,-0.26696604468097207,-1.0954664410096584,-0.8557806552132255,-1.1320141913870754,-0.8926507986619305,-1.0079956346734322,-0.5920829293004664,-0.37629885442088107,0.6851447638734239,-0.4419886829481641,-0.8622420897024273,-1.1420259407802105,-0.7423394433315932,1.097312212328393,-0.46665282008015657,-0.10299286500551008,0.8989066036584311,-0.4102729331194267,0.5981931652032608,-0.2691337759689235,-0.2784234280042317,-0.8752222373967967,1.2712297915383572,-1.2441348153931024,-0.7710721647713903,0.35373951159120554,-0.009614872096574792,0.002445525753778171,0.0034839231201397743,-0.5672216567670075,-0.5232238797936599,-1.9154982323582974
2004-11-01,132503,140231,3472,5.4,NA,-0.2,15.3,-5,19.1,-4.5,94.7813,238422.19965823818,420181.2823497363,1519983.6034886912,237788.2067411278,686928.8491542634,NA,6854.9,97.5,167199,10456.549196364447,1179,1782,1266740.1372000298,2079,123794.54667029892,195394.88347903613,105.5,104.7,191.7,198.3,80.758,81.005,11246.1,60.006438990564405,94.15267542725572,17.362,2734500,328750,NA,1.91,4.1775,0.2583531281839177,-0.9993858262848515,0.30643648888329456,-1.8147139636642966,-0.7855627597125726,0.17457075131339056,-2.102136750452357,-2.0001099212970943,-0.4004440952137128,-0.2626395227057958,0.3583051212716271,-0.4640129044065814,-0.5568938297360415,-0.6508157354116926,-2.355189938485679,1.0776888090975718,0.34160564047022324,-0.20664464524920959,-0.5066016043356046,-0.0638043522386106,-0.37453999576438085,-0.9532962258102988,-1.0821451483715363,-1.631262418876709,-0.49635805884662176,-0.8745919745387508,0.23698554345152004,0.19255261115596312,-1.022357565610256,0.16114866246536733,-0.5524586609566657,-0.9200535665066585,0.5941158674610139,0.19808358738906096,-1.638426455653347,-0.5007825558962788,-1.066829419695785,-0.8087136050816488,-0.6990431978634801,-1.6882309120101178,-1.1596185282678524,-0.12763017378483424,-0.26854776294732197,-0.2159562058540425,0.7995872267104809,-0.455476332848097,-1.2028690731740042,-1.1110703051910171,-0.48849770054983904,0.2658721151361146,-0.4295902031508059,-1.971387314956109,0.21953068859904987,-1.10949374771511,-1.732870403606284,-1.7738382949674059,-1.349143665057591,-0.3003835671917401,-0.05805132398383976,-0.4447166483310573,-1.3493968262003087,-1.3027746772426771,-0.43648432240476565,-0.6519201770648476,-0.22716736687807132,-1.479385498070581,-0.9297760976935137,-0.38205001777158387,0.37088226345264197,-1.3422721863141391,0.059717100149799536,-2.0180420647412656,-0.2930793197454472,-0.3632529659871678,0.007434143847991409,0.06277199723197101,0.11591661649835508,-0.08602947163531056,-0.29055630149280276,-0.5953041109984448,-1.3244379770724577,-1.315650447297473,-0.4425067046393648,-0.07158907232874297,-0.5606065201036735,5.822700729267705e-4,-1.438129644927977,-1.1766261208832833,-0.38665416459756113,-0.28519699288779193,0.014666316047061664,0.7203007721535692,-0.771543676321875,0.6732662678549189,-1.7122572126110964,-1.3427011101291695,-1.0388490252645035,-1.6614087549592114,-0.8293453014086222,-0.8610912529600526,-1.2586317083678438,-1.0594592977508706,0.04909724915389437,-0.15997054188419982,-0.2541335567803746,0.11437080246414556,-0.7261169786262583,-0.18034108015504516,-0.9201446580233896,-1.4317587210099392,-0.9824667145244804,0.02456598531241345,0.0613868454071511,0.3602932486625247,-0.15474315063562336,0.17680739548587499,-0.11294319283834979,0.0014815012663947876,0.7609926413260252,-1.2306412887744287,0.42425517293891296,-2.1197771772151817,-0.450616665813448,-0.35021826218634844,0.03297353427828993,0.5906902600820203,-0.26298126251592663,-0.6704496873596162,-0.8618026387464359,-0.5413936872591566,-0.7425043084126479,-0.6036265443509838,-0.3681372147500043,-0.6504916824119295,0.3708914074378845,-0.06886829060843389,-0.23405747488518525,-1.0819588191039249,-1.033791347257169,0.07539550088703857,-0.07329541033394414,-0.0527707342115968,0.89317036150755,-0.17485839476916265,-0.23909551707139381,-0.15349693818944724,-0.08333095297235625,-0.6947197736006352,0.4258333194121114,-0.7400100646970542,-0.3753278313547047,0.4015918452432097,0.37836089087332303,-0.009514408799828292,0.019152334218223304,-0.13767073927109424,-0.3302554351764905,-0.7732770327042177
2004-12-01,132630,140125,4074,5.4,NA,-0.2,21.6,2.9,25.5,1.3,95.5365,239573.76765139043,420945.2853306271,1526968.2987512834,242979.6660932414,691151.0996151038,NA,6883.1,97.5,169365,10525.117263400205,1242,2042,1283994.009975124,2082,127051.64540042821,193576.81216816622,104,104.8,191.7,198.6,80.801,81.109,11659,53.625573940916574,97.38687681614459,18.102,2719000,325250,NA,2.14,4.24,0.8376995891631213,-0.9967593865810642,0.3846654526654531,-1.0815528739620344,0.2793854191195184,-0.01844420118712744,-1.3348362293799403,-1.2572909278549385,-0.2650579200287956,-0.7649894209575709,0.9300021784850667,0.2499545339205954,-0.4303645833083761,-0.058141390674388775,-1.977233731255106,0.48271924458915527,0.6583645157042911,-0.0038139093281070223,-0.454135358759959,-0.39827397005368054,-0.5471335238611004,-0.9269038306598575,-1.6692301278171726,-1.222037792509491,-0.4223548723064026,-0.8824050740384496,-0.2196999525463532,0.6768956485094675,-1.4159240154853185,-0.7340704072575841,-0.07689136615870464,-1.0205877789069344,0.9369107542055362,0.9327446416603485,-0.9862604247138846,-0.3539421164463103,-1.201273282642708,-0.5551552111999919,-0.6065152655909598,-1.8608033816010685,-1.1984651394706494,-0.24900215869409018,-0.12410167408020588,-0.1841337975237513,1.14540487392159,-0.5388472836763855,-1.9141659580618882,-0.12265581552275395,-0.07012629048148258,-1.2732075571697326,-1.0209882359678797,-1.780525351203204,0.44338761303873614,-0.853140976244741,-0.8127283583213826,-1.3506327821514665,-1.0065145103209383,0.7661169969075728,-0.8107355570939875,-0.5130527494101419,-1.5798063894763437,-0.9294428200545932,-0.26758725064109357,-0.4186628378404388,0.7123632091288369,-0.9772676121851341,-1.3860669504476044,0.05550320154750622,1.5172327592759884,-2.453757494707612,0.19080005338523565,-1.696987112059072,0.2928952276413428,-0.2933531873570894,0.324292767967481,-0.3245576450945466,1.095906958192634,0.4317381349602749,-0.2722665753255768,-1.3007537475123288,-0.984867212333813,-0.82027457974383,-0.46234202522309575,1.153038681523049,-0.40562226517089733,0.05317921992635337,-0.7805005473681205,-1.2092477770804022,-0.21568680876503246,-0.08717333974314607,-0.4222173902994857,0.8416519100497493,-0.10623536052529697,0.13790520016429553,-1.2738002089581135,-1.3608743786797413,-0.7476530155936251,-1.1143329564981468,0.13781156312342144,-0.866151268934758,-1.0684212269268378,-0.17232448386555171,0.2998409036036201,0.018450147017591557,1.1913645617221853,-0.3481059498266665,-0.4695096315613745,0.03436650470144361,-0.9288713502902827,-1.327459648639101,-0.5829871166094585,1.3074089487519114,0.05131917345336901,-0.2778413564320513,-0.093581911186474,0.41401018600866113,-0.2873995904089436,-0.12777289185725277,1.2179408803101517,-0.9300005440183232,-0.35149437107550197,-3.1778258956676937,-0.2300624033076789,-0.19753379900814785,0.7168478721567275,0.8380145845845368,-0.7104476352439633,-0.14808883840345066,-0.9313410108374521,0.8601882077275773,-0.16108765693773835,-0.6456806449682984,-0.6101479662216659,-1.004711117452733,0.23375443477874294,0.5847518025824242,0.2711022298963557,-1.7724707277876304,-0.5411909311512608,1.523472749790822,0.08957072434952078,0.7413293291830879,0.2781459855963627,-0.038699871842152456,-0.03603145685401345,-0.617127928667614,-0.13867564088352988,-0.21464880599692135,-0.07203457391785908,-0.5403977234236653,-0.35144850732891497,-0.5818956863120225,0.5515372963381926,0.28969832883153496,0.0637626786932548,-0.1915789483482268,0.38454251717654003,-1.1705528759678094
2005-01-01,132781,140245,3804,5.3,NA,-1.9,15.6,-1.7,13.5,-2.1,95.8801,240862.9661215964,426719.5669101561,1531838.9970928922,246442.2114279358,691969.7924777832,NA,6908.8,98.2,167678,10503.046707948633,1203,2144,1292943.7502317475,2139,127398.12377173794,195378.64461665862,104.6,105.6,191.6,199,80.907,81.401,11226.5,57.893630959002316,93.68887334392238,16.889,2723800,343400,NA,2.2575,4.2275,0.19071824319398448,0.544242369399955,0.5307337582674927,-1.4589022223980912,-0.08527354555149659,0.30917850775108213,-0.3514873923346826,1.0136219511514246,-0.5715224568403154,-0.19539982282907176,1.3817776617317088,-0.1405019347844155,0.28263508227545897,-0.6109271194801176,-0.7294806019640813,0.5795981676132952,0.6104768742115034,0.577142175440009,-0.803620034823714,-0.0201876304024805,-0.19293454478370556,-0.16637931488894314,-0.9483394260046671,0.0654572814791897,-0.23637742352309732,-0.6944671082333024,-0.6160661554954314,-0.2031450424135208,-0.7896147577678287,-0.4447413426175605,0.14481866421198478,-0.4595794925421892,0.8698006726645489,0.32941111350265223,-0.2249998102052132,-0.3000031644983141,-0.9026643366903081,-0.6471134375726818,-0.31032413914213314,-1.368112424095804,-0.043301597524535815,-0.05355447007911664,0.10490123625826363,0.008107550048652176,1.3538431310132353,-0.22114956123901958,0.5184326709953616,-0.3905356123136443,-0.06341499866218694,-0.1390930094598517,-0.09542391358957783,0.7071015907968179,0.6596579965251649,0.8552231941542646,-0.49471986048659355,0.19468212712577546,0.5584082168686851,0.09925893715552021,-0.14363108548382011,0.12817108628435145,-0.55391027297537,-0.5692716946205044,-0.37105922797892643,0.592482755083834,0.6616258742337527,-0.5541881667878892,-0.28524155331019374,0.06951012233110411,0.4050001163245257,-1.8375173346615736,0.2137020329014243,-0.7151792230012964,-0.18786911258200262,-0.2982523495684656,0.10166695008332154,-0.21714925111676248,0.5761080207244433,-0.5029410285290559,-0.21448185461623215,-0.34274454240086333,0.11760125692845336,-0.3710955527944457,-0.2347418372829934,1.2835937059592275,-0.06282607392862219,0.7751058886424598,0.2184467264332269,-0.03866910311726827,-0.19759536238633388,0.04925883923050506,-1.1685521897672657,0.3520941846126392,-0.01884272638584482,0.6413337307199464,-0.8109775838759185,0.79107678312392,-0.14856349629078988,-2.0390106646456942,-0.5778804374579016,-0.8152778740067114,-0.36875945946986466,-0.06959758874227956,0.931195270478291,-0.03294795020204615,0.23148752747417428,0.18796334516935026,0.2961104832587011,-0.05265274856137087,0.11260970153199712,0.1605837867496235,-0.6779694564762847,0.2127121288631664,0.14436585908717256,-0.3151104176970672,0.08370521021653245,0.39802864256506343,-0.09542389446736439,0.00982318096084278,0.7566323264340536,0.456496758447292,0.5035998436742645,0.22833249203358238,-0.09477906106484031,-0.19404079869615598,-0.12827604018610733,0.777888234951003,-1.0546100737660224,-0.1419505901754328,-0.44416430019602565,0.6360701487427785,0.0847480860881422,-0.5044026373440341,-0.46931501133310594,-0.8854727432332626,0.12359344266599116,-0.15431977357894694,-0.19418603333506154,-0.4277047494263576,-0.05602205980590272,1.6702590699160136,0.5341805813520747,0.3612068813847469,-0.27941342093342536,0.0885450827733766,0.0030504873256344796,-0.3705772039718246,-0.21004100205157597,0.8569835216069166,0.02703605496479599,-0.7765265417625047,1.3614289164953426,-0.2391665695449785,0.22863895396005127,-0.08459994490951515,-0.06371174451884279,0.3652448912514059,0.20901276244131825,0.2655252410795822
2005-02-01,133034,140385,3965,5.4,NA,-1.9,17.2,-1.6,21.1,4,96.5761,242167.08573682394,427815.1654094561,1536826.1986731212,243370.06360005916,696129.7638416408,NA,6929.1,98.2,169079,10549.59818567273,1319,2207,1314953.4092589852,2114,128019.77025094906,198169.64946013901,105.5,105.7,192.4,199.4,81.132,81.536,11229,59.1258689542967,93.39050233328408,16.886,2686500,311750,NA,2.495,4.16,0.48092261360759364,0.6795451832411596,1.2178511479672711,-0.8807515064143261,-0.303789448179997,0.8240405792630374,0.09189302525390468,0.6060548606941645,-0.4455028911075472,1.7171080144579862,0.988319932298321,-0.7170428824545915,1.091546671393522,0.32032913183799117,0.502250319817265,0.6313751994991909,0.29555172111164185,0.037322624764048296,-0.6790136731603085,0.06742152530592309,0.0749650402409914,-0.0194087159400913,-0.6279802266955764,0.4465498709889964,-0.05580489571888223,0.06760510526492772,0.1628708050220674,-0.4760317482038194,-1.0919118937881171,-0.1396967623061391,0.13625910125352633,0.21776286508628162,0.5139175243135942,0.1333591107057109,-0.6549874697145389,-0.17212653154676272,-0.6074997073802799,-0.11541191007198671,-0.37906856770708636,-0.1856819490557308,0.015182184863365328,-0.3917683325299519,0.0704792027258328,0.3388844417571699,0.5049031322504294,0.07614434767532864,0.7827797462928572,0.7868382963710102,-0.10123996774499269,-0.9814662144958588,-0.08107695795701916,1.7672817946347612,0.3287843701573726,0.33308465404636056,0.029233567127774834,0.5329357890995542,0.9306612842205252,-0.10739029718938603,-0.7540381461301715,1.0216954611412363,-0.34338869542505013,-0.38648211603015464,-0.2508744031060524,-0.05830982305880079,0.4380080486732293,-0.6261767791173166,-0.2629609728523358,0.5377281813184345,0.5736750902631097,-1.7617433377442104,0.5580615735363842,-0.461597241873597,0.263678770657237,1.1947780529816803,0.4151408875084027,0.473403730235242,0.3300297452747425,-0.39870220131697537,0.06650329802741702,-0.34437289012766126,-0.065876746494905,-0.24072503765683317,0.19116682195036325,0.7364740198749303,-0.13679725891398797,0.7775963368945599,-0.09439084459400966,0.37581533551780993,-0.04312580239584443,-0.09095348950795401,-0.4664654223531967,0.6322142199897384,0.2550230760350421,1.2743046152439397,-1.2193665890570344,0.402864171795838,0.45355530501097213,-2.5139384595022487,0.09849219083925902,-0.05092754372830083,-0.31235949562994425,-0.6078080836512826,0.9011538127323715,0.05126501540692346,0.4505461439690567,0.3671989849613642,0.4180956776958022,0.6762326950746346,-0.026733341297262698,0.8414069096387395,-0.4680332004580857,-0.4038970570467512,0.2527972995765178,0.7765126755714841,-0.32346660335366834,-0.27752495351361856,-0.05094485644324742,0.12137376249896181,0.4815348449862209,0.711266734548978,0.2941103081918641,0.5169875932358591,0.4851755197296538,-0.1532741515551249,-0.11404752736249861,0.22926601783076606,-0.7774851479616185,-0.36732966009299367,0.8861492763969703,0.5133780300575285,0.2284586283468286,-0.631855902046403,-0.2909832221206054,-0.6641954047404968,0.06628129669185173,0.31959697994376163,0.6326735553024554,0.749169195551868,0.19009667850707088,1.6486490049781277,-0.02502110969598546,0.034550783273156464,1.163074165036934,0.19267730131270244,0.24034425217427696,-0.19649339947836353,-0.2155937331617553,0.9696020850317707,0.04137041189476754,-0.42266798120272253,2.1178604828088976,-0.6529143039512737,0.4413425040348229,-0.09962442295974676,-0.09831004607980438,-0.380389596047416,0.28079903382811844,1.4183929915712157
2005-03-01,133154,140654,4044,5.2,NA,-1.9,24.3,4.5,15.1,2.9,96.4456,229318.58678955454,428580.03072196624,1544946.65790613,239995.08448540705,690919.8156682028,NA,6940.9,98.2,168917,10566.390168970815,1328,1864,1317044.5468509984,2062,128927.80337941629,192784.02457757297,107.8,106.4,193.1,200.1,81.375,81.737,11268.8,66.74039938556068,92.18846332619188,17.413,2659500,332000,NA,2.5825,4.48,0.2006415434832829,0.05583628183135147,0.9786613457911277,-0.7023097424363702,-0.28170241113911165,0.18641254962236892,0.6144422424316556,0.3460949524777951,-0.7385736521631155,-0.053392080863655336,0.6877213506987968,-0.9678569238004976,0.23332021239089085,0.10815716708847481,-0.18619552048182192,0.34215771292733754,0.16005606112292076,-0.2513553244677464,-0.5247722290601571,-0.6092833140116736,0.008424002086804562,-0.11455559233695732,-0.4397714139520526,0.262905268552634,0.19035079883323391,-0.3856679371748214,-0.22335933355523738,-0.5310827917786978,-0.6239596551248537,-1.0389190114385434,-0.0014577799306691721,0.37011474122128163,0.1957573553421149,0.009252259562899922,0.08776586201717357,-0.12423894826981072,0.08288294805437799,-0.0627640668599645,-0.4471895861399583,-0.4400223173136216,-0.11410702771971792,-0.46704660795953384,0.201768195136943,0.056491100221229135,-0.10519010797662656,-0.22764134763194807,0.3567118090367194,0.10259334947922046,0.03461833218768143,-1.6429558086221114,-0.07104209477029123,1.604917019337082,0.3190482547322582,-0.001327265870571837,0.1788494574125387,-0.028415728426956083,0.45277980886414093,-0.7842642498184785,-0.4016396906823236,0.13517327096999132,-0.5484844178000404,-0.3946252941470676,-0.20315659602575437,-0.374069228168418,0.2898416019681559,-0.5486090904553796,-0.15000391463746682,0.22447730770525975,0.15341301901902515,-1.2598973265228701,0.1600486895004359,-0.6318235993587273,-0.047446197819135345,0.18824388518319968,-0.06245702258621027,1.6841476721196464,0.8505654720747069,-0.24875243000479477,-0.312356754021411,-0.4467926671638919,-0.44314585204225593,-0.6174632633411414,-0.5552297439162078,0.5239743807205419,0.02689505465533058,0.2723115421947428,-0.17014473281268186,0.38302482177060954,-0.051037641161379134,-0.18316054579472538,-0.7483813377880713,0.5025275411481221,0.07392655106632795,0.41377612583125206,-0.9067829842922364,-0.24292894100435072,0.09983212099201205,-2.2432302684257253,-0.19221448281435954,0.5108062844256605,-0.9559451097980294,-0.41198415863258764,0.47672689733010065,0.027884167327837318,-0.035136928088107214,-0.4315035525901546,-0.16044869433060294,0.6176927618001549,-0.003134804824936657,0.937242802278999,-0.12066109172884369,-0.4304371739195832,0.28707531096685085,0.32249445279818967,-0.11732632024239063,-0.620775481851741,-0.12834014588427242,-0.09296701392458201,0.38854621733553324,-0.2195831524817274,0.20953707812065986,-0.8309050497090283,-0.011265386058074109,-0.5975865307824614,-0.5898275035026374,-0.22587340706930178,0.6837721355368926,-0.514763231738143,0.8285663776585083,0.48429254925319504,-0.14433859570626933,-0.728506858487226,-0.3332771772692951,-0.46336595763145344,-0.39289575707492974,0.20453949380577172,-0.6006664457201953,-0.44708769457884606,0.3265056265757215,1.7763525846691133,-0.19292024143145756,-0.04841937117278456,0.3128885067147049,-0.060164136689246445,0.3908273278001908,-0.5949390259441656,-0.1356180190951058,0.5982417680641832,-0.025896455559462277,0.1582442312111617,1.2606442062233731,-0.6386516856659508,0.09626511597294127,0.048999201927303955,-0.048679037872963925,-0.6011838579006609,0.31774354774595726,0.527082862206226
2005-04-01,133520,141254,4159,5.2,NA,3.1,8.3,-2.4,25.2,3.7,96.6532,238774.30976802326,431386.1010011887,1548980.6981774438,246695.58717204028,688076.4187591143,NA,6979.2,98.7,169914,10634.903128561451,1260,2061,1324720.9048686936,2150,131335.85775032782,200058.82136686152,108.8,106.9,193.7,200.2,81.603,81.831,11304.2,64.99761038197124,87.45814417725572,17.756,2604400,323200,NA,2.784,4.38,0.26161155612852277,-0.6223767524949143,0.8865043898243504,-0.3166134129756134,-0.906784768691482,0.2605821670190972,0.19074538308729613,-0.45238738400035183,-0.3685106098760729,0.23337095153121173,0.5908372240537858,-0.5891834618613991,-0.16057510442406034,-0.8110945078636836,0.012291279539142183,-0.649536496253601,-0.3079184460713954,-1.8277613644730475,-0.8643702059695979,-0.4326769427086345,-0.06422159524125064,-0.24658799998163985,-0.5399196907500737,0.19426843762987103,0.20834317090402393,-0.12858181935310034,0.4528269187225084,-0.1884422443702368,-1.4725355206587958,-0.8879590046030216,-0.17442864000061337,0.49673005172469625,-0.08349027337429414,-0.0839323589845589,-0.35280234306837294,0.08587707203775016,5.106633513465167e-4,0.05115647238329563,-0.48168644411939676,-0.23095935760633898,0.010546257016209851,-0.48859516035938627,-0.27687555860747104,-0.08788798630005398,0.4386539544553938,-0.27483298134567,-0.39102265915477663,0.4409436836840568,1.2352197599805197,-1.394815558241823,-0.550589637993938,-0.4122976528207264,0.12002422014725614,-0.3639328197473423,-0.7036517999775759,-0.15437104495539097,0.13483357937775275,-0.8751769569536021,-0.48442142881313083,0.2856296290337467,-1.0994296882774852,-1.0460113399381714,-0.23822498483245044,0.6333812382594978,-0.6295357001652754,-1.7174477168279492,0.52315466402421,-0.0879494193809378,-0.6591994969983692,-2.0220487066462045,-0.10720119350965526,-0.09691389520560559,-0.5428757672026766,-0.3631158714296043,0.07663973128097329,1.7367812455564964,1.1188594440771664,-0.523471598769378,-0.3616192918244185,-0.3328293330384674,-0.660012291414099,-0.6440943898197627,-0.24042511230671604,-0.4728213007670785,-0.8159513824712818,0.18238989907494554,-0.3370437305723835,-0.06170650256796197,-0.42508411121451717,-0.32353349796532105,-1.2116845535451841,0.018953913980051793,0.24914804142067148,0.049773289119882644,-1.1498700081293922,-1.0571467462111128,-0.2675207515716934,-2.555025146638708,-0.14155181540639766,0.12455381668835626,-0.8162715621464544,-0.605750051089629,-0.3287714464148198,-0.28958394303242735,0.26480918129280767,-0.3613062699193891,-0.5176850300945731,-1.0463477889980561,0.04033256068998301,0.2878341926789539,-0.48653124266438796,-0.7439156580537886,0.4531081694009234,0.013323906238521747,-0.19585762986992275,-1.481662259092379,0.03323696020697314,-0.26670716571030945,-0.2936025290148732,-0.7054861601906195,0.0607590836270982,-3.141675486694182,-0.6115838567374885,-0.8702259258534012,-0.8138919847625156,-1.2717491172478177,1.947864302203778,-0.841673942480186,0.22452781515407869,0.0887015563943954,-0.36216900598889173,-0.761694991002267,-0.7236304740270852,0.6862839822196725,-1.1011494415795924,-0.5124246745813761,-0.49339860566865357,-1.168582445443419,0.6802544056317205,0.34596267261672564,-0.5583140604771123,-0.46317208156294215,0.6433010781068893,-0.21829341899832405,0.07913545763797733,-0.5862999658445516,0.11283334122537521,-0.7287430401507167,0.00242400769741229,-0.5769841376613666,0.6733464853454765,-0.8413903382960596,-0.08081627319403235,0.19323249138127138,-0.05497498537803778,-1.273300641278746,0.31271220737666994,-0.30834881927002694
2005-05-01,133689,141609,3797,5.1,NA,3.1,-4.9,-7.9,9.3,0,96.7402,253062.49923452828,432215.9487562615,1552357.457342846,244240.59082168798,703891.045818075,NA,7002.5,98.7,169025,10620.58322820855,1286,2025,1339074.575316293,2085,130955.6761258558,198195.93626376317,107.9,106.7,193.6,200.5,81.649,81.999,11352.7,61.029528836850425,86.76727538292948,17.414,2586250,327000,NA,2.9975,4.1525,0.39281864762898877,0.503907137885126,0.8443007747619776,0.09578915175583157,-1.2994012424301367,0.30467599017698094,0.4502489137350616,-0.358004566661705,-0.020778553690287624,0.3317740560241912,0.4346073864347204,-0.5463052079317079,0.23056901627502766,-0.7629449760612833,0.05619771134651945,0.535104045523571,0.026714990207294093,-0.6602608273083501,-0.6550903819245293,-0.6628892514260055,0.042463729383064676,0.7441456876213148,-0.46175677056253617,0.6477349124478464,0.6304015892060335,-0.3431063615747028,0.428179662413563,-0.64037552141430365,-1.4430246699926668,0.07250301931425308,0.11955380081936816,0.5193155784954041,-0.2688212715079667,-0.06685591371545137,-1.0679264912480015,-0.5740969718126752,0.2685697613371852,0.29251927290635554,-0.3318929075438591,0.07818371866018077,0.6303372238269511,-0.45430956706434455,-0.30397044321182215,0.346107969517719,-0.09832046102015748,-0.6596063927181308,0.7959609713765728,0.7189110833408823,1.1067399250978494,-1.4069994095780878,-0.9558300711115801,0.44152956299698753,0.9241214545583915,0.19611778512447858,-0.4299020162107518,-0.7801238956908826,0.24396849894060862,-0.36390069754974536,-0.15603853930472375,0.6745247148537639,-0.4796554955550857,-0.4571447425434168,0.07535236871118135,-0.225342367639598,-0.46762230899052515,-1.0125399763446001,0.6199354288070792,0.23945497596223742,0.26779005741147055,-0.6234044453753183,-0.16511435507756902,-0.046287542727640296,-0.019854192592375725,-0.04966324535013402,0.39635002001675984,0.40371672237487566,0.5045106084843146,-0.35970970769218785,-0.5673715339949339,0.10025564252259478,-0.09454807221759025,-0.8356538876810551,0.35813067629958273,-0.20951242113160087,-0.28517312211745216,0.736349667765302,-0.4663068415380977,0.2316027069688131,1.0447160586449267,-0.4779602440244394,-1.143219979448871,-0.11169007434278315,-0.05899754894112946,0.058034346807463305,-1.6390143372056276,-0.6473203692536239,0.1331804008084524,-3.521570035723363,0.05143207578176571,-0.380152966097764,-0.4407968623128635,0.7476360157840685,-0.21029965215867225,-0.2844776801200496,0.19277037899826657,-0.39623906893671945,0.7431221708221961,-0.15033177179600304,-0.010301030742250089,0.7155675698558416,-0.0046298160021473935,-0.2632395990894245,0.4351806797272906,0.27724410692758,-0.03942393111289038,-0.7557494165053795,0.10853292254833044,-0.08267682484276777,0.05739998169957753,0.07153679395742636,-0.06144243072905851,-1.8203729718544024,0.14775670735413637,-0.8201430331052288,-0.5449025612048639,-0.7773401824331614,-1.369191684656241,-0.458236228516693,0.5840660374469886,0.36676584252983835,0.03778666311234209,-0.26455890135051613,0.5263757951775245,0.8469635965965076,-0.41606608704638126,0.031921877428899806,-0.2902147808462494,-0.56497404827228,0.5924342830715481,0.9933171775347557,0.035886293755280047,-0.06211492331462199,1.5251076018872962,-0.17980300741328098,0.12642071862557694,-0.5096806063750051,0.4934032570323595,-0.5776559227310996,0.08011316339101267,-0.34069397415206853,-0.19295546496374674,-0.833491844242121,-0.005079838700253592,0.22565262074737277,-0.04936023284142771,-1.072402796458592,0.42444162985815564,0.5470002750113314
2005-06-01,133948,141714,4062,5,NA,3.1,7.8,-2,-1.3,-10.5,97.1753,257062.42350061197,433631.5789473684,1555001.5725707526,244947.3684210526,723301.1015911872,NA,7035,98.7,174093,10714.0758873929,1274,2068,1353605.8751529986,2178,130813.95348837209,200602.20318237453,109.2,106.7,193.7,200.6,81.7,82.056,11375.5,68.86168910648715,95.2619562339933,18.482,2600000,325750,NA,3.0075000000000003,4.005,0.37805041507055437,0.12269134245176372,0.004453090850147192,0.0041520449570051745,-0.6632739757793779,0.18629923194783057,0.9479294707436845,-0.375719599909056,-0.13745286580373736,-0.06076522355054171,0.3871610954116467,-0.38058687009228814,0.162340587520637,-0.29116427487453433,0.30186483832448724,0.22733314318301556,0.19890940052428993,-0.3156463019657227,-0.31889966974437173,-0.41328293220600637,-0.3081723738053519,0.4666009435808647,-0.4305217750543004,0.5763327391171296,0.38502150078846636,-0.39253938468808514,0.22551609323071198,-1.295161692458978,-0.1334676411292269,-0.21604324236564565,0.23603944450780354,0.05240162969895713,-0.4222374099083811,0.0031838951065153586,-0.4580616437695159,-0.3975176199607649,0.7504499948854844,0.37569769403989045,-0.19369950046266396,1.1979792726147518,0.25494739484259393,-0.4876586272003272,-0.24676151426765514,-0.02285387761653974,-0.11401179181891803,-0.6269826350809834,0.5901618031927677,0.4787478918534334,0.3186050720744951,-1.159690434563967,0.18499536275481046,0.11577290189661005,0.8251164189168623,0.21773180899164338,0.6113082793255171,-0.24039925751580626,-0.12097191718641817,-0.26999545730264024,-0.49420865631374045,0.12505948040886536,-0.24676556426284357,0.004328348390306198,-0.31457971971632953,-0.39242940932495857,-0.24272249159506337,-0.023649528311809425,0.1917768210327178,0.29297115270463053,-0.39057466022960485,-1.3364613124980929,-0.001549953639453322,0.10953272423864195,-0.49844851180438604,-0.3974790599515845,0.48306229605696077,0.002510324848467499,0.39317954393855364,-0.47308775454415036,-0.6286035337455537,0.7864514141035847,0.0876314829401859,1.3515033044252578,0.049761689063765865,-0.04597338163904268,-0.3189425276229896,0.5134491408138467,-0.3590596510443463,-0.11330164143259383,-0.31114146067020576,-0.6022275175101396,-2.282141279816313,-0.011203570606246974,-0.26388616294898404,0.4707769655646469,-1.355849165599666,1.0647950740769285,-0.1137104905866542,-2.319176233611308,0.20002870586616206,-0.5409443300285361,-0.30099724806228584,0.8490549197437832,-0.7440714169177836,-0.2760822679438148,-0.36456986041214423,0.1225291283014846,1.6695735453158091,-0.35637133261072607,-0.0075449614826015145,-0.022965567198040316,-0.24524091959822356,-0.009982737962046672,0.0992536509371966,-0.10301651740679818,-0.11096886069567567,0.012732514130333368,-0.3225789420823288,0.35446536612722845,0.08723620063572357,0.11305109335004865,0.15574092969637585,0.6118778663366173,-0.203375590613292,0.4367012161596049,-1.0507206582770114,-1.0419720240558765,-2.734069809340381,-0.26411830218976,1.7926040304824578,1.15055394054475,0.2688311316199903,-0.03981495207880928,1.6612407916191883,0.49459485916840473,0.07824488719234982,-0.152390554941732,-0.3931417366760806,0.7313598392166856,-0.031410906617123376,0.9529954897229397,0.0816336939505756,-0.08232307703673795,-0.030176360139843324,0.027407521532691048,0.1240874096049856,-1.0655479761806692,0.5220325124849317,-0.41933235634238014,-0.01926126007608687,-0.2588266618011914,-0.4778671812330563,-0.8750159628789498,0.22060907972725052,0.24847036270655393,0.03988624622972323,-0.10126574264045617,0.31003090707108166,0.4395129265671247
2005-07-01,134300,142026,4256,5,NA,2.6,23.8,-2,8.1,-1.9,96.8676,237031.66516344485,433414.18228798476,1540690.3589897978,239839.8459400824,724967.7010457548,NA,7096.4,99.3,174207,10791.263437583793,1389,2054,1363992.150744704,2203,130295.2002535163,199996.34351461372,110.5,106.8,194.9,200.9,82.046,82.176,11387.1,71.54523072422788,96.2570157050335,21.135,2595200,324400,NA,3.246,4.138,-0.3506242517901941,-0.40043131316559694,-0.2777972910814736,-0.08974318769359606,-0.19360546942631163,0.2601855963188897,0.968135960297645,-0.1765382674921966,-0.7197449539479779,-0.355033374444791,0.09931944259057847,-0.28183808981980335,0.33480718444347574,-0.5351197806316087,0.27898013854410514,0.26728409133377184,-0.5039612088701434,-0.810990764799477,-0.06507536333505196,-0.5091969387359234,-0.3158959646621037,0.44112131779544106,0.14860974732943508,0.6664856913525784,0.25693962916154534,0.605652996543583,0.2541455961822042,-1.4187951370644782,0.04502247812801573,0.8874990501168202,0.5071065412036837,0.3243115950031436,-0.18757443350849629,0.08742865212539659,1.1949508338649382,-0.12189708229279969,0.6285251869662322,0.19447068888300892,0.4332863845638894,0.6618741000436479,0.41644045778362443,-0.9694801344582367,-0.2879105528363504,0.18810064078775737,-0.27379214756031706,-0.24187616972031004,0.8479892386371735,0.6962376183470851,0.19553589054898846,-1.4005737318205735,0.8551955071520343,0.3118370302512873,0.551183460971787,0.03152184962109379,0.6909872607437533,0.01335838354929941,0.6235266342861988,-0.21057704031382438,-0.40474686797504433,-0.17655832541897767,0.27780616837356586,0.6384229062513372,0.35109915097090333,0.005077787985520513,0.3016463489700639,-0.3520308068100532,0.35986240791342466,0.4755922666762657,0.029063103809845517,-0.4777210723642135,-0.13982342222022606,-0.031845632676711526,0.39242090255242595,-0.2951702099244295,0.380521668093153,0.0957141630524847,0.4941295149828349,-0.7789131676860087,2.118479578241752,0.8922616748121397,0.43940931086668034,1.6882868661132528,0.014029215756403495,-0.4609914338946167,-0.12576086146224752,0.7369025090683365,0.14747556733907818,0.24033963175733158,-0.030372500772512055,-0.787722771870241,-1.878274457187135,0.26704349510791053,-0.46627618414797706,0.6546034270234989,-0.8474717578676636,0.9844705332856282,-0.026497966916586985,-1.6899693783407372,-0.02775339358645021,0.39940284141476723,-0.17084087991907043,0.6834757952237486,-1.1187277385546204,0.45841514841232556,-0.5695413427597318,0.2815009834267956,1.5876526646356133,-0.08842547116987606,-0.023824545333620727,0.475074957546002,0.12061057292502576,0.12336521291731477,0.5249291233880087,-0.1762894436704901,0.11164366597030247,-0.3566919297058035,0.1828946381140765,0.2561879065452036,-0.34829371524779973,-0.6155615083010633,0.12450527788407488,1.8097914609179262,-0.07001320932167295,0.7633751002246237,-1.2043612134871247,-1.1935571898647903,-0.9756300982985054,0.2745260742471632,0.8656532407648618,1.0435920588219842,0.8691648436431998,-0.19666419761218393,1.3094034371508534,0.11507528599260569,0.5221858008594535,-0.005240797211095177,-0.3423824235595529,-0.6132830403892873,0.06516178303941862,1.6786608439108168,0.4124720895614486,0.3397857867677791,-0.5986350130557294,0.17167522515478,0.27761878121479716,-0.39171084839176357,0.699229894282574,0.05624479126937106,-0.01119414855124141,0.43291657851531956,-0.47748909392706934,-0.7379422944509744,0.5230249147933159,0.3079276077817557,0.04988034197565517,-0.8580150165188272,0.5106915240716511,0.17448103257232048
2005-08-01,134502,142434,4142,4.9,NA,2.6,23.7,7,11.2,-1,97.1833,248660.4270609515,433831.0450732608,1538146.042722168,244517.2803088241,734084.7566675164,NA,7118.8,99.3,171140,10743.411389101328,1255,2095,1370726.0521747575,2219,131461.4516187771,201457.9312186654,112.1,106.6,196.1,201.1,82.377,82.243,11405.3,78.8691018123991,89.82177264947794,17.418,2580750,315750,NA,3.475,4.285,-0.2606048958644096,-0.518754057714603,-0.09742195987548441,0.1628395333050342,0.0954853352906327,0.14154705692113043,1.46106754001356,-0.09653270892917255,-0.42080869089939305,-0.19585219321429612,0.4026706877538612,0.06152380742623904,-0.0018012698316222885,-0.7084678592886734,0.11662609423292761,0.4559415685126931,0.17820415324317535,-0.7554507233185913,0.1377246166509073,-1.004680876522355,0.031220686735412652,0.2775007622830953,0.11550311833240276,0.9445583326107498,0.33332401943152967,0.7109242297423981,0.21848096849793194,-0.5936923993533759,-0.061474925771808006,0.7162843357304138,0.5321319180580788,0.2849590759792976,0.001558418056433659,0.25787111904498294,1.8504904689140675,0.8475520533295188,1.468606635830162,0.9738292158918183,0.8789178286892755,1.1507647367965306,0.5818431945463547,-0.18913304789739424,-0.3731551521657985,0.3258373634216833,-0.16490354220067485,0.13359099977349448,0.5197058632635688,0.8579447264284864,0.32713230629190043,-1.4295034503955901,0.8445226990331868,1.0739252095581304,0.9598561716119091,0.27110280158439226,0.22597066993382814,0.04659130472458614,0.5841550137306598,-0.028552475253529767,0.19647817052752933,-0.10210113776313984,0.5369527203463369,0.057605796895744146,0.6143240853451248,0.14723796423160676,0.9787710253183375,0.3105393567958312,0.752617346117184,0.8528865796007679,0.1799637377846695,0.24584252491679592,-0.21343237863783449,0.05299520756743287,0.7200650933601054,0.16534102417097515,0.47485086866532455,0.1252697978798924,0.9563421132698826,-0.6229146343530788,-0.0019008123008944875,0.7671508996497932,0.14403774715947998,0.7714962547342422,0.3442347934925612,0.07361620237392111,-0.04790573851797358,0.9104085165690772,0.8126408456315112,0.06240006244637202,-0.040904855642841076,-0.25925984598144236,-1.9888825476333298,0.11440425451559907,-0.25763911858442945,0.1147902712937367,-0.19088693146519892,1.290205646821125,0.2576831861752086,0.1941772763940189,0.3251056457485347,1.296986844709499,-0.08570621632518863,1.0688186666239414,-1.227922949981541,-0.20828253295013316,-0.23816960647060845,0.9205544974862849,0.011402791223973783,0.21390779058698026,-0.020110087876788467,0.502212001032084,0.49510437308220373,-0.09635008981173412,0.6830075995659594,-0.44016886797788335,0.20583381833202855,-0.8004268466116743,-0.13512069079180286,-0.4500781447091829,-0.16625855151441304,0.2213810567701606,0.22412630599636849,0.8197485796969103,-0.05223799772689024,0.5183241776598599,-1.3540733736513506,-0.5032822837688937,3.2898684469804804,0.7411579999362269,0.022855644406426796,0.7643754618295815,0.7943898915029287,0.10090016204358913,0.3601338452324868,0.3481687987718369,0.04677170162158155,0.37212826249486536,0.10313431889433222,-0.22623533945024737,0.3174821671300557,0.34930519392100823,1.2773471425819998,0.4598177694345694,-0.9960833759270742,0.3801239044424592,0.01381109359340245,-0.41955599030141544,0.8839246129275609,0.6348318864226875,-0.5893860161038595,0.5156767361730455,-0.38348481868272455,-0.5448171404519422,0.4734387579489902,0.15599807468894408,-0.040105422582534425,-0.8764437554024642,0.6528416246603371,0.14086523977636234
2005-09-01,134552,142401,4352,5,NA,2.6,16.9,3.4,7.1,-1.7,95.3005,245271.2451305728,431366.3252055981,1529817.9327242307,245838.7438080123,734552.4936276631,NA,7152.7,99.3,169316,10701.197518395615,1244,2151,1380798.8265281585,2263,128633.43432886068,205266.19535420573,114.4,107.5,198.8,201.3,83.172,82.425,11365.2,78.83662771124898,77.40475876058905,16.927,2716500,382750,NA,3.614,4.188,0.3287799103128815,-0.6337313727661493,-0.4810230100385335,-0.004403094042686406,-0.2663756491610693,-0.8057352203508176,0.3184877480384498,-1.0197521019404145,-0.009657115634441908,0.5793816462488448,0.0575793691844552,-0.5561016241269201,-0.23462114878810908,-0.8907687181469783,-0.10096874048565813,-0.23581399643362877,-0.133855372214452,-1.0927261255879241,0.28903009496817966,-1.7108333427667288,-0.31386432553585997,0.31500500409193116,-0.4798407127444626,0.02576536578788171,-0.045213611032125484,0.7209659079753271,-0.34207954497459797,0.975762922765743,-1.0215902314913397,-1.0594184385300411,0.09791352806223001,0.19956439188239863,-0.38789783561129687,0.19189621652437286,0.8339109772476978,1.5923958454803073,2.2513177543014695,1.4278104052378875,-0.2927027704729254,1.2274134830209835,0.6774582859516903,-0.42592091586551445,-0.33661907159675014,-0.3740105264648817,-0.339111534934502,-0.561274257443428,-0.16270812506903395,0.24492962981677258,-0.2538765472760394,-1.2102140994903292,0.2298654832598214,0.36565443532346914,0.6800895027578328,0.32351162639990066,-0.20690001953279744,-0.47628401020907235,-0.03174251062197191,-0.06746517933497485,-0.7095045663280465,-0.15132663297886526,-0.10573950471789897,0.06022259638232392,0.18386469094615865,-0.14140688840842053,0.39183583022121826,-0.11571093329366072,0.6637653810180293,0.6432431182064688,-0.7945256795590113,0.2699385485761702,-0.23449195851198,-0.13640712749509978,0.30941008841603374,0.4666601761214853,0.22461930523625878,0.18548821568092316,1.4918579763278346,-0.47610263706313755,0.22787768780049308,0.039245158110770034,0.4920232497246452,0.9484379918040814,0.6813727829921438,-1.0800520725836513,-0.46615235390929166,0.5468033413084753,0.4290353695915956,-0.06947001430348052,-0.03394183312182157,-0.8071861269213294,-1.072741237559433,-0.08371629621210479,-0.1208740788653862,-0.29890211151222595,0.5455937637398738,0.06982048908790425,0.0515233730555451,1.9787340053668698,1.9370067135074536,2.5919361022861134,-0.29179861338349233,1.0548174341510432,-1.2333659035396103,-0.5952366591539423,-0.4136018014404815,0.3051321334593322,-0.13829708643372665,0.033995849672914594,-0.007556930088742195,-1.0822207983458825,-0.5938479160108506,-0.2570212201276452,0.07364025791998524,-0.4544648106459688,0.6638020618857418,-0.9755785421274402,-1.2497061435922299,-0.42095599549071544,-0.21309415952336164,-0.6421750700635593,-0.06866231910462316,1.3879788511482034,0.1023582334257601,-0.2687517361167327,-0.8618527175527851,-1.479270975891411,4.948469885716904,0.014667384649931142,-0.6496112556587873,0.04135650629659958,-0.1375955633967072,1.1477579763271293,0.6934556212852198,0.49641962635594367,-0.914810795587315,-0.06383103349990289,0.12000010849685942,0.23963240348920886,-0.027880593965224017,0.2961054160685966,0.955065546466564,0.05006385935129967,-0.6944380701428151,0.5876898193054931,-0.7160592040889029,-0.5360282342561646,0.5758103500108643,0.19026222806838408,-0.4467103917014617,-0.08066227297918183,-0.3654800371764165,-0.9781555190384603,0.4260097069316307,-0.08699366279072748,-0.0881959171473075,-0.00667451355846408,0.7114209358602174,-0.18367402551959416
2005-10-01,134641,142548,4184,5,NA,2.3,12,-2.1,4.8,-0.5,96.4572,251966.86873537,434326.8711361863,1534305.193972427,249009.06308144768,743576.0158453874,NA,7187.7,100.1,169138,10729.848148370445,1336,2065,1393470.9801332452,2170,131660.7646599844,211007.74263249504,114.5,108.3,199.1,202,83.305,82.662,11428.7,74.86945561490906,75.62168584392238,15.336,2803400,352200,NA,3.7625,4.4575,0.3342805284912302,-0.6600944227313751,-0.6277463496175953,0.003834477654353856,-0.9137414718857104,-0.28357146791945737,0.47128012081847,-0.6647598281174237,0.17357308902081756,0.4887838805237903,0.06943331525144121,-0.1293413277607464,-0.08809659895739631,-0.694204212417266,-0.1343512264639517,-0.7973079415690464,-0.11646499860545492,-1.1946545147160932,0.388682940863386,-1.2576993011624034,-0.03482775483023744,0.07960172697245563,-0.18892499785518269,0.09196233028635216,-0.043957238754110256,0.4893089230267116,-0.05444825068041213,0.08247110978380974,-1.4839408384358894,-0.5686049181054589,0.20810039360492102,0.16520482613421955,-0.24689286384609316,0.20155490501446846,-0.9490676891262546,0.4442487427643219,1.8942833007717939,1.447965835079683,0.6237267873215687,0.8879356823515978,0.7183418494970409,-0.47635889884317734,-0.15267560847457629,-0.12793718753862565,-0.5023285988977707,0.2943701048820839,0.30130325060053764,0.5624921197548701,0.29201362512134915,-0.7149810616119101,1.06558280774889,-0.17008063636277437,1.143230863360442,0.10175148748596183,-0.3857881065365565,-0.2486931080080809,0.4704323786800494,0.19721534495777543,-0.15473430199126054,0.2655017742150968,0.24102193000747282,0.20102618481305426,0.23891891241142743,0.6042388417732936,0.6181765965127634,0.5963646550011589,0.27648910592964115,0.49971853538130906,-0.6958017053008239,0.961342004506575,0.13105633199221967,0.2781084606319211,-0.3183374554324842,0.5790669121894281,0.46239103813210425,0.26480595810464014,2.1835016061560566,-0.2558053845458047,0.12424751760607432,0.2230464573658873,-0.08486125222066791,0.6055969237826341,1.001053197061624,-0.5047205562029249,-0.3110939003778768,0.6095338112065851,-0.14702804235383465,-0.10253934219645539,0.4128409946056665,-0.3814407319388065,1.1729856969179044,0.2885370868309103,-0.14141056952191733,-0.3284144637009912,0.06338859697617445,1.0470360178304208,0.4233098041151155,1.0714750599817116,0.99824114179279555,1.8627217185786746,-0.8976854566469123,0.5262537892324022,-0.8472014398082902,-0.5420569085463989,0.13329787996034212,0.86914812299885,0.1607060456378938,0.6056909369461724,-0.05082133476222194,-4.3805301841719885e-4,-0.54630697146539,0.5030516674150453,0.28821868967237796,-0.583536490483047,0.48794859117009065,-0.8314962877839709,-0.6727861845839731,-0.7812359506215879,-0.19278284202310905,0.09539347684010385,-0.12535339905445061,-0.10834817280643512,-0.45176606303032296,-0.5231701735714788,-0.4390232295276683,-1.6191536902517876,2.0554109308499755,-0.08777399901973991,-0.9040958355322372,-0.9969727294548261,-0.03278247062964762,0.7628181226502987,0.5746420324469704,0.5041913335187296,-0.8482380459620508,0.23899317830861655,0.40270275834213726,0.8689774408657088,0.2699236622975059,0.43903491953964235,0.7097493929818384,0.3204748176385513,0.3776000880374518,0.2932391999639758,-0.5245308653472815,-0.3183534656243579,0.542326531434024,0.47697653365455017,2.2675862738012675,0.770706459921753,-0.35705123939376276,-0.7480613648933537,0.6592237544734201,0.12659750156877947,0.27799210609309666,-0.5342587794141243,0.8344848445374903,0.18137734938803105
2005-11-01,134997,142499,4248,5,NA,2.3,18,-5.8,10.3,6.9,97.5414,265524.2929833636,437213.55451035115,1551975.025568557,250214.72134342184,768019.1504974078,NA,7208.7,100.1,171489,10761.569089749913,1214,2147,1409931.3132285187,2218,133939.2043882547,209343.08501040528,112.3,107.6,198.1,202.5,83.131,82.873,11500.1,70.13027631088282,82.95267542725571,16.524,2701250,317250,NA,3.99,4.545,-0.01706223287913333,-0.3489472231464969,0.1908821064313324,0.05217675503881333,-0.5773485478883894,1.405424858673609,0.10828743624604412,-0.46256530081296804,0.988560959898764,0.09938613584609472,-0.0887631211146128,-0.3789867384524199,-0.2838715989108478,-0.6274178502056676,-0.28896659324087753,-1.030162379249445,0.6771211680123361,-0.8017406284221719,0.4266506635320071,-1.2203224446758159,0.0033083037088383355,-0.0649348588810661,0.10675633426160022,0.5655192217404615,0.4974937847239342,0.4593109192351557,0.019172441550642835,-0.3316921319082338,-1.4191216726685871,-1.0551437251885316,0.21790235581751555,0.5573572224213592,0.42758401591086276,0.23504148225723262,-1.0271196652632333,0.13413096004155856,1.3277243160174397,1.2394355545442972,0.866381194550839,0.8286211639830973,0.42252562716078507,-0.6941157368837738,-0.09472708487032121,-0.17482367068348834,-0.5744921827581106,0.4334320945480218,0.5311093353376891,0.7043073890372697,0.19094118321964892,0.05029149327672229,0.8355934497603339,-0.01781533258220364,1.4775926421181609,0.21970340514149356,-0.09901931518449486,-0.29617046768808586,0.8321763900817997,-0.08777359441298843,-0.38920422091213214,-0.19235771987834693,1.1839212992747465,-0.12296241041581718,0.14631174071991862,0.04550938667950527,0.6568987952333192,-0.3004683982428221,-0.08436347386030624,0.6280491881573527,-0.2846472038683337,1.1350307520734855,0.1455997820663992,0.8539256410163324,-0.030305877388712446,0.9202728594757821,0.6550131733026564,0.2581523045697056,0.23034214970861863,-0.10848604511821533,0.15546548699863136,-0.23690447822432328,-0.48294195904293374,-0.1256205049335684,0.9054354126859736,-0.7555379646534214,-0.5606310274073271,0.648322546476998,-0.13064355581871998,-0.5737206977574442,1.10248843123345,-0.5686886166288355,1.1705201067866493,0.316970546195979,-0.32176777614834523,-0.22371888474897997,0.5073786671461498,1.4247527280833627,0.49326403100335797,-0.2151246868370722,0.8716489902282337,0.7308397683162466,-0.9871051053167273,-0.6020610774347652,-0.06925686832227022,-0.5170944926605878,0.7600000164510656,0.9672977801594289,0.9084141187427388,0.648936246600509,-0.05800423482597001,0.07572433691476681,-0.06928287158961154,0.9690806214287164,0.261321761721366,-0.6212341733933965,0.06357160870616345,-0.6831022360834187,-0.48081561350237123,-1.287939046666982,0.07388546427824766,-0.3412940124182234,0.008859297313489261,-0.06955451879299017,-0.42443950053836743,-0.15681449372507203,-1.078514862634497,-2.2700978246996435,0.577292787995458,-0.35590199585931104,-0.8312593803985968,-0.21714347878608808,0.167985322272349,0.4323326015283364,0.5133135416278778,0.8218373495765761,-1.484247563751666,0.6009835908646451,0.8905519746660481,1.3980016163139513,-0.2893014838378547,1.4055604292458939,0.4044589908747552,0.6134939692753568,0.6066842248429158,0.40816608338598115,-0.032379074181417104,0.22611101146175705,0.5094332178915226,1.0093404033820965,-0.4944403456605089,0.846747991735304,-0.3528342394572359,-0.43247007383121916,0.7341757503001208,0.2181429884695513,0.4884219106611881,0.12456098555546279,1.14188671773962,1.0449936168943073
2005-12-01,135159,142752,4282,4.9,NA,2.3,22.9,4.4,12.9,0.4,98.0452,266445.7302330057,442452.2741215672,1569246.9176047738,257601.85730954757,785596.2276407116,NA,7233.4,100.1,171577,10803.551021881129,1239,1994,1425072.4759716592,2120,136766.0680131359,212997.55807099637,112.3,107.7,198.1,202.8,83.131,82.959,11535.2,71.48957669220867,91.7868768161446,17.174,2639400,316400,NA,4.140000000000001,4.462,-0.08658693110546489,-0.776057413791906,-0.13828808746194474,0.01637031303351313,0.2611746897485332,0.4507606150498442,-0.6191035620891682,-0.2010478062795615,1.3881171355171185,0.2810002173391452,-0.06183965349655939,-0.2101870289618247,-0.1221509020669011,-0.46500664642519596,-0.2677317595048727,-0.19373868517199305,3.190751956780833,-0.6672494627560358,0.948197061672115,-1.198529923663466,-0.23269996730076328,-0.27410218611153325,0.8507571776874265,-0.010757200608541509,0.3809448985227086,-0.06778441817736432,0.05984434943753919,-0.504045378172189,-1.0047164587744783,0.34948194166940233,0.31243398754213364,1.070406453405095,0.1533465095917652,1.0097196792007737,-0.8044945603843447,0.02430894691274506,0.388225771608455,0.938037877626911,0.8087352626867276,0.35891698787223686,-0.06440382693097949,-0.9288951569360178,-0.035212152831778934,-0.48841140179396203,0.010142463298720936,0.5074141638601495,0.187213150274682,1.771412598024168,0.03227534216257545,3.1034903050114,0.5215523841446967,-1.2062720833298717,1.5651455843512445,0.06393755594448054,-0.10518493521135695,-0.44561356488404164,0.7699137953209411,1.0665937202294367,-0.6262386383167879,-0.024560439304143263,1.2844383530028987,-0.15517549979255252,0.4952815099148746,-0.16676798998333595,0.7329690802430232,0.14983211354891343,0.24160830927392682,0.554607217007475,0.3903329726782792,0.7312756144148771,-0.06367366799754987,1.2495592356202239,0.842023652468943,0.9389249826293887,0.9547894759468546,0.212162203514069,-0.07426640689886209,0.40399769326893264,0.20565826898230632,-0.7875521094194181,-0.2339656158638337,0.5553532657625226,0.5356250006616283,-0.602626677071393,-0.41928941471210013,1.2907165824901812,-0.08215042319353304,-0.2874751159133262,0.7013205843006615,-0.8063799687778695,1.534098812430846,-0.12873076743877343,-0.053078603504232734,-0.1791898035356007,0.6000264003235655,1.0010913968463875,0.3972069913651732,-0.5286768569819221,-0.4144598014102873,1.0311945601835895,-0.5615871386918609,0.0594620380658204,0.25126647978547223,-0.020843451178542534,0.3904272657385115,0.5445012612203687,0.6587731948004407,0.04955587391443679,-0.11523654704825616,-0.2689285975191029,0.04462192048896724,1.3320267928654725,0.610558527992862,-0.5002831808015972,0.19632276468290186,-0.585778209326419,-0.3654714028555781,-1.0863921232619433,0.10997520132361097,0.20109878632636757,-0.21446717461727705,1.3833252734496346,-0.29926785349642776,-0.29600187834090386,-1.0957421886055452,-1.3195472694812267,-0.6733293291967767,0.7726708104569571,-0.4520148437801995,0.20277337407009086,-0.2769404079628168,0.28580997785350887,0.2567368807779532,1.3937767045337102,-0.47757035325527325,1.4252519445088123,1.7160700938412254,1.6349184879333853,-0.27610316921562494,1.2652985458066004,0.9460104815886707,0.7671354402570848,-0.39299025910297153,0.36713240886832327,-0.11389430864824313,0.4323293605609844,1.119427587041955,0.5353992449204351,-0.31829559424719567,0.48033750504934214,-0.3169823964017648,0.5666211792290765,0.6572353162693712,1.3146453250064423,6.231350198259005,0.4966006382619023,1.1632033015421597,1.2021800945089096
2006-01-01,135427,143150,4397,4.7,NA,4.8,17.6,1.4,5.4,8,98.1999,250843.96772571644,442357.60289223545,1566933.1977134414,251679.55563004283,786642.5647041922,NA,7334.4,100.7,175446,10859.769674623505,1174,2273,1431323.7723561663,2212,138531.6158689875,217374.9610936864,113.7,108.5,199.3,203.2,83.534,83.145,11651.8,78.42315703785286,89.38887334392238,18.081,2557000,295750,NA,4.255,4.4,0.09838961511573369,0.7970366069458426,-0.6223235104039964,-0.05544092303383684,1.3301759534576425,1.1553239656390641,0.9567280614075051,0.6422091720631967,0.4552707191548787,-0.14260159740349784,7.670963154441206e-4,-0.005019230070225266,0.030760120897698327,0.2147379610936395,0.6087694926231748,-0.1558054558088291,0.6792743606379137,-0.45973031860283176,2.8713585510954927,-0.5370799037536036,-0.19492241095699572,0.25035427455218473,1.120766067798273,0.3803533428421059,0.5886244942153376,0.21957519821906085,0.7098729398050975,-0.026427183787905165,-0.05963453073073896,0.2982092076666452,0.39038743640466667,1.109958913694327,-0.3587531613804866,0.07524064354764903,0.01537383108756669,0.13417655631590367,0.46588305028727767,0.70013860310126,0.40625859367786216,1.1644101252359258,0.5565914277233445,0.3282552401422042,0.35614245178811677,-0.12551541118115167,-1.1174601688080055,1.8442652657660423,0.9240827261505148,0.9157135246345163,0.12026881034030104,-0.46221540376755205,1.1292093091441826,1.1630298836721389,0.9758999036365902,-0.1954838713022694,0.10214050913605571,0.3113023364341731,0.8144372585610269,-0.174680263495022,1.0057274712111355,0.45682564533721554,1.9447638862929943,0.2950441058507788,0.1655340232664434,0.8779824166765967,0.4435949652934739,1.168645633459085,0.6248156711296172,0.9063777102449232,-0.10424880114732704,2.0027668874284648,-0.5314347632000417,1.3977635257144696,1.0382215169873967,0.4702823372975225,0.5971140986143879,0.06722077585713641,-0.013702226527071778,-0.4494713797946586,0.5891651299071116,-0.44559297804237447,0.6879626375130189,0.4494634425731363,0.0010085467220619757,-0.6136596137377676,-0.31779956711205953,0.5828357477900735,-0.022524029956404158,0.5131650020221022,0.7438849301600143,-0.13621969318711277,2.842971619811565,-0.41155284688929694,-0.0663230969365417,-0.07609788512484351,1.2315175817850703,0.8518821484626224,0.6001893824094108,0.4180976860397742,-0.8305084729248513,1.0550367929028015,0.3836461418006236,0.4010263862971912,0.15037924273326939,-0.5344652445788965,-0.07577610045636744,0.9333670525875983,0.6771126396282477,0.5329807825286997,-0.04035509858655545,0.27725919860293785,0.42644681551655067,0.362881063118087,-0.28844219238983576,-1.2619460132865687,-0.06714706484787628,-0.24651576799762187,-0.33803443285545054,-0.04483116090264813,-0.0023509194375637785,0.4606408473256086,-0.12420437551603122,3.23117319756738,0.2703711716367793,0.5625664850810728,0.6906354566409344,-1.0227953186095324,-0.4878476429442154,0.2478963639443422,0.34164171891983763,0.3089975394187374,0.3927739056657403,0.8719355426791207,-0.016873066638855527,0.5174376267479094,-0.08485504249088148,0.6512368298775929,0.912376770560759,1.4661582686512251,-0.01956417710547882,0.6561268552048247,0.8688680867579577,0.49254410700165546,0.015077941111396913,0.44219698026729687,-0.31558615470333223,-0.01852559262057693,0.3644356542641157,0.7868427207808248,-0.3365614646248768,0.6461488493654368,0.520659263627541,-0.2332061108038871,0.5499814858679413,-0.3498277013040623,2.0383166066118497,0.3520954499843133,0.6979256940951896,0.8184694107548901
2006-02-01,135733,143457,4325,4.8,NA,4.8,20.9,2.8,15.3,7.2,98.2413,262894.8124042879,446274.40658499236,1569458.0679406067,255095.47281776418,802148.7366003062,NA,7390.2,100.7,174033,10882.465543644716,1061,2119,1442427.976646248,2141,139681.03943338437,212924.72243491575,112.8,108.6,199.4,203.6,83.584,83.279,11702.8,73.73420750382849,85.99050233328408,17.071,2507250,290750,NA,4.4825,4.5649999999999995,0.206366785170224,0.36917957504387733,-1.261861335279678,0.330484466730434,1.2077407834866059,0.6676945239787595,1.2644621292437086,0.7166530776337866,0.02408784277094576,0.027173796445440185,-0.05377495186848335,-0.8638234285515165,0.02265215749833623,0.005396788295609709,0.4095099994454325,-0.33225166307111,0.4004727184466331,0.16290080779590366,0.7581266009362008,-0.4550467735666396,0.07754023994420949,0.01543113791083289,1.3026168013538164,0.2593095827743475,0.25816454154652574,0.1436882715054313,0.8684603522623023,0.015759385163032366,0.5185938440805686,0.49982625924963314,0.30743640248471715,0.796669180357684,-0.7280292496091163,-0.05853640879717474,-0.5137276661507223,0.17350378749222894,0.8483132536092629,0.14010512408081824,0.5918875811197739,0.7270265831567936,0.49980656496843645,-0.3408905347560011,-0.00710948060504269,-0.3084019843207325,-1.4750272110261962,1.3309887066688915,1.4100146983490796,1.0728309420809772,0.10981104305515889,-1.0290990487404674,0.6681738242971889,1.2610925888246858,0.3295350297179712,0.12784939195804657,0.09258984682312833,0.03754724887128301,0.5758222593676979,-0.26934916341692544,0.4916020335335005,0.4736735421209424,1.0278941272169486,0.7174131852371258,0.2682112505194309,0.21278780514218093,-6.208093558205119e-4,0.6712509744002925,0.46921894139217585,0.6032514229265873,-0.6763826383657748,1.6266155078150586,-0.52816475542235,1.4422591094877624,0.8359066019925226,0.32056837567100316,0.5750820750526109,0.1029507067776725,-0.7481080159911581,-0.6849517673370021,0.6508774744281745,-0.5192618278303741,-0.04107721560389166,-0.8141648001014385,-0.0135257081916552,-1.0288897627925313,-0.6960027621542892,0.6126159033676454,0.030001093592350734,0.33622423230437726,0.7350725597128035,0.03459194902306772,2.7188186255663096,-0.46980741484311017,-0.7414060511157978,-0.33179340605940766,1.5224984872376182,0.7058713298413011,0.9880425607067341,1.624258486114039,-1.4150802776704678,1.3501354647111254,0.18452311936377797,2.3580151640549243,0.5184721490840302,-0.9756127725412066,-0.10064946442398667,1.1774313770793774,0.6853108772440368,0.1875710397970808,-0.0029039787453824847,0.6451903142289686,0.6215240014635306,-0.4229367970976518,0.13752086108070394,-1.3989977533454765,-0.1802596445338823,-0.5834862848959006,-0.16275263518941838,-0.4551021086993331,-0.2653708403627146,0.30280502326103914,-0.053924458853116065,1.4525070689376818,-0.13824595143553126,-0.29102880191301017,0.5622155272994611,-1.0229265981637643,-0.8472996885261929,0.18827419548640614,0.3831845079810602,-0.2386348886591426,0.25062280036226814,0.49741687048142197,0.006924020759194075,-0.03409137089031898,-1.3154927694066947,0.6334067572187282,0.8348366553848269,1.9010525876235487,0.766634516529575,0.15468944707040239,0.6728287180089698,0.1999229101019374,0.9066304591499857,0.4504158539090628,-0.5853800976128911,0.8160571923284391,0.2219196264492526,0.9179459022441357,-0.6157617644177237,0.5801773262736766,0.7929816105153519,-0.005999711015860488,0.640908712952131,-0.21668225297952048,-0.40175840799408113,0.3843429742824571,0.4031515368536508,0.7872818930488824
2006-03-01,136038,143741,4732,4.7,NA,4.8,33.2,9.4,14.7,5.5,98.4628,271282.2104936355,447450.62450743915,1583956.6580745508,256217.61039333223,823509.1825281208,20.04,7414.6,100.7,174440,10905.47608243976,1116,1969,1439076.4932056458,2118,141795.42903541663,214899.81611062022,112.7,108.8,199.7,204.3,83.746,83.509,11747.5,75.10806486279942,88.48846332619189,16.96,2455500,301750,NA,4.577999999999999,4.71,-0.07533840331210728,0.11933295517877861,-1.0771608593038429,0.7531154511647694,0.4454953232664855,0.5518448242864912,1.237866900081697,0.3435750808849726,-0.25204647719874956,0.12453097773174339,-0.0695936799697301,0.8856398582995878,-0.508711332044489,-0.45789231134074887,-0.2003211377722964,-0.576044558819485,0.37454706836326906,-0.4008420378879969,0.34811993942074876,-0.979359601708055,0.18841455436556567,-0.6234831487961512,1.3813131809016177,0.3152699535763554,0.022153103635337328,-0.39772659359060625,0.5694795841186895,-0.5584627369102901,0.9039415908160134,-0.10768327267075001,0.1468554630122438,0.7521606683739157,-0.7779189492227886,-0.02933096414796307,-0.6762373120558448,-0.1348174441426978,0.004610957744262802,-0.14856188377094207,0.7119096309969701,0.31643167685608803,0.36037635126534306,-0.1326768070298123,-0.3454793548974995,-0.39126364514738554,-1.2742548249884458,0.5983480919699226,0.2882359617909724,0.5897873776134612,0.006018664600438112,-0.9801565193829752,0.38574212959983467,0.40511746191700854,0.3298136565114085,-0.4189157469350805,-0.3938654545038221,-0.48515500790415,0.4624508937600492,-0.6423152431600757,0.34678979503051993,0.670105778979201,0.5337829037176197,0.24942987873143543,-0.149024422082594,0.04619487878190611,-0.019752343337686794,0.29872944972747956,-0.10707211891321468,0.6077278227900439,-0.4512396122639698,0.48381120774815417,-0.758473426322683,1.314558814589579,0.2630365591075425,0.3506074557167057,0.284405330926949,-0.198929026275311,-1.0855777652286636,-0.7301475394024002,0.008715372542425548,-0.6607529830638355,-0.06936495489843512,-1.4270719202999562,-0.10717083144052178,-1.1941598670447677,-0.6452823488630527,0.14025164816055452,-0.09875344452578302,-0.5092450608922324,0.5351150560245879,0.20727738708163826,1.5285516322840649,-0.5099882752624706,-1.3974411201979084,-0.14017423581973723,1.3482681039880806,0.24644770021455925,0.21973644056415698,0.7280240770636581,-1.3939654490753517,0.45403112833464593,0.45355291433241296,2.1910828022344377,0.6806305530405018,-1.0988306002101118,-0.2983488689893366,0.3728125669156128,0.011378172453726994,-0.36314484060226215,0.011705118353513651,0.02121679043568417,-0.01872358996482316,-0.6285317728563857,-0.04579587837203095,-1.206629417427612,-0.06289310868502844,-0.6326789939627591,-0.630373393346391,-0.5032264960598865,-0.4739857000709745,0.030801693472108996,-0.2855628539737848,-0.7923061004497001,-0.5714026529093366,-0.40662812238086765,0.26323500238742187,-0.9297617235677029,-1.8693813502368903,0.11173643612768637,0.28472872067995103,-0.3485947588059976,-0.1785579706919454,0.045354502298963796,0.07550801768524813,-0.2690464159393852,-1.3568047588558267,0.3004337404457902,1.0857308682508289,0.8322482876892047,0.2457110503212981,-0.47732091204598814,0.6105833513579574,0.027838529890113622,0.8518009050270534,0.30369935077741933,-0.8328317257176951,0.4813271109235195,0.280188548889031,0.39264147930262755,-0.47289710229378606,0.6135704441947785,0.9089117621903805,0.04178116285511237,1.127063132921636,0.045654135526061186,0.04493686989910227,0.304784345828058,0.5222625041031493,0.10389883121635514
2006-04-01,136210,143761,4790,4.7,NA,1.1,18.5,1.6,14.2,-4,98.7618,255095.9767041065,450748.2022939324,1589552.171074748,248201.10536637544,832328.995067451,20.17,7439.8,101.5,174426,10924.823200808223,1123,1821,1418311.0477209245,1998,142000.35656979855,215055.56546027213,115.1,109.6,200.7,204.8,84.135,83.764,11744.4,82.83116420039221,87.15814417725572,17.127,2401000,303600,NA,4.785,4.99,-0.10709696607780432,0.23831931580919155,-1.0163090512176287,1.5424036547332207,1.5521158780334554,0.0423228946714336,0.9408095474542576,0.2671238587415667,-0.023729525759701463,-0.20287003828556693,-0.13095955539825668,0.5573070190676811,0.14927952280090223,-0.4865798754113085,0.487699595291477,-0.5533638016735358,0.08511576697657068,-0.11889227969396243,0.39428023822031383,-1.0600412879843961,0.18974077870203784,-0.5015525784793233,1.6479869653172108,0.5097433337351103,0.12420321939170997,-0.29183721293765463,0.17164128835006148,-0.832972705536207,0.7951260827103078,0.47601410202494016,0.30816305069594485,0.10180628606452886,-0.7026517340658021,-0.10188111429262167,0.39102638011685265,0.45808871318051214,1.0304728489445856,0.19293233606824076,1.0730215442679776,0.6625353046583424,0.820932999740209,-0.5161849318527768,-0.5223611315028549,-0.49530410730120955,-0.8238603096741277,0.18742689920461392,-0.17525962249572835,0.8996523522391109,0.1765633112645035,-0.3194851101901439,0.33322665285169173,0.3969706474429594,0.2885657037653528,0.2942744346206758,0.17320250008466992,-0.4039930832400416,1.0422481108446628,-0.31731407572141807,0.2605813655302963,0.5416655803453038,0.7470511995329293,0.8241081035687003,-0.1949469919428294,-0.24408118995566744,0.1306676870274109,0.11737887217790159,-0.48019759761587444,0.5714556466788142,-0.8510614234796358,0.4663820328041981,-0.35866142566962456,1.9818167946981415,0.3546024452246812,0.22140914731351702,0.31922029899950355,-0.1802215940749125,-1.3927834216042132,-0.7023592260190433,-0.18881734636140993,-0.13414664995533757,0.5292121834554967,-0.4837179244700907,0.3449942997566012,-1.1745688413006885,-0.3789307343621922,-0.21655353466997862,-0.20336507372812343,-0.4804415376994641,0.03769864103525423,-0.09803371774216858,1.4323663610067108,-0.757690462352636,-0.518229616736203,-0.1834647209524417,1.0035053566770642,0.10377063376926647,0.561828205312763,2.054097688639417,-0.8895339284738786,1.118154349543449,0.4934027759526065,0.6670963399134123,0.3362400461888998,-0.3374400530457544,-0.42137926516221896,0.26440087193064815,-0.6653463240896341,-0.2907908759819511,-0.003017096605554389,-0.16175642643504906,0.4300774904501129,-0.18428358615217566,0.35840420043405785,-1.0553003195659214,0.43687350872755637,-0.7755212977126559,-0.6627502679426128,-0.4820582780274937,-0.5670862395032052,-0.35715816624501523,-0.5099221527851544,-1.1044247076605185,-0.053376096665583093,-0.27062885325292774,-0.5265278999984178,-0.6664208816620303,-0.9113655203510455,0.8411326693107265,0.4173613696764141,-0.0894523774086206,0.46708492590986883,-0.8756436177162913,-0.6671922472670977,-0.36097398851208656,-1.6661744835545729,0.10515092249012423,0.6517281106513112,0.6750472747856946,-0.1028227242404062,-0.3065968890484476,0.3696914017164612,0.139908205099645,0.4924909074532404,0.17100557180130868,-0.5829077047397188,0.7279705908137611,0.22158770252302054,0.8651679475672419,-0.4058943934089655,1.3122637986789674,0.7953176366344062,0.4757408065973607,0.07365118873743412,-0.12340882549257635,-0.15449410549453688,0.8710315443776484,0.8931859097053978,0.29988784624888143
2006-05-01,136249,144089,4463,4.6,NA,1.1,18.7,7.3,13.7,9.1,98.7869,255827.92996763907,453028.05798888113,1605734.0955487257,255119.07160891878,838247.5314422542,20.13,7411.1,101.5,173318,10943.208354571423,1086,1942,1399439.3143751258,1905,143472.6947286068,218926.9923305793,117.2,110.4,201.3,205.4,84.361,83.974,11736.8,84.09098991240027,78.96727538292947,16.729,2383750,332750,NA,4.925,5.109999999999999,-0.08179167875037216,-0.10112603136338796,-1.1343892077996913,1.1413293539776146,1.8181211237376094,0.603464373326686,1.1113720743488147,-0.11019404966787376,0.11970272993772711,-0.16249696276974357,-0.0356933299556429,1.4282423269027156,0.270201141930725,-0.33010655933381994,0.8856339363163297,-0.29708205785117375,0.19262798167384562,-0.21449666410006962,0.18557630792849902,-0.7437494516237035,0.006688213893069274,-0.39964126527763794,1.7669626395247193,0.7163055782060841,-0.6475830355174146,-0.17856813371793712,0.0935178528425809,-0.11744759808540035,0.7852121191929897,0.48776961580586775,0.1749256818201244,0.1270197007608542,-0.6415662287919324,0.060842298248373804,0.77347098860604,0.40324800368831004,1.5857673661750331,-0.06586525838283683,1.3243321568280064,0.38346186275669114,1.2181473029359335,-0.3659016401407729,-0.5673044325960095,-0.4067476640004589,-0.766048461125535,0.2325776142362415,0.6185872342518451,0.5915434567223612,0.573237414548088,-0.21227510452184475,0.4454900973750074,0.8893025698596055,-0.31819360197288565,0.14447555588914446,-0.09624513069950139,-0.14267675307121774,0.5180565870206295,-0.2578039046899352,0.11431724491019406,0.4871057392785715,1.5434023167610105,0.792397491410593,-0.006832109506398274,0.01200804951374281,-0.13869074907212786,0.6501241552871665,-0.6764382285032708,0.5540193652726302,-0.4760292786655614,0.779590385230089,-0.5209356228020185,1.4927926051259857,0.5294335396426048,0.37234028828852034,0.3079887611150293,0.11676659497632429,-1.19985448899518,-0.6228507273410193,-0.4872153036871141,0.03593394197659782,0.7753104330182021,0.013200737049121093,0.9140675259727308,-0.9828323610421412,-0.40639880720812727,0.07735735947035845,0.1628982279144035,0.013200679798919205,0.2313530653004497,-0.1748653228174133,2.3250382721475393,-0.06531570811189452,0.14360185573465248,-0.015943765696385576,1.0109343992971132,0.34873882795269084,0.33813523386015165,4.791912785604388,-0.8637897107703539,1.2395092325882313,0.1957018570090407,0.6010506361655397,1.0906565023318586,0.2158566419767297,-0.3823013484095558,-0.3461315079127335,-0.7173815372359701,0.10754663044217344,-0.006156407001254287,-0.28886824692545393,0.8823556071197275,-0.045731973879965866,0.38967364426252254,-0.8944164655064611,0.40090866515161544,-0.7430242223819999,-0.5255531475111728,0.07344362812527323,-0.5007953956118304,0.21893690826942622,-0.8660169055650893,-0.03728108732843774,-0.22425310909104956,-0.2091269006795526,-0.06977852179059629,-0.9047543092544037,0.1748321671454027,1.0060059994200679,0.4042674450143449,0.47428934209866824,0.43661419067321855,-0.17227365126752398,0.7655673739747363,-0.3324655638435048,-1.1641201140459083,0.27080358950985395,0.6435283011304074,1.1259994132333226,-0.7234390111752891,-0.44284386435213385,0.06282603629118268,-0.026953128543130547,0.9188378514645847,0.483840432678018,-0.7052065730706483,1.217985824462685,0.26063794092683407,0.11988110698042055,-0.3233209909139524,1.411051086443212,0.013558126483345223,0.7285476287028919,0.23503090494111792,0.09681496878613234,-0.08815053731958279,1.6369278691086062,0.8853958174936526,0.06127198955603206
2006-06-01,136337,144353,4614,4.6,NA,1.1,26.5,5.8,11.7,0.9,99.0997,261585.21444027952,455416.28729203367,1620597.7187743795,255267.2965270962,850107.0132081495,20.22,7433.1,101.5,173833,10949.165769962989,1074,1802,1386001.9628942048,1867,144982.20388085468,219017.60692452316,117.3,111.2,201.8,205.9,84.569,84.186,11751.9,83.90781492036088,84.16195623399331,16.9,2408500,305500,NA,4.994,5.108,-0.08777743319776417,-0.28624382928631326,-1.4079024801401698,1.0314878327957442,0.6004061640495881,0.9134894994401451,1.7490411051280874,0.5660979110914456,0.6178356851562481,0.32864071838791165,0.06858602179581695,0.9975596355771243,0.05229007314695144,-0.14320798961624362,1.3082931467472383,-0.23194733066138568,0.41949140512000205,-0.34385381245221935,0.8016108219275041,-0.36133144475413115,0.2758578411407761,-0.4558178232144225,1.774418940625114,1.8110603122442492,-0.6445398285978982,-0.11702121383291553,0.10769649143398345,-1.0634730612497452,1.3151028716527013,1.0356699693506621,0.3208571510438407,0.5424615561900877,-1.1408570057607492,0.15451093176438851,0.2746909804022755,0.10869524120681004,0.8518127139937468,-0.02721339691061181,0.19137112366670977,1.0259005491060327,1.4166022102031037,0.13179883224118058,-0.1989533302563483,-0.011442118315314415,-0.2288270850041186,0.24452134745032908,1.3897615814158724,0.5565503436789461,-0.008173888564903907,-0.3424156468686389,0.8284668663380226,0.8602464827586344,0.352352895530817,-6.584194873872518e-4,0.378779075784907,0.19183136812903936,0.9289245787164552,-0.32836387883601587,0.38296045087734015,0.330950519629886,0.8060022214439306,0.31002883552994337,0.30746829456409297,0.5623726411664242,-0.24237581761188637,1.1329807849556806,-0.07015749078886736,1.029536745564178,-0.8202776602631047,1.3479448642321397,-0.6996862759346586,1.916470181569825,0.24908664274521541,0.466248696517167,0.6268542601068542,0.20459142693565083,-0.5565816090672695,-0.5987408400736973,-0.455043143035727,0.07449735272469092,0.9384471676165037,-0.5205886668127335,1.031378581013529,-0.5000959336862332,0.2222205049960348,0.2898716078721658,0.3931089662009295,-0.4212450076292229,0.8978837424740179,0.19668539010680539,0.702665442783854,-0.19213904887134156,0.8964961013530078,0.16401658881829706,1.3214938796630171,1.1159799015353347,0.43753502324232174,0.5210240337212358,-0.4834476099584214,-0.12654987983354188,-0.03104217683947121,0.9147397933761873,0.21117506908441255,0.42827185242948695,-0.3057357562239804,-0.06325846528881258,-0.7735712522844082,0.6240078296203081,-0.0048045729985264195,-0.09939952232868042,0.7734699285054716,0.18496692863022082,0.5572481736115762,-1.0033561850774633,0.6864022972859206,-0.775170076601669,-0.2762501271609307,-0.31123341838687624,-0.7741966800854246,0.2107654699532467,-0.06428096057553337,0.4673334577732089,-0.0779706680076013,0.9995676419844765,0.37809415229823734,-1.0479401502902252,-1.3961712324819457,1.1134250965213779,1.291081195554757,0.45380774322019213,0.6395206382396396,0.3474652741994396,-0.0660530218578121,-0.30674599645483774,-0.653418794936456,0.4403546656707548,0.9620229922532715,1.0736602563056206,0.46392963686536165,-0.604646342113442,0.9593747008139004,0.425618398631011,-0.5956080374542776,0.5120517689606243,-0.4095145884998693,1.734939441561939,0.31793911815077075,0.61694216271663,-0.3257667734907196,1.7335662734618413,-0.543119977060787,0.2898347382196318,0.6022040736171409,0.1812269820254588,-0.1377496817281381,1.2479229644606835,0.9499013345641946,0.38748798188190176
2006-07-01,136529,144202,4394,4.7,NA,1.9,16.5,4.6,4,-2.3,99.0489,246875.95748191094,458034.5989771147,1620547.0455782244,244540.29083881306,856025.3600131985,20.29,7463.8,102.5,173443,11011.100897970726,965,1737,1364545.475971623,1763,141762.70946758112,219219.166136369,118.2,111.6,202.9,206.3,84.858,84.268,11746.9,87.68766645454758,84.4570157050335,17.662,2449400,318800,NA,5.2325,5.1,0.18690954558922,0.4772947131931651,-1.2849628301954152,1.8365202849838427,0.18770383456128537,1.2504418880622554,1.8967007187093743,0.7614815616375714,0.460057791308252,0.7530499593281595,-0.1621133571044452,0.8874861929769438,0.07447962495378958,-0.32466248974236933,1.3317769678336573,-0.16459129895859465,1.2645626241894594,0.5852627169971033,1.0940903009157559,0.6421752664067228,0.5282894022974612,-0.048449840716153304,1.8007827908782879,1.6131346861031997,-0.13861511672199067,0.32081328178612933,0.6349616857599429,-0.9508976791784426,1.487762833483094,1.58424340714141,0.6661306933397019,1.0114593530786735,-1.043255444177163,0.28531520760115314,2.0183842072605036,0.3625489138095985,1.424212490242522,0.7278843934263322,0.950465855848234,2.302516168671714,1.546656742555012,1.4696343161991523,-0.20746421099171175,0.2097644076868994,0.8954503582771263,0.5123261018098596,0.782948111716633,0.8048894960029999,-0.08149538816266241,-0.5815152004616808,2.20142305227811,1.411416916506813,0.5270792758900288,0.696014002851318,1.3053675830609703,0.4816806632107898,0.7576593902157974,0.23627131541274582,0.6142900689847445,0.997002751563138,0.7997319738726194,0.6263816918819451,0.7928658692487376,1.293628846763758,1.009310004232307,1.8596963560049835,0.9084466227623939,1.5311791273129307,-0.1851816183632779,2.028137793765868,-1.0118190026455185,2.443152662896254,0.030262744821927774,0.4256846045346944,0.5395923702674409,0.2674722067037927,-0.9106151931204152,-0.6085830656891092,-0.5818745527649949,0.43983712800706887,1.6043623992431009,-0.1685260642700773,1.5117369048937535,-0.22007081568567127,0.2649383989033903,0.9238608297703325,0.564820028071286,0.1872546098206851,0.4759103639626998,0.485353588616943,1.1244422201524629,-0.4008700194947016,0.8017686015479251,0.31976600614572764,1.6256213616946562,2.754755677118834,1.4783688126727805,1.0322132932789223,2.20832258200992,0.7580115463001815,0.46533183640004766,0.6415943121686545,0.5495792282087097,1.403095577331651,-0.5141157849774486,0.2133760662212221,-0.5863115377251054,0.5833626661967682,-0.013031120710897596,-0.7934948527827267,1.068893764166401,0.34814833151245556,0.9540778905715254,-1.2377654701734724,0.9957075790419952,-0.08968410951561735,-0.2531224015675132,0.07941526602385006,-1.1328560658805016,0.24407989484994871,0.08500350740124565,2.02528493913276,-0.034824263784379,1.4956576235711105,1.2341965684565075,-0.7408824396156747,0.31345772826690343,2.483529348658061,0.8098805064964245,-0.03619847411775383,1.3226184279113706,0.8031336532519324,-0.23465963430204087,-0.0010032395005306262,-0.8471926199016611,0.46359869382833563,1.141697672758189,2.699897614280359,1.119037056950978,-1.2626682289977347,1.6332318272576327,0.7530514009177801,-1.2182673053207245,0.8893222325281025,-0.5324380383359437,2.148317256149606,0.2421762273329696,1.3016878460694283,-0.4701673173064878,1.086940770618208,-0.3438644401176302,0.7326205571756449,0.6852319368136875,0.20172790621058245,-0.15089098166769777,1.6610828293130355,1.0052259535730135,0.5604447123313695
2006-08-01,136692,144625,4710,4.7,NA,1.9,11.7,1.6,12.5,-0.2,99.4836,247251.68869309837,460763.5829662261,1624889.944920106,252606.16740088107,854979.148311307,20.32,7479.7,102.5,173349,10974.684287812042,1035,1650,1346146.255506608,1722,144069.30983847284,222925.1101321586,118.8,112.1,203.8,206.8,85.125,84.44,11737,85.81497797356828,82.72177264947794,16.458,2466250,314250,NA,5.25,4.9025,0.7056041275012553,0.19377585012480641,-0.8015012363941607,1.558967971984472,-0.08972412268661775,0.5411812954606658,1.5108875127026562,0.6686667608961343,0.36292039953136745,0.5751469378176276,-0.45962327986287754,1.2232794700408698,-0.13472878129888122,-0.5233026793163748,1.1560237141859842,-0.2809531950421986,1.3976840107278714,0.703094430763592,1.2132778636959254,0.536678377950231,0.15341508483413038,0.21606550117197454,2.2067231741450195,1.426820925045661,-0.4041499557647964,0.16178503071174521,0.4046540346338545,-0.6612002139154323,1.7631493659313922,1.6677586291371116,1.0905677690573494,1.324190037064778,-0.5035123339091698,0.3982337763895536,2.287974438505109,0.23123449581513342,1.7623575763593102,1.4951351083024274,1.1243745089604025,1.837316586025744,1.1766195172861842,1.480132850334546,-0.26921341718413927,0.2819627050473279,0.6661816180238835,0.6520403698917433,0.2942765785458117,1.1617180026011873,-0.11881599777541385,0.46106339544166786,2.3730894044606043,0.8533768248281475,0.21490711528836096,1.0455684486192922,1.1856887518029615,0.3859672314901992,0.769860787382358,0.3874332012519224,0.23810013692705817,1.2389875169558071,0.7034949462363963,0.27239326411911885,0.5691327960274578,1.4641853527022897,1.082534709551161,1.8005882958380264,0.15132694964519539,1.504288482756357,-0.12707318740323253,1.86125754520036,-0.828667411080685,1.999755999385269,0.7049648542827719,0.5500957478855703,0.7113956448015123,0.3600139744416849,-1.2619331988916078,-0.5546386139703404,-0.7245737675549722,0.4011197289929603,1.4896759231293846,0.3584703431012869,1.961502257485492,-0.30310814134033087,0.06165237473697975,0.7138704165885023,1.64210914969666,0.37871683409353657,0.49574869632226604,0.7231472872420368,0.570261583843739,-0.33742341634995165,1.126738327726072,-0.053072848903256614,1.5627493286148428,2.857823444045784,1.5802640519013487,2.064556442025583,1.3686396995949694,1.0459724880608388,0.8344336949337053,-0.04497817087587443,0.11478414290424512,0.9381806186637176,0.012988101122512774,0.393157968213787,-0.8658924089669231,0.4063148359241569,-0.01345921433054162,-0.36404360363066435,0.9631696302531054,0.5699269587631204,0.9057019088770063,-1.0689117179602163,0.999171534952813,-0.05051441166095842,-0.2893697062242629,0.1892671919597459,-0.9188001514990046,0.4050064440350988,-0.19471730037969304,1.104528954423438,-0.1592175127101808,1.0439758088896585,0.49350288350867283,-0.3733898650757826,0.44418302778949087,2.0603117277626564,0.36333583155995147,-0.20867405083980684,1.0709961588924055,0.7559572778453649,0.12439527307624966,-0.023921584221874327,-1.1131841669481382,0.4383560342777745,0.9925370654724347,0.8993974652541934,0.7226039753824949,2.081405455318493,1.87958963635112,0.7793829950137208,-1.10190941424048,1.1489253156834143,-0.7675554834534807,1.4022896206705935,0.6333574652127145,0.772305398441541,0.1905171625645079,0.7477408032087591,-0.4221175869667817,1.0215472794250477,0.6400098244319815,0.08388861349104568,-0.1543793536153478,0.8140748227803589,1.6163269534584053,0.8385579270633241
2006-09-01,136826,144815,4737,4.5,NA,1.9,14.9,0,-0.8,-1.3,99.3183,276437.53975171375,464324.75088926055,1633928.7307783058,250274.43405337917,890563.2376151327,20.4,7518.5,102.5,173195,11042.613837129866,1016,1720,1337722.3151398082,1655,145931.78017007845,221236.24885161716,116.2,111.7,202.8,207.2,84.902,84.573,11800.1,75.2279098254458,85.90475876058905,16.974,2446200,316200,NA,5.2540000000000004,4.7299999999999995,0.38079563121276827,-0.11415258642127052,-0.49315037368215553,1.1540471774068672,-0.47465584227827323,0.532006633807882,1.150337484527248,0.1387617840317932,0.49118090866932596,0.12829244514365176,-0.5607827421987117,-0.6610749302421622,-0.19290328839062848,-0.629091915011172,0.8723586382344991,-0.5798529963786172,0.827260233425117,0.9939573840061933,1.0687158858920494,-0.1285282604471029,0.3295838839401762,-0.25338785721669205,1.9088040333484613,0.9150913950213486,-0.2231480027819217,-0.23783874935472804,0.562699662150318,-0.8193880223053562,1.5731595538496859,1.377648878219558,0.9192361889778015,1.0339445521155048,-0.23131916871810473,0.5099906684116078,1.3424828300137572,0.10749833030829214,1.2290493138062433,0.605707907305809,0.9166714150558394,1.1320301290508767,0.6066714187894375,1.4128437437160304,-0.14158985920257702,0.30225291186142744,0.21496777274920253,0.6697741650767479,0.9202980530794558,0.96608276144079,-0.11234516220925111,1.444132268789194,1.921286457925757,1.3000779577008656,0.046891269264403165,1.0450764029734925,0.754083765925381,-0.04672858740924429,0.48746936678479597,0.5999058280606865,0.046001689256612036,0.7667705608706811,0.755580648641937,0.2559528358551503,0.3215271458593877,1.1535449368665738,0.5078000669267294,-0.12980832840166495,-0.564728355021997,0.8756332132765952,-0.11380674633255178,1.4223091840121862,-0.12744984657845318,1.1676713078374548,-0.4851226505326312,0.6929281474360912,0.7188550575794733,0.43139378465169087,-1.5259886797826425,-0.181668296729893,-0.4719510674186204,0.15741186826886897,1.1519230994293272,-0.6806813183077063,0.9358844430830177,-0.4648625479116266,-0.52396829063238,0.7368243592063778,0.9656300449791676,0.38640665059370616,0.7049751211943923,0.799762028631315,0.22534323507244736,-0.2001975497825018,-0.27336298844736523,0.30007157399442236,0.6957148630236241,1.2315425310785684,1.014332801227366,0.1854141682785566,-2.484795938480676,0.5376131234503305,0.20617159930025003,-0.32985159412252135,0.5217556359569762,-0.2731329165867891,0.23143825014664235,-0.2843099203597021,-0.7883156908765537,0.217995771545466,-0.01632435032229277,0.6438969758374529,1.0892717576561197,0.6684157775963424,1.0438324805926764,-1.1775364871502394,0.5044983843750743,-0.2227560658719882,-0.9483318709139448,-0.25701367438258377,-0.9563162312596015,1.1161380032550046,-0.2501743918173768,0.34869508368183916,-0.5166975437617993,0.3331479650474072,-0.11034146557078625,-0.6746106842003029,-0.9184603796012325,1.547466086553675,-0.023521075357045954,-0.7375871816761853,0.695278127398799,0.6704335398971134,0.11604226046189663,-0.010098863137948545,-1.23679329353955,0.5842127499501296,1.498896853595492,0.9201972647070475,0.6220278563035052,-0.023889080512017876,1.7246187247935987,0.8342606860496435,-1.140577463057312,0.9254566047346293,-0.4507263688061438,1.52895464608738,0.5888601379956379,0.9758201047389301,1.7579440045468073,0.16157613769406534,-0.37278576859000134,0.8496139966492969,0.7555980448672573,0.7280045819813847,-0.17668002862636942,0.03990654488127116,1.8162500285430865,0.9304423344785547
2006-10-01,136843,145314,4591,4.4,NA,3.7,18.7,-5,2.3,-4.8,99.2044,256135.62843852566,468092.84314419964,1639942.3175825013,250976.36419447002,904725.9804963283,20.42,7562.1,103.3,173866,11090.174966352624,941,1491,1325723.1234209347,1570,148029.56246605748,216920.49774503554,113.3,111.4,201.9,207.6,84.702,84.726,11853.7,69.51429718306534,95.02168584392237,16.865,2446250,315500,NA,5.2475000000000005,4.7375,0.2160434339878257,0.23736992858117012,-0.2459083119110907,1.2093358119337068,-0.3203235761350056,-0.13248043298559636,1.0716810737666334,0.4767810944430365,0.7507031257593955,-0.0722253240513727,-0.7384632500835212,0.4648799346414316,-0.33050390761916365,-0.5642856775979679,0.672362406941095,-0.23658563704530242,1.1647080645009076,1.2694169139163358,1.030189662140418,-0.08958942185400906,0.4194930109467199,-0.044009562890865224,1.2064574053227504,1.2933265431570307,-0.6442031285897113,-0.1657646413871466,0.8371357038944854,-0.557593075074227,1.4640228008873488,1.3643371932728394,0.9623846948486229,1.5461569983062178,0.33985254305468426,0.48316387166723135,1.2230018293411924,0.20594412012015798,0.6822770887940924,0.6069629695989848,1.0496658490460073,0.6607636964197372,0.9208342859147659,1.296591155738587,-0.10671653426597355,0.2846014646910136,0.24508594397168026,0.21499186705470255,0.7712555084136661,1.1316191169114935,-0.19674563609756315,2.208314571763449,1.414994894032367,1.399255041759327,-0.19740563461993862,1.1908588217652967,0.9149566972879362,-0.11316578111493059,0.982282536805288,0.7795280765502899,-0.10845931521988869,1.3549403734439256,0.6424784243203985,0.10744256204560003,0.3717967445697426,1.2904087557762807,0.9690336612741282,0.7272119879988925,-0.27156754354926205,0.3283252327635938,-0.15666000189752888,1.897695250905792,-0.2153165505240665,0.8495619029974356,-0.4525613029817052,0.8057558196049519,0.6485753247790638,0.4917965908852813,-1.615249358545089,0.07243040934632586,0.0711299076930102,0.15642043576693823,1.0536888232052535,-0.7406844433317001,1.0487962862874434,-0.4690228760538349,-0.5922345326658739,0.6942461982330381,0.6873879411677429,0.026076965766568847,0.5270449920830891,0.7432004264295343,0.5681253613493832,-0.6291750922530502,-0.7533912438674759,-0.17282327214854207,1.499771964994516,1.309470952226623,1.0349443541259062,-0.6681726580038693,-1.8296131295407358,0.2987872532749805,0.11282540456456229,-0.8722035326932979,0.197649535253324,0.18035583822304158,0.43660650581169086,-0.16553814499648276,-0.7246971855238651,0.11507205481778847,-0.03530156876789242,0.02152194077111844,1.053260069615907,0.6723785709067138,1.1439694877877042,-1.249503275619924,0.4420200974125708,-0.2258389609402487,-0.9507474161734663,-0.6118841559599313,-1.1150832244468007,0.6460788352308549,-0.46317010947620685,1.08827421969354,-0.7906590124553987,0.14573473736975473,0.5869280683142724,0.48046344704536814,-1.5925788826440337,1.930873114748103,-0.3652902550955166,-1.937614181782544,0.7060948796332028,0.509947332393943,0.3139060742612016,0.37269462608618253,-1.7895558910893017,0.9511346770365506,1.436663079162808,1.266152156697906,1.260917881571319,-0.2716495718604955,1.519484292208272,0.825564971673382,-0.4671283575536792,1.2566009716517683,-0.8020852973218979,1.5772792414684025,0.6987827269006187,0.23147739580514118,3.4885216130554895,0.7665595055956786,-0.15985478882313847,0.8385513870080648,0.7004746730415488,1.011811442176392,-0.18747156616531066,-0.10318998637572677,1.633349790916779,0.9631745985922998
2006-11-01,137060,145534,4645,4.5,NA,3.7,22.9,4.7,4.5,3.2,99.1627,265320.8388901347,472399.7120298356,1649807.459495813,253398.4020016287,923287.8167376757,20.49,7614,103.3,174315,11094.168604170847,1003,1570,1323894.4424118684,1535,150164.63868005807,218295.5470843021,113.8,111.8,202,207.8,84.731,84.766,11901.9,70.06880598600276,93.45267542725571,16.657,2476000,326250,NA,5.2425,4.6175,0.5007476677781854,-0.06513852352254147,-0.2907317835784977,1.1672923996903923,-0.5333904463011505,-0.39467014142367235,0.7954518956633349,0.5839102730822097,0.6103042800922104,0.30687832488474265,-0.7771927728020135,0.5623748310230465,-0.25829466473588986,-0.1653349802655404,0.39824628869224815,-0.10091329927564086,1.1548192108248523,1.4898381500014124,0.7669102754453203,-0.8147375544437818,0.42272156369517927,-0.5997526817718392,0.5678925531189878,0.9238760590948646,-1.0014777081533972,-0.03749434122748276,0.5094308147078539,-0.5907224393903497,1.2043912867312674,1.0646193284149288,1.17902367604254,0.5196198956799186,0.2827617826352152,0.5675412784823538,0.5842951007059142,0.00774360021753819,0.13691707970724257,0.8771703504530783,1.2752186779631984,0.6163780106637438,0.2657040817569673,0.9643218595975724,0.05713655717961766,0.772858216516662,-0.4221382888566431,0.031305431744397066,-0.21931026077027183,1.6470145670695937,-0.2428135123079302,1.6668557282214032,0.483787417010988,1.3560925547043843,-0.9775354817530459,0.7301664359404783,1.088664259982134,-0.10889245514039078,0.7055330989666319,1.4632321121155345,-0.45576688975913154,1.84779912797846,0.06999052901462319,-0.12418006341055433,0.40562338570235973,0.8784554884439024,0.5555076188442687,0.06110923870557701,-0.356438985953707,0.2888665735209413,-0.6697293613016146,1.8444349172861663,-0.5324264814320838,0.4537033647092969,-0.604636314647346,0.7814786464714545,0.768495176265014,0.4244683230458456,-1.5308298524247115,0.3914731016346365,0.390659882851195,0.01012500784858572,1.0943752879556052,-0.511407086789791,0.1690160534695081,-1.108751200971508,-0.5306382512884191,0.5412034129025691,0.25844037853805996,-0.4615315044097482,0.2861659858865793,0.34414660168908884,0.47055732629658964,-0.6424554159398204,0.16878159023456615,-0.5178863723498851,1.5701817595617151,0.6354411572254474,0.7655158116058028,-0.9602637221513715,-2.5947395755584513,-0.3417837336999901,-0.1652791393205493,-0.2725603381348607,0.21332116357895273,0.5377649358581322,0.574910334412643,-0.2001911704524262,-0.2979563070578243,-0.03861517633350527,-0.039306215586333355,-0.07593327765604281,0.8208417186275097,0.7948321910596409,0.7238510592783469,-1.02385284882912,0.22094438906363384,-0.45992492346045877,-0.22943415661305805,-1.2832045366894687,-0.9950844847996226,0.27742616506800444,-0.5749805288676401,-0.7186488788494568,-0.9891953675301134,-0.3754928294809658,0.659077553967238,1.791923569172641,-1.9496160441803263,1.196985027299317,-0.4213876543162843,-1.7083381996480385,0.6250581356180762,0.33626005243223744,0.38953231856397874,1.9615821852654907,-1.6543486608042766,0.7089243390481832,1.100358567096291,0.6658539496110628,1.5881586360319153,-0.9562538996146951,1.1886081381169182,0.8301517605571052,-0.7679025589520729,0.9185043445868964,-0.7429037379756795,0.943946198156919,0.6235458382824974,-0.18339211554143056,0.7867557770152332,0.36192556546471977,-0.2893404194500229,0.5661073644958721,0.6027544956805676,0.25842254372886697,-0.0488343644173709,-0.20200772679043108,1.2112863482272005,0.6283226582432395
2006-12-01,137249,145970,4620,4.4,NA,3.7,20.1,1.1,-1.8,-6.4,100.1735,269596.15203688026,468968.15316586697,1643733.717981495,260934.7069338602,935251.4347539751,20.58,7694.8,103.3,175464,11158.50503339919,998,1649,1335269.0751717002,1638,151293.6306331734,222605.60730078092,115.1,112.5,203.1,208.1,85.032,84.88,11958.6,72.949007432496,91.9868768161446,17.107,2481200,324000,NA,5.246,4.56,1.94660229450857,-0.10699801885219458,-0.4869643925200284,1.4112638882275994,-0.3377791583045589,0.2067552973086969,0.9077286590865601,0.2184175096557628,0.6543307024108387,0.2613535644387145,-0.8288301751929842,0.07669418721060589,-0.3330863351529734,0.4166300600888476,0.4772726078219999,-0.11994507192761929,1.5367777473673876,1.482661042486304,1.019938285185133,-0.3428569649850792,0.2562730120865741,-0.14191053920485694,1.216560047625423,1.3638514836947144,-1.0023136088493532,0.06732222066184246,0.5961438069564828,-0.49432026442419574,0.493930543447365,0.791704521300978,1.2270093598525422,0.8656370752265239,0.6614144163590944,0.8541707751685039,0.7325272370747008,0.18516746217516372,0.6289075499552247,0.33998167254014877,0.9986866267131985,0.8469964767243957,0.16163600623012672,0.6700525689534607,0.5615715737210594,1.046836225607277,-0.429719874309608,0.4698432199552417,0.24351043287906068,2.0522957522681087,-0.17555303022464253,0.36389168679871303,0.6045598312497706,0.606793570155577,-0.49138275074319504,0.09633627243013114,0.8593991368759437,0.20223275157765308,0.9261698942584959,1.9484358938265793,-0.5288346539429656,0.8803797383966869,0.4281503126951234,0.649891266102554,0.781002938953111,0.4374932576738353,0.9621175132001366,0.4817304420311081,0.3539246032638476,0.37027117873909776,-0.6094359539517947,3.9372943549758483,-0.04695789903767107,0.17986907698657179,0.04548188794156718,1.1918063241883665,1.1362982449547774,0.1516448267562927,-1.360975289883253,0.6925289193510756,0.641893966904762,-0.017368536098168966,1.2876986364178047,-0.6151428334641076,0.5311546467341659,-1.0320908143688055,-0.05059960087903111,1.0635639531293561,0.18994284157694796,0.19027189985161103,-0.02240555609176199,0.12919164609433836,0.6202372064230055,-0.6316382186659767,-0.2337663610886973,0.29722195613594277,1.0711866730839275,-0.050085626815464905,0.5740436120616245,0.20570680860111348,-1.0041042929907715,0.30111555621626823,-0.4320112935445129,-0.19862177391283525,1.3332656166033243,0.26924043003583886,0.6357859879430886,0.5624673946461513,0.29330762768056967,0.3486109061885197,-0.04113984023840353,0.015545785203443555,0.8707792625378353,1.708575932683461,0.2899618350056448,-1.2192339184833392,-0.06953944048351773,-0.7052117566479783,-0.5093608931671729,-1.291914214427681,-1.0918281398453011,-0.3921518741538228,-1.099858500409048,0.706017265738187,-0.7462374165156926,0.062046582462604555,0.5972954319934854,0.8620525847562319,-1.5102152569835994,1.362084703096635,-0.1580840656294763,-1.05431222805403,0.42898969111423235,0.758124338012638,0.18041163383751568,2.140678477910401,-1.2041296945156001,1.3122917298485737,1.1940050646808964,1.2604315857189903,1.1640712470908896,-0.39315873651322625,0.46395656634261434,0.6198778430572748,-0.24189006742988406,0.5138467562383093,-0.599575939226858,0.9913513423292722,0.7795852715831382,-0.13404824528858375,-0.56436065985648,0.7493214590622709,-0.4156754935837023,0.7813589689077742,0.4605940126960157,-0.05974711854842644,-0.13719455632496838,0.5883285512336137,1.8511778178687543,1.178067739597973
2007-01-01,137472,146028,4763,4.6,NA,7.9,7.4,-5.3,7.5,-7.6,99.8346,261344.8825542688,468873.3649022458,1638825.0473275192,252745.0888461719,947940.5973088284,20.59,7759.5,104.3,174891,11180.435088377326,891,1409,1333767.4058793192,1626,152964.27399315484,219543.8135871349,113.7,113,203.437,208.6,85.316,85.224,11956.6,63.96221107412443,95.08887334392239,16.896,2524250,317250,NA,5.24,4.74,0.5772482504549529,0.04872013261025167,0.19202716291067431,1.4013764723059845,-0.11669652016324304,0.31638831923534627,1.335687828656229,1.0528780640246704,0.4538053409587558,0.16269335558430723,-0.9093949281395044,0.23753443331602467,0.1819790259798254,0.3172292242373749,0.8499769610689071,-0.41675838943135946,1.6828220579724142,0.8601191096184515,-0.07053527757124345,0.5517377595058003,0.393168655925452,0.07653088717536133,1.2414897454273648,1.0370878082113772,-0.6224573368962384,-0.08476778259717227,0.2921976668378796,-0.049018659067633905,0.9464090166854795,0.9059758886941737,0.901720126825521,0.6074619658795593,0.036817755281764376,0.27307456012089387,1.023304424322439,0.41962539565358503,1.1362557852423352,0.14525815977053438,1.0034072088832864,0.5671967683817767,0.6826797506625727,1.3253209189634347,0.8959695103214398,0.23913271812809067,0.8369588977238042,-0.15705266467664927,1.3634153970065788,0.9223218350411067,-0.7524162363668132,-0.9920074709026381,1.2255268786681084,1.4080384195951783,-0.04912408098249701,1.0712478120805866,0.8148137594064799,0.23833728286224676,0.847385016235845,1.7290345546107762,-0.4783756411796452,0.9563724178427115,0.6145835441184876,0.30772846396377457,0.33022770986683886,0.6388146515630881,0.36702066859552057,1.0333023505643124,0.6211602105927739,0.48657392696312063,-0.48825355703333084,1.3343274931504308,-0.5622643019684493,0.5635866661225992,0.6717019844982763,0.9332160845542579,0.5392658598804617,0.22581393072517947,-1.7274034889337,0.03525627652767135,0.6602391840795051,-0.08725800032388212,1.35659929347934,-0.22224079677665473,0.7962223299170189,-1.0258162977162293,0.13863381439175484,0.18902002613009947,0.5883263772466798,1.3699340709207604,0.013734333119438552,0.33105690779079,-0.061327268367085755,-1.6926009776970394,-0.38238374808023623,0.35043604203905476,1.2199537470735864,0.8021241427754935,0.7478888694498108,0.28272032545242914,-0.5065829760827125,0.3138202064223641,-0.6653885006013637,-0.09215705005996713,0.619356117458579,-0.018654543375768013,0.05962833171626225,-0.3841918647139175,0.28129892462310147,0.025691590163957525,-0.006192150984997986,0.9924602704930283,0.6183246999878407,1.8502579925039635,0.24718816944216065,-0.48780506015806563,-0.11844493524999611,-0.4874029802890895,-0.27680760606478383,-0.7647309733546231,-1.1093726479173147,-0.10145679946689878,-0.785292130896369,0.682660136675863,-0.02598444080267788,-0.0010989140665347069,0.34151314659052096,0.5651326960065846,-0.9023669729754865,1.213924179628315,0.22851679136003816,-1.0020526030826353,0.1748974438404234,0.7609337909099703,0.20760138865482186,0.6513702868669401,-0.899935984297309,0.3994636040364082,1.182797315101758,1.50006834701322,1.1135235527832308,-0.23150506874308005,0.6853329794537503,0.48035447352310673,-0.96397363587735,0.27888421110531175,0.23111160059775915,0.9198813040162823,0.5976926375210636,-0.0922342904269962,-0.47497720491960843,0.00654399364703086,-0.10886560376043031,0.13261939861023234,0.13933402437900147,-0.4318319458640765,-0.12347636197542203,0.8972480575840822,0.6739459237954741,0.4497902864090477
2007-02-01,137560,146057,4699,4.5,NA,7.9,24.6,-3.2,3.5,-5.3,100.7753,258190.4862060504,469370.53785302816,1639706.0463274287,255864.03524146712,954356.6913216718,20.68,7814.2,104.3,174584,11177.714679660205,828,1480,1330940.278800201,1598,151130.50793984646,218007.5016650892,114.1,113.9,204.226,209.135,85.581,85.408,11996,69.24434161788247,90.59050233328408,17.169,2569250,322750,NA,5.255,4.77,0.7547916404769248,-0.03597038553226596,0.540088207644273,1.4152708008597787,0.13238484176056048,-0.48204525137591425,1.9394963830026652,1.2059779033585205,0.3971095454879928,-0.09650765892378081,-0.7710335457377857,-0.8905852196674127,0.3804356594952665,0.2748663338986569,0.665077887557298,-0.18325318546788635,1.4239078394873763,0.6805861791508012,0.5093832941068698,0.7934877584308604,0.17469053166653623,0.038624622276597624,0.8595032892379102,0.8553983523721054,-0.2651640615687911,0.1071336169764906,0.8029083164897161,-0.04174696781395465,1.5962298804155262,0.13998169500000301,0.9551099335145554,0.7477152053051943,0.27971880583724257,0.2200659217095893,1.2926577680934308,0.4861794915438536,0.37051664283010627,0.22986659083541694,0.9088535206401311,1.0463525337513946,1.076577456366376,1.3407056885147324,0.777915160402132,0.7593708860614772,1.1844517795734333,0.32535609872060095,0.46408279236667116,0.4794121669347984,-0.16924763246604557,0.9211437266192902,2.019587036723251,1.881317905046345,-0.39651283022309664,1.3790120704939186,1.5023643547842966,0.26275118874093284,1.0653925597585137,1.4211003599980203,-0.29266254191918034,0.7039286474412849,0.4269739261374361,0.0800244571045716,0.18255421901656202,0.8995551388418425,0.48898025152375135,0.7391537113740416,0.7511637000820511,0.2509961168576634,-0.37009427860667377,1.874064654352963,-0.5535487186794503,0.7485562018915205,-0.6755439919167112,0.34800683441718144,0.4902779288195065,0.27400403453543454,-1.8926714056626903,0.24944301492696028,0.6679600378084465,0.12664335700680693,1.1234111373303701,1.2049805468267776,0.4910433663732015,-0.5165580009935355,0.19137802600451176,0.17074650230346217,0.33373950521672985,0.4289158736401874,0.3110628758701791,0.7070048114284567,0.25350374261864633,-1.4496658791338533,0.49021138449245383,-0.5894797683328931,1.0815115865372222,2.175981532192945,0.3322223362988178,0.4829606793555488,-0.24156360960635292,0.24560701097763069,0.13831946088956076,-1.0993874499839735,0.5718652428088336,0.24649836315350043,-0.2140199801962644,-1.0397655172717266,-0.9766296905300118,-0.09289949892241356,0.007168112568170687,1.6385605436329356,0.7502583947089065,1.8789333439719402,0.5264969757257331,-0.641754077683588,0.08095609540803789,0.1417967242093447,-0.6457593382759013,-0.9737759007470291,-0.771827101629963,-0.4331280825716938,-0.7115946316961871,2.0594053022855903,-0.5738875203124606,-0.5226951815583071,0.4891456257817529,0.5185420942041131,-1.2085009098916388,1.2335087611981028,0.5021159029245725,-1.2451013026109488,-0.06242637814998209,1.4401909672318676,0.7045718009510445,0.4596838591598795,-1.408134171616651,0.9814948723301516,1.4605626326956538,1.6086781592801258,1.0952275848085216,-0.3258743703444443,1.0355249841336849,0.39514946629823144,-0.8542474708584815,0.5763455645044049,0.04089196498543887,0.7652850484950272,0.47760119819662666,0.009881456127679551,-0.028444737207129055,-0.1625393984934743,0.27492897521949206,1.0037300551276278,-0.05485667777203394,0.7284844329218417,-0.17238744121922475,0.9143542838905553,0.7461999341638078,0.6416665730991531
2007-03-01,137784,146320,4962,4.4,NA,7.9,13.4,-4.7,2.8,-9.5,100.9547,267220.06193680584,470369.29238363565,1636955.250507734,259207.8608517475,965786.9001327218,20.72,7844.2,104.3,175078,11190.187906023704,833,1495,1334929.0986564835,1596,155677.9286096817,226538.52422753625,115.9,114.7,205.288,209.418,85.894,85.494,12035.1,70.50550678743568,87.98846332619189,16.438,2519000,309400,NA,5.264,4.566,0.7020060205790158,0.6594013498273432,0.3866937399382186,1.0184367370944125,0.032258056392145885,-0.9253644277599421,1.796341851171348,1.2255442594481314,1.0710490728171842,0.4623396376568137,-0.6978363022121001,1.2625200459008672,-0.31413371822786346,-0.27240366609799765,0.7116399212953807,0.028123392253084183,0.34813365120428513,0.8634975969901997,0.9394274356986702,0.6722185911072183,0.10018282690801132,-0.23796162848140096,0.5341818167180665,0.953028915762236,-0.3834405503233448,0.22036841326588405,0.716589734001637,-0.32511271549659504,1.5349469531851492,0.5836353644833003,0.6910688877733788,0.6302799390411731,-0.03757928668642362,0.09973200459940998,0.9574275438809692,0.17988821766494417,0.614339113567942,0.2554531735804776,1.3365498931724167,1.04201061843017,1.1818506395248338,1.0691831798540152,0.38342306069733234,0.31874854384204726,0.9572114493254107,0.6676318374620123,0.25701283989329404,0.8853225226266536,-0.19100862401503507,1.9665294370825581,1.7905972977338587,1.7720210655306345,-0.012212445194304089,1.6061797622616838,1.5189252561161664,0.7548338148919492,0.8287066421456101,0.5870779319993336,-0.5814500267206264,0.6727165710844543,0.7934178715255676,0.11523383703160434,0.37058695692288873,1.679396318655104,0.436897977823449,0.6349312017992256,0.9995227787708376,-0.05753422328598726,-0.434660712342521,1.6916336555399853,-0.9830733173138602,1.251992964030028,-0.09803969665640708,0.23536005861976983,0.5435717663678321,0.2676453222294379,-1.875324031700692,0.5074801764695607,0.5170903554027193,0.8621085134228933,1.3365401993672708,1.458779913705815,0.2375989422975092,-0.20826455113804054,0.051441790399104785,0.38072630064760504,0.049460180099753316,0.3831701411170206,0.1852170758469063,0.6595727751686581,0.3405957227153089,-1.1379966660241783,0.5538307212124978,-0.5223286366188982,0.9940394414668821,2.236418699692823,-0.05024930590161095,0.2961017121493402,0.6443011683807106,-0.06209242180015373,0.07324216234665733,-0.6431703546318654,0.0198820949893336,0.40570937235985693,-0.15275111852106082,-0.7825367234815431,-0.6852762676175669,-0.16815540567214085,0.0025180322856564173,1.5603659931295153,0.8802299067513485,2.060491417086287,0.6483394046228069,-0.7005417506984045,0.3001621008609395,-0.23140337554842463,-0.5067784867178964,-0.949283523404881,-0.8400870247808506,-0.600600868564666,-0.6311651120995067,1.0877242882156306,-0.3570826001144859,-0.23285960317199786,0.8655274911398718,0.3194162863481645,-1.677423521429812,1.568132056952762,0.3387229638270481,-1.7067197545172355,0.23197920803355035,2.1332096159731346,0.2827270761935615,0.31356383791629594,-1.1799909035942235,0.6061174388051139,0.9868157180178398,0.5788431872568438,1.283146287903377,-0.48557153243178913,0.9408048133317501,0.31690181539379014,-1.1588935222972232,0.4458813754580315,-0.10097464900446053,0.31190338303916215,0.6244551435653242,0.4986090949169089,-0.11364825982713474,0.6124556693619657,0.26448631630795433,0.7914507839996516,-1.8680255175431273e-6,0.19401657862450625,-0.11720663428524439,0.8059556496334906,1.2854701696659852,0.751805855377471
2007-04-01,137847,145586,4689,4.5,NA,-1.5,3.9,1.2,2.9,-13.7,101.6334,271115.9635755436,471032.33599702653,1644270.0231529216,260519.65248095148,981361.5034380226,20.79,7840.6,105.1,174140,11200.984947035868,887,1490,1336403.5495261103,1470,154786.51737595242,223527.22542278384,117.5,115.2,205.904,209.747,86.096,85.616,12052.8,74.30078052406616,86.85814417725571,16.615,2496000,320250,NA,5.2524999999999995,4.695,0.7255533204103284,0.37499599866339056,1.169371336248945,0.7874681197757722,-0.1194641860358982,-0.4195189145905137,1.3530073471378261,1.1194226074586686,0.8482054994547106,-0.1360210893591588,-0.7945007331575237,0.5178686055281512,-0.2794466984032038,0.2520767187785041,1.0122328613825078,0.05860912999768569,-0.14433603119144378,0.64089471570206,1.5999699839751205,1.2678243479599167,0.009680822176877274,-0.42063127338410106,0.6417152940565906,1.0150927622995476,-0.8134820180421394,0.022696620981468116,0.07134233191905967,-0.6611768853421687,1.9561178076717747,0.4917602539467544,0.5660412284356884,0.6736847673102037,-0.43387340858728773,0.11636915623204101,1.403339298445974,0.29483281370382525,-0.07311675283029721,-0.19967968767207805,1.2777369795611337,0.6415399496440728,1.4770901830892846,0.9676501375181258,0.3664217704291178,0.21666484715606055,1.470087544695332,0.13203366665028785,0.3900337670772857,1.2564162937624974,-0.028670321791708336,1.41494343851008,1.3667398866393465,1.9506001470782581,-0.25010057673885466,1.1677787530529777,1.323866395184034,0.6121329263635295,0.6383514583101043,0.5721879277475412,-0.36397469305461144,1.0208954094029539,1.0798271907806691,-0.08757360028476571,0.13901140484872498,1.5375801634356183,0.8529415330345447,0.8397790748757595,1.2131102941320098,-0.06015325837945072,-0.20392603381862154,1.0524852760980066,-0.42917105376578674,1.4750757669413357,-0.6208858228824458,0.3082887194327204,0.5017800878705938,-0.0024768811065287765,-1.8698616221752684,0.8501193430694794,0.06870848003282258,0.7805438919862326,1.229141900149116,2.0788214044503417,0.6851190372795369,0.12682486854647818,-0.19297525461986256,-0.21231128058471344,0.5270174503754845,0.9207550605017802,0.2276603440446565,0.2218282596623167,-0.1244525850699269,-1.1555415602303472,0.82483899787948,-0.7263959764311062,1.2095857315089766,1.50018231473537,-0.14260989887781658,0.4019831333838804,0.2338764120130158,-0.1675395161683778,0.04314941878901272,-1.6776398883012569,-0.13721690087339694,0.4186377046416368,-0.30492661459142895,-0.6463456466380157,-1.0885623445701689,-0.5157068151286205,0.00599480571456674,1.2916923001128837,0.6266837368297491,2.1333406858889146,0.7560732695698423,-0.737202761649195,0.26070402108179713,0.18294104252058543,-0.16632107434940974,-1.1274739912422873,-0.8303561228107986,-0.6933018434086771,-0.5803045939101301,0.19727561021899231,-0.23847989028981417,-0.5223186075793159,0.9948840914732983,0.07155431322229855,-1.446204163214123,1.421837608099785,0.3940129652157924,-0.7442651478756831,0.6260004128735238,4.123593379343905,-0.16964871738861564,0.3743351569094699,-1.6045061328289922,0.5159666227051461,0.5769532655061432,0.10980439935810112,0.9839960629571085,-0.46149864156315135,0.7393588827315705,0.3575671142366481,-0.8137641140409854,0.39528496109751965,-0.1816204012794198,0.23852380236774112,0.42001280020712445,-0.06747499281900891,-0.3316044585699009,0.5616347076583177,0.12358115536302991,0.5894836832001354,0.13738957383266248,0.26217955576318974,-0.05351262328840846,0.27896180409047633,1.359470208804749,0.05370613918736365
2007-05-01,137992,145903,4657,4.4,NA,-1.5,10,-4.4,3.7,-8.1,101.7306,265022.12030667317,471016.60760197346,1653846.5480113272,261796.72480485486,989067.2410997613,20.84,7837.3,105.1,175611,11217.427558890973,842,1415,1345263.2432307228,1493,157154.93479721123,224730.73448683202,118.6,115.5,206.755,210.058,86.346,85.717,12059.9,73.49500845435804,88.16727538292947,16.661,2447750,304250,NA,5.25,4.720000000000001,1.1229664216132995,0.22262087673194364,1.5966179704345003,0.526386856578246,-0.06324194572184101,-0.6945923046042154,1.2064447970806094,1.1201249527136374,0.42958523402789145,-0.37703629142793144,-0.6922753914475286,0.4596593029001398,-0.12648528416684665,-0.12131566788126587,0.5964025677793391,0.8215895691610337,-0.3955305294290468,0.7052965520812562,2.311891175432064,0.46404031687774233,0.32386573059309004,-0.4005196418794387,0.26613161070833763,1.2564339893723062,-0.6574809952487309,0.22098681411974663,0.06336683574717591,-0.34379671021411856,1.3538910548185559,0.3829035951604522,0.5531883745376132,0.6733481633166462,-0.10650580334622031,0.21667663361968909,1.384957631898199,0.3854051157292986,0.07367636226761891,-0.1127760871570132,0.8045501451040175,0.5079339156996598,1.2724144357610088,1.0477849021062393,0.34276895124605405,0.41417014783963785,1.1863860823257766,7.930053972649654e-4,0.586292790361851,1.1183795448686238,0.068626960973621,1.1755638031391655,0.9611434104020622,1.3733955745970619,-0.6148988172767803,1.4062934927999007,1.152026821984332,0.3612877938689366,0.9096600228852315,0.6057607346202006,-0.07548620420989041,0.7790949635016198,0.7237375893027715,0.1904466364872821,0.38593477167847157,0.8546041191848963,0.5501450787832256,0.48269630735624147,1.4107190027768963,-0.1594530296110485,0.02083052861920939,0.1952180022935205,-0.3209135419191004,1.1762111080926927,-0.5796750146911127,0.2635873274865607,0.3988929000129633,0.14123280528157606,-1.6498271154351676,0.6588549942509955,-0.14742836349889585,0.22962353769033647,1.6990030306250286,2.2376654318785474,0.3821221474952641,0.18698124775195674,-0.18773588251487802,-0.06946819157242087,0.8464326665472635,-0.1083464402490879,0.12058107114806835,0.10150693240375659,0.28727813556162074,-1.105783129235836,0.8186694414239565,-0.6594743360127816,0.9420179567651025,0.9283919934769176,-0.5140181121112247,0.49920710523690764,0.24989803138799246,-0.03484641181586115,0.13445683562525698,-1.8636101631405553,0.9217853822771553,0.9791955299423689,-0.014709528427714422,-1.179416669690695,-0.8213919360567538,-0.5461264377456768,0.0033777160247197425,1.4972447526946349,0.5535412769343434,1.8326280176710088,0.698816258676667,-0.9649374021832908,0.25203160382027284,0.400434535339967,-0.09801369516759903,-0.7404897694602486,-0.8160549749740538,-0.5644254298970973,-0.9658993582783225,-0.013217395007933033,-0.027826142624730904,-0.7735783077657843,0.9202569121378993,0.13377574579759854,-0.049312950707967866,1.2268834398229866,0.33359616636073774,-0.9357066404511606,0.9990865874466963,1.6892737839009064,0.08722017639443387,-0.021712039790901735,-0.8679886514800619,0.3096677517936267,0.4905116291190021,0.609263376257185,0.5441523683749582,-0.17109005416641304,0.487518873951904,0.2966049611290958,-0.6415323606003048,0.32362834673750984,0.18258496217122366,0.25185464781408917,0.46213324806268513,-0.3988856285624032,-0.1291505582082081,0.8745651852851131,-0.21539018963363782,0.5013498459153705,-0.33046579141015775,0.24506639390697588,-0.04531803913438957,0.8674780488362636,0.7687716424662778,0.12774139733819737
2007-06-01,138070,146063,4859,4.6,NA,-1.5,24.3,-1.1,17.3,-2.4,101.7893,264498.6074032983,471688.10456609924,1663090.1602818766,260208.71615296605,998385.5123715748,20.95,7857.6,105.1,173830,11217.973165066047,793,1448,1344648.6149152308,1407,158515.64215465338,226410.7986917681,120,116,207.234,210.392,86.529,85.859,12053.3,77.9854152942944,84.5619562339933,16.179,2482000,315200,NA,5.256,5.07,0.7887627627256139,0.007007463402776526,1.5838058086725353,0.9381921223380025,-0.03602177062587662,-0.367754016024177,0.8665582880205122,0.5285103493304303,-0.05197943082015452,0.3167905168536321,-0.6587036225928883,0.20553452880157536,0.23023621774295705,0.19974325602396686,0.08138263638372423,1.0180068558486206,0.356982980534873,0.5522313002295918,1.336992764246507,0.9560566646216933,0.23406591188859324,-0.20166624971934163,0.19001731219731008,1.0431560800421165,-0.6517927531987691,0.2948530203530037,-0.4515201932185241,-0.45541810717425657,1.0282704963140596,0.8119065341277604,0.48870879029769787,0.5596248418032531,-0.33436123541772894,0.29206582386544183,1.2626939926754528,0.4613079283672165,-1.2147274494955291,-0.7332652364577154,0.6738972905062313,0.3489256719440525,0.9235869930983311,1.0707697887533631,0.677503713049048,0.6655446490346691,1.0177477640693309,0.18249030895407928,0.22056624712086195,1.0098570650178427,0.04215572510759112,1.3136156250302378,0.3657900783063752,0.9711815294105635,-0.3187254986403786,1.2302052134108152,0.890929023812744,0.6559604671729894,0.4415256483884006,0.6072572115653238,-0.035133124896408255,0.9048378667419508,0.5737242902839992,0.4586865160809331,0.3346767609921356,0.8085113468498161,0.6040564295863271,0.46961795491726954,1.0005211509325633,-0.12917544605598028,0.14089770028578222,0.5497425709151187,-0.1336640162709217,1.1142605702768376,0.3684508242378039,0.2892022650613895,0.30525312232571045,0.1764375954811751,-1.2456128461165585,1.2027890163256807,-0.24074551378039416,0.2935971804532098,1.3003782807477315,1.7566863821663763,0.4590338622290344,-0.15106362610023522,0.08154679370840523,-0.09782360501609261,0.2129778648373133,0.2545002117241296,0.5390655485764989,0.2706208963810008,0.35521059101936264,-0.46386791559293195,0.3448101633590512,-0.2104152909796882,1.1026807721974132,-1.1074962062590357,-0.7202536839559875,0.14040156751093916,-2.0313368302171124,-0.2839348797076744,0.3845770771349728,-1.5222943401971933,0.5942589828322256,0.4358948516216871,0.05790470001420705,-1.2810269387380406,-0.7971989606610747,-0.09567100730587401,-0.0018581593478049076,1.7374943834573413,0.648294085399651,1.1972122390445303,0.42660638942183327,-1.1317631663017167,-0.04496133876411967,0.13327915835028392,-0.06227112123286423,-0.2989732427641489,-1.3638250821751297,-0.6318605150262259,-0.25449416262720015,0.6687326028666338,0.30967970921312676,-0.02771758106826962,0.6315408923513649,-0.0881008539034158,0.0327021232829142,1.160156790877734,0.10156384685387235,-1.487053415011419,0.6912004186986712,0.7841420285672901,-0.1049462456502434,-0.1524350861669235,-0.421693743940786,0.12470888404036429,0.46079073116025365,-0.07884615841527229,0.3354213141215639,0.08579219024692301,0.5421040949811047,0.2590300069097901,-1.0535940264200963,0.4759474698026548,0.22314124885469028,0.12168183692097184,0.6262196931272227,-0.7305449750269865,-0.01269416920527502,0.7338564408567813,-0.0737625280223237,0.3624017718506251,-0.12071721037086366,0.21592900097922027,-0.04129227270896303,0.46132581242173754,0.38746238768469715,-0.007532600403139291
2007-07-01,138044,145905,4598,4.7,NA,-1.7,26.1,-6.2,6.8,-2.2,101.6672,269066.8236000046,472173.1805541132,1662999.2868034868,259669.28606870447,1012646.9807641268,20.94,7872.8,105.9,174260,11252.00493878446,778,1354,1333296.4078420512,1361,159723.5203840251,227709.1194424251,121.5,116.1,207.603,210.773,86.661,85.988,12066.4,85.59790447836974,90.1570157050335,15.837,2542250,313250,NA,5.262499999999999,5.0275,0.8548478220425846,0.1757715985844553,1.9443879678694516,1.0524031985602733,0.4484537522209897,-0.7797833255915589,1.0731265536669992,0.9093895869058387,0.926690618180682,0.44592417175757787,-0.6628471856338156,0.19550788232088614,-0.3172732311772441,0.6973351370121863,0.048858783832229344,1.1705375441029542,0.7936385494376076,0.972890367669,1.1299534425804487,1.1191884489613775,0.162989606993296,-0.11591641693809757,0.781827011683538,0.983780246054012,-0.7178496507834514,-0.08981066153977195,0.28907448776077366,-0.6491874931265028,1.3839145166155082,1.2809603015284154,0.4727451014302597,0.7510739555389063,-0.12440909014857432,0.33153647184732166,0.8522926080049761,0.3868428944546038,-1.4286028859607558,-0.34556394722869804,0.5369068433413214,0.5941412927025244,0.934819746291771,1.1005553360316773,0.4971106785218599,0.776768158996466,1.3721876595896147,0.41170858351211215,0.7515321439630399,0.43648799846924663,0.3273132717660244,1.4702846203256497,0.24282869078174912,0.8566476236558612,0.16672350321236282,1.4959017532325807,1.374510679137276,0.5921915854383992,0.7210653576445841,0.5427953290315686,-0.14739704333003945,0.39259356858712363,0.43487891241225535,0.18000765853554035,0.3096685047310499,0.9410862373114449,0.41946211215858686,0.6363502252338776,0.9946104001214574,0.38232573623248634,0.10033437607874487,0.371208513725129,0.9497108388064468,0.8506682767605448,1.6077648225097898,0.043388338574205224,0.39444923599942566,0.20386649814070362,-1.163264723758954,2.1327412601035927,-2.6031760638052583,0.3736466059393654,0.8577601212130145,1.2585710487253878,0.5603908641861937,0.016973130583628464,0.5094604974170616,-0.07409155070607337,0.14651133371731978,0.5100890206302865,0.6887402278289604,0.4650692208849873,0.7071718839081853,-0.13730111002649387,0.8247304330536924,-0.09058777872224634,0.32830973373109584,-0.6291209874074488,-0.6068365819064456,-0.5747105174909555,-2.44710564329502,-0.2390564668319064,0.06630439554727638,-1.7179996961455442,0.348095422479176,0.8314498062058441,0.3208596915873751,0.1842230674435115,-0.8913842680612846,-0.24616524844774113,-0.005664368512517922,1.8086549895917527,0.38973197474537846,1.0220623953644672,0.46797139961129713,-1.1241978630747063,0.30646256859815224,0.16455474987655583,0.22807379065963934,0.21059417442195474,-1.415754908660305,-0.03147949494752231,-0.46734940598662933,0.9747808913169534,0.5195618698274694,0.8207134094187101,0.6284740475697153,-0.5270265211189636,-1.8930700335992954,1.1151993167962169,0.3462287355397423,-1.0933260189209337,0.6722035382512402,1.1133802048505201,0.0948893257450179,0.4496995190438278,-0.36637954962049574,0.22479554199318472,0.26652648285630587,0.23947261599823702,-0.0028490427661006243,-0.47516710053540556,0.7151357316505242,0.5294795124185167,-0.8062036644608335,0.5201008855781183,0.2861925632299056,0.4404818590073649,0.6749427203449909,-0.37068232401341356,0.04803433586979568,0.763562995979979,0.2006924942407872,0.23574659537618864,-0.09019703314644816,0.42207520531006004,-0.04681966149287559,0.042837943075070176,0.3581288920717907,0.4610012945160715
2007-08-01,138013,145682,4546,4.6,NA,-1.7,22.8,6.5,-0.5,-3.6,101.863,271861.1623616236,473050.0461254613,1665391.5655134227,261622.463099631,1029244.6955719558,21,7868.1,105.9,175125,11299.46955719557,699,1330,1336574.0313653138,1321,163015.4520295203,227362.7767527675,121.1,116.3,207.667,211.119,86.72,86.116,12070.9,83.47555350553506,84.12177264947795,16.379,2553000,320000,NA,5.05,4.686,0.8012194406213844,0.1805050231439985,0.9452149780217766,1.4037766838930918,0.5232398958977977,-0.11207282324199047,0.9001669109804564,0.6427297287126751,0.7818923061648206,0.2832942638569229,-1.0406009267938545,0.45511106935326806,-0.17757903155106888,1.182368030423258,0.24261726449615115,1.541143412868899,0.7105739028131893,0.886006173945753,1.164829022965844,1.7728077147073715,0.47905074069818965,-0.32816645506140424,0.7782500348034114,1.2410580987384094,-0.6106654261931602,-0.1980156608919678,-0.1041998358623885,-0.632253337036725,1.5212578866400044,1.4004145087914717,0.5110291713192052,0.6503390908690453,-0.14041470539911838,0.29439336178563397,0.6092368697707825,0.2813519521243348,-0.760950786510637,-0.05047494218496094,0.3501366640099335,0.6380206555700495,0.9026438489416179,1.147325405353789,0.7419008107842048,0.8777140805076883,1.6611070089300026,0.24012007934393367,1.6143317877348329,0.7274087758225479,0.6849668747988112,1.5470643174317142,0.8920765748229383,1.126324857805526,-0.08834794886541497,1.4113388296587734,1.4770613837073197,0.6283106046456501,0.2567874404767211,0.7768378650151123,-0.4777056760792091,0.3996401844548625,0.8822746693318213,0.16237403375420317,0.19661331688740183,1.0291525978025216,0.645822980078672,1.0724876154031575,0.6132824573958735,0.10843216966549354,0.11307415556142236,0.6980575805127736,1.1389449056415175,1.0263111138403136,-0.37777792744004907,-0.05333110667116091,0.5385555970827158,0.28281487326656946,-0.5181568380662734,2.323995673430802,-0.62308801177627815,1.1310200451905963,1.257030981293611,1.5220289348096185,0.42898893170072305,-0.16825473148835435,0.28127580686395265,0.08902671201638945,0.20373176694115966,0.6914756609601065,0.9214020798700816,0.34118510036683397,1.448105505221839,-0.3235923654196521,1.3146775502863186,-0.3336992498807026,1.028112591044374,0.466447122957835,-0.6551573571583319,-1.060051108239969,-0.8528764135009465,-0.17306134407460602,0.8016109863765221,-1.2921286954053228,0.19938954263887315,0.4895530585214231,0.36310302574119213,-0.8271962167230242,-0.6339862191075798,0.03700911426116517,-0.007769990052763789,1.6489936701910208,0.5267121858983306,1.208701172223935,0.21008305612292924,-1.0838939593586563,0.23680617017585384,0.18114590760770352,0.14649048364184242,0.6532816556696791,-0.8036818059279185,-0.5900138613060275,-0.16243734930427692,0.5965059058764163,0.29530628409089177,0.7884569812474194,0.6165859552072268,-0.31483175924911155,-2.395861704507646,1.117639822177906,0.6295880460735402,-0.47150388253160685,0.48107772890224326,1.3433646543741917,0.026962719119577736,0.6285958226922828,-0.5308691620770277,0.3175843815785254,0.6201374664377686,-0.004988434432432078,0.34065016587822744,-1.7800797712897787,1.1004889646764846,0.4233466007194997,-0.7343408961343466,0.3733981168012611,0.32086659411363627,0.7653828753415223,0.6399654466008503,-0.16839409936719774,0.103906688211115,0.7366545961399088,-0.029974909098263745,0.4537430965001779,-0.23897337845169891,0.3682465930562558,-0.06149758471973387,0.35446105879207973,0.5204914894246165,0.9073910460755505
2007-09-01,138099,146244,4652,4.7,NA,-1.7,14.7,3.2,7.5,-8,102.0894,260152.31925012064,474651.365818917,1668417.5006379916,257950.23778344475,1033983.504491465,21.04,7914.7,105.9,175106,11309.187400923565,686,1183,1330875.0890252027,1261,163008.01801180874,228189.3996829554,121.8,116.7,208.547,211.554,87.054,86.351,12089.6,91.8165736209709,83.90475876058905,16.532,2537200,313400,NA,4.9625,4.5200000000000005,0.813725331216255,0.4268042874562242,0.8440747972080062,0.4886582604652554,0.17244342971688084,-0.37971617237702415,0.6838280688287963,1.0605661448290649,0.33791719521365576,0.06764436433861787,-0.8302928411262549,0.3960185662654664,0.05986044980837589,0.38962448658537596,1.0255002285483772,0.875508950307127,0.4463235004046292,1.0546440100501089,1.0618615757232965,1.5173597913939691,0.2359823087860167,-0.35280329378465336,0.318090332947402,0.7291132940839711,-0.27013464618535415,-0.13515201860608503,-0.40208492681691593,-0.16410585516551854,1.4984959693404614,0.9735360475603532,0.44068236214233436,0.45037545352597413,0.07899087922360463,0.3412934095252247,0.8643697504139755,0.12157555959087142,-0.48533848837243765,1.4300932939825497,0.48777409452733855,0.7013070524278867,0.659616261589264,1.0963638899181116,0.9100794008043779,1.033038489292602,1.5239672250262712,0.4419817974602164,1.632120472888334,0.7845187040350906,0.8444070763227729,1.3799790864580657,1.0428226732861594,1.4645668197156259,-0.3119610943267372,1.2738765653118493,1.2306321499123978,0.6142431370549426,0.7656734412758323,0.8070009767052605,-0.022647883895576912,0.7341721078763107,0.3771106150223753,0.037273322334716655,0.3031794034267107,1.1480502109535682,0.6383462786526218,0.338252293417695,0.5594371640249616,-0.47331066279376116,0.05682243992759678,1.2007867843689992,1.1453722841343332,0.5642221122940273,-0.844773360708546,0.4898096015834799,0.5991793818051864,0.5499824992753598,-1.1662808311999824,1.5067172222732192,0.002981494517458459,0.3757559426947059,0.748008734985546,1.3335786194925252,0.8755512159954993,0.05736024956655545,0.039127280778686345,-0.052906943862412334,0.26697003022414995,0.8477644398164732,0.44760627308114675,0.313421929885404,0.5586586531599386,-0.7603601413990909,0.5043079932723481,-0.6644507058982895,1.4389897713441795,0.8316631312106832,-0.7847861379802545,-0.6152290317693957,-1.3410599046631502,-0.34434211803487913,2.24060262925114,-0.7604318823602657,1.1855847928061,0.367643854888886,0.40968943577095407,-0.8562739005794138,0.35225343749968596,0.3293486193309645,-0.011355819554254331,1.4118955225708412,0.503555200853478,0.7986126746670056,0.31964415743087793,-0.899489675974773,0.1775784944528472,0.21542055539199506,2.835004868587089,0.3403466783964293,-0.5406450554811809,-0.2886242349613487,-0.1807704023240309,0.556480956633676,-0.2724784812001451,-0.7077830819591461,1.3979986350535052,-0.8964708956185236,-2.2650868223656024,1.146694349548446,0.43536272511141116,-0.458218302916328,0.9512899761529319,1.1962484363071306,0.22423708271816586,0.6685014345683513,0.0686389005608025,0.4597109402348625,0.7621538458019785,-0.13688140096231957,0.32992777795744893,-0.2950160959263592,0.8998459931990749,0.6392558017796297,-0.8267450620147985,0.3543650995660517,0.16979630438754506,0.7102269134420607,0.7305142621536367,0.6590984998014874,1.394006661437098,1.1089111043933308,-0.225999285226466,0.7311799409952933,-0.2670844373254312,0.26058076940716274,-0.06827494619992017,1.2733442695091108,0.6809540363428075,1.5402369846626298
2007-10-01,138175,145946,4636,4.7,NA,1.7,25.7,2.3,7.8,2,101.8015,264206.69277812133,474651.2746512747,1667633.1819770613,257681.1195858815,1043712.6365697795,21.06,7928.4,106.8,175593,11318.055841865367,727,1264,1319877.9174969653,1192,165315.28436290342,229773.9297739298,123.6,117.6,209.19,212.077,87.318,86.576,12080.4,98.71962252914635,82.32168584392238,16.455,2561750,328250,NA,4.7425,4.55,0.8489668325085327,0.5792735997786982,0.8680201951565343,0.331371300117816,0.10078689233583114,-0.2685220416658905,0.9502585134707126,1.2409006866494556,0.2402688257237053,-0.12468986565575343,-0.7098886272357585,1.2520161128261749,0.04204311144665286,0.4260907517644883,1.403459820044644,0.6849255928318135,0.1610660872310648,0.9165622447146263,0.9436338687635154,1.3354067851406164,0.1535596796006583,0.26401789618867805,1.98231730039328,1.053901040695835,-0.3321664087833734,0.22620224441790812,0.4567436442714669,0.18639404583415733,2.0403182975621372,1.1952833078236138,0.44997785185008554,0.5563247904347077,0.3235692690108139,0.4810184167555502,1.208499199470847,0.4196337059755659,0.016534466526143696,0.9043764019309676,0.6253213649390749,0.9670758216985955,1.0229180864501692,1.2827604966132966,1.2546382386311261,1.2120511097267357,1.3902603089295276,0.25017410990167527,1.7737517744627709,0.8710437953440835,0.7173828723626847,1.4778354135464955,0.7720249347603233,1.811930774507053,0.033279306097931394,1.202101225945792,1.2512777997459688,0.6119859159781076,0.8973832063387216,0.8942484350692271,-0.031463399055299844,0.7816924520093826,0.29137483181068236,0.2554217888876962,0.5949046628460207,1.0576390746359083,0.9209270022348769,1.0137280855858792,0.9468249673888594,-0.5459753799154213,0.0831967918066487,1.0250419373756723,1.057523315919698,0.7564887850340161,-0.9258897834222184,0.7938738638770034,0.5969361086096707,0.6303151552591386,-1.0640280401450888,1.5607248070994513,0.5376681049850838,-0.0841413604402853,0.8933291631555833,1.5055841667420344,0.9401155655310043,0.36045812294139284,0.10842976327333854,0.2228965244520811,0.41176979958863996,1.2034757487515868,0.5921658648787272,0.36487702721161747,0.04216720403766697,-0.5153665207809077,0.7762054513378495,-0.8021862346111625,1.5633919853349545,1.0546822156138171,-0.46543260553414123,0.34638686488828224,-0.11979803877621252,0.2919334830863543,5.139381264457864,1.4164908499599898,1.0503160227054862,0.9174653803934295,0.47829480085490944,-0.6710221971817191,0.31254157159611606,0.36145669126973656,-0.010770037178346549,1.4485036899964314,1.1105671596868025,0.7250110281128488,0.24952845328462153,-1.0007045300566537,0.24996189447237316,0.41583827683125785,1.7198004755933978,0.11086777792196242,-0.6743452448893769,-0.12818617765625734,-0.23566017720452764,1.4182678519948861,-0.5589185332172598,-0.7634943255857626,0.9994835939575897,0.06884314566093762,-1.2779928467952517,0.8179867582745595,0.06450634981961684,-0.49690839507296014,1.087147865788099,1.2870138354097642,0.5297551344109513,0.7875265475323989,0.46930156020924224,0.6023464806934504,0.7095268318949097,0.5575655669793887,0.6485003106795325,-0.24254841922126102,0.964352500275454,0.6526923348979372,-0.3523934480709354,0.2875798752247296,0.4150918971722406,0.6027014675557124,0.6565392420018282,1.4378370752860017,1.6055322897726052,0.770064712332546,-0.18726796036255935,0.63770988861668,-0.05252429292236315,-0.12801005768254792,-0.04456955813262754,1.4914289621780326,0.6897777136707536,0.7015966845693052
2007-11-01,138290,146595,4646,4.7,NA,1.7,25.9,-7.1,6.7,-10.6,102.3446,258603.79808842458,477695.6288946355,1671670.8154445689,257595.60724986045,1046736.7653592463,21.12,7978.7,106.8,175862,11341.748214306055,641,1197,1290607.3068203824,1224,166422.11868171926,233982.29685239404,127.5,118.7,210.834,212.66,87.781,86.746,12070.1,107.79097982479125,77.45267542725571,16.354,2616750,336000,NA,4.524,4.182,1.1985397551225854,0.1436593433674903,0.5990570997212542,0.18449301077574995,1.1404800068431087,-0.29827845452793644,0.8282154819276608,0.8653057617189689,-0.5827335680117466,-0.2220724952609015,-0.7205701690500593,0.8370586954715026,0.29369370605862627,0.3884357579636958,1.3872108056087813,1.3137143573451193,-0.3154395674431903,1.0705772776219953,0.5568361762824613,1.0157728110568582,0.16099473680230142,0.5457403346596619,3.179926968024414,1.3151448868123807,-1.2442621773342533,0.3598118507342505,0.13912910399311648,0.2412117780312407,1.8826809040291272,0.39479024020507614,0.46494992680100944,0.6889074848644442,4.4380290454188267e-4,0.5692863886077519,1.6627240656197892,0.6920988189932149,0.5032243884391119,0.6145604855701773,0.8138659693526401,1.2482856283666408,0.45317630759138894,0.8841215086641401,1.613429244247809,0.8453353377945381,1.0977111426402115,0.05167763777833177,0.668078829597742,1.0515126442249976,0.15638857976108436,1.4501687423901364,0.46229649459191297,1.7097453077218372,0.07727351774567305,0.951806164081459,1.1101172965964965,0.11462458512576615,0.4280595236471344,1.4861075217098516,-0.5143250270381914,-0.1425611266184355,-0.025278369290238443,-0.15126074008539492,0.6615699918099862,0.6651591069625485,1.1397518806933773,-0.35419635197619753,0.6390173282207404,-0.8809536532393761,0.1027653151028421,0.34969299499809436,0.9667303110562457,0.4293848439693873,-0.8102326897846727,0.9167519451885859,0.5219630261454039,0.5753153163562372,-0.47521725999381725,2.0024276135451116,0.9323277144655079,-0.08209318905818698,0.5801984673122161,1.205727679597352,1.150805521757933,0.021930166979432206,-0.3602236063446195,-0.20204909057876588,0.7907878516900083,0.6101301310591445,0.08144673546391243,-0.16152024722069322,-0.3327056932821404,-0.07818747281621016,0.05967470431351694,-0.8781681687113395,0.43448085101811706,0.2787421428005158,-0.6078932192479869,2.524242284674502,0.0026487142812525967,0.9415880361638596,2.495867090736191,0.934446877824364,1.0423778225461227,0.8494258285546156,1.1242759048809243,-0.9346821312117995,0.9094716351126064,0.4416199218259905,-0.0107684279459981,0.8597012432135114,0.6738777193534258,0.7567795498801834,0.3335260042488883,-1.5534833789317457,0.4045194122455865,0.5331311195149752,0.40527182637873993,-0.4412704271006083,-0.24725728668759323,-0.3652338180958571,-0.23801875550950388,0.6698670796403396,-0.5760062728386033,-0.8979306976359718,0.8308675618040398,-0.07312969603537291,1.8166566537421869,0.312677482469337,0.0023261174655685272,0.5151735940202502,0.6751714510114589,0.8545712703689817,0.6373645643017951,0.3877819287213757,0.554558342000576,0.4255094414853154,0.31690829049358743,0.12833680706161296,0.229410676296493,-0.8970129421129145,0.6780500501142614,0.5498884012766353,-0.5715791212882486,0.39577869338741595,0.30017348146127937,0.503284883965215,0.93078091301288,1.9085119453378214,-0.4084999453157316,0.8025955591785072,-0.03843260502513087,0.15569442762228913,0.25310704046902033,-0.1173541773963254,-0.01866700680458911,1.0667742505262021,0.6347200301841681,0.8332476337170371
2007-12-01,138395,146273,4545,5,NA,1.7,8.6,5,-5.4,-3.8,102.3803,277826.6503000546,482622.97690489184,1677065.8927464364,256318.1942171304,1072963.2660483725,21.16,8025.6,106.8,173364,11334.788143298782,619,1037,1267436.1247499546,1149,167367.93053282416,231979.67812329516,127.3,119.3,211.445,213.168,87.984,86.92,12120.5,104.2575922895072,75.7868768161446,16.03,2712000,348200,NA,4.305,4.105,1.1909665332282617,0.035637018427708694,0.7789723197501011,0.4522304919239863,0.04528321668868544,0.10211964727292523,0.551316085679201,0.8407058306126508,0.5102903715058555,-0.16640651877660337,-0.8028400394957875,0.2435498915482599,0.2409937433749822,0.6082501622250521,1.1191041359062568,0.6610776091824131,0.14101358983582085,0.5096471365729339,0.6433701886520685,0.7455355721239817,0.5217708754207148,0.20984455246908185,3.2739311473240127,1.8556626019192792,-1.2864744188456925,0.45421703700330185,0.03808562108878262,-0.006465372741930826,1.5655147642557434,0.8234773543529161,0.4904440667234371,0.5728527867380736,-0.2492357363134335,0.3288360592309574,1.037420784690417,0.7428662446614424,1.2003403863992113,-0.5461086626718684,0.6629293783583742,1.238351787781845,0.047464344164542094,0.7661399111032968,1.7147827317528017,0.7969498826612562,1.606400496037194,-0.05645807473184945,-0.18935578761015892,1.332214776890297,0.3629333311852779,2.1356557445798954,0.32643426985853924,1.642537138956887,0.1918597924638783,0.9644641755831611,1.133902440364615,0.09558653978995492,0.8920501087911694,0.7252184420744701,-0.29190047142162845,-0.23297095584657965,-0.259032333554204,0.18346260623805172,0.5539654468439889,0.6587946063513406,1.587597839641644,0.9895718754268658,1.035655073107009,-0.9247543361374818,0.08506864104278948,1.1696191930233,0.7637354886203891,0.4701829901712294,-0.5815613964198876,0.8265859004400145,0.38095110235663915,0.35308839578892637,-0.4994203458304105,1.7758654625425034,1.0336166218049152,-0.1671999577654797,0.813365275376191,0.9552251743501573,1.281657298407382,0.2491741761146002,0.14639823472624988,-0.5427759716967169,0.2563126246556442,0.4544211956670169,0.3339441419935163,-0.2340720406915496,-0.05080786853465827,-0.2758408337856969,0.4152486231688193,0.07691438798889814,0.2108352770237737,0.5081956860673452,-0.09687558762981613,1.9060751832683895,1.2282996438868403,0.6532336285377153,0.9751563689147512,-0.4740519210355608,0.6503405637156179,0.39519467546045706,1.2853928613840737,-0.39632516855266187,0.6457209659314416,0.5452434622056109,-0.0013895809454024148,0.5754510484449308,0.952190447947689,0.09241721092859752,1.3017397881719084,-1.4609240655753788,0.1452925637918206,0.6981440336782718,0.474182810696777,-0.45207663884920607,0.23870177134673645,0.11733344109988422,-0.6215253746155895,2.2705580540568704,-0.087272603924611,-0.33390777224684615,0.7684833173858119,-0.13127960094076518,1.8477766836056486,0.25410161953393656,0.3326925909539513,-0.869091188074273,0.45255010076338814,1.0841160008805115,0.3111691823943272,0.7786861506386814,1.1351556399549023,0.6365967656696574,0.5173603106640673,0.041762043757381434,-0.43660587482918173,-0.6198293914309622,0.2928743783497402,0.9452340061014547,1.249817121498622,0.6493146098408031,0.24232947958129694,-0.012889882175495209,1.1136477169281584,0.4566373671942636,-0.16358491090905988,0.5126365719953905,-0.09072381469868357,-0.07820876280843193,0.1612698266299113,-0.43325197919314096,0.03580329679677172,1.0485694370128726,0.6692210764172863,0.2519132190996822
2008-01-01,138391,146378,4624,5,NA,6.6,7.2,-4.9,-18.4,-4.3,102.2448,271397.6373489332,487512.1873795433,1684681.2885494707,259888.21622111872,1089024.5561526427,21.19,8029.8,107.6,173145,11333.015894610344,627,1084,1259944.9017073668,1094,171140.2852413668,238684.44323515406,129.2,120.7,212.174,213.771,88.206,87.093,12137.1,105.37831893521982,76.58887334392239,15.705,2798750,338750,NA,4.02,3.7725,0.9865434468117015,0.34158262132326433,1.497655296753468,0.7820612130511742,0.7579779784624976,0.062803414608873,1.266921348514499,1.9835391067003678,0.5174657039639979,-0.03709140689159405,-0.7447123160467966,-0.5345280600119539,-0.60206785604268,0.8508721936729758,1.2685233011116521,0.5126656026460719,0.10047921367172437,0.6854137893738903,0.10531855181994915,1.6557692586780632,0.7018497306829997,0.7367045862107965,2.602866227683285,1.449615156046137,-0.5882461822509523,0.5999880899411576,0.5107819951510507,0.42599378295163726,1.7339919631980232,1.2251954858842717,0.0568278268995196,0.624756891936475,-0.129531572760918,0.37522963333360587,1.336908643909517,1.0248543651243984,1.2432883851762249,-0.20453243550490743,0.7407804764428433,1.4086897339185753,0.781798456518166,0.964438002840243,1.9076549034007948,0.7531594958649818,1.3323843655282477,0.1377469544942098,0.7140573115366303,1.4055002699158419,0.8639590295435693,1.1118000870896048,1.0891917372416366,1.823489772833569,0.8742885419529822,0.8612211997101322,1.3811432632665903,0.41147289161617256,1.8147516640880834,2.1256224411919327,0.1599467300376168,-0.13883805926285017,0.4759379677463314,0.28246950746798355,0.4687347312755652,1.3122320568683707,0.36599206901904097,1.6499030526092313,1.9464755317891413,-0.5219923038027413,0.43069320607747497,0.7815567540925348,0.6937327171497496,0.8861414224184575,-0.44458563876406293,0.6893128108880676,0.23693125449021812,0.16738329098407237,-0.4110503488182688,1.3291912286842782,1.3015136286690634,0.41897189237593413,0.6553411857701423,2.6392932339474124,1.2677497826236184,0.503564416127154,0.5559881161613712,-0.08799716286310798,0.5492253330004964,1.5434794823579434,0.28455794650595984,0.6288868355210879,-0.03974294951114206,-0.6388044495171521,0.20714302868626305,0.7213514895970007,1.0951023190486944,1.197041526979171,0.06719139129932371,1.7906988003614195,0.7407475507606015,1.2005144382483492,3.138626769858784,0.19668887220050482,0.5847561353575681,0.43669037643729025,1.5942629921520524,0.07564165603745286,0.8606008938683662,0.9332777548777317,0.005022427175166231,0.7042447748114533,1.0996174119081616,0.191491983668417,0.5662587907164184,-1.0713794565254946,0.07950880415709993,0.940053084454694,0.6401003707802659,0.01241669835151421,0.7917847196601095,0.3677007784923111,0.13889296239707108,2.2074379760298206,0.7190298539216923,0.7965963229114388,0.7055507131467732,-0.22610872363485102,1.3748902799448026,0.6792742514222165,0.4944168396372873,-0.24723777585164836,0.976339101624363,1.3246434458318233,0.4100512543234112,0.938179889893188,1.643545129436079,0.07883217289633834,0.6474027938713671,1.049227023978568,0.9016191923571336,-0.40542264147215795,0.5630996910613583,0.23671765403672676,-0.4510979538607406,0.4179376861500861,0.6132580800364299,0.7225485570883551,1.195682258479833,0.8850958652230463,-0.10806176749050611,0.5040150607078562,-0.26708803645390644,0.14541900197810795,-0.4401165975214426,-0.45712678562661363,-0.012428835135499205,1.1180771146476673,0.5801790912535522,0.6626045238752131
2008-02-01,138329,146156,4279,4.9,NA,6.6,-7.1,0,-20.3,-4.5,101.8438,265933.108551515,492196.3748274536,1688584.5890650547,258321.83023692606,1101610.0563463147,21.27,8052.1,107.6,171203,11293.815482790613,593,1103,1240804.6887375256,1014,173734.4708198502,244397.0491729085,129.5,121.8,212.687,213.939,88.382,87.178,12141.8,107.88395827204633,70.09050233328408,15.491,2844250,346750,NA,3.0620000000000003,3.736,0.7456050142368534,0.4941804000441129,0.5474466015081919,0.7829643955181719,0.5506191842965531,0.7680577533259938,1.5645323638093152,1.5891268735940531,0.6268216997990943,-0.7964986016767704,-0.6811613451629741,-1.5688023857313487,-0.14954022091777147,0.5476250379389018,1.4367423971605948,0.7500434665421446,-0.21319189779304712,0.5397159467471777,0.32024471669528576,1.5983990349316424,0.220768820704002,1.0598266823530935,1.598774881297204,0.8654417872431054,-0.7053310722707132,0.6209646493885399,0.8307529843887137,0.6689934943336574,1.9565681604603005,1.1164388196430783,-0.04297530816128954,0.42506244700986356,-0.31529828464035214,0.002149746294281667,1.3370001941419778,1.091257587371523,1.2013877372141577,-0.8088168315345218,0.9073599907089442,1.0617937595253786,0.12373464643598898,1.13889171682753,1.6690687734309058,0.744050397735148,1.476441933047,0.5971350371375497,0.9648245716253461,0.4151073562869417,0.37088668973233496,0.7049437778908075,0.92696085261288,1.573958149119531,0.42758365051881264,1.2385404923567693,1.2974080317906254,0.30226434662386065,1.5673250882081775,1.3567870328365825,0.10945705313099488,-0.0326220122012686,0.5635878684071146,0.36161777521875227,0.6019584248834735,0.7809963058648238,0.4534238959465666,1.1047607395114525,2.186117137304214,-0.5817506213903545,0.28245938627856826,1.2251062071380037,1.331084783137221,0.7383913415912373,-0.6858531336759033,0.34055727462236873,0.18188306873111604,0.2075088687808459,-0.7950525268878031,1.065415173546918,1.2861778575578469,2.353893944975572,0.5334156052929636,2.6582581680949366,1.06690667771173,0.5828372387718399,-0.012150425594296304,-0.3072844770642313,0.8748106188101938,0.8711355481083555,0.29492894067580916,0.5325145256492266,1.114575604678042,-0.3024314671928107,0.8295267455991004,-0.3541750020333357,1.1938954993409552,0.7489691785165485,-0.19011435726031556,1.0048401486055976,-0.027078556793539394,1.2278534597573991,3.8393358728876037,0.6550972434234839,0.3354379499599671,0.04337575642348534,0.7334776740122191,0.0390524642917302,0.8670851644548414,0.6369814019636136,0.009838913266624776,1.0494625207120123,0.9516248537956825,0.12206021959015188,0.2859409436298779,-1.2658391675441563,0.21940576118518126,0.9315774675859612,0.13963390039011553,-0.2525503786630946,0.8368469554463238,0.08306995878348897,0.16692661005356643,0.4181099410897203,-0.00909825864890032,-0.7872574624426106,0.6786420671414725,-0.40176654025620345,0.612650197671099,0.4429107187575843,0.1669680844305044,-0.40232594375150194,0.9659549927795157,1.2688807442303363,0.23078636898292798,0.7861650934058915,0.7051705252599869,0.3622533785085909,0.5299856901256697,0.4438734074017207,0.07776087676957433,-0.21304925832583615,0.5607377231309417,0.46647885774181713,-0.9815792726028966,-0.02615902258040737,0.5192572014856702,0.7166844740147481,1.198661578150983,1.3254870690534315,0.11528273268949005,0.12061112923713554,-0.6107583529324716,0.40788030533420494,-0.5916660668042375,-0.26281148823326284,-0.040099352635060856,1.230389536514094,0.026559720173627604,0.9497390745453616
2008-03-01,138259,146086,4225,5.1,NA,6.6,-14.7,5.6,-14.7,-6.2,101.5336,264983.35871833924,491726.7445140182,1683468.542755247,252163.3666158966,1117964.6866362046,21.36,8082.7,107.6,171079,11322.05110847859,535,1005,1244932.5887064927,967,172290.85575675522,238434.0271901619,133.5,123.8,213.448,214.42,88.635,87.349,12145.9,119.09516556664974,69.08846332619189,15.114,2912800,363400,NA,2.6525,3.5075,0.4819811230677324,0.48198784887990437,0.3815008747185402,0.44282325888971974,1.054198816835328,0.6805317971358518,0.6319151575991481,0.9201274535182319,-0.12432658163180843,0.07912060583513784,-0.7616079584658636,0.16937380968936286,-0.33234362249597027,1.3652611286599297,1.1407333074258486,0.9394626272560372,-0.02761459808033585,0.6975395970032259,0.43237368291657247,2.040385816737377,0.45233850832159583,-0.42371987969203484,1.398388817640879,1.107721181882974,-0.43097929272713276,0.4576684162272711,-0.4532133858984684,0.714995498506374,1.1572680496677694,0.4938412812166815,-0.023146025863522112,0.13926203223363406,-0.25119449138150113,0.07646760746102535,1.9015214673643568,1.160740800124283,1.43645452618087,-0.8555482696667275,0.8609050532811688,0.9555612720927847,0.17366859881148428,1.1034551659990255,1.3557144470571922,0.9398421760068414,1.7221579622166754,1.1082259300263557,1.490593439203455,0.4518325320016225,0.8062879431649151,1.1883779740490317,0.891001812735851,1.6453279847655293,0.6347062644854587,1.0386277994065842,1.11676124669185,0.3149155311053118,0.815059944206969,1.045473881897447,0.12891159733575988,0.6191438274207255,0.33277165445550494,0.8891246213449879,0.5787743788251011,1.2131845360883386,0.65352978684738,1.0751161825457693,1.7033172448471345,-0.863476495004043,0.451188949759286,0.16269995360475933,1.7718038998577759,0.7638746431647895,-1.1361879796168597,0.37446216371042373,0.41196899539677434,0.021469910012520133,-0.5157786690100793,1.1698911720451601,0.88682231441459,1.044161573357172,0.5456583853967589,2.9615773635500062,0.826993066292089,0.7815802971843667,0.06139877974126996,-0.21112839026645755,1.0367145741948833,0.9721965349374428,0.16557147737939198,0.5228992140104481,1.237838752997632,-0.4784596887853709,0.6840552703577705,-0.393966654453018,1.2561116841598832,0.9706755405545119,-0.49453865328638835,1.7944574744227684,-0.5219974482322635,1.8790084813837702,1.7605960327629437,1.4898087030426745,0.7117838790274277,0.4703031588711965,0.8756239505014016,0.04522049948918376,0.6349278495694177,-0.08400116368858704,0.006557359560542946,1.041173269698643,0.6633078101464219,0.2302834631005104,-0.02945201215432412,-1.204220839304915,0.447946135576945,0.7326504740146775,0.0679930084675559,-0.06596753512871185,0.7012393180744595,-0.20100640736237887,-0.023399790749362184,1.2476666638762408,0.3121473390442697,-0.5175588536454456,0.6204901012371605,-0.0352951874638165,2.111244919076541,0.018273123227840866,0.11150623817795319,1.407886041421938,0.7861072283362186,1.3707798910298983,0.5008635870381661,0.8337966662722363,0.8572901474412115,0.24777275032542576,0.5964580123119921,0.2713284781530714,-0.06382770246114697,0.18906464226996303,0.8752963453756694,0.6148859250142195,-1.5176422628426727,0.25774630550480243,0.7332015910325544,0.1314586362891212,1.0746870594889188,1.6778156064860699,-0.1742639652148558,0.1692342638781946,-0.6239440289013894,0.2491775746398833,-0.5886620217365149,0.2945876509750756,-0.05563867435392029,0.5447766348521509,0.02538116615763963,0.8432488022022375
2008-04-01,138040,146132,4035,5,NA,-3.9,-3.1,-3.1,-21.3,-0.6,100.8785,260234.91255532153,498735.34611876257,1689892.5879049755,257571.59427471028,1124755.909413394,21.38,8050.7,108.5,170521,11340.5556368878,536,1013,1240162.6144438563,1008,177191.18458541197,246956.60987173277,137.3,124.4,213.942,214.56,88.799,87.4,12100.8,126.76944560186487,62.35814417725572,14.605,2964000,359500,NA,2.2725,3.6425,0.82628227845572,0.653440123615268,0.7462393328276218,0.28431604775399455,0.785612017980009,1.0069937286062975,0.8384930759524161,0.8644418902895703,-0.426186980522632,-0.2107426394706254,-0.7467409308160298,0.38670837961117555,-0.0057361129599687475,1.0744074057089221,0.37549922446812467,0.9277465383865332,-0.027618881698260347,0.6532969868516658,0.4719254253274149,1.4921354834280818,0.6514535178375086,-0.5546403582637283,1.3428859555117203,1.3130751846922122,-0.429736368125971,0.36114994013372714,-0.5984419700302532,1.0512559430916673,0.7057626448049975,0.4529740171562779,0.1272486874558016,0.0831460345591813,-0.7113706100097346,0.04022984933401824,2.6403332939183715,1.494113927258083,1.0798448850401312,-0.878127757752555,0.645421328866472,0.9478650306583509,0.07056417132480378,1.3652326110185744,1.2339721410951918,1.049629581540517,1.5689367428353809,1.5499095460172336,0.8010545976942353,0.8214364954365667,0.819330397750479,1.3760561831718174,1.0643121642478572,1.564000750845229,0.8963838221301444,1.2691328889520175,0.7925116605817916,0.5400111450456084,1.0273912731509576,0.6872748069613991,0.21471978548748957,0.3753431115267552,0.6360908433539185,0.7516107689511181,0.5422228690180086,1.4188760247286687,0.5311542671219881,0.7457037129506876,2.1038267956547143,-0.6436091854817637,0.7659225889406245,0.4273291910038239,1.479489235141345,0.8726962107838554,-1.001473220533208,0.589021939613267,0.29865089005152684,0.0777589141833363,0.5289849928928897,1.046867508629985,0.33910677307356174,0.4601522824347553,1.24404825882409,2.2082510170759475,0.7388602781333367,1.4052391119474554,0.2701977342129479,-0.16647384657273134,1.2632274023632324,1.5044626382378352,0.7035350221605121,0.509632557679598,1.3553936698058564,-0.323260071225927,0.06845266374516874,-0.4178909311790554,1.1073640119367332,1.2898138488723503,-0.07178334849325986,3.0204728131312724,0.5323738111283126,2.0504647063984085,1.8833446270454617,1.4470407742358355,0.5481239872573869,0.5606300558854393,0.18116780063296276,0.5128973156765143,1.197283053063963,-0.3938776682253881,0.01616804596364424,1.1389958880578066,0.47801242060605775,0.042460325743292913,-0.11983489347142719,-1.181739183207873,0.5678865099295968,1.2066437574557203,0.1910784844781785,0.2321309655547398,0.2744069352086621,-0.14886313503436716,-0.09678776697664905,2.1881750791001005,0.49069544372531476,-0.7202563792428809,0.5004143595573992,0.27302978724094557,5.211858559418838,0.4858238606324191,0.449178423287481,0.5581322122061578,1.016733811404208,0.9783860013030573,0.09972733703825779,0.627191534996153,0.9814919732701294,-0.06697053574521009,0.6204713039422429,0.2860114742158649,0.1292073045509837,1.1960385972901226,0.7543555924909193,0.6183251993952552,-1.0153295564505003,0.15756942039471244,0.7007952044751428,0.31664884700769735,0.9198434256222764,0.6002397200829811,-0.1211151188838988,0.2570482137922892,-0.28919755574185124,0.2245804357691039,-0.3713237063928354,0.34737755209878124,-0.05616324014396141,1.3268216719305284,0.5607854897239936,1.317236961501527
2008-05-01,137851,145908,4194,5.4,NA,-3.9,-3.8,0,-16.1,-13.2,100.2674,254956.26822157434,499424.7589145548,1687563.7366515591,252197.80219780217,1128732.899753308,21.47,8054.9,108.5,171116,11361.628167750616,504,973,1235195.1110114374,995,178184.5705315093,246271.58555729984,141.2,124.8,215.208,214.936,89.18,87.559,12696.2,140.60327427674366,59.66727538292947,14.697,3013600,366800,NA,2.024,3.882,0.7646042761863509,1.0436421451883287,0.8043152435858796,0.3247986994441251,0.9070631481476821,1.436412227696542,1.0132105515152574,0.7142901303137379,0.05141741793212165,0.22087191968392217,-0.5320164923773035,0.5792980905828243,0.020899845297314923,0.4739368018700235,0.08371496461681904,0.8167685624681553,-0.21319490321094797,0.30885292552565874,1.4542671645941976,1.5004441092706358,0.9265756774207735,0.43888244839881285,1.469744129828206,1.5758664126171704,-0.36256539299541185,0.8479693175559982,-0.6796829770805849,3.0754061186238935,0.23255888943813788,1.312248374567553,0.2156732575110956,-0.06565438072579527,-0.0737695935649287,0.06012634121250643,3.722446443102706,2.1529126651271158,1.041011027956289,-0.69033817762855465,0.8611816662455908,2.041240924468628,-0.24381420376776863,1.4954403711950286,1.3269033432753807,1.2264694393473514,2.081985941974568,1.2995069973454496,0.7287087066710874,0.8139740134412249,0.45182019383626115,1.3373336982176116,1.4782789313939815,2.0212448026595147,0.8873979416394842,1.090670610114113,1.0630325202620148,0.41956377050201477,1.0308345099997962,0.7457514406083342,-0.31628374053767017,0.7032584045856494,0.7386186409873513,0.583024726658331,1.0249086263598834,1.649780446434457,1.0860312757357184,1.3245664557505064,1.3821350896055498,-0.8893255377981847,1.0909005515482617,0.6241043178301683,1.2670427540437867,1.0050440233651092,-0.13816048615555174,0.7601468219250715,0.2979734848967492,0.27941230681718826,1.1522774783221799,1.1230143376364998,0.23824858280779904,0.11961748198799789,0.9259456525244016,2.436620696532147,0.7598919149666706,1.4851886999409594,0.6234649003158087,0.03422542403823332,1.5420238486903584,1.074209212055692,0.7060711675937643,0.6066220982001559,1.662555560307619,-0.6004232083016524,0.1061177659615238,-0.14335137852477414,0.9388847895118138,1.5731064594857707,0.24565631496483556,5.0683505683346946,1.2540545916559573,2.352848993012637,1.6646373035830722,1.5389660092655097,0.37085891284121575,0.7057500701423257,-0.054655990703242396,0.8222762801895777,0.9000232038893518,0.16275784281547998,0.007686956608297616,0.9085233637185182,0.5691318660630311,0.017469895107920495,0.12439023924189285,-0.9947418291098129,0.9638087335048378,1.5769993356325605,0.4262182040504477,0.36742545176724334,0.28495033491680716,-0.27616834055245054,0.03673449119890619,1.735988007088086,0.6552701679451551,-0.5682919017224953,0.5174606796109216,-0.05165527496018056,9.124505036824262,0.4178661079103533,0.7381029947114991,0.033159942057689594,1.2020658201324315,1.2560494846269947,0.049334466546338315,0.8382981398133396,1.360767821482815,0.6551166806642937,0.5403308589194553,0.014434445820730871,0.6412650030769551,0.8143930861301575,1.2295928649317065,0.7568406246609639,-0.8656353102012215,0.020288870151969902,0.6278264470468857,0.17157921585630714,0.807711335714105,0.22617934220082506,-0.07067198032702007,0.6222238750411566,0.059265356484385856,-0.1150310716072492,-0.30159387930175063,0.6529387979248163,-0.0408877271831096,0.4901831389223218,0.5652147088623289,1.1213744872111173
2008-06-01,137700,145737,3830,5.6,NA,-3.9,-8.2,-7,-16.8,-6.2,100.0335,255226.15694612978,503003.5512707761,1690649.0084165172,251727.20896835026,1129737.1614325314,21.52,8059.1,108.5,169650,11340.799536887573,487,1046,1213552.7180023824,1180,182441.80480256493,248384.11613434713,145.5,126.1,217.463,215.424,89.827,87.76,12376.6,149.09771004263752,55.6619562339933,14.377,3057750,383250,NA,1.9849999999999999,4.105,0.5300029953889427,0.1522478175102258,0.5809906147425966,0.8864594081248062,1.172161319139887,0.35408662706655897,0.7448161845276908,0.17849016644788288,-0.2672571038918762,0.5211283903336257,-0.5224194873965767,-0.9187785293445329,0.15514673966568396,0.5067109521325894,-1.396299711524755,1.2355093813154432,-0.7273270411250907,0.30266681952929647,0.7821695252901824,0.9787960195277055,0.9696367031354648,0.251807819179428,2.44005667694764,1.6325355378389848,-0.4863384754877946,1.6733891680038426,-1.4700645939465555,5.498491086814464,-1.2694901568324355,0.4278527470814302,-0.046904460774750155,-0.43367862235266336,-0.12247102365493871,0.12714923015842575,3.5476378696877133,2.529991001202748,1.3121753824886264,-1.3670594380529355,0.17012558579081355,2.1555921444566017,-0.3640405671336464,0.8884703308228673,1.6330062036739852,0.7291259435732486,1.081395071483637,0.7708964728699108,0.8168382301021019,0.05728108591911279,0.13431563740480737,1.037869406103653,0.9286129036852123,0.6706752439663389,1.0055223679591139,0.6858681957475834,0.30588677586901036,0.23500171198121123,-0.3371862780146076,0.02576314676320829,-0.2184243017564478,0.2378519329864952,0.7028934955974502,0.9861407094966471,1.0922377770006446,1.2555055334235965,0.7749152613622778,1.847782714840643,0.4816384435627589,-0.9624861462236383,1.0698979988189445,0.11395754546301913,1.1340970920303048,0.528666692470471,-0.0414088337459178,0.8099233578630792,0.20660145337918107,0.04906636283775704,0.559430776921498,0.8315835963918347,0.2948368572627782,-0.23600168035189667,0.5736328795323995,2.6013802326631446,0.6289388700991736,1.6011806845989773,0.794217878386285,0.05424270966706625,0.8663744597380978,1.0810041538131945,0.3058756894665074,0.7332856519529382,1.4046428528666837,-0.8614738255504355,0.08188803314918024,0.1668621977828941,0.6528996197437318,0.9360247069602526,-0.005099132732523374,5.502785240850501,1.9923191959421152,3.1986155441795576,1.106169590565143,0.3645878132770151,0.4284887750690603,1.0828717623440147,0.7667574392116617,0.22323952360894642,0.6803942750873512,0.6031769714057986,0.0030010838213348195,1.1279073412017375,-0.325541871342541,0.4136895748541165,-0.009289368644893303,-0.9395674179663541,1.1774069087794246,1.7034945724266304,0.5851626583767225,0.5237291301718667,-0.08107668284217022,0.03890146661195281,0.16756558880768285,1.3976010651201292,1.259447542628985,0.16223400914166825,0.5845635103452546,-0.05603317402159468,13.560161522181827,-0.011539935652871355,0.5984940630879466,-0.4959862096805878,1.3248887337754938,1.2860652690058274,-0.1985105273061221,0.9111775946257524,1.6001424471767978,-0.17500095351160166,0.16540293522838231,-0.22800266242144843,-0.2773606937130619,0.33475050594226563,0.19511070279251475,0.27137888096230783,-0.17864009750490073,-0.01991779948586063,0.7669831521918573,0.03102150219391947,0.5782057342884348,0.1950486686238341,-0.1461695397623029,0.6862938948300658,0.2279607812839848,0.17030302065098119,-0.18085666097046277,0.4437944330954881,-0.014217686952917325,-0.10306146159836237,0.27134186795681375,0.6418839481120352
2008-07-01,137497,145532,3749,5.8,NA,3.2,-5.3,-2.1,-16.2,-11.7,99.676,244236.24577538922,506971.023325392,1696158.027521491,247581.58346722808,1127547.2325336584,21.6,8057.7,109.2,167839,11286.054629065322,477,923,1204445.6756607015,921,184011.30256523908,256358.8010416089,147.5,128,219.016,215.965,90.245,87.918,12188.7,147.86414759820488,60.95701570503349,13.006,3176250,398000,NA,2.01,3.9975,-0.17658475846557284,0.19724495710820836,-0.33299721184133413,0.8008203478484377,1.5358222354783135,-0.17609961987069744,0.16738350477435499,0.05541947108450206,-0.5069884009046896,0.43614856441016003,-0.4290123933606664,-0.8350677594558219,-0.041835744503532085,0.6267111006612684,-1.6696359537473122,1.186730565093628,-0.9174304742667049,-0.15091732431606256,0.6041868419210955,1.3021912176097468,1.10580348693282,0.20911586972384943,3.458671830998784,1.0295855194615973,0.3866138655844524,1.255221203099951,-1.4711637667500048,4.312917301724235,-1.7557969271787248,0.12750889228910883,-0.3519517054929627,-0.43204444324704544,-0.5262085874170713,0.12672419539692414,1.536385721882439,2.0094450898113068,0.21220956801057075,-0.6318571628184771,-0.49879717479032,1.725743069357292,-0.5531655473842862,0.6102112859403922,1.384079081456602,0.6440827913385125,0.7201605724079966,0.9861036380779747,0.6921817075965074,-0.12057282040829302,0.5465339279336868,1.401908993597878,0.20537271031539922,-0.2862320954014517,0.7914518570704605,0.08462934893475632,-0.4326934254444573,0.001937220363835778,-1.2708632833518274,0.12686442104926654,0.1696359281570404,-0.062226479627775715,0.3683982884699036,0.9335159242449593,0.9786391614693047,1.0089008536088053,0.14568800550089236,1.4111485286982695,-0.8189245658074742,-0.43969986820507634,0.8381818022899242,0.08498747740562637,0.4437133429382268,0.15885807394972232,0.7277312298695735,0.7972066059480529,0.008465240027390058,-0.19433828886621257,0.4095967045331866,0.5511378952583561,-2.305978883143907,-0.10535719288049968,0.22229267204621297,2.0053331170889024,0.26689137025495,1.6772778862903108,0.9621184727957481,-0.03145260382723045,0.6539989912148843,1.2234179308247204,0.2974033119634154,0.6235103965331319,1.9082175288326642,-1.1863744406331618,0.1564758688264142,0.08661987666248948,0.2319686003130012,-0.5587262763527018,-0.1652327277482563,6.393534053629155,0.7499063150692784,3.4136753522019174,1.1690500900485994,0.9116573326466327,-0.23986453366606814,0.2499488215365173,1.7108211889113991,-0.33544091896924944,0.404510103291998,0.6170882654237442,9.710772958704732e-4,0.7213781590947073,-0.76127024817008,0.5111043350601888,-0.15292273134321774,-0.7620138061484019,1.065569297670397,1.6089008140069414,0.6899091236995891,0.4104146663979503,0.8386938485330017,0.4708415896214107,0.06542715377323322,1.0288090972510515,1.1053244503693382,0.7871076737227575,0.550896812709168,0.20383532206669813,8.865432260224287,-0.01585922422094474,0.7223000658475538,-0.6764043094701961,0.375216222639958,1.5872055012004769,-0.20992614106282584,1.0291051200216736,1.5786052958677268,-0.15599029358091562,0.17498679076576407,-0.19536804382573308,-0.6014420628275811,-0.7229832230852801,-0.0654272027496873,0.1283365030844174,0.5683636109490168,0.04279930652477591,0.6449723049006074,0.13806267745470324,0.6888708696576825,0.31959877840855944,-0.07517846149642031,0.36466453086746825,0.315574442760181,0.03057350478642431,-0.5913598968791948,0.3382812400078751,-0.01973941626705668,0.13714734508578086,0.10294489910390509,0.18212756490203025
2008-08-01,137211,145203,3674,6.1,NA,3.2,-0.9,-3.4,-17.6,-10.2,98.1111,237441.77793550107,511708.73441866663,1696375.3333775897,240493.72310695116,1130895.399902409,21.7,8078.5,109.2,166725,11284.766889943665,435,844,1186704.2984518476,858,180899.83586922768,248190.12553786096,143,125.9,218.69,216.393,90.172,88.026,12120.6,129.31952268997028,63.721772649477934,14.119,3378000,433000,NA,2.014,3.912,-0.9934807451845761,0.47490381268106313,-0.6197480658521656,0.8447716431570471,0.22054836770440747,0.11809839527092125,0.014416251485235584,0.17396966889846724,0.10028841218305835,0.32863018471924305,-0.40951855515972174,-0.6922100693840022,-0.1359164225747558,-0.12414700113276177,-0.5701379968178069,0.8813659406831537,-1.0581589777074005,0.10985165124236348,0.35925444022344794,0.7714734890769681,0.4140496780110245,0.16830208990378423,2.0899904729382253,0.8936786733305846,-0.26284579167988725,0.8307336779395244,-1.6204654651357981,1.9439969967191553,-1.1273441288560753,0.017056566639116626,-0.5629325865854429,-0.1856000623322368,-0.6252724718478062,0.0799717463086561,-0.0016131849378124984,1.6256231242968013,-0.060371836725406455,0.031332519580352054,-0.6022681911152472,0.989970620446527,-0.3703336064979025,0.2585147208123953,1.4227477957158707,-0.03605501743462311,0.3312214434994346,0.8670619863637474,0.7885741203967297,0.14821968841520589,0.5959269361627098,1.0662766289158023,0.23996154702045056,0.7806749933027998,0.36767793990625897,-0.17135107330826832,-0.6740716931896571,-0.08645089533690968,-0.3171843605541528,0.06255627944433487,-0.10388180461851726,-0.26135267683089763,0.11931830380352934,0.8891542787459443,0.5728412169189604,0.617453685110679,-0.3915490731266934,1.4214713084541906,-0.3621110898804543,-0.30717508750288475,0.3367347036142784,-0.527594178211212,0.2867455265144998,-0.09409165860975491,1.33864967055489,0.3643800330179418,-0.062061057172240766,-0.03011695109091405,0.28663542668166203,0.5845299380132124,-0.2863940818072263,-0.7535029298151575,-0.35662646703520123,0.5145636458307269,0.3726317837928206,1.1573232631418675,0.9019110530895321,-0.03649103301425826,1.2243980097088671,1.30311970184984,0.3415244041559398,0.6162446426084691,0.9744200775246395,-1.1086162076994752,-0.1415987946654641,-0.018016964707856874,0.07672748025834894,-0.07499428207650867,-0.2619991514735788,4.065423680609336,0.7137789839390856,2.562890204972086,1.3742974763902072,0.24765014389551765,-0.34142985212020066,0.11920024724495372,1.4917470667913078,-0.3585551869167646,1.3269552876954034,0.7226566243712812,0.001048795396703837,0.6337979668875445,-0.3134918957409808,0.14682085151066573,-0.2312621693643943,-0.5113893392353184,0.6512691530876872,1.0478406199868397,0.41160505405322967,0.38470070231921094,1.0930806815939598,0.10929848802933435,-0.04734777856910432,0.38381990626865253,0.9337799647678512,0.7484051718381434,0.08185972914694464,-0.2568512546252656,4.071959083956152,-0.10254065494874243,0.7796115108750182,-0.1609174934484204,-0.2025974071791491,1.4339931022251562,0.2729171013094236,0.8319505852865057,1.1827681317462078,-0.19988626935683856,-0.24695670599320185,-0.2500809165117763,-0.616166992058222,0.02519844441097121,-0.3461550170489489,0.17885434714087076,0.6745359712047936,0.021799077767072395,0.40692983462246807,-0.17054874757821523,0.471539038155506,0.6981916090014375,0.03515177285729512,0.6446082611204479,0.08694936567751498,-0.07723893815333305,-0.4921171478444764,0.2043941142565703,-0.01888543994999731,0.735973615202988,0.313271028223792,0.04207882123265305
2008-09-01,136760,145076,3222,6.1,NA,3.2,-8.1,-4.6,2.1,-7.2,93.7895,238506.54315378907,510292.8629206511,1685624.0883413265,239340.9199197757,1134492.0052744136,21.73,8087,109.2,164015,11209.680100169535,433,820,1174087.78131129,797,171083.8033397232,236134.1651246025,137.8,124.9,218.877,216.713,90.247,88.116,12149,115.12848072512108,70.80475876058904,12.961,3521750,464000,NA,1.875,3.6825,-0.18067484795125277,0.7657421374152307,-0.3148211221717328,0.5511283953586376,2.1913165353902775,1.2181448706435978,0.9959119656023345,0.5097472098388603,-0.0845665319580292,0.21770266776735536,-0.5460438733879998,-1.931764868670983,-0.026048857547742797,2.0981919793729693,0.3835695037170999,0.5250451587240095,-1.121174721468103,0.43039752839802914,0.24576687010754095,1.2668650889255044,0.549504835771385,0.6918112823224816,1.0593842217359521,1.2117128143690372,-0.40196312826593766,0.9640380873593077,-1.3556371215342229,0.8421274635944773,-0.23604131394633465,1.0635128353444216,-0.4085029940942592,-0.7263035002853337,-0.2766975819906825,0.07733079430129262,1.0218493258678132,1.6557287679437815,-0.2535156364991245,0.4763927911021801,-0.41599311114583565,0.27550111568141766,-0.33281280614694275,0.7153999400852822,1.6434831389205637,0.3865100157849814,0.34737526958762166,0.4327937432706646,1.197999094913744,0.41558147263400286,0.10189382812389601,0.5904182621837561,0.6131837083464512,1.2438865140371451,0.7627206116606304,0.1728610729597948,-0.3012125794505134,-0.12438480314909135,0.24740442529282855,0.08308675863971308,0.329311658999969,-0.1443445080249544,0.3975802330743096,0.9154659387752847,0.43926297729237207,0.5453283224731562,-0.04938797643674338,2.063845326814887,1.288366122186264,-1.0122301356023584,0.3307844038547241,-0.2523614428204915,0.5824312058539836,0.13108375028693278,-0.5357871663094149,0.28099899724218863,-0.09700594112101603,0.19656798496956215,1.7247209219458441,0.6367272102274036,0.575612323115015,-0.08247171518884809,0.3045135218495183,0.5956972089734442,0.37830498782153926,1.3519079886959828,0.5307288887925155,-0.1632018307449001,2.2457220679439174,1.0124034222708473,0.4009544248032492,1.1276738608738517,0.9140687626177386,-0.624133982429004,0.044715949633313976,0.05731760797495256,-0.07788508994717007,1.1489903379380184,0.3381191757677752,3.0520270707077226,0.32659355308880045,2.648096761234031,1.6110161766292657,0.5951382115803234,0.0076222433695572606,-0.24176764370879014,1.7243021109226204,0.15399393788636997,0.8683667499298422,0.7007289079458998,0.0010986709136190514,0.717063123222285,-0.11521045306884907,-0.21420952601679188,-0.2430236981354989,-0.007706021651511228,0.1648006027784765,1.2875152370484353,-0.5628440313918481,-0.163754034843526,0.40906543353864333,0.4479753761242278,1.466715885856488e-5,1.4663885493814754,0.5100072545644264,0.7295020794905461,0.33273109839554066,1.2092895427985833,1.3802415121881326,-0.41928244970978,0.7994472918491172,2.290323332372569,-0.02956624336860436,1.1953584445776053,0.23039742633670568,0.5289205777918484,1.14565171852199,-0.12940627082670453,-0.40472328271136315,-0.968038428186636,0.11216233961771761,0.8852333465680358,-0.6725956378066998,0.011242342750265642,0.20442063419291284,-0.2211825550753983,0.6563971045577397,0.1598177485295501,0.42120359592020395,0.9419766536357177,0.37365775299162013,1.2205512600733965,-0.2876888271594041,-0.1699762341162122,-0.7539692007081528,0.03141326721557112,-0.010218695609139827,1.4951200369626547,-0.2679128457728905,0.47758087820320083
2008-10-01,136291,144802,3377,6.5,NA,7.6,-25.9,-9.8,-37.5,-18.4,94.7219,214065.6545939253,506310.02442805993,1679752.53130331,229499.94980535636,1132473.7035838976,21.76,8110.4,109.7,159514,11192.401646384313,393,777,1177855.2386476446,736,169188.29683996833,235086.05592798744,129.6,122.3,216.995,216.788,89.651,87.991,12240.5,85.49820972437564,59.021685843922384,10.933,3731000,475250,NA,1.022,3.814,0.13401481465633905,0.8078366451761043,-0.211747766942901,0.783092458081041,6.253632256006513,1.9579358414596915,0.9342868317553271,0.7777045241080877,-0.08548715505993594,-0.06101390050913872,-0.5504606702575779,-1.3914425554044525,0.3144967269427273,3.713247053564554,1.0720691087317145,0.03354991246957894,-1.269203498253578,0.6679951581401016,0.2098757957033797,1.588375098511887,0.6077128643661319,1.3624012577692157,-0.14052687374992584,0.7363015099849393,1.7151924979668192,1.10890245286707,-0.8390223971739307,1.0598464067871767,0.1107586237329158,0.944009772804805,0.16988775208054485,-1.0460001335736167,-0.52041506490421785,0.04001813163906358,0.865678924688716,2.1612672222335627,0.015144164860949973,0.20250697534813558,-0.31066871096284443,0.5255057082849547,-0.21925098443436436,0.7492201691631843,1.8756985351461979,0.4028854263011733,0.7790868865985816,0.4593917899916957,0.7267370202981075,0.4397109249996261,0.07242087215014895,0.43268919593341576,0.5639198528325385,1.7096748494604996,0.7646903836392348,0.22879806525860744,0.07818101255116851,-0.11134135262903365,0.5758828814756455,-0.008660327980145514,0.8343325750564488,-0.46550148833554317,0.45652274392198244,0.5383594321736073,0.6649157775222484,0.31098932835404103,0.015667359775211075,1.470312451798081,2.136590092290198,-1.6726850447061457,0.46815153431775575,-0.606474572833036,0.650911021573645,0.158417421879984,0.8551404060629442,0.34426038247642593,0.05098034059597499,0.42305111696046044,1.931974942487157,0.5446534021809235,1.357804838528015,0.6653431109027477,0.6315266443208531,1.1498521557585335,0.8640346067420118,1.5443856515378134,0.32154765695431425,-0.1352160270687352,2.946518067194601,0.7378374547358373,0.6882029533845111,0.7657859911064199,1.0307148079785946,-0.5893190630395656,-0.4272603270221817,0.06665648725062114,0.04049915543891368,0.5449681165108801,0.28863424400278587,3.1361161235417634,0.07874186621313502,3.0261635006527907,1.2485433330054438,1.4591706544242455,-0.6154663702485229,-0.28521017731249765,1.5041756594342715,0.3911193132907387,1.448820685718792,0.30510362388898754,0.004978668203395687,1.19388948419729,0.5388648154416081,-0.1871245148152404,-0.3818058641491842,0.6612439694950708,0.1057439860508051,1.5121236659451,-0.1326063573870828,0.4322958876870132,-0.43163055870677547,0.3261154266834284,0.0291322681186769,0.9664615766844129,-0.04157781610680591,0.19764853140510527,0.7657286535063524,-0.2823689025607512,0.7841496541306963,-0.2494049578095945,0.6386440472866349,7.231696739999702,0.17810335242154496,1.0058245363844796,0.6279286626360631,0.7102290175870382,1.371581679327372,-0.1096307241538638,-0.47126684027245364,-0.6608252597000133,0.7347926986915336,1.1218388418715581,-0.5697830546192879,-0.14481027828741355,-0.035451156649815845,-0.24851647849948216,0.6168866912241133,0.1791576092764842,0.29662895676111056,0.870521327247601,0.2183174732028046,0.980941669250744,0.06082794051006829,-0.24848436799289586,-0.5437350645343888,-0.3850733109662993,0.006346690368873379,1.7885650699914004,-0.24302771564770356,0.7827723650617984
2008-11-01,135541,144100,3231,6.8,NA,7.6,-22.6,-4.8,-40.9,-18.6,93.4715,204928.1545946068,508671.1139706297,1679455.8921194642,221692.45877213776,1133953.02111905,21.86,8065.8,109.7,155990,11157.992166423985,389,652,1168301.1073109615,626,161212.51114647885,210036.91036537875,120,118.4,213.153,216.947,88.593,87.952,12345.9,64.83582224329236,56.65267542725571,10.526,4096600,519800,NA,0.3775,3.52,-0.14715232906645792,1.0390424197565862,-0.14752228379383192,1.0464251133480624,2.1045910550558315,1.2690540451525023,0.7863954503771036,0.7583722207064696,-0.10373116547659585,0.1101410782708202,-0.804696268844034,-1.1586746050496788,0.1403979415905433,0.893262705635527,1.707507866240431,-0.1638977069809253,-0.8683878247244674,1.346540052622953,-0.014477345666807525,0.7140085909475808,0.7974994040530692,1.0281449954079087,-0.3457577761058604,0.7288932775194836,4.179226487021591,1.0478156015350406,-0.19874420797225184,0.6043960502826691,1.0331645759236021,0.7965495101838206,0.8548962667039635,-0.8391914914993353,-0.459454091947541,-0.3449395830143933,0.8861205354821079,2.177503734661673,-0.1750384294534241,-0.15660166648752957,-0.2711113774316969,0.43379160559298996,-0.3091352997221347,0.6699352977311173,2.4943324310389565,-0.12965601738440177,1.0822265478567394,0.10391667324624372,0.5687915572999372,-0.13365821517145055,-0.2970284827715985,0.39314558893134977,-0.12064924873579844,2.680759474530419,0.33242038347751274,0.40599897198301166,0.4173565357560341,0.30318523769914074,1.182799347204227,-0.33370356515904803,1.430227095790942,-0.189190223858887,0.16348262002370023,0.46734099192353007,0.6073973722505647,-0.2204144055450468,-1.2046049532134482,0.947736482530882,1.4989437570753323,-1.6286631964710074,0.6165088038951471,-0.8998731383181667,1.044412683202326,0.017481565464524333,2.1366463138733605,0.6065197322555446,-0.30041944293843675,0.2748446997705761,1.7000044170702595,0.2826596425267197,1.7667462823829319,0.21571437459925336,0.79139616829413,0.7704590586702521,0.4440264137161661,1.1674794547104586,0.5950082061214078,-0.20836579194977756,0.4200339067750973,0.5761290596110309,0.9387913958073388,0.339482744257986,0.2411510766783489,-0.5008646728922266,0.3301488561970984,-0.12296155211386975,0.3085904715065817,0.7622865808810362,0.37968193564135755,2.097880233556914,-0.8798718003720635,2.4901616831872837,1.041818736491394,1.3370914037376977,-0.48068227346623216,-0.6568875248232533,1.3203018070689372,1.0088685954035026,1.625543721436499,0.753043240606051,0.023003356969603806,1.1838880095355693,0.7764769325721006,-0.29139733776061955,-0.4663618240261575,1.2683994493183461,-0.2218488562380095,1.2680026436588723,0.17983367075878065,0.5375002155692419,-0.3245973552245201,0.7173837178364026,-0.48344247635331583,1.2509699124694125,0.36553443005468883,-0.2608493291203073,0.6252688433133027,-0.347909421350408,-0.028520431763543158,-0.6027797382264185,0.6733836987636808,5.874596034143483,0.23038106883180404,1.0193779300306367,0.868760984472146,0.07340800255271203,2.0158139088612455,-0.43056346604636125,-0.3123821333333248,-0.530288350138905,0.43124290682376715,1.194525630889268,-0.41766926002978727,-0.8624243370279597,-0.620561793375775,-0.3116489573093347,0.3822138759755539,-0.2239116906360436,0.06739657143388064,0.18720345330771754,-0.41243543100911806,0.8732393467521656,0.2481326339271414,-0.4119310390364144,-0.4203196641523227,-1.0857939029579242,0.09401945223790197,1.4901296335417156,0.24388054906671325,1.076549294383788
2008-12-01,134847,143369,3146,7.3,NA,7.6,-25.4,-9.6,-37.6,-26.1,90.8357,197335.9213603033,506003.54151059047,1651957.6551953785,215503.1896297305,1128407.0012940136,21.95,7953.2,109.7,153628,11125.678221980068,377,560,1134122.2275193536,554,150158.91393675227,197871.68834706803,114.5,115.8,211.398,216.925,88.098,87.909,12288.8,46.561783468410184,60.3868768161446,10.383,4522250,564000,NA,0.1925,2.4425,-0.773090372516771,0.9720372789487063,0.15766661291470763,1.4366245422886976,0.7841349470135974,0.13456090938639878,1.3483448320633906,0.753650280692992,-0.5588902394082783,0.4931575484138303,-0.8942330690882274,0.056924247676649636,0.05503549206342659,0.6204176522525494,2.066186334470427,0.1778512968198732,-0.7683993024378307,1.2174595078169161,-0.8845692435564186,0.8630071573232755,1.2700324779628165,1.4412518439402804,-1.0270293498254588,0.6645904535982456,5.36606877177966,0.960302294323734,-0.2776069438564562,0.11109495900432864,1.6886036422388992,-0.03048719529904221,0.7983029386139977,-0.8416501960367948,-0.46760413210495355,-1.1504327515667834,1.4816381892290897,1.8278999145570438,0.8667246581508801,-0.8886186229502931,-0.14569056147711879,0.9699208846017588,-0.6124051492534384,0.4458738768729389,2.8697517126058303,-0.7402614949938832,1.3176985934959156,-0.08752240243852992,0.1449498517683753,-0.5016565044743585,-0.2641396576769328,0.12044467521334672,0.7968083384579321,2.6760083996819666,0.38123790281888675,0.968634471347381,0.9820330369578126,0.33301870135827766,1.338825041555042,0.7271862874662514,1.6277947881796817,-0.16058145773346383,-0.15647065097120186,1.6720527105950864,0.48000429090498803,0.023760673490708317,-0.930318361330188,1.4211329298307807,1.9593533351595926,-1.6304219408525846,0.022690683185872616,-0.4872412541715137,0.2566863854864972,0.056128307884700725,1.525445706981069,0.2916038344218008,-0.7934680973522918,-0.8194029253032528,1.4876773642116468,0.0722472601490435,1.8147317240164602,1.9797670446567848,0.695991571306401,1.6279872514804796,0.2720302764964078,1.1111375804811137,0.4599531269912614,-0.340351135257596,-0.7156814083403552,0.3756874145677289,0.45337367400382456,0.43810522611878644,-0.5507486588660474,-0.9900752586781965,2.943222655893121,0.7918814361574328,-0.5157503193118881,0.8395369865033232,0.17363505547143687,0.7380224956315217,-0.5046007662617179,1.454079951708242,0.4959847568716725,2.0166000310579557,-0.3129671036326225,-0.20503594576420586,1.548650910783888,0.3316873254060932,1.2319883779355572,1.2946897607582073,0.028240253811703014,0.7483795260856244,0.6565019760784317,-1.0107806758831033,-0.48801211358235497,1.937230596965556,-0.22023138216119173,0.9161474354429837,0.1645179495398447,0.5340928359473536,-0.32842021277620354,0.8573476014651844,-0.6615732860971202,0.9593832561032037,0.4599215955669918,0.311132272641256,0.9259708326304811,0.2925778518542998,0.1336064332538302,-0.1304483269446092,0.8738923611357116,3.042799096538822,0.483469465223392,0.9220497745304677,0.9846587652414803,0.11595577233760203,2.168937093577555,-0.8901055834011208,-0.9879047179159764,-0.37366310149047377,0.10852773020512017,1.2148400740989325,-0.36177608355108737,-1.3139016222751607,-1.444696892059772,-0.7273731969263827,0.5213448462416512,-0.3805246024290247,-0.24621003982037043,-0.03863290292049872,-0.10565762667419054,0.627396470680573,0.3744885031233476,-0.6981041745338873,-0.23533332766584883,-1.0617326976404977,0.13779400410979076,1.337764524269874,0.09268379894039144,1.1402363110360418
2009-01-01,134079,142152,2738,7.8,NA,-14.3,-26.5,-18.2,-31.1,-27.2,88.57,171477.050892087,500473.282789304,1626742.154376386,199876.28819176464,1104311.753756753,21.96,7796.8,110,155609,11176.283651881782,336,490,1106708.8119126526,545,142732.78249421163,185520.04358287557,113,116.6,211.933,217.346,88.108,87.882,12361.5,47.37367775911381,59.388873343922384,9.786,4861200,572000,NA,0.14400000000000002,2.466,-1.0117499326455386,0.7204668744485403,-0.49245124065994833,0.9723170258628341,-0.5889315009842468,-1.0598128145257426,0.07873033749653212,0.3888523689467353,-0.3209906559103333,0.6804381434259886,-1.2355015756317964,-0.38194529941818706,-0.07401481047188689,-0.13819515679991648,-0.2758526163373489,-0.1008422868525689,-1.074891496962779,1.6108665636995447,-1.0943478458095923,0.7213361840261902,-0.31167094917670013,0.5363899047041782,-1.5688909103572846,-0.36897945402265075,1.3073996348965358,-0.4019950244317228,-0.6123746463182194,-0.18935858345009385,-0.2864274341584639,-0.9210532073255379,0.26239620137803327,-0.7963781841563206,-0.502853936216147,-1.0491077607273973,-0.40552035680151416,-0.3529075921414597,-0.393000325970973,-1.388620699093021,-1.3724669595731303,0.08106567511327341,-1.2935308940796568,-0.26479434218099523,0.1595663122685697,-0.3028997840502934,0.6189701604624376,-0.09618521081965115,0.4463428586294171,-1.345229925962922,-0.5190549173479649,2.6062683636847015,-0.531077275731216,-1.132340242922354,-0.570006929557376,-0.8016602747801642,-0.43775987676863237,-0.20585051454261646,-0.5288931713622803,0.8948370577214655,2.1042697222276345,-1.0232013530442552,0.05958631188556576,2.2354106248338685,-0.44258950519956664,-0.9872442630354812,-0.799403921586006,0.6914052213915642,0.32528823752627317,-1.807287875494481,0.3964935570972274,-0.22921469035482378,-0.05398654709582075,0.002805614714863632,0.08943920791296703,-0.8454865172108974,-1.3100202086304873,-1.4080748137209544,1.5685119849856746,-0.20581564058892804,-0.3709028593824002,2.2831514873684977,0.397110996751252,1.7660751309593252,-0.6333029699918231,0.7761073082826119,0.6680438731416214,-0.6582577636671425,-0.3466446527388236,0.0029980118928646777,0.1463994685934327,-0.18967317499161754,-1.3025353291984327,-1.3952450202585007,2.495203824050907,0.031038182839387297,-0.5821248363777314,-0.34661400383767915,0.04564239110221681,0.16732218164551702,0.282382189039989,-0.10256365237829651,-0.4285053503084447,-0.28772175973971276,-1.3015265533701872,-0.8420874818289569,-0.3219644323888525,0.2313957069063442,0.41431301873934506,0.11900775556570653,0.027856801874750467,-1.1156685340791925,-0.3160386175330983,-1.1642663877317594,-0.7265028795132956,1.460512706411128,-0.47052733772192007,0.8347147162718196,0.15212912851482183,0.4314916897337168,-0.7001150377471043,-0.7603521452052383,-0.3806376571857948,1.0935187029196607,-0.15306431375485008,0.43322020312921805,-0.07427096329432646,-0.22702498614556482,-1.0777131338960149,-0.6222974746248129,0.7782576070296531,2.3238443553074157,-0.7162742915802441,0.18729089537746435,1.017592476586975,0.17965901219786085,1.724229360387871,-1.0731950320487245,-1.1537214371961733,-0.5031382403375173,-0.44598876033529034,-0.5378060670035356,-0.26839560911716515,-1.018354378173025,-0.8909729080580916,-1.1713034309388397,0.3330630513514131,-0.9381605341386302,-0.5875590270333949,-0.32976216817306025,-0.2783220050599639,0.2172842540647801,0.5548027582231506,-0.8008179912770773,-0.3146657102002075,-0.5679579075378137,0.06998135050535538,-0.13269983796187296,-1.0257699900204083,1.181343914516549
2009-02-01,133318,141640,2864,8.3,NA,-14.3,-34.1,-12.6,-39.6,-28,88.031,168619.85362427207,490408.5378288355,1598196.1701079425,199180.8850520019,1075746.0403779484,21.98,7715,110,154381,11130.559898488658,372,582,1100885.9583531597,558,144799.80966623613,175610.08768948403,113,116.3,212.705,217.792,88.266,87.952,12241.9,44.36589400222055,55.59050233328408,9.223,5297000,644000,NA,0.2225,2.865,-1.3753702415898512,0.9864945563611816,-0.18394314412320387,0.6288215802081435,-0.4626323572603072,-0.7016076097333692,-0.6385034046448251,-0.24443139016516843,-0.08994318606582101,-0.7221138575612346,-1.1011256703618124,-1.505464328791559,0.3616827615991652,-0.5967092319197377,-0.8759551536793876,-0.2297313684585672,-1.6944205591613275,0.5942156402970652,-0.9386246414617292,-0.21442678943096308,0.0397934320250043,-0.16104058011085606,-1.5518606401288728,-1.525336577285776,0.7842580342664841,-0.5652213964722256,-1.0884396110144337,-0.14005460885991525,-1.4412852362593571,-1.0853837651274667,-0.22880615224383738,-0.9074495511857421,-0.34332538289631825,-0.9139343618164784,-1.736905941232882,-1.534809722795917,-0.4499020972721773,-0.6574453304702734,-1.9592023276219106,-0.9217593562231204,-1.1743138515885085,-0.7337015047617341,-0.30299473526857856,-0.8999413819063521,-0.2219502074341701,-0.07413135134210995,-0.16347568141074265,-1.7685536374025441,-0.9749474439502823,-0.09016956059695719,-0.6055102964005685,-2.3415764397374588,-1.163366532978005,-2.0186087012601215,-1.5783465858341121,-0.3926504587458201,-1.4695916645355505,-0.2702764909631693,1.4936579586784335,-1.2558880303055346,0.16351409238729273,2.4347441539611347,-0.883668569246347,-1.0733354967461555,-1.3016718790340234,0.08874186691363936,-1.5521766165371897,-2.1042063879288717,0.26507629424836027,-0.6930705347825534,-0.22558014056816206,-1.3052250311508304,0.22918798952679548,-1.3486651837554875,-1.1842159226069835,-1.4038274861113338,1.451459476789016,-0.6100282893908556,-0.37498296415365234,1.4097225260777844,-0.2978665796458643,0.6904810079127744,-0.24635525004884676,0.7164667494716053,0.5320055079440098,-0.8079106220287098,-0.6169853790606253,0.541725166497177,-0.1570395114802869,-0.3362587414827862,-1.3548800787583142,-0.5679734964366379,0.47062900241531463,0.2557879743351102,-0.6051349425217748,-0.7891772717482616,0.22748251654310653,0.8038200922101126,0.12261011073682546,-0.957464577252926,-0.4036763023748538,0.32120682421255453,-1.968791810801084,-1.3476511878439499,-0.5437063360834299,0.30576224032544086,0.5913851221805893,-0.26407480065727285,0.031057224267301037,-1.5009028764824335,-0.788235536185946,-1.387636688229054,-1.3515863030835977,1.3853225929983313,-1.2607234956384237,0.5903766213489013,-0.5615973967277953,0.5163340052618094,-0.7946730104035657,-0.9108741124293505,-0.2432742606723262,-0.8113669944518402,0.006749069407871552,-0.145691051455227,-0.29118287414174476,-0.5515123738026148,-0.8303272746353021,-1.393581884983598,1.0800489907135837,2.355862221801211,-1.5259921666241691,-0.1629730810545258,0.6530482996737321,-0.531866156057711,1.4974443001361055,-1.1036336781709895,-1.2722475982466401,0.09870840387586279,-0.31513314362485567,-0.9171908710459294,-1.1744323507589969,-1.61901360989668,-0.550355869154898,-0.9067962478983027,-0.061309845406970424,-1.4738622768363752,-0.8705434290593672,-0.500349447010937,-0.024207392794580816,-0.07278187206751531,0.7160982477272343,-0.9301646996472633,-0.6852052660136561,-0.95385291480676615,0.07318699008156873,-1.0873371096583666,-1.3803132929091324,0.19641017389098092
2009-03-01,132494,140707,2534,8.7,NA,-14.3,-33.7,-12.4,-34.4,-30.2,86.6528,165957.4226769046,481787.2494867811,1577205.5290080563,195201.261214259,1051901.4619650897,22.05,7679.3,110,151831,11084.621579013034,339,505,1093120.0308498451,513,143351.97178146514,176002.90351484081,113.6,115.5,212.495,218.253,88.169,88.015,12242.7,54.41821955562612,56.88846332619188,9.748,5765750,659250,NA,0.1875,2.8275,-1.3628493759691969,0.9907309786975576,0.4160794266473601,0.5314438004841774,0.5426696001622606,-1.2777953465386453,-0.26321731371617235,-0.32485556983771136,-0.8459321359633963,-0.3540436659509067,-1.143762533379232,-0.6385388702220145,0.2708779132638653,-0.1822286873449217,-0.7986601491613498,-0.2415626050546518,-1.8038026904332052,-0.23503806559944762,-1.0465311893625198,0.2211379907986671,-0.3298234019577868,0.7259909133105188,-1.528656856106089,-2.2032637691314574,1.7641022205278702,-0.5515715981919157,-1.2593366802191333,-0.44208759839165457,-0.5725301830987719,-1.3472004610482207,-0.8610058958038967,-1.144874058943202,1.540235716840736,-1.0156016677654962,-1.8958659209155169,-2.1120671420153045,-1.6104935245449712,-0.5098929034602837,-1.5183108846590212,-1.135358649994369,-0.753204805809812,-0.6449684953697278,-0.5671228300989958,-0.40916318946580726,-0.11536711070874917,0.04282206217655692,0.14039771595058753,-1.7958308367284075,-1.004580330634661,-1.1841546625017978,-1.0875983171625399,-2.2479870261825985,-0.7684824345332324,-1.7080835383020272,-1.2653422538665327,0.03083828376122092,-1.0458630054717768,-0.960300431373499,0.7281689238130961,-0.9696530140906338,0.4625281998796134,0.6005437083271266,-0.695744031514407,-0.8343504799775624,-1.1513032064882245,-0.13190805822236037,-1.879186041413823,-1.7600942471546015,0.06777445373364611,-0.13059284345904162,-0.5431082730713768,-1.046065740481327,0.3176551036447796,-0.9872062689546851,-1.2001268834681305,-1.6010011322799012,0.9157001779698266,-0.6181946263844493,-0.40605282574838863,1.9391539662886048,-0.4994724891934465,0.038689378926457796,-0.30900535990102523,-0.36164404099678216,0.5674268042097026,-0.7724177325274555,-0.6945520409254966,0.8270202413447781,-0.05559149088800011,-0.25190774685637607,-1.680942293261289,-0.18604320481130188,0.9792414073968339,0.39340527181061824,-0.3447756085460325,-0.3333184952811818,1.1475539662082173,1.3822433415019668,0.3338579918189218,-1.489822632135401,-0.6196790721559764,-0.6617340734577147,-2.070727669693951,-1.3992432256282745,-0.16037979483666573,0.5734240544245497,0.8773787908991958,0.38823225413034645,0.02627361883479833,-0.9424722816730731,-0.6354207189001627,-1.320352139659727,-1.5329321023353772,1.4834161328821676,-1.323803873524716,0.08235398786436343,-0.22752735193192786,1.1272996492958625,-0.9185478738485937,-0.01568065758001286,-0.10344296124651241,-0.08797598962980387,0.2721726724589176,0.16649725667522886,-0.1769515421457547,0.03199290470407278,-0.9059747120750691,-1.2030043958346708,0.8590283927909717,2.3696869272757324,-1.6666563347631715,-0.42212614279728866,0.13366155944670746,-0.6490155519867105,1.1271798724277675,-1.04811262054292,-1.5267960956752027,-0.939030667271901,-0.18500036061329034,-1.2523105781462234,-1.3990780537890364,-1.1989424775897797,-0.8182937693671241,-0.8400070532062903,-0.012894679400557389,-1.2570756046952463,-1.0081678308808613,-0.35626938852901535,0.03539294123078214,-0.9726844617434796,1.3739399315936816,-0.975299611153614,-0.7135977071074778,-0.9473939538027069,0.05570624736250362,-1.689560916678174,-1.0808861277214274,-0.09541571060902637
2009-04-01,131822,140656,2295,9,NA,1.3,-19.4,-5.6,-25.2,-20.8,85.9344,167016.25233591936,473876.21043094166,1555603.0569497019,188917.8322668328,1033168.3560790533,22.1,7740.9,110.4,152473,11068.010646129453,337,478,1056098.3068123902,521,141832.4933461691,174702.98431394756,114.8,116.1,212.709,218.706,88.295,88.211,12320,56.390509088849875,64.85814417725571,9.379,6184500,627750,NA,0.1475,2.88,-1.4302092636655495,0.510412138643937,-0.17026185985583914,0.6877889456395142,0.013064001999951643,-0.8046566268709595,0.15582365085279237,-0.3370598952565775,-0.7619285811701066,0.7002422538568385,-0.8679048991404186,-0.3035799535197904,0.5002353229357023,-0.3695940099751802,-0.4962579149811647,-0.31235534844503915,-1.7118171534002198,-0.1739709047637771,-0.9344084323095956,-0.23870347063030506,-0.6128123287473766,0.03578567567476981,-1.666469154197681,-1.5167207057801464,1.8162399223524741,-0.4983974852148201,-0.8847971557334583,-0.9092557743748296,-0.0931557026890397,-0.9890203661265775,-0.740145029894152,-1.0048143862546386,1.4227686066015224,-0.8969816783841924,-1.6694307641159105,-2.0663138198026996,-2.3018469440757316,-0.4619560725927472,-1.7075392835852548,-1.0103428909441448,-0.9292107317020427,-0.2511422898452787,0.1875502634032286,-0.3463113376575684,-0.5822620077602138,0.052888131345789194,0.08675896272171485,-1.5469619225376832,-1.0937171276513247,-1.0881410756081915,-1.081552006966925,-2.0633141727629596,-0.3259923562560499,-1.1781916701163484,-0.504457760800355,0.3579456463589891,-0.6027064569146209,-1.2006132328070132,0.68717881026873,-0.8861264479810763,0.07977871263614267,0.45552081000143974,-0.6894186309954844,-1.0644517637165924,-1.0089528541071924,-0.18630647737925776,-1.625110639182241,-1.9326789043219776,0.2124938099468287,-0.5957449646036204,-0.14314501840049984,-1.13375973301988,0.2712056315979146,-0.7480668613718229,-1.193353703634653,-1.562966846541186,0.7555031663853125,-0.5338953444956576,-0.2620839876650038,2.1514715938784015,-0.4142416359210232,0.16911223629452027,-0.5255833831837586,0.3281554680396816,0.5480688628123859,-0.7259859034400966,-0.6257623347319548,0.447126856714036,0.020644456621578027,-0.21784927652050323,-1.0464887491698311,-0.22340323143420823,0.21681800551931485,0.6795867449599335,0.002381228977149922,-1.5217040736705825,0.5243852756533137,0.7631372566179077,0.5346236790885532,-2.1846057702980306,-0.07327790342760514,1.0460132472630483,-2.212494708278664,-1.3901630524216846,-0.9684569243678403,1.4454124479212436,0.26427775850092333,-0.3245435092547207,0.023126882545532985,-1.1187435148862899,-0.4636854576667562,-1.1265886859798002,-1.2981074242146604,1.231110386809832,-1.3562335997511503,-0.290412939912036,-0.39133045607005107,1.47290196520811,-1.1169519566518094,0.013036033236131691,-0.16333824681270548,-0.6282688474665856,0.4505001292115133,0.052606725605011256,0.2714551809657254,0.3668264418594843,-1.0137810069305566,-1.403974092759849,0.4747799684801888,1.1634904021489056,-1.0810905547904663,-0.5157072554343778,0.2229339450916841,-0.8930850793726635,1.1114587509739966,-0.8926393385323788,-1.0456363931904968,-1.3064818020656745,0.03599493534711292,-1.2315506504327334,-0.53875431577081,-1.0866084932882765,-0.7601602969961954,-0.9549042193123228,0.3078319322612439,-1.2529536242503514,-0.8998187157365275,-0.11577852893424571,0.09065501130902864,-0.7782058096804022,1.3163157832700487,-1.0700433851732876,-0.5774067064402569,-0.8985548630717397,0.049696457700092,-1.3183448236305626,-0.686073579833907,0.03726988479907826
2009-05-01,131466,140248,2549,9.4,NA,1.3,-5.9,-13.6,-22.4,-18,85.0665,168865.33087444986,467432.9935397739,1538750.4274903103,185458.2687499293,1020002.9416090602,22.12,7772.3,110.4,153510,11078.09972054714,376,540,1040899.6798171676,556,143939.7196420288,171826.17353230677,116.8,116.6,213.022,218.904,88.387,88.279,12500.1,66.93291999954744,68.56727538292948,10.176,6525600,612000,NA,0.17600000000000002,3.27,-1.869645901300297,-0.26420517486392336,-0.9243895087401081,0.6146253766568349,-0.5846294533568374,-1.3486304465162586,-0.5957171275337939,-0.24580697330030396,-0.6797386875714796,0.1158596134619448,-0.9277483828381204,-0.6389427082457981,0.3800556467918851,-1.051803032819536,-0.1256474617892013,-0.9047785711504194,-1.8694022988750136,-0.6124846536326166,-1.1343676709834525,-0.49331846916179284,-0.9050527710437476,0.3461765936430503,-1.8686746304029072,-1.5999015191676107,2.5060508392944127,-0.7956624817443994,-1.0757680498256128,-1.5371478441477242,-0.2211586415984249,-1.5003705443392148,-0.9077315978028329,-1.5736173972621108,-0.3128287791028264,-1.1044339716343157,-2.5554208937587948,-2.2817783891169974,-2.9425143983319484,-0.7569685303764433,-2.01600563062259,-2.0384056118613003,-1.2726715185097535,-0.8103546769009079,0.023508526577551148,-0.783543703742872,-0.7902444366062903,0.1084237878192487,-0.39780969054640103,-2.0645557906608825,-0.8187797128321449,-1.45615645064703,-2.025369235695621,-1.9275523256731515,-0.9427781446269029,-1.7151334827622156,-1.1205222193730018,0.09383274981137318,-1.2493718410812344,-1.299228852067841,1.0567866755785371,-1.2389913741512377,-0.463516777272431,-0.8638759669269093,-0.7404668740693894,-1.6598860853548334,-1.7087535750386036,-1.0208339908746376,-1.7021861412217851,-2.2494602054442145,-0.4221421918662114,-0.8593430369820709,-0.8177422356983904,-1.3481644841128282,0.22610859571468345,-1.2534953416194985,-1.3904336700317093,-1.5223767512745798,1.215039482253544,-0.6472433060769546,-0.22850201194484038,0.49739452086123126,-0.6335182919291875,-0.534835369278684,-0.9688472672420816,-0.2785678429153528,0.03868149355855324,-0.554425621593721,-0.9987542497435006,-0.2687875703967601,-0.5582567701210693,-0.46475086974198143,-1.2630144685475597,-0.3518248490148811,0.19751175174793892,0.3447564226137303,-0.2661248223727504,-2.119604253741447,-0.4246605189630944,-0.535443030518328,0.0895099074483238,-3.0015318256288928,-0.850811644955309,-0.3916818752628685,-3.3150638087959283,-1.4490518737091411,-1.7104941764355197,0.9920189953585614,0.26399368037544396,-0.3149739133437036,0.025703157730998513,-1.4655813694342374,-0.30025286625312,-1.4480894415653884,-1.2333991089151652,0.9331879079314931,-1.737851437897832,-0.5795202368956058,-0.4606890326683168,0.7267136241620801,-1.036763367343477,-0.6214898619080169,-0.21753310813079454,-1.4201193154688545,-0.17562285362736935,0.003504427830189317,0.06553194429816037,-0.18618945435158665,-2.0440476537204404,-1.7356343853757135,-0.17565647836272333,-0.2857834310876447,-0.5813415604857206,-0.2902451351455417,0.32709490601383134,-1.2131983975132774,-0.0061212458029554365,-1.0858513541842731,-1.561660497306378,-1.2645525757158231,-0.34833772820269765,0.03133947807509023,-1.4690838676820486,-1.7336416713941636,-0.9118784991474443,-1.2569114437653044,0.005658391074257734,-1.1670406240213547,-1.3592115302348073,0.7366796464940927,-0.1142840947589936,-1.5753244170494902,0.48478629276841767,-1.2323440528255662,-1.013249596936565,-1.0982440471037178,0.07729705103955674,-0.8882910716671607,-1.2703565915650366,-1.1029697763027724
2009-06-01,131008,140009,2503,9.5,NA,1.3,-9.7,-10.3,0.2,-16.6,84.7459,165369.1290264531,458666.9965808889,1516164.61758852,184050.52186431526,999378.0367104551,22.14,7772.7,110.4,154675,11081.068922080258,393,585,1026329.4043548676,601,145827.33489292781,174983.12938635953,120,117.8,214.79,219.112,88.912,88.392,12273.2,78.36962389778658,70.0619562339933,10.149,6534250,598250,NA,0.20750000000000002,3.7425,-2.0633517500131315,-0.13886401094167866,-1.5453141918745485,0.5320478863875451,-0.5552702890112057,-1.7581799247803196,-0.8904309132645906,-0.223677010500234,-0.8081827082418399,0.5205474369818031,-0.9063482571640914,-0.6202072346010958,0.27925294034604375,-0.8295592165342998,-1.0099356287687826,-0.9698281728205076,-2.1985063080088585,-0.4943282265746882,-1.2353493050391267,-0.1976864168881224,-1.1263725831500095,-0.38991892587768645,-1.7977376555886397,-2.223751139972389,1.8193439396795907,-0.8099354721576785,-1.4319325827949512,-2.0607478870428984,0.12011908312601066,-1.9014114589719988,-1.1833791491710746,-1.4571906150997367,-0.2894224836835053,-1.1991445343042921,-2.1549036961075845,-1.6060091072890759,-3.3994112630377473,-1.1430255464383734,-2.029011663127833,-3.0536489588680618,-1.5548148991077957,-0.927065395356483,-0.8501975551119161,-1.2419438207546865,-1.4129548380108878,0.18989678307994903,-0.3884821168980609,-1.8973621736642734,-0.6112758399032775,-1.579563548305566,-2.075101997851571,-2.4597344807693022,-1.4506243083914494,-1.4834007021051465,-1.8439488361341982,-0.4364879735277893,-2.2674266836261587,-0.8950375054732357,0.44673767834860406,-1.2169513318590812,-0.31986775951258706,-0.6811378414851961,-1.1107721589648643,-1.4735405905833727,-1.401757815797254,-1.8034331977008486,-2.6265908626514944,-1.3605287226694875,-0.3663704865330647,-1.7240484878708509,-1.2892772542615272,-1.7238980810373792,0.4838412697628057,-1.7132211478873085,-1.8121573803171858,-1.5827750457696035,1.356169535406462,-0.873457907087176,-0.2840564301914243,-0.15971234611072616,-1.3236818423546801,-0.9690389837922294,-1.0274557130955075,-0.8672691159379625,0.4225378851636384,-1.6213235617554353,-1.288484571691748,0.34116807909490926,-1.5949964989620682,-0.6086433648607679,-1.2967249933423588,-0.41196114910772025,0.2687048511563902,-0.6658576438070015,-0.6689531827580257,-3.3472045320210446,-0.5283490923234704,-0.7878197949173812,-0.2726633205120979,-3.5549735228582047,-0.8840676429176888,-1.8464139527681072,-4.463331823018211,-1.523634770508514,-1.568056302528498,1.061893481777306,-0.7419455732850861,-0.34668088274870695,0.02118032240779278,-1.49649344673169,-1.346419217299703,-1.5027507223526062,-1.426277440716624,0.9664502692616928,-2.335919785038729,-1.0294660126623583,-0.2453135772065544,0.5919568460056921,-0.28768419416533253,-0.904620709388224,0.34469451954123015,-3.0720767139383747,-0.38114116124644315,0.4658675998724919,-0.6385301278262745,-0.2426506359616459,-1.5324751357196411,-1.8685525743810907,-0.17281433760805817,-0.46992555137753933,-1.4223151348176313,-1.3208481699587138,0.04466538633305054,-0.9092291685466821,-0.16798694677203835,-1.2063177201117046,-1.7047001758922888,-2.08266895246721,-0.8667130909975859,0.16389698579265052,-1.6586375127369057,-1.7683780987847346,0.8096987215002212,-1.672210818262416,-0.45668703497096397,-1.6362351046818986,-1.49138182878683,-0.38506971218911423,0.06327676822313269,-1.813795753276646,0.34287649885675037,-1.575736147067143,-1.2680531955803032,-1.147174315205111,0.07499535899362231,-2.6366366424495244,-1.3548975332375026,-1.003967571287967
2009-07-01,130662,139901,2232,9.5,NA,-3.1,-0.1,-14.6,-6.6,-11,85.7027,172837.99284766425,451673.3766671915,1502443.503223915,188064.8208542318,988844.1555520569,22.18,7746,110.8,155393,11117.946065090753,411,594,1024985.9427363308,595,148139.94287128045,184189.51440588382,119.3,117.4,214.726,219.263,88.922,88.468,12218.7,72.07440228514879,65.7570157050335,11.566,6139000,566500,NA,0.158,3.558,-2.6105335769535447,0.15072981984991668,-1.7882726923967855,0.8305409347438777,-1.1170391176898176,-2.3150833362589625,-1.581454223854277,-0.07348106967864916,-1.2340122468567556,-0.7604735736214856,-1.194783174928245,-0.620831580651859,0.021298076619039295,-0.9206016518867788,-1.3996256921997092,-0.7075543260496343,-2.411292133022815,-1.010348112753096,-1.1487394966619937,-1.3579048031417367,-1.0437229395855858,-0.2354524778419705,-2.172526724781599,-2.4601046827774637,0.4071582902558649,-0.7529786564170085,-1.8702563523470301,-1.9743630953572244,0.02640178381149001,-1.9911299573783823,-1.2970692413371083,-1.4922781920740755,-0.5197658271433074,-1.231128671346647,-2.204728137805607,-1.5815531073144429,-3.225497086320059,-0.967555249330399,-1.8183523710121885,-2.5003968996403825,-2.1822054413669774,-1.3374493873297602,-0.9811892618319937,-1.3117001953427432,-1.7043382231397635,-0.22858741381179257,-1.0145930230620355,-2.032654045494387,-1.0169049285685503,-1.766315543428009,-2.242354950400589,-2.5869733213025254,-1.3841542216485252,-1.4554990110602584,-1.6063582399836762,-0.2828278864363108,-2.594329632729985,-1.2823120541306787,0.25181750162653266,-1.1369799802707967,-0.02061245145948772,-0.3783947617541858,-1.2836173437828493,-1.3683847542222805,-1.687730295454064,-1.7630174700953127,-2.51579582856555,-1.1105284618201314,-0.5753435989908597,-2.2686899859050005,-1.7578953611486599,-1.8540544727518353,-0.845999721804777,-2.2548863284875957,-1.8508876085487427,-1.7424827861124992,0.762195405869462,-0.9591173207309787,2.586894433600565,-0.7844864062308466,-1.5979319046023839,-1.5612853056392009,-1.4666620775683477,-1.2455506688627278,0.4898938952389258,-1.1474952459222796,-1.3447721308199527,0.0037661821879973016,-1.9294392657376633,-1.0891080150027062,-1.6642733855431149,-0.7025794609019683,-0.1199942412019942,-0.9821728166411752,-0.8355996710333645,-3.2686813580970697,-0.379101673058562,-0.9936270264962913,-1.5283411797216808,-3.7269369940083563,-1.5501222420392327,-2.2811840046834297,-4.1510883090679815,-1.8117173873791896,-1.3784392254933737,0.6987243621601816,-0.7386705364918041,-0.19212936353530735,0.021401672334277824,-2.1411794878405406,-1.378320096849869,-1.4644065306340455,-1.4918802623608063,0.850488465080447,-2.0113039717759587,-1.1587269552861688,-0.488165334435927,0.19216269942283173,-0.9686938145991442,-0.9278734889685643,0.12280217880846686,-2.3884844859332013,-0.8094266137733637,0.49931721542625873,-0.8039806881333498,0.07317186186997218,-1.9744577187426544,-2.549825396793094,0.037850856957946384,-1.2148593166336292,-1.5925876334378724,-1.926776084908283,0.3266957655156278,-0.8499931972475526,-0.530054774853256,-1.254060285980112,-1.7278506678173597,-2.460549200981117,-1.4348410724501002,0.5603692522640848,-1.418479951559201,-1.6995881360946479,1.2800970805672105,-1.7697765973787962,-0.29091267627064055,-2.1091083197512575,-1.6799469856861848,-0.731506734188227,-0.11326133432128793,-1.7490667778435756,0.2877532814236191,-1.819846069136202,-1.265434909932988,-1.0950734610398238,0.07522363721727585,-2.302962029144243,-1.4092115044414584,-1.3417410523372177
2009-08-01,130472,139492,2338,9.6,NA,-3.1,12.6,-10.6,8.9,-5.1,86.6426,176596.7705763624,444813.859609778,1477852.1704566495,188905.58421170665,978295.5819690513,22.23,7747.5,110.8,157621,11217.87396277192,418,586,1009320.4754429243,616,148444.71854675934,182484.8620766988,121.1,118.1,215.445,219.496,89.18,88.599,12194.8,79.68154294684908,66.42177264947794,14.754,6047800,559200,NA,0.16,3.5949999999999998,-3.366541310177252,-0.22260403428292086,-1.7164257038089643,0.8508916804069928,-1.0905078688317873,-1.4019132750374075,-0.9932400462691033,-0.0864622762880963,-0.8812229153103855,-0.8911986428087525,-1.5164965167849773,-0.5577023744110092,0.5244461700958782,-0.5396753139893568,-0.6369627820031771,-0.6944196278155634,-2.2074388802394087,-1.0252418220604438,-1.2700329011512947,-1.5230974129019763,-0.8257597088991057,0.3183968597097823,-2.299254027737872,-1.8797743071454,0.11984972770532774,-0.5968133408556484,-1.1018413309806694,-1.8147160388462744,0.3622489071139713,-1.045690296885047,-1.4141615242924797,-1.957652265280963,-0.8910386795012234,-1.403277747386612,0.2812865959472886,-1.7756309371415804,-2.7737792104386236,-1.0020203464969755,-1.7887500781166819,-2.3191805657602176,-2.2257261112425657,-1.060831414315465,-1.1069266362450287,-1.8272209982988081,-1.0786599830661925,-0.22253983874551703,-1.5176589918535077,-1.8371710415756792,-0.8520081115594601,-1.8705708992751324,-1.5892415243554288,-2.4201680972252766,-0.9634252567861274,-1.7990294063445154,-1.6182457320252024,-0.0036171952229450675,-2.0165825297478026,-1.3246834631703004,1.1159844499824638,-1.7512011439116613,0.34440218950469337,0.07367878421171127,-1.2028744419682982,-1.8398804755373863,-0.6199365745073855,-2.0973807983761095,-1.8970333728374256,-1.185526780718316,-0.9831054107766989,-1.9559066555007782,-1.0872044946814388,-1.7841818357487091,-0.8300055689822,-1.6513010238512609,-1.6176488034237504,-1.338827188068657,0.2271221497538292,-1.150918908176643,0.6684709535761859,-1.198364277967538,-1.0244315887167479,-0.5507608757662985,-1.6770430355072459,-0.606513853825571,0.6980561659322901,-0.7675620557913031,-1.2850471064528444,0.39040301826495155,-1.6546224853870934,-1.194168622869223,-1.2181536230512324,-0.7107131056446494,-0.5162204089636874,0.059353021404660214,-1.1317358928253367,-2.151846033178007,0.2748454829772886,-1.0940803757730535,-1.1281748385145078,-2.873829664246877,-1.5951192166184118,-1.4072285304776524,-4.9168746361085285,-2.2890396477090027,-1.3587577073170012,1.028819230610622,-0.8992424389051871,-0.1587750575567718,0.020090110942900967,-1.9000202257276637,-1.3672948466136219,-1.5537923831501206,-1.7611653553545088,1.1630044059071796,-2.236239784999684,-1.0269071493044402,-0.6329143153487702,0.1432210310995285,-1.0704416389595066,-1.0115515562037698,0.059327643286245006,-1.858297783226101,-0.39345013087763114,0.6968451002955134,-0.7211650963534355,-0.11859279929320168,-0.9669644301429032,-2.365372428748202,-0.10192589439433634,-1.340426269464837,-0.7680850462588968,-1.7390572262341608,0.24265112252386387,-0.28111134719679687,0.5835725055155389,-1.3551456308366916,-1.9769433510213477,-1.719424563871712,-1.381604923875862,-0.8211833990752295,-1.520307257626923,-1.352259488375587,1.1188290054578183,-1.4120258705043263,0.12418618755217332,-2.0538432248980483,-1.8602550187722162,-0.9937348208511557,-0.20748321939897663,-2.01084250279595,0.23714320332589994,-1.5409408723285833,-1.2832919650539039,-1.2294532242876812,0.08475247045684915,-1.8482268919222808,-1.5654963972371585,-1.1369810895170238
2009-09-01,130246,138818,2487,9.8,NA,-3.1,20.9,1.2,15.2,-8.3,87.4063,176930.05239353364,438929.0672159778,1468596.5373308372,194374.41225202632,963786.8881823475,22.27,7746.1,110.8,153338,11114.370158076217,386,585,993283.9998208769,609,153209.66369620708,191162.50951591958,121.3,117.9,215.861,219.92,89.324,88.755,12230.6,77.76185571626885,74.00475876058904,9.535,5984750,547500,NA,0.1525,3.4175,-2.5253652124973263,-0.6520359853830794,-1.350827387511927,0.33799158436007,-0.8755898175310098,-1.7381788614301708,-0.44846838571330216,-0.8344291927023408,-0.8119354971089935,-0.43299921146317205,-1.5534784435655877,-1.506109808880235,0.32710854689074154,-0.7769760670874363,-1.2611172859666355,-1.4563968879665579,-2.2492251877897247,-1.3750297166929446,-1.544136056552525,-1.650415202699214,-1.6654425216943933,-0.13765107580187266,-2.731681880938658,-2.0508047936269387,-0.3569556843093071,-0.9155155594066758,-0.9830763882132094,-1.6237763397169669,-0.5272880585586768,-2.1850302320365937,-1.4769210394484258,-1.9312984442385281,-0.7160314391742147,-1.615353565180557,-3.3341717650783647,-2.2215486401150204,-3.265377652135216,-1.4091565846821972,-1.8850135786461404,-2.1140408557253325,-1.864663312857388,-1.1122125614895262,-0.9762124654689791,-1.5439556165160044,-1.6598759304261275,-0.2579495208193502,-1.4561373521458962,-1.8736473952896073,-0.8819720649527462,-1.709368833398001,-2.0749160756348353,-3.6678338350370874,-1.307224296276279,-2.204840832700021,-2.1308688369173194,-0.07715571117088696,-2.074752422862091,-1.495228892888164,0.4889789980659525,-2.2098744864638475,0.059596133172173306,-0.4245356726907005,-1.3985145787541684,-1.395472947507269,-0.7688229625297932,-2.749579410197453,-2.11933889580729,-1.7860760665001068,-0.9045559391361945,-2.5502431628505007,-1.4271396945926274,-1.8132555844480014,-1.2855084721959533,-1.8750830123429676,-1.6392671034451316,-1.525412450831918,-0.048174254288968606,-1.208053864213165,-0.8366133041696351,-1.1571848270718732,-1.9648114218182022,-2.172768238237882,-1.3752080828561615,-0.9968864858746243,0.42597066104532166,-0.6220774237109749,-1.8583403852842046,-0.34684206342729923,-1.8066580392260931,-0.7482732361563381,-2.079342609272223,-0.546022847855495,-1.029321303803979,0.7662273679106933,-0.5253896785196989,-1.9532175751948786,0.35916506996822006,-1.2399816786729747,-1.1542029390488835,-2.76266433823841,-2.1769287540188045,-1.3595262347805621,-4.9197851477528785,-2.240681451774476,-1.6185957760599083,1.089426735473567,-0.21160017908699055,-1.2438050081327334,0.023438412605112754,-1.3373734190697861,-1.388787898375334,-1.4241733473236602,-1.5829280228528058,1.1335027416814167,-2.0309440002167727,-0.7422289460646627,-1.4361758411041843,-0.006341256003228459,-0.6720352373938779,-1.4665279959939361,-0.0025435587573948244,-2.3435889419057254,-0.4197082140489492,-0.4154433323888596,-0.7082497483646637,-1.1364423141187239,-1.3783645495064942,-2.3245481994334627,-0.42910901264445,-1.431568303154115,-2.543511701213097,-2.121405967618217,-0.3554081864710056,-0.6561393979469683,-0.6522942622052482,-1.4479093866238772,-2.004241049656279,-1.879752855037259,-1.2731655654637501,-1.2925274074914395,-1.4588753070059044,-1.3183991189994995,0.1820569758247421,-1.278599953824497,0.20274913792601837,-1.631984317217504,-1.7613300887286762,-1.3128538487494763,-0.2276566066796818,-2.454300411369726,-0.023914717548981296,-1.516559793562761,-1.5504391578416359,-1.1246779885055842,0.09695891977630319,-1.1406469460507307,-1.3304355845055809,-1.7795742571222228
2009-10-01,130061,138432,2406,10,NA,-3.5,32.9,3.9,12.6,-7.7,87.6419,179669.42886140326,438914.6024558625,1465393.687294347,193569.25376130623,951100.2308644593,22.31,7773,111.2,154541,11126.886229548421,396,534,971851.2652933763,583,157090.43864247238,194438.0625230028,122.3,117.9,216.509,220.501,89.663,89.082,12193.2,84.56107870582068,72.02168584392237,10.576,5765600,525400,NA,0.12,3.382,-1.9936881064108252,-0.22949111533999111,-1.056388065338585,0.19966812080422994,-1.4323452262647982,-2.1077745567281814,-0.5095898835686529,-1.1000837016415128,-0.7531411016371594,0.5717847260000498,-1.5002602366283895,-0.17274992016097543,0.3466460711514469,-1.012124012474678,-1.4827131618530511,-1.91700467529967,-2.3550835788764393,-1.3704020142857347,-1.5926637435847506,-2.1517150789995574,-1.0215488661187142,-0.6892499351478037,-2.8728294003257617,-2.1295807526708126,-0.8412081833908434,-1.3616226105557512,-1.3719744731990189,-1.347773688498351,-0.9689619086280312,-1.4931942517312193,-1.506179414531114,-1.5211329244373095,-0.9244774192354872,-1.4600927467333231,-2.926929798573578,-2.0712580603008304,-2.1553438579582833,-1.008849288408729,-1.8065712203544544,-2.1625142313430383,-1.5388021907884173,-1.2457353829217748,-0.7705378543026188,-1.6184433870781632,-1.2615447028185516,-0.10929864852866608,-1.0992885821753957,-1.6856667236262555,-0.9201773793554484,-1.8037094061696852,-1.510322995174274,-4.062105957881425,-0.8996517929598189,-1.8757341980855238,-2.2680418156803244,0.5834685876052371,-1.9110728603334475,-1.3344503680177184,0.46675688794465175,-1.5587083619221163,-0.4053704456652345,0.36025330112819476,-1.4921179089344216,-1.1041534611178077,-0.6888956660002006,-2.272080884363297,-1.5640944281641382,-0.7102807856505992,-0.37533038607579816,-2.237334611673047,-1.6310247866974164,-1.4871128101497084,-1.1000365846908076,-1.4383944585436323,-1.6863595292475093,-1.675988940341547,-0.3024774327979071,-1.243448409692623,-1.1025175011728328,-1.1661447922040635,-1.8095152638195695,-1.7570560926735044,-1.394829979024308,-0.6526184680066889,0.19373986911694044,-0.8387437942305732,-2.0613630735938333,-0.48830075613595225,-1.7742753037426677,-0.6810656377021084,-2.0810638656004894,-0.1656032241211869,-0.8288888315042612,0.5028898649646154,0.06097937639018397,-1.1358891898670656,0.3744012140028856,-0.8931348638956109,-0.749257884411765,-2.3417665596003494,-1.8771083278177787,-2.0839091738078004,-2.833093330479336,-2.0481256935169734,-1.7843883290587512,0.9988643150950379,0.2238039879850839,-0.7754751384733782,0.031597588001575576,-1.5772129375967843,-1.82194600852511,-2.0094562902903013,-1.3413345579046045,1.1605123794961811,-1.8292655721942341,-0.39282044798493126,-1.1929331834393793,0.5980002835578608,-0.46168583162810684,-0.7206129516765101,-0.3739128703289774,-2.827603115027077,0.12287855954719974,-0.15763387510384863,-0.97843244880399,-1.274691282913461,-0.6726338575588241,-2.6105134013254063,-0.4078696194753471,-1.069743081488967,-2.0837071537246667,-1.861088655911656,-0.33249364348425514,-0.9469390358704403,-0.23270612773613936,-1.4231131864295268,-1.9537748880279098,-1.7099703999056544,-1.3483197893876755,-0.6159486914400408,-1.0162622578765923,-1.5136753836836843,-0.7047791921802823,-1.3980594386927274,0.2796250662648139,-1.2417695617607378,-1.645341768963014,-0.09195723380631741,-0.5952371994390522,-2.8394779019005116,0.37104914615458984,-1.4762325823123652,-1.1909875507528205,-0.2967713024071586,0.09857954567645219,-1.4063719585821717,-1.3111623392775038,-2.003280964628658
2009-11-01,130057,138659,2503,9.9,NA,-3.5,25.7,-2.6,15.4,-10,88.0221,178467.40908028968,444569.29255620943,1470925.004177909,197278.80561148998,934689.1096599064,22.34,7808.2,111.2,155280,11109.170402839121,375,588,955080.2674469056,623,157822.59948602135,198850.77931180262,124.1,118.9,217.234,220.666,89.887,89.16,12224.4,86.86461891040973,68.75267542725572,11.041,5460500,494000,NA,0.1175,3.415,-1.7901214227554838,-0.41272485498149686,-0.6469250903014767,-0.23600269377164387,-1.3193950559811642,-1.9982400573668062,-0.5382994317043446,-0.5676774745647502,-0.4247974108322911,-0.5379891901042146,-1.4219964249213135,-0.624429657838618,0.5658171741109306,-0.5235778594001427,-1.247695540154991,-0.4666210869312431,-2.7095962492707053,-1.5427358281021921,-1.8136672969078564,-1.964178790835162,-1.1965210539102724,-0.7327089557073755,-2.7036831988253556,-1.9844712940723903,-1.1223568283569991,-1.2048800224871423,-1.1035753632100833,-0.8394041721543057,-0.9959526795679441,-2.0278857544074875,-2.2751180213525246,-1.631815084597609,-0.9643142932317896,-1.7440331635142785,-2.8529987781094706,-2.02724452440936,-1.4920727296705893,-0.9762127861359495,-2.412555161004884,-2.308916120191772,-1.2235396375208802,-1.5131041826988745,-1.042374416219544,-1.8580897884078307,-0.9833749410635362,-0.453371807102133,-1.1975864835903698,-1.9510608992709015,-0.5688566858564011,-1.9221887285024892,-1.875852821814148,-3.363030258174633,-1.1773704285224709,-1.492196224155031,-2.3694388565514295,1.0147605132590036,-2.2872263289939214,-1.625395679913593,0.35679509491440603,-1.7323377912974156,-0.47060178243367423,0.13545770298289705,-1.755447887231792,-1.277063491559485,-1.943620427382846,-3.193800401777866,-1.5388658666067434,-0.06801681701082964,-0.8044830468185807,-2.3519648065040997,-1.302677170883766,-1.0383830151865767,-0.6335697284979196,-1.4327308462835429,-1.6742810444961098,-1.8122837642667216,0.2610115470614198,-1.521009468021939,-1.3384698234044357,-1.1094727088419438,-1.1645357577416158,-1.2657961365221888,-1.5033769043491692,-0.7933215538316635,0.3397056817503475,-1.3409084900893304,-2.3969321949178037,-0.6478047071946088,-1.5815639707093025,-0.9708266511026362,-2.2788398868657915,-0.5792353600794394,-0.53921552581179,0.5725021431359871,0.2217686535365999,-1.8286576072970981,-0.023436191764041537,-1.27143855414154,-0.04281512703784924,-2.473858020701852,-1.3664226498973704,-2.2071177759152176,-3.089907441051951,-1.9355371424396925,-1.6180847441029322,0.8255615547200711,-0.15195792437845168,-0.6285676594914611,0.05036825014029725,-0.9187848652282001,-2.073295207750462,-2.242473822874032,-1.8381373893964539,1.3289103984575532,-1.634668368337042,-0.7231985097417332,-0.6176402264912999,1.0942341851400523,-1.0059087526114794,-0.002944854141327073,-0.2801453695113749,-2.6568001193015154,0.9205153478837763,0.12111637530623146,-1.3012310317227727,-0.7997605082204852,-0.7010720696435331,-2.480071753956152,-0.30489086063913295,-1.0395433036276291,-2.2019066249540593,-1.1758278131486788,-0.15599728233877821,-1.201485012393079,-0.16602375665934369,-1.6056542424643416,-2.3391974555729735,-1.8332875220000415,-1.1159932437335753,-0.04873821422129459,-1.2468068623110022,-1.7315219651380263,-0.5553798462044969,-1.3645518361646407,0.8544824237126132,-1.6317199430487728,-2.1248149275396844,-1.1767009622407338,-0.37008802809620484,-2.257230063347777,0.5526303322455146,-1.8070017700344252,-1.520963943141663,-2.2395032428761876,0.19896988270806978,-1.2086560181858876,-1.657762071739976,-1.8893661151352579
2009-12-01,129808,138013,2568,9.9,NA,-3.5,5.2,-2.6,16.5,0.6,88.3793,178476.5229766842,442628.89291631,1471459.1612915695,200118.96952378837,917387.3403084313,22.37,7810.5,111.2,155850,11177.13116667964,352,581,936867.2099978876,664,161549.49465749008,203544.62469006772,124.4,119.7,217.347,220.881,89.939,89.236,12280.2,82.61154782686043,72.7868768161446,11.284,5141750,485500,NA,0.125,3.5324999999999998,-2.20814589983212,-0.31858294224690487,-0.3545339876530499,-0.29243251548888816,-1.3821875872449947,-2.5923780207740776,-0.6213168822507099,-0.9249375059045353,-0.2729900435917689,-0.7332014236644938,-1.5775302631874346,-0.5575215366202301,0.7641266567857076,-0.9759765238769432,-1.4609330475716003,0.09191987244907907,-2.527561022117385,-1.4206153346445176,-2.2619207057058746,-1.9114829274804495,-1.427659979669013,-0.5925699175504189,-3.421592231813888,-1.899143166578399,-0.9228535107717629,-1.4746302022703106,-0.8594671441570176,-1.1787083201665398,-0.7767234648889451,-1.2971970424848267,-2.1765934918917593,-1.6579670898054004,-1.1565831036941783,-2.214923316811326,-2.7236095776220224,-1.8957400126221737,-2.2550645832681515,-1.2233460036311614,-1.6353844474675563,-2.296507535733124,-2.005993239617502,-1.9853955732922484,-1.4731962429635415,-1.7494116129842636,-1.5035000456923022,-0.6566109687436336,-0.9020996509085583,-2.7339276670046093,-0.8008712125415774,-1.3071237947637622,-1.7602102236891275,-3.025406440382949,-1.8234092782262372,-1.5675501545329624,-2.4760228424330086,0.7424914646720079,-2.1211929817847923,-1.415543672964186,0.10671331109457347,-1.7733372503413083,-0.4488645906791502,-1.32884103569046,-2.3070832707665296,-1.531534264093675,-2.4904474485341814,-3.110140304557456,-2.0372495027966435,0.16005507425448431,-1.1485467031057144,-2.4823138435449197,-1.9946610976360764,-0.7646222891914769,-1.0622313923417435,-1.9114929282358628,-1.9372573259960595,-1.744413334537338,0.2964546816939185,-1.705917030326844,-1.6977567840388923,-1.7122379901154188,-1.9525849866424754,-1.294918568478457,-1.711760701066535,-1.6152261649291353,0.13949659729231514,-2.2926709616828447,-3.3123663333096385,-1.665117326075381,-1.5571627713404332,-1.2165397492872494,-2.964323353560385,-0.8158107739833302,-1.6069103225684591,0.23781214667913422,-1.009564931543421,-1.7484370743610536,-0.853176583979939,-1.4119436824291787,-0.04668635020630454,-2.685613023688791,-2.39439229863914,-2.321010546544093,-2.882663272908086,-1.5578006204835393,-0.6963571891428453,-0.3607697996868199,-0.6975993235419299,-0.9205300312551128,0.05384274620738228,-0.7976490086323444,-2.1652560512780297,-2.2550135377583755,-2.2363426993540374,0.8520604149003878,-1.5439251564274508,-0.9502723977024928,-0.5546417840126098,-0.34035386036438764,-1.5998245802215376,-0.4342058353128074,-0.5283269905868608,-3.489353768803625,-0.014719618510574718,-0.2911764813860613,-1.862542282116296,-0.4544738046822736,-0.25816209828708764,-2.360745640538956,-0.45046850412523926,-1.678739469617329,-2.4169134893510846,-1.0823083406466436,-0.048119510501155996,-0.759371932417478,-0.2637136161042116,-1.927836002386258,-2.877425121738659,-2.045983759953219,-1.2364825255795489,-1.1023898775310226,-1.1990069225323412,-1.5104234499529026,-0.3236985803745861,-1.5324843314302068,-0.32957630257159487,-2.3284259649096035,-2.3349890435028793,-1.2005549346938422,-0.010194797227126568,-2.1006070189093813,0.6436356989346237,-2.200531774551771,-1.457161575833955,-1.1751484536299768,0.22540245075919324,-1.4275387784693028,-1.7031820548272367,-1.8179546038138825
2010-01-01,129802,138438,2837,9.8,104263000,-4.2,15.2,6.7,12.9,4.5,89.3426,200825.41936629097,441882.2667968404,1463880.1115846569,203622.304073844,918513.1357060442,22.4,7778.9,111.7,155913,11156.585603976215,345,614,912081.7431436941,636,161475.9918345611,201625.32173604332,125.9,120.7,217.488,220.633,90.136,89.368,12285.8,86.77997692375965,72.58887334392239,10.893,4839000,479800,NA,0.11,3.75,-2.3169856842373195,-0.0773490407393048,-0.3147751031058641,-0.9181275854096086,-1.6707100778970605,-2.1428561955688403,-0.7699742106951852,-0.6973554066654514,-0.3523472176890412,-0.738738431260124,-1.641023286503226,-0.4598834657022355,0.8965791032816617,-0.7134781368296137,-1.4349284914998415,-0.17150176403659612,-2.5432032045662165,-1.9437520031313518,-2.176229928811698,-2.1621974591095086,-0.8707240083270907,-0.5431892157240266,-2.8980190340337564,-1.3846300222178827,-0.4035101393267306,-1.5099081725095769,-1.2778361557157345,-1.1296335397258122,-1.0597066037857896,-1.7521385481792673,-2.2450493877904285,-1.7675140989220428,-1.2171873116984133,-2.242104232336988,-2.22544816219866,-1.551744064543432,-1.9457642888950686,-0.8419465037629698,-2.175776583481767,-2.2239379924481346,-2.225029264974166,-2.1878507881493805,-1.2422558094808454,-2.0112596454454623,-1.9813735671921053,-0.29352687228889923,-1.6307821189924727,-2.2162064395114536,-0.9788483306656396,-0.10242833741414045,-1.4814192276210452,-2.356855118272391,-1.7731550255786512,-1.6816636948852923,-2.568402961068951,0.0861070324709521,-1.9752012010810254,-2.3503270121858533,-0.05302826689735225,-2.614038760566362,-0.3883920207022279,-1.1134257303430743,-2.197610595419749,-1.7343051065828392,-2.5226267209348396,-2.845187458653371,-1.7278267304825028,0.2794061049771821,-0.9100180486401669,-2.339532508798755,-2.62266940746039,-0.22977013773940086,-1.0076840708968124,-2.398896709292932,-2.204835408564509,-2.3992087203490016,-0.23575208649762047,-1.899180394313879,-1.7194181407493956,-2.119807995808576,-1.4425730811563837,-1.120266499925957,-1.7946789276900454,-1.9133503831681031,0.4997564007692244,-1.6533644976434416,-2.1755554711669736,-1.3531501686334155,-2.3107417016028147,-1.4067126011764108,-3.17712573909318,-1.3046444228495473,-2.19820567380848,-0.00863281259065671,-0.7513475624132612,-1.2435064978691532,0.5959938493347907,-1.1830376342698692,0.21559258586404675,-2.621821068053498,-1.9642475439126605,-1.8841820778461216,-3.291947942076616,-1.8809315885870888,-1.9974640090592675,-0.6308954943670241,-1.1649697501872038,-1.2085084220845044,0.05697308141494574,-1.098825708315943,-1.9579404966951641,-2.2854440485115712,-2.071557203217853,0.6644182888166607,-1.9413679414287273,-1.1920698311501239,-0.5221949786552179,-0.38874734639257325,-1.6270535318005634,0.7381909629613769,-0.26719564313313404,-2.7276310752847457,-0.4027542733005305,0.15007595960988615,-1.8450256717834832,-0.14740768303762072,-0.6086418661564903,-1.901286900239943,-0.38755201788617727,-1.1701786720249534,-2.269242463421112,-1.614775477589643,-0.5123414875752323,-1.1996954945767313,-0.6042263402553794,-2.1417155229401765,-2.6771139780817643,-1.9813897978711434,-1.3150098881507872,-0.9560091714808052,-1.9019582418040615,-2.2797030598019377,0.12953335044877162,-2.111739894656884,0.5392350686517925,-2.268711356321098,-2.436624859717907,-1.3913900291879584,-0.09223106163444142,-1.5550105157956626,0.5250127417161904,-2.137758691926577,-1.8119279499392635,-1.535513029891363,0.20573183359639566,-1.591850119377377,-1.837246631215303,-1.7764577499041767
2010-02-01,129706,138581,2666,9.8,104225000,-4.2,21.6,-6.9,14,-3.9,89.6779,200201.92158342025,443579.5593227861,1470529.2470183026,200039.9405329842,923799.0103623493,22.46,7744.2,111.7,156286,11198.215989526705,336,604,904081.7005791378,650,162749.90569596377,207144.91756717776,125.8,120.3,217.281,220.731,90.134,89.446,12292,84.78487585150998,72.89050233328408,10.315,4793750,485750,NA,0.125,3.6950000000000003,-2.0020557810496395,0.25217559013938595,-0.45942980035231434,-0.694487123975863,-1.8598666956813887,-1.0493058702145723,-1.0401529138210808,0.22831840288331332,-0.6839340112457899,-0.7441391067490947,-1.6136014210995915,-2.300658855195126,0.701901976027234,-0.856766810465122,-1.646088278598459,-0.7536441950034218,-1.936879945561977,-1.5831488159873444,-1.992403721618407,-2.2278761612047124,-0.6306742824420034,-0.7294855974628935,-2.364438775246605,-1.3121403512366083,-0.6023670627424793,-1.2508952425935527,-1.7178751788440352,-0.4753120650073005,-0.03346563795658918,-1.9503352321697633,-1.8945030714213955,-1.5121429029425928,-1.3211812276913335,-2.161242630522822,-2.587244075202362,-1.7223224665444379,-2.0906701861223365,-0.5746097075242909,-1.8736450165526604,-1.676639610943188,-1.9254696530532198,-1.2127424430760259,-1.2752492257165808,-1.772974430423438,-1.3822633159773356,0.9416286623326554,-0.36773905707148935,-2.0956391065184987,-1.1804178815432538,-0.46359615860640047,-1.7047683292867355,-2.110256009556532,-1.0618639869543034,-1.2667890797371113,-2.5652466114910712,0.2598586821341605,-1.577342746024545,-1.7613489520569174,0.6540285213083855,-2.1991044089421865,-0.3205361161828803,-0.7105344116740233,-1.7850276486235945,-0.6390325977900531,-1.2528430704485234,-1.3744806910613452,-1.480673094270506,0.37221945176094384,-0.5945848168093061,-1.855805456562172,-2.3362040676076012,-0.07814455124192986,-0.86434261629602,-2.3847645884708397,-2.2031826458484565,-2.3077955013722717,-0.2985702228287387,-1.9210830922430338,-1.6870428928521435,-2.147355895091887,-1.3053863578001585,-1.3770556352720893,-1.5190377786698532,-1.1490288716442272,0.6428323513570473,-1.2948420797024287,-1.9190191569027995,-0.615748070359962,-1.9359030453703794,-1.0403892081284984,-2.3731313775646,-1.0650642118052482,-2.0229485810767978,0.5519833553754758,-1.339587853579083,-1.2136510508583667,0.8955599693972056,-1.048336108460126,0.044546112917966015,-2.4344368279565245,-1.4883044662268916,-0.8950705115874859,-3.436525941273546,-1.50248703042121,-1.7708285531447079,-0.16202010169337164,0.011451696457852153,-0.7701664700923944,0.05997913135788657,-0.8071254206351235,-1.7705017718579235,-2.333197780836224,-2.1593097683084435,0.7535623751125287,-1.5311419918598896,-0.5186517036133179,-0.6189113581077118,0.03897354271825866,-0.6479739407359768,0.7145274682688679,-0.42530633794633876,-2.11332589592466,0.022114445280081253,0.3379304319887745,-1.564918832840569,-0.2559372078581833,-0.9890865329406854,-2.2176852388373676,0.4641401160080584,-1.2038022580461731,-1.728299541838456,-1.9861195977134636,0.09279179870624375,-1.2148495990468349,-0.20023693204998566,-2.1083930823970416,-2.3668269126919697,-1.8785174926983048,-1.3024108454873433,1.3530684828261652,-1.8681074420995958,-1.8701369121134488,-0.430157446168348,-2.142559766756363,1.1455372281130405,-2.265354237622747,-2.18951810448443,-1.6773558385246217,-0.218991127432463,-1.6026610609122764,0.9043969497896185,-2.033357305960567,-1.6938566041036194,-1.8154012142794222,0.18148246891985312,-1.5504609499755808,-1.9824829078940907,-1.7175377761445199
2010-03-01,129866,138751,2679,9.9,104225000,-4.2,19.8,2.5,14.2,5.1,90.2928,201801.44248346463,445835.96459157334,1478261.2012620214,203025.67000144027,925216.8710738857,22.46,7779.8,111.7,159636,11251.814183312837,381,636,910525.0329599718,687,167166.32875771375,210111.786929017,126.3,121.2,217.353,220.783,90.261,89.579,12340.3,90.0056502808522,73.18846332619188,11.772,4731750,470250,NA,0.165,3.705,-2.0857212280642266,0.7171957678318154,-0.5869529186745414,-0.7574466518896158,-1.7755053542192079,-0.8547747037416628,-0.9281581428799388,0.3623741583994007,-1.0338585810731085,0.1907476980278545,-1.620162108207795,-0.44312941226470487,1.1669591536537098,-0.7929684526202326,-1.6164191064910207,-1.1925830333493144,-1.9723484209559858,-1.4961477274629076,-2.0536965359252966,-2.130160505653166,-0.8112746635447005,0.028784297257997662,-2.372791380805735,-1.0464379728016941,-0.5595994052164737,-0.8873295047545731,-1.395670465595495,-0.6485980763061052,0.4343391226065566,-1.7675162055029547,-2.078102241187389,-1.90266870187111,-1.5829384185766238,-1.8414937961501068,-2.3923411533705448,-1.9549713656559464,-1.5563467627843042,-0.5602560325486655,-1.9612052570384824,-2.4056130887179332,-1.773155948277383,-1.0312892530106716,-1.1502782211546323,-2.023048858445476,-1.4881438448618693,0.6821656930397139,-0.8279384789028358,-2.161613145547371,-1.4820508075239234,-1.5010905379626984,-1.8258278315362912,-2.379422093507433,-1.332571740792448,-1.5030315777809722,-2.54889845658727,0.603948195435374,-1.9637052545026106,-1.4454601927025381,0.6586149930654935,-2.2140506943622653,-0.0786982490751531,0.13456088199151683,-1.603546003170243,-1.310212201028412,-1.151957484416785,-1.205527955421047,-1.7418014216939897,0.31162406661587055,-0.3274597240674671,-1.7976875018583762,-1.881703117781941,-0.7208607675746918,-0.8371753833044407,-2.427111867527807,-2.0764375113224074,-2.4208685173613826,0.053416049747282666,-1.9663269817193403,-1.1572478017020196,-2.3075017628541854,-1.3398450129045119,-1.1311815172784034,-1.6405022443502553,-0.8341249796567707,0.7511366318316416,-1.2892426404860629,-1.987550174184097,-0.27779932463108103,-2.109690368271092,-0.9393491022030739,-1.374491985025641,-0.8911217035638602,-2.0505391919165294,0.44652159184811824,-0.8169345119727082,-1.7160150824250417,1.3737815055358606,-1.139392537329056,0.14708410774012506,-2.243929247884788,-1.290062402518108,-0.6450234992563085,-3.2791217502210315,-1.3179208192454182,-1.822178979746164,-0.17273474113671253,-0.3828222973872797,-0.9032000134371092,0.050884408827412554,-0.8946349252431441,-2.2940327388255177,-2.2304486496533897,-2.1085972205795565,1.0143389158874696,-1.7313722073068032,-0.7341056382764085,-0.418699544651812,-0.1410889642794487,-0.65729407221049,0.4098882313360769,-0.15227388623493066,-2.0405575803272438,0.1197474837659915,0.2826847209855746,-2.151855142985371,-0.6142866189297977,-1.470928264067861,-1.936664419723171,-0.07120459910907191,-1.4297830482264176,-1.7851416358382162,-2.2796136013103303,-0.30045855911796104,-1.3098808490100486,-0.41891421068438167,-2.100515352929139,-1.9529475018238747,-1.2963267382366395,-1.3979630960998761,2.265660542427776,-2.154385452765101,-1.9814895982656577,-0.6067660858240059,-1.9257095825012458,1.263223431925611,-2.1268007562429787,-2.2246829426056967,-1.825920918881718,-0.3096726109599906,-1.670839061219681,1.4888990306986087,-2.2258977283883072,-1.9157441480178101,-1.758580778751352,0.1594106355653124,-1.9333303227523275,-2.6159029178193105,-1.8677080556512065
2010-04-01,130120,139297,3153,9.9,104258000,3.5,27.4,2.5,16,1.1,90.5991,202577.78762041856,446929.46517550654,1484204.096040017,207487.54290776214,925483.3351788283,22.49,7860.2,112.1,160931,11274.831137194109,422,687,918684.5310596833,637,166003.76481009854,210146.16321559073,127.7,122.5,217.403,220.822,90.31,89.625,12447.1,93.54445797807553,71.95814417725572,11.454,4728000,469000,NA,0.192,3.85,-2.1417081405694045,0.7793193907958491,-0.43741911524186655,-0.8420923800307893,-1.0355819311514822,-0.5505477726540362,-0.8470847676514088,0.5685535404585644,-1.5060555605714938,0.32299575907517897,-1.4768883839121976,-0.4349853255994241,1.2763605331919408,0.03412199714865162,-1.4194302265138512,-1.1702388794905672,-1.9414963015761515,-0.2402220006397064,-2.127177694289701,-1.723701518855511,-0.7694896155583775,-0.11078973887821197,-2.2631060282744757,-1.1682812168726284,-0.6086572235924239,-0.7488226577996179,-0.963183329450084,-1.0158235098541566,1.0134682563620223,-1.519422916557983,-2.201328962729652,-1.8631939457339368,-1.4533843200667882,-1.8258174050109919,-2.291816166499043,-1.7976187998689406,-1.6267268929302956,-0.5697222623994306,-1.6209021503804173,-2.286637703743094,-2.125729883567362,-0.9559082475210681,-0.8998812226885662,-1.859870579280797,-1.2838108486938982,0.4790561266628301,-0.7625961645180617,-2.1619301601972523,-1.8449793027509593,-1.9452649923816505,-1.6569929999709179,-2.1038256380806235,-1.2149583796702716,-1.3539926058968197,-2.4468541128890258,0.7766667514477701,-1.8703947353893966,-1.4727180307004484,0.8214857618390999,-2.2899740654614082,0.24485268948023511,0.04049115790658879,-1.3828883417176652,-0.8651659857984099,-1.0759794420146447,-0.7585634456052319,-1.485929498858762,0.7364844497845021,-0.3731264057504168,-1.4420623131816224,-2.0884901641648623,-0.5257633044542509,0.13886624262080288,-2.2939433725943537,-2.1486388409080543,-2.571935154494006,0.22839499562686702,-1.953257068465342,-0.532874521826843,-2.2190005978110956,-1.334398700239126,-1.0403010556683308,-2.1290932488565213,-0.9081985803456769,1.0468254445064415,-1.1712352481465211,-2.0088191896882424,-0.356127335632759,-2.2023369042909944,-0.9660546930512428,-0.36856273174302917,-0.5834364718323621,-2.1641633369289575,0.8611135865790573,-0.43135552020361145,-1.4869084729614683,1.031732051954625,-1.165438434946166,-0.09174823247984625,-1.682920083779373,-1.325665517562079,-0.3926321340908504,-2.9038953672973085,-1.401914369625796,-1.2263722483080222,-0.10420396581690727,0.1537318467018814,-1.6940704779557636,0.05784695070056067,-0.8274059716256251,-2.057519780571456,-2.6196599163329637,-2.0710182070280734,0.9966953315549746,-1.7119912813098106,-0.7587678917382416,-0.42164289826249185,0.5220142445727515,-0.5443125300898923,1.3450540706396539,0.012712359088031746,-0.32506369606372426,0.432075515665753,0.4805340772810876,-1.783712816461571,-0.6558680996117967,-1.8906101072334227,-1.8400629826871824,0.39672421924851237,-1.524718238104206,-2.0886978383810644,-2.048410355297015,-0.3743853654866783,-1.5864915219048148,0.011492103251787867,-2.2867998151941475,-1.814160361273351,-1.1887548804731274,-1.5109751126271822,0.5083495916845276,-2.007037256261204,-1.6928665795055207,-0.7791249717109866,-1.9176299207820786,1.3248692054595579,-2.2212477072613064,-2.290594380335657,-1.8404518950533018,-0.2656965990698626,-2.1055733134474774,1.5021800842954376,-2.532741879819229,-2.190817125381604,-2.1349964364189726,0.16227484400815212,-2.084315392793725,-2.617833540272025,-0.7368102922848995
2010-05-01,130642,139241,2988,9.6,104337000,3.5,18.3,-6.6,22.2,0.6,91.823,210243.637852976,448901.3604312645,1491059.609189675,209610.46724006243,931361.8702885797,22.51,7935.6,112.1,159629,11302.759605486002,280,583,911507.7651955413,575,170081.58159820232,214892.7927030408,126.7,123.1,217.29,220.962,90.339,89.724,12540.3,81.73657003066229,73.46727538292947,12.03,4674800,459400,NA,0.2,3.42,-1.6927678866936016,0.8245738711567089,-0.1623560526001216,-0.5191820196558552,-0.2573384824822563,-0.7002395550255471,-1.4946992520765607,0.3046570659813033,-1.9020327878661194,0.17873407890355814,-1.3806918128664225,0.4683170926862879,1.253909878671112,0.04152667977797991,-1.4573126714518518,-0.8172347824828469,-1.725152096633998,2.7693306138493465,-2.6276807900475196,-1.5217228999253454,-0.5877174090334801,-0.4307710094189869,-2.213975376170826,-1.5856092388066094,-0.7664690137719701,-1.6265654641426301,-0.9316896186199328,-1.7028690479816637,0.9712941904108316,-1.9642285894317575,-2.2020984608036502,-1.6086731597547173,-1.2637719026267833,-1.7918830526589846,-2.395220510480188,-2.0192347826413144,-2.0887155005004874,-0.706264383127726,-1.996044664021111,-2.7646337507165737,-2.10278349176519,-0.5846093188816425,-0.528111062810827,-1.7761081140600201,-0.8568862598774614,1.3134591515730953,0.1989285553307117,-2.2693382440469927,-1.6037014146794866,-1.9040995267700864,-1.8393471682817697,-1.784115119470384,-1.1753176740957318,-0.6441891784086997,-2.4654240856132357,0.9705201684312441,-1.9450803156732335,-1.1492774033947804,0.9249072851903948,-2.3729312795970072,0.3826053391061139,0.2850586868839146,-1.7025100483751987,-0.3939001252272835,-1.3737810533878598,-0.507754947494196,-1.0995260478142548,0.8916526891523353,-0.16187014043366768,-0.9807883043173379,-1.6876429559638866,-0.3875621658761744,0.11283798999158332,-1.8688514738322142,-2.1368837353287757,-2.1877532292258026,0.4849263445483757,-1.910698189939153,-0.9757464823606755,-1.8819768877871035,-1.2214926403041129,-1.3349475614333461,-2.0088914344203452,-0.8486594549132452,1.1595009020037075,-0.8746203273119203,-1.767026158212544,0.47848796377148006,-2.053312203305362,-0.8133916641856901,-0.6294244607607429,-0.4987197750607032,-2.6110077912647993,1.0911411529733739,-0.22705919810524666,-1.7948393093062283,1.1663298364202634,-1.5578878819268607,0.28458189697673375,1.818238774514979,-1.197303449625079,0.33879316469318116,-1.6790391090240684,-1.477016961853406,-0.71355156220952,0.400006000234785,-1.4128395006138732,-0.6778028949362007,0.055332765564012114,-0.7112443651558091,-2.211222224514698,-2.18506809318455,-1.9462017500041842,0.8384101868781725,-1.9449066858193125,-1.071445807177944,0.12592207420477164,1.2855021048335922,-0.23441994617569728,1.5070336466150243,-0.004854651995917671,-0.3468058184697636,0.9788354669431019,0.37001217631427746,-1.617601641034785,-1.0084708924675418,-2.945963121712838,-1.7617860617129393,0.2524326509620479,1.1855311527340746,-2.0616010623823047,-1.6090193127721366,-0.6202291087148702,-2.0751470150569027,0.5914770624802025,-1.9064052452236475,-1.8287046569890926,-1.1314091766691192,-1.503840579900422,0.42145869377601364,-1.28790668783835,-1.7255973261059383,-0.8592981473230425,-1.8935339390716754,1.289993304408713,-1.8875525961082515,-2.085541209086438,-1.422974256559575,-0.18941819162791437,-2.152462951954018,1.5167176636591948,-2.0936610584640456,-2.2344474530929026,-1.9325157602283123,0.12297726162198136,-2.154743378406746,-2.4068254815133874,1.674067090090558
2010-06-01,130510,139141,2801,9.4,104435000,3.5,19.9,9.9,15,10,91.9928,205609.01872625996,451517.701908063,1507309.2045384934,209426.2522009723,932341.8345311792,22.53,7936.1,112.1,159538,11330.217827045104,305,536,910225.8003787334,587,169586.1618365245,220200.21926667477,125.2,122.2,217.199,221.194,90.301,89.767,12544.3,83.44315123863522,75.2619562339933,11.598,4583250,460500,NA,0.1825,3.24,-1.939404157501818,0.7537220242883514,-0.8639382410345436,-0.5821645882625441,-0.5203470810125712,-1.6826313583038057,-1.9706777185331428,0.19094990798015363,-1.8425246200427465,-0.4192640770707534,-1.3698374296058518,0.6054692649278899,1.022513715735294,-0.38538881408439585,-1.9354122469854407,-0.901663369561453,-1.5813019308495382,1.6452712639621394,-2.3632002189185966,-2.378391501148189,-0.8634941302197896,-0.6451448526949978,-1.9397395705527292,-1.6075028173097856,-0.7081627252519486,-1.969146067705697,-1.8112174298427122,-2.141401685321905,0.3955313892129725,-2.7995323975467663,-2.3612548235251603,-1.4297597949815997,-1.0509197521365983,-1.9815576851713617,-3.041172581568432,-1.73562562307211,-1.9946148054704886,-0.8977397274604241,-1.8885446930128194,-3.2705698422646843,-2.8854469565011356,-1.3353097747364935,-0.8589305505658685,-1.961881542561657,-1.6954422647203193,1.2339578954664228,-1.0072167883036809,-2.017945976759774,-1.6982634345960592,-1.7608055265577633,-2.3696001725351423,-1.7386081394519688,-1.1511487821260464,-1.4436635497690273,-2.447384522375446,0.659913476992302,-2.952464218631267,-1.3989417807500444,1.2910896551945916,-2.497301543459467,0.3386365057212671,-0.10317217518076109,-2.0527353673669158,-0.9491866569859597,-1.6727242010464225,-1.7786178812754834,-2.9235808753357646,1.5220170208716333,-0.9995682881232782,-0.3419379264040881,-1.110581976632141,-0.8924463501558842,0.8253441812905943,-2.4036108831463965,-2.586351105981892,-2.3755468370413984,0.5785654334598428,-1.9334441001671996,-1.1488222171364293,-1.7914885762156696,-1.9031738691004028,-1.8903942844158725,-2.0335665745381997,-1.0710197469813574,1.503319075828915,-1.4291309275183048,-1.5160257209011203,-0.4295243703385349,-2.625516002085179,-1.060983195858566,-0.9257710751105782,-0.4601778046771998,-2.5738418825496048,0.42643980389511343,-0.5439235829501758,-1.9744001853735984,-0.01509384982357682,-1.2316204531509414,0.23897543900328783,5.260803930650375,-1.184918255730099,1.0348820195292487,-2.1651242609287173,-1.9553642191172882,-1.8954232273564176,0.19659018552306304,-1.545637942721836,-0.6390064194721828,0.053629087664849584,-0.9696107696187254,-3.1754939390562225,-2.377643279003414,-1.9204448082106962,1.3927744459478932,-2.2607806300332918,-1.4587714485727539,0.13859024517860258,0.6901100284756208,-0.1730047626494002,0.02855590047985171,0.22130122162684496,-0.1696324207927978,0.896997467523206,0.5279052215092076,-2.526634809168018,-0.4394060840572758,-2.3795813143587647,-2.135593541037207,0.10440174705458595,-0.24336015817633402,-2.444311174470245,-2.141744856529496,-0.4382177381068869,-1.6076322850757707,0.8058173757805398,-2.211096077078396,-2.1574522655723563,-1.4001683318321045,-1.26292554682103,-0.6799923043402928,-2.238688306913919,-1.997057088576855,0.7935506987418635,-2.2036708605412056,1.019716869457044,-1.4304675608207764,-2.127768187480848,-1.2399605742634587,-0.4099583635345369,-2.374752820508434,1.4745456927657772,-1.891891022566449,-2.0830421612061567,-2.0376114580739824,0.16939449670778536,-2.8110300120444864,-2.3008624002599847,0.45965242909816667
2010-07-01,130415,139179,3082,9.4,104550000,-0.2,5.2,-7.9,7.7,-6.7,92.3421,207468.631746664,456770.4529863462,1521824.7935745087,213826.37367500944,931003.1202283743,22.59,7967.3,112.5,159744,11361.282613025294,283,546,884832.5920024784,579,173283.32116222975,217426.80740888268,125.2,122,217.605,221.363,90.378,89.769,12554.2,84.50065281373786,67.55701570503349,11.948,4528600,459200,NA,0.178,3.0100000000000002,-2.057798343885327,0.8538233589729771,-0.443770458455238,-0.5715469144947846,-0.13693262086861252,-0.6895296952886677,-0.865470270734485,1.2313653295274312,-1.0445061760741923,0.6862180215562529,1.6235077630222354,-0.34776505140948677,1.0368693358562957,-0.18893259351427166,-1.8234066310144381,-0.8646592977928629,-0.9665500786482648,1.5689872149089021,-1.5984782909626531,-1.5394959708977196,-0.4647337903102052,-0.6020702446587776,-0.7612254686546582,-1.1380795564727426,-0.5136837437364186,-1.6440696316406667,-0.8024907628197302,-1.8610835859168982,0.6673242374209578,-1.4929860127328949,-2.134662709253062,-1.4269272023227813,-0.6509033286747065,-1.6405400589651709,-2.1725415851801753,-1.5829534400064251,0.6063803160036786,-0.670466287563541,-1.6964535576251463,-2.2948905083767506,-2.727418334923348,-1.6083667393723842,-0.22200645121889873,-1.9522496716512017,-1.495320997594026,1.085135458606617,-1.0721872489842625,-1.0768288858907942,-1.0107022791831761,-1.4339180370274291,-2.155204668918086,-0.3380664008606025,-0.28073192670942876,-0.767079414123899,-1.5433764653531814,0.7355570105348653,-1.38466246878103,-1.3447851805933468,1.3894493173251916,-0.8438781015397451,0.05414340997283653,0.20646487746338904,-1.5931911256598326,-0.7800282507999433,-1.4451313666776622,-2.218904714215763,-2.4751346745249014,2.0219090704949982,-0.39340186810830463,-0.40436578281263963,-1.011477462847774,0.20184560303520133,2.0671535308808338,-1.4714488050180716,-1.8499811195523894,-1.5495779906874798,0.5517879260081602,-2.1027408329551456,-0.3203322859615233,-1.1908910272096076,-0.9865105849824544,-0.9212436453066172,-1.581821611735942,-1.0442202072842475,1.3946031007059465,-1.034104926506895,-1.6394937431180725,0.8100210649986913,-1.7652343222541567,-1.3498421612231444,-0.5737303504044065,-0.11751227747545683,-1.4735504975648508,0.3685776534907896,0.030238037998447553,-1.9404766170217937,0.2361135978426274,-0.6210221618216695,-0.5295458628906319,0.9539557001008556,-1.0580255350544878,1.6391182909267816,1.3863221808001212,-1.2925979218365329,-1.787228199959811,0.2899851857021667,-1.4286001238517019,-1.3511045329956528,0.05479750210059463,-1.197338277242984,-1.64575777990894,-1.9319933896584318,-1.6798525388554348,2.710507770384247,-1.721858514738263,-1.3612165886046974,0.6233402819372035,0.47122693760151946,2.440217983184796,0.7684176287051387,0.24179993642088848,-0.07638030962257561,0.562517149183131,0.8828032848077336,-1.3335959203410468,0.19195272254837722,-1.8012927016222158,-1.690093203852152,0.23225050186499002,-0.802524198006615,-0.7362647193360784,-1.516242629634571,0.07666203620221974,-1.060574442075074,0.6182808554175566,-1.861979018069749,-1.8209306104924246,0.09191559810472953,-1.0681179516661825,-0.6832575635580161,-2.0857809926350757,-2.0467176311165143,1.3227448335331908,-1.3869770591971953,1.3772364410206686,-1.5652541497356875,-2.033903841617165,-1.3294410980422189,-0.32956261575341944,-0.949545624247984,1.4629851554644986,-1.3652613102097322,-1.9301505254542832,-1.9691649705616523,0.17110187406582103,-1.4184720819762577,-1.7553925477375563,0.9050541224688121
2010-08-01,130415,139438,2999,9.5,104644000,-0.2,10,0,3.6,-4.7,92.6805,211868.24600561312,462155.5324744205,1531446.3388800693,212920.15646063074,934448.9624538685,22.62,7988.1,112.5,160235,11388.809087091999,282,599,886201.4099135931,580,174127.64358798703,222703.36567147687,125.7,123,217.923,221.509,90.502,89.855,12591.4,84.8821020529933,69.62177264947795,12.014,4461250,475000,NA,0.1875,2.7175,-2.3492940108188383,1.2884462145784594,-0.18538569731488908,-0.9513402616951536,-0.7384382595732087,-1.1012602094988309,-0.4452760759980261,1.0734259222158962,-0.7282722330121292,1.0631749117691807,2.7031049589960086,-0.3277050246095156,1.4362684124260583,-0.30712520912165053,-0.8643019628881966,-1.1614238783747155,-0.28749925405206583,0.465359917907352,-1.5910372467964184,-1.0342997029239276,-0.2870029873851723,-0.04770321398565263,-0.5981464409520586,-0.7368891383046067,0.04971676201393754,-1.222125589356124,-0.18384315276787383,-1.4613719264440457,1.1750619724892755,-1.1290662231619173,-1.8246983559988315,-0.9000211939878962,-0.6814495249922149,-1.5156078428938264,-1.9821056715644128,-1.5085100312912971,0.6020566023058087,-0.5901225409425594,-1.5054473177386105,-1.5799181441649204,-2.0987495874838213,-1.3662264642213482,-0.255220759564469,-2.1670836868385543,-1.6852955438704023,1.2736219132257576,-1.1768831023445387,-0.7653612865417183,-0.7015452144460562,-1.3382553363555871,-1.7038152510376414,0.25351145997648666,-0.3067509653660506,-0.45418006051200965,-1.4857870683430972,1.1755092389909796,-0.4411263332787485,-1.4749614138437008,1.6073904078904748,0.21208550194792994,-0.11522973354969338,0.2601188006032448,-1.4284981013609397,-0.8043237669436816,-1.827040729104627,-2.1803979985167814,-0.7770634820902713,1.717081357505451,-0.5839560016776082,-0.06897822156179823,-0.9138533153861224,0.9701777781364186,2.03635311229181,-0.7751746872710927,-1.4769372255013693,-1.0230198224637492,0.5139209510885799,-1.8678924024362304,-0.6097872675345573,-1.106885998811815,-0.7573156284788454,-0.8815337461600374,-1.1049507811783432,-0.9356942927473245,1.230703808637672,-0.7012836119429016,-1.4782719514230627,1.3336894843458063,-0.7776375277572715,-1.1047426464292445,0.14798561258931128,0.01724714487633639,-0.25925187210816186,1.0484082910665662,0.46339821540312454,-0.8638013739080033,0.7650237910673248,-0.5817613321928559,0.3040212827187513,-0.7041754201207693,-0.7514496539654021,1.0912911145297508,2.8059058081136654,-0.859258013239739,-1.1905492940167692,0.5492372963492448,-1.1189773961445642,-0.9723384310771253,0.05401000728160451,-0.619257471860292,-1.2476988861015292,-1.7230275393699561,-2.1031471879908,1.1556937919153452,-1.0729729985939425,-0.8086931323680578,0.525358998796769,0.29882661518844383,2.113107059259033,1.5193087402596392,0.3438893308792648,-0.5392189897585673,0.4795605023699913,0.5564276971735498,-0.7929042232271203,-0.03318564275708814,-1.6814852696518456,-0.9624715348782289,0.12525612963609095,-1.0878020224695941,-0.798682913322647,-1.2012520862073761,0.6954400365470103,-1.2065127372842328,0.6921706559289152,-1.4188984824429163,-1.5795507691626334,1.012803907721842,-0.4831174035831359,0.3106751960408764,-1.7072181140940952,-2.0760537872644766,1.171371713641954,-0.9166710062438466,1.2248808154662796,-1.897687018424013,-1.9901688608207915,-1.6524026394986842,-0.2300522784314731,-0.8547066420220597,1.431603864808015,-1.2781626303094804,-1.7450214264330683,-1.8433015347602357,0.1771374272894154,-0.6996020724569748,-1.6029100298273429,0.4250007376245632
2010-09-01,130341,139396,2918,9.5,104802000,-0.2,9.8,-11.9,4.5,-1.8,92.9537,222902.68456375838,468333.84846344055,1547051.804801083,214982.55916637232,947280.1130342636,22.67,7991.3,112.5,161346,11399.571706110915,317,594,891610.7382550335,563,174876.3687742847,221996.4235252561,125.7,123.7,218.275,221.711,90.592,89.906,12589.9,83.13096079123984,68.70475876058904,11.922,4467750,453500,NA,0.195,2.6625,-1.306229501828575,1.5317596221078271,0.22522186947695327,-0.9014611819861831,-0.7128587550877353,-1.1509332248561666,0.004743728816921431,0.7384752198539424,-0.6099605773889644,1.136816363201711,2.2681612243586646,-0.5050320463148154,1.3936398961620358,-0.4117059307862685,-0.9747986113205306,-1.2407849262128374,-0.3636615808368513,-0.29673855789417775,-1.429061410231439,-1.0993285031406208,0.08751759164485247,1.080139222717683,-0.6050671815077552,-0.4135044523702997,-0.3617974249189911,-0.5770040697249694,0.3243678569100847,-0.8503256308839295,1.3648324545690393,-0.9299771984593056,-1.313156355710215,-0.10437460719490708,-0.5731237551947312,-1.3392753449495274,-0.7197673179681046,-1.522534494961691,0.294904848595111,-0.7592837307306909,-0.7748959619173894,-1.1132566593654862,-1.7938194286695124,-1.0136310180479924,-0.45289431628686,-1.1941005053701848,-1.7430329386579875,1.2760393880111516,-0.7695496492060271,-0.3960576255517433,-0.4093304491636389,-0.8115922438146493,-1.7010314941834002,1.3409185460059456,-0.08484260948254008,-0.17998234032087562,-0.7514116007143826,1.4841153563024443,-0.511888746755652,-1.379696052705329,1.6537086517291462,0.07927103610809243,0.13378685178106522,0.9499116847083583,-1.0430661354147084,-0.5270432911639522,-1.6473983995377153,-1.305276282445746,-0.27680666579310925,1.62258361409394,-0.618194214238477,-0.17783054895242717,-0.8166895015154175,1.7056214654356072,0.5593298438572516,-0.5966654532783158,-1.4530706540277543,-1.1486408493748972,0.6886823275385359,-1.6728322242095202,-0.5076372515423733,-0.4405073706452644,-0.4017379940230472,-0.28905821448849583,-0.9420699534753356,-0.8108820454463808,0.42608914607548803,-0.6514056929906485,-1.4308833779764263,1.418586714088639,-0.4754944299369134,-0.8315525827690009,1.241020630068252,-0.14814613106587896,-0.2184683679211304,0.3842120710433583,0.5518515573016023,-0.9155038544053663,0.6499146910422415,-0.584391615387359,-0.4740581574892407,-1.3675838416830635,-0.345755706413564,1.1302801360160868,2.6179115434527716,0.09170140895801515,-0.6440086193161056,0.516327669628113,-0.9598193069802183,-0.26254551601943155,0.06216744714112437,-1.0195262238148692,-0.44054146404803246,-1.6373926185438825,-1.690327927573661,0.45195699528921396,-1.107924860850099,-0.9552520039880257,0.3329876293497905,0.17490999107865612,2.1450370241075682,1.9036593828831154,0.27439388776361323,-1.1189091905111255,0.5859347057535345,-0.02862625298797363,-0.6830020361307256,-0.9134331907248927,-1.3390772077512172,-0.5398899630406475,0.7367523639769962,-1.3085006785350195,-0.36943908155997945,-1.208392277242038,0.2924490100694979,-1.0614913213486947,1.1640551228883442,-1.3911045457971223,-1.4170314628612493,1.3103016251955597,-0.05286743786888606,0.9388725022305244,-1.3452136816652134,-1.8561515300517217,0.2578823807165301,-0.4350571853912622,1.1133039842511223,-1.4676790108605284,-1.8129236838153449,-1.3719589598766724,-1.0735510248752593,-0.6389447076554687,1.4278417630241456,-0.8176224296440384,-1.5438574173279773,-1.6410606832475931,0.197065587323945,-0.13115403975038792,-1.5757460949986322,-0.44955156589929435
2010-10-01,130620,139119,3235,9.4,104926000,0.1,15.1,-6.7,0.3,1.8,92.6903,212438.24341721594,476238.1575906955,1556895.2166445465,213897.29426392756,948508.4891231391,22.73,8023.5,113,162629,11428.571428571428,291,543,881781.6705361956,558,180476.66729019268,223260.08736699642,127.1,124.7,219.035,221.83,90.881,90.043,12592.5,90.1178464145421,69.12168584392238,12.414,4363400,446800,NA,0.188,2.536,-1.0819763478397888,1.560874356382387,0.7982713091231286,-0.9360450693875766,-0.7573793449332822,-0.496810214419933,0.25571780193593646,0.8833723916238178,-0.8092778725422662,0.859292354876381,1.6957172092868096,0.34342224987637926,1.1461207792850556,-0.6625022696322806,-0.5606101217715606,-1.312196269029386,-0.3989177917786503,-0.8254290661009245,-1.5545791073549646,-0.4137129944493388,0.3742750210162026,0.5589468475879937,-0.957932712710413,-0.24909969899861478,-0.699152965833509,-0.5428689816899451,0.18633118969431903,-0.522463933262955,0.6984739248073573,-1.0282469546105109,-1.429210964545459,-0.4938568534259734,-0.26121498750899164,-1.3255267453219992,-0.6584468191225566,-1.4366104317117834,0.2069780937380967,-0.6983856370775942,-1.1327742867656034,-1.0001950824546473,-1.8102803123808033,-1.0877883547051241,-0.545001259091976,-1.3441485776999704,-1.779487566594668,1.1303267406206714,-0.6161775820065553,-0.33166102130585473,-0.23509523784763317,-1.2157422191087197,-1.716242498129244,0.46375587577749033,0.07852122957937883,-0.2195140672987712,-0.6582560787826028,1.5412118026368946,-0.4261016051936304,-1.3999496267309925,1.6708688148234554,-0.16722207083095658,-0.40823264212835375,0.9484873464836429,-0.8872315903362661,-0.06617073595368494,-2.0969767427717043,-1.7482963961960614,-0.3688092649606533,1.6042584360713232,-0.5620003086703772,-0.3196703142375728,-0.9062539228383746,1.7023676608463807,0.49770207256900345,-0.8827085902594064,-1.5778791285432763,-1.2001455731720245,0.33537305394748085,-1.8347215863941133,-0.5992607225209701,-0.5192910484255364,0.08486905016790504,0.440769403079137,-0.8039462681308417,-0.8854208075498385,0.443549061157708,-0.7564912574000083,-1.3758882641194825,1.2191351458883266,-0.7604245107952174,-0.7663415571306538,0.9856609907989031,-0.4662645020540869,-0.8138763894513731,0.7138024070566951,-0.07017497243644162,-0.7169296385129172,0.49927288697752087,-0.7881374017522473,0.16384113809523382,-1.3547562584029962,-0.5653588619393566,0.5997529586686348,0.9194858571641532,0.135044732540127,-0.7728107759140596,0.22418517081286787,-0.2831220877853473,0.9946276857219912,0.07654315680295297,-0.2746853784108903,-1.2112786751349205,-1.7604688565109436,-1.5695787221831805,0.17375582253211433,-1.415224208315057,-1.1390306656422022,1.1334491042151134,0.019379646423931984,1.0520696344876437,2.0662752956464843,-0.13317779316299713,-0.5556596192153913,0.5803676894750012,0.03033659622460675,-0.5237337073442908,-0.8515298520138563,-0.9373120378428824,-0.41917454575145285,0.711708985088453,-0.9182078624289546,0.0018335394721301422,-0.8252000669583863,0.7551761084739058,-1.5441863027166614,0.7774893019734803,-1.5467486621546047,-1.4309178276253771,0.79568876916712294,-0.1970919533742016,0.8561098961284395,-0.8858270733470603,-2.0868739273656844,-0.6276767926534685,-0.48425045441027403,1.2647379710328015,-1.32975163059274,-2.026860236973464,-1.9410233162894233,-4.220716669166492,-0.043155220441011596,1.3200761415178874,-1.1027204475616144,-1.5800609059178963,-1.9956598606680431,0.26842387317489846,-0.006881078720973456,-1.9616809274811733,-0.6901437091318474
2010-11-01,130749,139044,3211,9.8,105052000,0.1,-7.5,-9.1,19.1,1.7,92.7709,216557.9495288924,479170.2356636139,1563683.3789126058,213945.44376358963,955276.6247172256,22.73,8028.3,113,163691,11457.688168500583,287,545,883080.7581647668,560,181647.66862137886,222250.77419779933,129.2,126.6,219.59,222.149,91.062,90.16,12605.1,92.39858557905603,72.95267542725571,12.3,4195500,426250,NA,0.195,2.755,-1.1694771259202874,1.56170936917934,0.8933448094063567,-1.2552276433058192,-0.29168971270661576,-0.3806046130420927,0.33628712476181166,0.8232063332953703,-0.7599481043592425,0.9372684128737124,1.7920680432665839,0.6482136743692909,1.4127730743323903,-0.007877001064053282,-0.3064790836163718,-1.4528750850132603,-0.23311922409022293,-0.27341662933033684,-1.643418639428093,-1.2093482296702915,0.1671152898018167,0.6954802389058808,-1.4619790813162028,-0.2858939377360931,-0.48803276559512937,-0.47629978308669235,0.6793997971418304,-0.573741658119401,0.6870603593895368,-0.7601022341324111,-1.6628008538849377,-0.12002204548312258,-0.187543678725822,-1.3309556362591581,-0.5901694059805184,-1.1626862408343088,0.5305560263030674,-0.5505853944987409,-1.0756950490023807,-1.101054910772489,-1.0193280931739392,-0.8734543248146578,-0.4546149585660766,-1.7052891375707526,-1.0478115755186161,1.0597123567174076,-0.4678334126507409,-0.2624889351830985,0.10027125090781057,-1.11921655049956,-1.1889013374396409,0.7903348633389995,-0.8227411828633117,-0.4816091393386158,-0.9889456856375233,1.657813873532098,-0.11911089450956143,-1.399843753650419,1.7929686232278708,-0.03657686231224417,-0.21889892377559655,0.9649676998719822,-0.9054590111461799,-0.2457877198020087,-2.0387176740078994,-1.177410207657561,-0.47607361040984497,1.64927299153632,-0.06942291938313898,-0.1651884691075714,-0.059404382332005005,1.301194740565445,0.6380024486033223,-0.7099699350803755,-1.5965503213990855,-1.218608700815987,0.6316758571802537,-2.0995801262040565,-0.537966189637385,-0.5148793573313668,0.09051469145648158,0.9971582501002797,-0.18928875082488583,-1.0260946730249474,0.6239979070643396,-0.7870502633588647,-1.0040272419062897,1.1089440801638695,-0.41680792664524857,0.49870810540808175,0.2048488795394062,-0.059709141600887486,-0.47508315008508634,0.8712726388658611,0.39740776221629825,-0.3573644899969797,0.7362964839795054,-0.6985098951692189,0.47885158186441745,-0.6831347498083397,-0.5772344652994884,0.5205724055951403,0.31916409552512004,-0.07241408794855186,-0.6976649724820214,0.9592489451664842,-0.130906841760687,0.806242210239794,0.08931741081425452,0.32024267293961506,-0.9335530982497241,-0.9667999440178977,-1.7040079042865939,0.33003466232533335,-1.0419125134167502,-1.346018208076621,1.1753812330067668,0.6155785296943239,0.47901459009714015,2.38000610453158,-0.38839156351791887,0.022285423874445185,0.17192751696682837,-0.13631156582570744,-0.2698855865303208,-0.8020636319656342,-0.5538722460846877,-0.46225428734636925,0.896614915561446,-0.4651660801665201,-0.008697707701962832,-0.7292407562983935,0.7927953636392183,-1.8815768953868133,0.6139982397926106,-1.646190997399577,-1.3694704107454452,1.3662761926183078,0.21004111563413938,0.35861993328986075,-1.09951327962019,-2.116349643540069,-0.5881293925508387,-0.32774168486838345,1.3510859817943934,-1.558689191189975,-1.9336118057173148,-1.668959850351419,-0.503272470208557,-0.34146147157655143,1.636240340299613,-1.0558044887008666,-1.3939040692264948,-1.9043218345568833,0.2606736962488257,0.42398396268668,-1.6524035716713865,-0.3365297223804114
2010-12-01,130830,139301,3058,9.3,105235000,0.1,11.8,-6.8,15.4,3.4,93.6787,211960.3804181093,485703.6420212999,1578859.682554701,216236.79712495068,954415.5673401412,22.76,8071.2,113,164184,11472.805364421265,326,539,864919.7966428541,632,184391.02423631502,228200.46456589384,131,127.5,220.472,222.343,91.268,90.179,12680.6,97.55883770872596,74.7868768161446,12.605,4100000,420250,NA,0.186,3.2560000000000002,-1.4514832863276836,0.9442630833409498,0.268188768871203,-0.947314271722201,-0.4110566713186847,-0.9189380162149108,0.2608155336056444,0.6657997622599692,-0.8863657138486768,0.5914462765074984,1.646362536772875,0.15223520154618359,1.4664801085637196,0.287869605311139,-0.6986380858559965,-1.228050109343181,-0.31331404851578343,-0.6261122464305456,-2.0607561175413007,-0.8341866722381046,-0.32603168752998263,1.2767973800217576,-2.4925430436283182,0.25663343149962586,-0.32348481181206024,-0.9064429541942534,0.49677994951259236,-0.6870184093306944,0.3539187388231502,-1.2867701507386888,-1.6165953273993534,-0.26299683204117325,-0.777540416508132,-1.6182369802360324,-0.5326139657393643,-0.7267286788048695,0.41495134371697334,-0.2977588979138406,-0.3785768439883515,-1.3303400805586847,0.7577203331624476,-1.5601076286996087,-0.33560416041565344,-1.9965260394553195,-1.3194108356674938,0.7842362391655717,-0.5564525153887554,-0.8483430213543891,-0.2920105181089986,-0.4053473905860497,-1.4102038809864503,0.687125288115664,-1.296231906391772,-0.0025340380786586,-0.7979647743094648,1.5305309530890312,-0.3264952945670249,-1.4684959227689733,1.7849894540205675,-0.341100550616825,-0.4279500918292604,0.49413302233035955,-1.1700810975286573,-1.28608751141864,-2.1774012168784522,-0.9808904296490433,-0.38188684959763597,1.5415564848105376,-0.22350769124966166,0.04622649469649088,0.2936125550996773,1.1032763399894776,0.7188931653288495,-0.3431403848612401,-1.5560015518773178,-1.407803623271148,0.6888626967502712,-2.3261120205732655,-1.1077429387694548,-0.9589508095485838,0.037126337330714604,0.4370786842233739,-0.4582270769872089,-1.0180082112006714,0.7346315445418599,-1.325503466032537,-1.3319209519378055,0.8717842766563236,-0.8934872345241367,-1.2800418209780147,0.06030697152450079,1.253989890248329,-0.8711361456727444,0.2519408473755766,0.2762281963354701,-0.11991918437739814,0.353676383016718,-0.7730404070611874,0.7779656369097423,-0.5238595647873571,-0.30758706658635937,0.1576255902169176,0.851909349377068,-0.183275932867914,-1.4657721762886855,0.15836682472539082,-1.0066402152468592,0.0906821276147735,0.10053987837068837,0.02435467071766428,-1.2655779137956997,-1.1679644468355672,-1.6826797052300668,1.3002895123094564,-0.4658527419419786,-1.4224417943545438,1.0718373468699498,1.570573012279248,1.1613874836006666,0.9606542267127723,-0.4208276174206456,-0.17331475296836393,-0.21075662549595106,-0.02342073681990419,-0.5276958701988893,-0.3155781835307237,0.547896069596577,-0.8703322679706937,1.063845414698332,-1.0457670338288423,-0.11375171119270233,-1.4518889803999506,0.5854693221706493,-1.8847710344173458,0.08013605019188813,-1.8964293996767219,-1.3680969461729209,0.8937498600573062,0.10070383761116199,-0.22404512297089776,-1.6172491520389671,-2.251755026308855,-0.49669514695649847,-0.2527092423303295,0.6085120839121709,-1.9647122338522478,-2.376218658166148,-1.5921101000751927,0.17831514767512177,-0.6141389800510644,1.5256898561948686,-1.1054029814711341,-1.484287916041063,-1.1329064900611105,0.255104816004035,0.06501678143665506,-2.007726550380024,-0.8923016886528898
2011-01-01,130837,139250,3104,9.1,105416000,11.1,9.8,-6.3,16.5,-0.2,93.4814,222450.8968560879,488219.61504009087,1583973.4519433116,219568.0671167333,960625.7237115203,22.87,8142.9,113.4,164745,11485.766096436608,307,630,830180.6820912805,576,185427.45406480084,235994.40693889142,133,129.1,221.187,222.803,91.542,90.372,12740.1,97.68193834524044,72.38887334392238,12.806,3918400,426800,NA,0.1675,3.395,0.1935307120113727,-0.9970148524303444,-1.090937307221591,-0.05595849130304988,-0.4561407676059685,-1.3139852584987777,-2.1955434402497307,-1.9766244629925667,-0.607672961777293,-0.7948121573405982,1.8890774098134897,-0.2882756715205945,0.2369408587544144,-0.45174659769345415,-1.754955600829048,-1.3943244099037402,1.0846931935639617,-1.1797661397738926,-0.02029657931394942,-1.287258368162775,-2.2491948439764,-0.5997084174512339,-1.1049301316718516,-1.212877085422717,-0.30062387135963436,-0.5939818949236577,-0.013757594161544541,0.3153327973490858,-2.081193220025506,-1.0302610507607657,0.17426961555803386,-0.10294508549204243,-0.4348921725969658,0.8651788223409702,-0.7619974287248632,-0.33541473163844104,-0.4258311311657521,0.2823338988942054,0.6802096026855605,-0.8372656306322046,0.45799764263325116,-2.1471182446979937,-1.686677933066366,-0.16248092211949394,-1.4190135118224425,-0.37022557150542706,-2.2381294777731227,-0.1454804659151424,-0.9699993913430659,0.1076478515614916,-2.1164378341455823,-1.2449562278116912,-1.472323705858633,0.37029244858977056,-0.1888986944344358,-1.0409899565588756,-1.1086937579612706,0.09939986994187422,-1.0815868633682575,-0.7866422655792548,-1.2959271252999212,-1.1553553728133834,0.4072847109438148,-1.664420026084266,0.7174461192245816,-1.7799247036057029,-1.362751582205783,1.4608916496190674,-0.8499723853890674,0.0015141980564627724,1.434922002273929,-1.4427659534708537,1.4862049777971424,-0.2641183655955136,0.4896591003174998,0.5711217376530782,-0.5258990811085588,0.22484283492974233,-0.9665147070182811,-1.7980738543352721,-1.279302515596313,-1.4038302756264533,-0.9122041875447023,-0.6164570351326869,-0.6220048545473849,0.17037443279698808,-0.4424138485069321,-1.3828909680150543,-1.4499926045818206,-1.9955385529206209,-1.087721009066408,1.8026296253632121,-0.3849446739537793,-0.9330952472303636,-1.2991125466532456,-2.299390561365424,-1.1916078551076286,-0.9697601013239229,0.07366245447025951,-1.3056164177878802,-0.9630036837249386,-1.5790760465852338,-0.18641760218383585,1.3933267361819035,-1.6407322412595755,-1.2519478993963216,-2.9230715620766707,-1.8234696703734181,-0.04461981052638513,-2.16265578929984,-1.1276431337133257,-0.2946278801166011,0.750019429305208,-0.008646136181400832,0.6657238512452732,-1.2716615424572812,0.7511930547937606,0.9094765175357468,1.0886270447435955,-0.7542763897154353,-0.09099006788628779,-1.4376062222230848,-0.5136387305323035,-0.80323298312293,-1.447669182719141,-0.1567135728545714,0.05121017730752096,-0.34012677666672975,-1.020264620726798,-1.3705585499562223,-0.35308299317810604,-1.5005121488659174,-0.8574463481366634,0.3689641048383,-1.6481355734649086,0.23965903578364334,-0.5739733362064348,-0.5492351188798456,-0.28595952883264675,0.2774544400474282,-1.3708016559065048,-9.628462245784465e-4,0.37426687562695093,0.06971160810594024,-1.0797957378939145,-0.4435106459394938,0.11843306585019646,-0.361961936846426,-0.0317574059753417,-0.8517789699282554,-1.0467845538799805,0.202013283250502,0.42231597500240614,2.283197742831275,-0.08174711864327161,-1.797183615421612,-0.9452486819059008,-2.0337269333331496
2011-02-01,131057,139394,3226,9,105600000,11.1,12.2,0,28.8,4,93.1102,213942.72143969848,492759.02262601175,1587393.739999648,218375.3281697659,960065.1437410808,22.87,8180.1,113.4,165605,11482.510321688074,270,517,826144.6452498449,542,183622.55847140975,230625.1838295369,135.3,130.8,221.898,223.213,91.797,90.53,12776.6,97.58488839504558,76.79050233328408,13.081,3849250,401500,NA,0.1575,3.5700000000000003,0.22607885930126653,-2.183061731425376,-1.045986344124307,0.01115106653025953,-0.7003633138103084,-1.6731018083097748,-3.1654756033038507,-2.7030411081753813,0.10127720336862452,-2.077373009593655,2.2908568564879923,-1.990903095913798,-0.684007093888674,-0.9259006260335714,-2.1078869055762683,-0.8601502228302125,1.0774986268096078,-1.1525705979783645,1.2935328351965434,-1.5458590030688093,-2.43798774655025,-1.0438542908521506,-0.43617021685061064,-1.8634606930684583,-0.5716297504043596,0.11035422070237938,0.06826719498200545,0.8762009343728241,-2.788838386325993,-1.2775211290599497,0.8348283746332019,0.08947855037682237,-0.10863921505926852,0.9374697426181609,-0.4366469620156064,0.03899190395296091,-1.0582042634092697,0.6608414008253037,0.5688913764037963,-1.0106797605843827,-0.3656328418818698,-2.9276252268437637,-1.7969930985761473,0.40904552178355985,-1.6291473730528623,-1.7797248642555206,-2.4656003034264273,0.30609004861113936,-1.0311176388504504,-0.1844858573033767,-2.0048686252471657,-2.038004518367168,-1.5359398824446833,-0.03774574389300494,0.6897043025048162,-1.6226665014198225,-0.9291914347541229,0.2740496980891115,-2.3602462440473473,-0.38939504600011365,-1.9957697455205743,-2.345901150526887,0.55782037876455,-1.58564069022358,0.24611784281987698,-1.6878137716646606,-1.4341192762302506,0.942761187003991,-1.066675689971345,-0.7722748731268313,2.014882898350922,-2.3530472875348325,1.778270331774386,0.22489942581665961,1.267918604577213,1.248839452780151,-0.700809867397812,0.9328754483399964,-0.6014699570206983,-2.015601359864906,-1.6096238901291466,-1.8446868136685826,-0.881545909647093,-0.37870608843294956,-1.522775562431544,0.5567682180084109,-0.37534794350215267,-2.2048464070553564,-2.1950011497874238,-2.3144090965435096,-1.7850722879833913,1.2795505929940294,0.5478077956706477,-0.48302742641180635,-1.2675243283526236,-2.045098934536726,-1.8302902986265515,-1.5042291744593557,0.46241666076879917,-0.5875287625347946,-2.214007651857267,-1.8487552518470298,-0.07249068797903704,1.2959963640927477,-1.3227176985542553,-2.21091555075764,-3.0637428710601697,-2.9803820371474985,-0.08607563894716416,-3.0235314921677157,-0.8752688531873483,0.08387649179072128,1.0625199937182128,-0.4013839282596015,0.8208236875564576,-1.675642308757832,0.13268700072520978,-0.5044540214535836,0.4117310392595642,-0.34799972663578044,-0.3479719970655405,-2.8657098501372653,-1.3956493736625575,-0.9614875928796576,-1.0237071488288723,-0.21918472285827104,-0.8713664037529562,-0.030926170976080792,-1.6118092075697494,-1.8360555563180285,0.06502377066527248,-1.7099405505920702,-0.8795178998460625,0.728629092251527,-2.280719258428448,0.8676126797768459,-0.47499997356707657,-0.7154099577966833,-0.4451450105532614,-0.11281125147074661,-0.8518122890913317,0.58293523444118,-0.534606253469732,0.5505885633463753,-1.6272703751945585,-0.19474763336928788,0.16326210430378435,-0.08774622586241183,-0.32483968064461965,-1.098195902567112,-1.6901104648833183,0.5337100379177367,0.7251595947761051,1.9732237199077658,-0.3194738676415684,-1.9295990911827563,-0.23566105087698183,-1.8830497226828073
2011-03-01,131283,139639,3261,9,105770000,11.1,12.4,-1.3,36.5,4.7,94.0788,230831.32608554134,495919.3194887486,1602844.1538865885,224718.4428097129,967626.8906104204,22.87,8187.2,113.4,166233,11522.361825401995,300,600,834534.4270121303,583,191624.89421261637,237632.09860469156,139.3,132.7,223.046,223.454,92.166,90.667,12742.7,111.68977714124514,67.08846332619189,13.259,3765500,406000,NA,0.14250000000000002,3.4,0.4407690799198688,-2.0889030892442464,0.5696009029912481,-0.2578269378627738,-0.4857023468386993,0.8442685147715108,-3.1836727721678724,-2.6381321075368676,0.1363136118373341,-1.6409502953331818,2.437822512493049,0.7046550003448675,-2.2516972374142066,-0.7801794449047538,-1.9263818759721978,-0.21621963122377552,1.811339436423774,-1.4564903341090194,0.6217560309158634,-1.1488894037779849,-1.66146587509732,-1.0786946143345488,0.08144963929671332,-1.9163427210052195,-0.3889869387407167,0.2464232262821519,0.4534148589096117,1.2597179721113556,-2.4491182813937256,-1.0557499944541062,1.2662433956044328,0.22182524951145022,0.20905732937650612,1.0518340897385723,-0.1437593144432361,1.592672609205384,-0.08064145589931747,0.6222525720198929,0.8438233376173543,-0.20621394088012854,-0.7221358587133802,-2.3601171968728605,-1.7922098634722385,0.44569503970075314,-1.2755566381378824,-2.9824372039954943,-1.8503330880920879,0.06992169934990594,-0.6488726339906331,-1.6021816094324761,-2.0325598353896828,-1.4581693400393105,-0.8865741033857112,-0.742519434113098,0.691210871229676,-1.65347983678297,-0.8225146767431312,0.6645960970056437,-2.3380022570734154,-0.08410829655284938,-1.83324382365904,-1.912239406574767,0.3399483962057083,-2.1070531888513733,0.25346057067425964,-1.4275651228557784,-1.4926317238584368,1.3397483521315952,-0.6958819433942569,-1.0551435221403822,1.526925712020281,-1.8566386874224996,1.5465654374148943,0.2895790019852706,1.081390434880041,1.0643818238637996,-0.8506706101972112,0.9115179774164501,-0.10587276621222448,-1.9541691287091874,-2.0738144908203373,-1.9817684081931712,-1.7843650845697203,-0.30314747325904345,-1.3580046404265818,0.18764554976411094,0.012614282797375581,-2.2039723793075243,-1.6748140651910086,-1.8912677330420482,-1.1610245732881894,1.191661964222645,0.26898917078166756,-0.37527091999383083,-0.7664312574392803,-1.8682761335959588,-0.8135418761899084,-1.4923131232637432,-0.05873124275599989,0.5107322044408472,-1.794706603946318,-1.4878723230828579,0.3368947519230617,1.0181498544287784,-1.539483812416055,-2.5358945481817834,-2.3556128481335246,-2.7998031404544483,-0.0982680628097205,-2.850622528260535,-0.4101419166832953,0.39931671405346153,0.8733360248756843,-0.583949194386057,0.7484879500399885,-1.7342510106673008,0.2244278521936543,-0.916128364723245,0.9798152791145116,-0.8815259652355728,-0.10960806592434641,-2.2432718779937537,-1.241249574731495,-0.5377462616085114,-1.5885353120342571,0.5571805945686941,-0.677836630701118,0.5412222986855888,-1.6036600058682764,-1.2002024977418284,0.3115508732515785,-1.3805262765186161,-0.6514995899165925,0.35812174107888134,-1.9390463075924278,0.7692869912853049,-0.4026865505698811,-0.2711045652934502,0.07670802324846528,-0.10194534563933656,-0.43811460514008904,0.40992168135570134,1.9463556059926699,0.9545315671011405,-1.5899040741628883,0.33918968840468167,0.26631642590537086,-0.07322126507341593,-0.0801874337314071,-1.089878991049919,-1.2906519363331308,1.0050023188015267,0.7652949352822801,1.4268335171322206,-0.22753533241066376,-1.7663180159222631,-0.40360426564084495,-1.7334645526094203
2011-04-01,131597,139586,3259,9.1,105994000,-3.7,19,-1.3,12.9,9.4,93.7749,216875.0067525957,496581.56595395267,1610067.0064217069,219495.01388333674,966967.3822617414,22.91,8191.1,113.9,166368,11508.691941182191,310,554,831311.5161468068,581,193014.03459489826,237230.0312240025,142.9,133.8,224.093,223.727,92.557,90.875,12721.3,118.88890089350346,69.55814417725571,13.326,3770800,420600,NA,0.102,3.458,0.6364734085502062,-1.7687777136879523,-0.13451483129837163,-0.41948242182077994,-0.1580227127213434,1.3204503748676475,-2.938541416370191,-2.617963165882151,0.5130046773574548,-1.1946902962027424,2.11171483532772,0.19607697782835182,-1.5840567337563023,-0.4327947890753117,-1.2688326302671025,4.170699124701157e-4,1.757159015584766,-1.352397885755986,1.0573201157341099,-1.1839439769101179,-1.056729376809255,2.2650635596383895,-0.026713451569449296,-1.3684178065879358,-0.4657456584440756,0.34553852676206603,0.7477070120778162,1.3203592972811005,-2.5706484575053494,-0.3801360324331985,0.9614538242280802,0.2075445056544904,0.6406179379687226,1.1007980258640588,-0.14649786400224002,1.6971078720468222,-0.04893244321435437,0.7174455268130701,1.1823576246159224,0.5831385481250851,-0.4878812774970073,-1.7519900693436086,-0.8463297896427304,0.7425328856323012,-0.9339465124272731,-2.669092328903406,-2.0596716185278656,0.5373533040009831,-1.09934565961808,-0.102488431325135,-1.0015764836046759,-0.49167128441710845,-0.6684203110177708,-0.3119645898535805,0.5117797343180204,-1.7918517970037846,-0.6660125742763051,0.8877463828613847,-2.0130803077541293,0.612732318812249,-1.532220221620548,-1.6554967925279533,0.5037527568480233,-1.7627361577609104,0.5108858562640337,0.1735812303648639,-1.386451043024969,1.1148542166466089,-0.17955346255852345,-0.8086460325374226,1.656587932798654,-2.369857307908465,1.3252804289369422,0.37923082671615765,1.2851494629758589,1.1663074873418857,-0.5860792062333227,0.9730276719616359,0.3097095695185837,-1.8915453534992963,-1.4564086133424845,-1.5876000013604825,-0.8106694470122316,-0.12235334362472575,-1.4012141783986996,0.9993564067399793,0.005459392859110331,-2.3939776295955753,-1.0178224087315888,-1.7972060397253091,-0.8594607972247585,1.0823879132674161,0.2669442260606487,-0.3724056725168419,-0.6872799978640601,-1.4442164983722903,0.1043788057176766,-1.3534725364424476,0.4356393616901322,-0.29143400502521777,-1.2446555578622984,-1.5411056911180956,0.8669463227550575,1.1887245191251945,-1.1136420012467751,-2.5053634951383716,-1.313888240784624,-1.1968226297007842,-0.10882042265544213,-2.3624636472079024,-0.07617963519778605,0.7008849117785819,1.0643414844308872,-0.4693000213575974,0.6239522735146923,-1.2014490577914259,0.17733126823930706,-0.4880392615518168,1.4838906358237685,-0.5406842088947218,-0.09450015603439003,-1.3721836964178313,-0.8839719604285478,-0.3277272771195843,-1.5394732521276184,0.6492837791790034,-0.8565914119090194,0.3654677237081604,-1.8892147687741567,-0.26202606992174826,-0.11652555991891485,-0.6239914385396992,-0.42646625434602503,1.492117702920906,-1.499804320735776,0.9966044002251082,-0.12367145104099035,-0.11368572362559123,0.2207070199412274,1.3206181873530085,-0.44385800694602623,0.5447264578165506,1.1974812165321953,1.3066967370696192,-1.4534190069190829,0.545391116561534,0.6338776294587793,0.05670492950989217,-0.27134931321847566,-0.7692566989106383,-1.3002919916546285,1.4895115156719458,1.1560676910532495,1.4392849646615853,-0.2101437552784205,-1.400091040339267,0.30773908013450524,-1.958763351115902
2011-05-01,131703,139624,3179,9,106175000,-3.7,10.4,2.2,6.2,0,93.888,223152.15752170447,505970.6154807299,1625982.1843920168,219653.5901247334,973455.9124496436,22.97,8196.8,113.9,165701,11495.50830478899,305,561,835057.8426937246,618,192475.0640901355,241930.02865206057,143.1,134.3,224.806,224.175,92.838,91.091,12705.3,109.14711648247486,74.16727538292947,12.28,3773750,422500,NA,0.0925,3.1725000000000003,0.49554344351819546,-1.7041968099594345,-1.1878072485715299,-0.09485981982619585,-0.004370086989229321,1.7121637566643264,-2.8928991242360533,-2.409395920384639,1.260881684705743,-1.0457098171311752,2.058462429540589,-0.08629904990726976,-1.7816979263100488,-0.843263837391291,-2.0097239310782076,-0.07071703022367226,1.8943320200325857,-1.7480117442707614,0.5274414659611448,-1.1184616155953013,-1.770076270865268,0.877324715545861,-0.009209436367575168,-1.234182280142656,-0.5460320729555993,0.8755770718895496,0.2474659763345984,1.0875932110942164,-2.61501114999648,-0.0855366963402351,0.9460816357719284,0.3083740238273484,0.16627000216723856,1.06302650425467,0.30447394322841914,2.0815809622892196,0.0802215648573252,0.5477517893428419,1.6349067046526686,0.4409015351365968,-0.5460673855268771,-2.121146223186666,-1.1882905658011362,0.712303807567988,-0.6695834425468066,-2.8664324084702337,-2.1234931915831523,0.6663435929028976,-1.1019204690866318,-0.7241148649878524,-1.0793356038009145,-0.5060748395732508,-0.5424371785624736,-0.1568252375348474,0.5270207627996152,-1.535046774713942,0.018600134716844494,0.8277019786096478,-1.7836922552221703,0.9084240634127673,-1.5158688960379016,-1.9257067938792467,0.5794109452997009,-1.6122492178283443,0.45138473987676486,-1.5695146997299778,-0.33334143033083835,0.7278130529787646,0.0482398752824004,-1.3191924818290757,1.7409171815346922,-2.306152475426021,0.9538298797076029,0.1886527561315558,1.3955798904722903,1.3442091007302253,-0.49217364943979963,1.0646191768458613,1.2763092228531074,-1.4154522483866965,-1.2720253158888446,-2.4635484758949757,-0.2743101861041406,0.37425993307003297,-1.5330632067919763,1.197649047108344,-0.13795531079592696,-2.5496423816558518,-0.5328261277824083,-1.8564197694666242,-1.2287065368983978,0.9710573590038336,-0.3510623921853089,-1.0983204192037095,-0.9936762472827301,-0.6728218450871218,0.194690303558553,-2.4531912943590855,-0.26203490976218785,-1.1041170782678746,-1.142357084034638,-0.8256929203247075,1.1616137821855346,1.269299204317816,-1.6432385055529601,-1.7499520975758518,-2.274505789608464,-0.7998701101531087,-0.11775900181039285,-2.3812253683060405,-0.10468834160879306,0.917422904677803,0.966338468495215,-0.2263166827550174,0.9700234910660661,-0.7962186781405637,0.6631479765342656,-0.20553038897195758,0.8214209795447293,-0.46009852432781245,-0.1770497376172465,-1.3759306969680436,-0.5798698100315773,-0.4557596074507116,-1.4827662156741916,0.7062929664131339,-1.6499878209546555,0.08072749109472312,-1.812544343807845,-0.25536326273574605,-0.0014935863906349411,-0.72410430307623,-0.41003933344659926,4.032913992963024,-1.8359711926289703,1.05305111251466,0.012602319106455394,-0.387208350734863,0.24706363402950401,0.23167982525767664,-0.09279588706043183,0.5523264230237543,-0.25858382135632674,1.4505976372530238,-1.7211972410169478,0.08101368567997397,0.5023913800106835,-0.2070141318819806,-0.3922469454783133,-0.43594194222450994,-1.4701302972719448,1.8144464457156293,1.472478571435166,1.3356670803731208,-0.2149490701267487,-1.717033314348353,0.29014693337675895,-1.9136135408555646
2011-06-01,131931,139384,3455,9.1,106428000,-3.7,-5.3,-3.1,-0.5,-12.5,94.172,217174.28543724882,511057.003415249,1633357.7013222561,220734.97882976543,975758.1960589965,23,8231.4,113.9,167072,11522.209892371173,301,608,856332.2164643013,636,190376.97023238777,242178.86424115748,142.2,134.5,224.806,224.697,92.819,91.191,12756.9,103.73953608636164,70.7619562339933,11.886,3741750,418250,NA,0.0975,2.99,0.7729357199164751,-1.226970197400145,-1.2992290324964784,-0.08362921622823463,-0.42764657298768316,3.0304519355163677,-2.4997232293881226,-1.1880537103374336,1.4549024028736937,-0.895179429474124,2.328366642847291,0.06131798480099633,-1.4817906564067562,-0.35994493975837993,0.2623188334114537,0.37707020993058554,2.304184985248885,-1.7854713658299635,0.8188753577368579,-1.0148913018953005,-1.5755413371792981,0.37514848714846716,0.309388043800711,-1.1626237273657987,-0.2716019845763452,1.027469567670738,1.0952530382757604,0.7938784970811654,-2.107916239622062,0.08500898079637637,0.9843400635364985,0.5393699233540136,0.6026222271996896,1.0025155540646344,-0.22602573808591567,0.571169670895343,0.19317421855053526,0.040027407216462495,1.7538854843540672,1.2282694202895381,-0.10944151688611799,-1.7143815206266269,-1.233297432324774,0.8897256939382111,-0.4820842015556621,-2.7066419103210193,-1.8260176913421138,0.8874689142707441,-0.14581685783522255,-0.7917690458478904,-1.3139606794913272,0.5964041568919582,-0.5357068059353334,0.19232860929856713,1.2847543594057473,-1.698823562446159,0.8072022759306403,0.8339421597300545,-2.2318859149571324,0.835837899448167,-1.415422176938816,-1.5868765490568648,0.759521664539399,-1.1493802738642827,0.711399835264201,-0.5946538409912268,0.44241455537162494,1.2738825766927946,-0.0325691075250966,-0.27577762520575366,1.1291373179722002,-1.4450828502750284,0.4703614051777223,0.32886416523098505,1.4848931392664857,1.64212397434526,-0.2540609319055329,1.194612716270598,1.1790950876009385,-1.110482443650181,-0.8209194247940906,-1.8968599064748273,0.11582866974421395,0.3874376063616739,-1.0445049911661273,0.9911331084639576,-0.11263089372370397,-1.9174811451913112,0.930096344264487,-1.9781964277569675,-0.6850117351469966,1.000742921600208,0.2983385516878989,-0.577261574484425,-0.8703426462721118,-0.1099530407565797,0.22334285722888292,-1.2047369873412102,-0.03677515424413287,-1.5275774799185093,-1.9043585475446014,-0.4762794153744558,1.9134065206339843,1.4422095485755833,-1.2704550417882035,-0.7522305722888075,-2.0012957746077715,-1.8343917347705616,-0.1155080329155336,-1.9169608784233731,0.3081256294184119,0.5231506319054903,0.9939855159709378,-0.17743650153049698,1.3150495877026627,-0.619619435103897,0.4733746452203134,-0.011220405263609462,0.03018520656885849,-0.8740871532669011,0.5234688544962898,-1.5835867290775074,-0.3828858749451332,-0.5374673693846206,-1.2656125505460232,1.0542642749783593,-1.9303078672522775,0.7158077521774652,-1.6399156886729247,-0.7160869030143554,0.2553416586855516,-0.6946473696364562,0.2887768895658052,1.5163252281690536,-1.7593971414018237,0.9609463578298714,1.0076468051898728,0.03162043050216196,0.5660156577202945,0.3093286146559678,0.3220197445374214,0.6696238328476558,1.1861292206329912,1.3723896785412164,-1.631277317135235,0.07299105428536908,0.6543462793276674,0.01935178787579881,-0.1822378646128341,0.7781809058258021,-1.9859044075263237,1.8249797764422933,1.5314859320993546,1.051523506047845,-0.23127832420301425,-0.9084165504525976,0.03680877127823501,-1.579265456565678
2011-07-01,131992,139524,3623,9,106662000,4,-6.3,1.1,7.1,6.9,94.636,222052.76573776308,514003.4632220871,1641298.1833537,223773.62143325768,977897.7596609914,23.11,8302.2,114.3,166571,11542.209363606053,296,623,852233.348032309,621,195026.72704002063,242470.71856480633,142.4,134,225.395,225.218,92.977,91.326,12805.6,104.53122815319918,63.45701570503349,12.72,3721600,412600,NA,0.07,3.0220000000000002,0.597936126240588,-1.32676577971203,-0.733901296010333,-0.08207837188529782,-0.4230289775476637,2.363897253471528,-2.3938284882238077,-1.1328617797262066,1.794815831520232,-0.9781177852135922,1.8557346440936817,0.2525595695474724,-1.569706334596241,-0.6181764799194494,0.8823738434481739,0.2609013103822842,3.591881831774043,-1.2023868167929657,0.981325918398918,-1.0848436431082664,-1.5743599099370673,0.46853128644236725,-0.16511775336677662,-1.3794146686192315,-0.3002605632075883,1.0940686070484245,1.0769781496346202,0.5957566540239297,-1.7412856202074278,-0.19215691648655567,0.9751959503116653,0.8134494503774129,1.1707107940255912,1.059180150696424,-0.6043839610791601,0.24738415945602696,0.5674088493182778,0.31877823211236,1.268696551368272,0.5274627799748905,0.7124838914430229,-1.4595618936188666,-1.2001172478248494,0.8523605871111043,-1.4536515376353139,-2.5510061036612917,-1.835213560817403,0.6855870253723787,-0.3962521895462436,-0.9801181002823558,-1.652249737754184,0.862657561505199,-0.07463816319870932,0.05544623103179896,0.9490554997911412,-1.8786287651868805,1.7234748932948696,0.7836220781346439,-2.4545434510099473,0.6171767964828009,-1.5134843186211657,-1.3587233422756575,1.319270181263555,-1.9037334546724487,1.0591641622462746,-0.7535666359238028,0.14762246777485985,1.4580887814340868,-0.40249021114252537,-0.2627829372453995,1.031682483845508,-1.4931249770342894,-0.08048733917366596,0.23203412863941839,1.5206328041292638,1.866293048971801,-0.21772358631468505,1.2581186381738179,1.3074055770832087,-1.052838321764428,-1.4768620128381065,-1.4726532777059702,-0.8982206097147916,0.15099069672391444,-0.8527876189870801,0.6886936201915461,0.09154659901430925,-1.6464818236596543,0.18439809416024738,-2.0997051617623717,-1.0271615046277807,1.233879458187767,0.3207307632782167,-0.1443841274635162,-0.8353360194440204,1.2305843300564268,1.0251647426919588,-1.2354325514404183,-0.24423985793093486,-0.9890806288735216,-2.5175807053467367,-1.2528592446277378,1.775036472800214,1.2679138136899188,-0.7019519027816401,-1.6691237043458338,-1.8218868176544532,-1.9799133292868716,-0.11090453724636325,-1.9135933422138038,0.07832629680651099,0.4317494620737421,0.891479866501274,-0.2939886603119096,1.1333052739933045,-0.9456724819316761,0.20798408608081037,-0.2261397373815607,-0.7173765446612285,-1.2782850570759368,0.44586413855373996,-1.5209193332865913,-0.2847854555866687,-1.3401054700644925,-0.4712772709161955,1.131465303610366,-1.9453497407187372,0.4757088778809694,-1.3113371012481425,0.3069897961338946,-0.25854639965744797,-1.0197361742508029,-0.15651690720151848,0.4355275687451054,-1.329961516520235,0.7584722637501545,1.192558880911613,0.3995412739723221,0.5788499603423889,1.0189785545551997,0.23780252099551863,1.0464045801888013,1.5649385200964587,1.4502036227957813,-1.542365785239072,0.09039176756450822,0.546548404387251,0.3057789458782475,-0.33468293473327354,1.1843863791673757,-2.26015379301638,1.981098427269611,1.3531578021932837,1.126682332094505,-0.23390486989269624,-1.3728696686326134,-0.006597218216080964,-1.162185451047031
2011-08-01,132125,139942,3329,9,106904000,4,-3.9,0,-19.6,-12.1,95.2749,232526.07408043265,514730.2459333018,1645586.254359887,225009.6570668269,989141.1648568608,23.06,8286.4,114.3,166232,11535.151723249925,299,585,871231.5979226576,647,195623.20271256278,241868.74973174813,141.9,134.6,226.106,225.862,93.196,91.508,12799.7,92.63273101849865,56.52177264947793,12.604,3716000,409500,NA,0.0975,2.3125,0.3375872974345917,-1.2536251243977201,-0.9304540231235906,-0.03893351225574219,1.128390489177538,2.7209366041369223,-2.1515127027871626,-1.800018299429407,1.7001420153391766,-1.2957865272510172,1.5458482474826998,-0.0391155521467259,-1.7842994995030885,-0.6982323860064183,-0.09791178333926992,-0.21559354784075463,2.6803847628115576,-1.4530830321889536,1.1891353113181047,-1.1465016350072066,-1.549404632729393,0.37459571187271706,-0.45320026891242016,-1.3917133302931748,-0.11771549882819707,0.5034994138250825,0.8794153263678299,0.5924066857948583,-1.67339861432094,-0.5840257909191335,1.1032593797106507,0.8345660353728838,1.3372485116730342,1.0558362813470776,-1.4909139796590989,0.2358368312756161,-0.2872554079961518,0.44064064292997807,0.8408749497341392,0.8460013695295596,1.4272832309770702,-1.4966719469833611,-1.1446769145713471,1.0863006315741774,-0.9378989708294012,-2.1903596907831195,-1.5444525398547138,0.5262423657613641,-0.5352427997352521,-1.1699617915122904,-1.3880997120564333,-0.21086056388175012,-0.6758205894046664,0.6787584237713978,0.8747065501307956,-1.9432647723028709,1.0822315270423695,0.426925008099091,-2.554979828601802,0.009654600749637851,-1.6710970547967796,-1.4383457688282666,0.9906334080544696,-1.92596983632245,0.8393609314653945,-0.6544774638554721,0.31247778624410844,1.3995324441180041,-0.7547445145306282,0.283671273683778,0.6682670045521399,-1.119615608023355,0.6853328135618884,-0.18542762292621526,1.4816508048281773,1.5313041947236732,-0.39453379658216164,1.1537659378210106,0.36126270863438925,0.11744287562267629,-1.3587559683796335,-1.6406593819984412,-0.4993678555316295,-0.12301813611057565,-1.1731894815365311,0.8983766595197413,0.44264156719854986,-1.7055526152145448,0.12050456033787682,-1.851411814598179,-1.18874834429695,1.206911620740222,0.18307320472036323,-0.6824980122042261,-1.7184343784620844,-0.7246596011049354,1.0475968828927082,-1.2611094108186993,0.40523129875429514,-0.7135372991559279,-1.2756537760605304,-0.6150915852219799,0.9119184023912628,1.4634047597775204,-0.26081027014018104,-1.432235927149597,-2.422015884758504,-2.3159244259183622,-0.11369285157817999,-1.7283908490254063,0.041025306058982254,1.0518831441652474,1.011632822540598,0.09079094143265738,1.0022883823628743,-1.3397277197558084,0.009100214782817712,-0.36565268704053205,-0.5552916005076629,-1.5494408623019729,0.218299787864624,-1.222442055791735,-0.5702106663071735,-1.6903199937779774,-0.6102238375739836,1.1176889119066156,-1.8405927390501633,0.3936197889710487,-1.2494338095689983,0.6940870940824904,0.29175831522714263,-1.2002529652443428,0.12045300072631202,0.6447204921017677,-2.0131037250889,0.8895288204596734,1.1049369941512734,0.028210830525562593,0.2758808677841238,0.02743774972426982,-0.25884100776196134,0.7087033639815216,1.3301707732030885,1.3336123905114223,-1.4713470830068365,-0.11662809330181095,0.8107445306725116,0.677824059472566,-0.18954545626231759,0.49674887774020543,-2.2617506504000646,1.8867434633464897,1.3341906664510543,1.3338535877643025,-0.23317168241032482,-1.2574788961450314,-0.15166681552465952,-1.2649820072946882
2011-09-01,132344,140183,3774,9,107144000,4,-4.4,-1.1,-10.7,-4.9,95.1961,219377.02915554983,510052.82501312584,1639931.8214508097,222339.7301959776,990232.1943274722,23.11,8273.3,114.3,167717,11554.212607284067,304,650,871837.7318460896,610,196767.28063690037,241327.80438672626,141.7,135.3,226.597,226.118,93.327,91.57,12781.7,91.73122461881343,60.00475876058905,13.356,3742750,417750,NA,0.086,2.006,0.6484572782735221,-1.3667401333426714,-1.172772808274868,-0.41458826342902905,0.20704812322954597,1.04918166213803,-2.5468459890370134,-2.6978357835003273,0.8476590933599366,-1.3793106878564412,1.288392285997098,-0.4863271774151467,-1.6927323907435237,-0.9883022765684937,-0.9963533465755438,-0.8202532130418656,1.3516425600083402,-1.1738512225795745,1.168190627320116,-1.0645396864042058,-1.6918057426188498,-1.3977800169079988,-0.2055948553122811,-1.5224151232527159,-0.10716285209630799,0.4305777587538827,0.908543425964829,0.477422185324737,-2.3147840516441787,-0.9475359851092191,1.085013009638812,0.5641712825821213,1.050379829538618,1.0407468243084914,-0.8981518905171062,-0.3266823081759588,-1.2414513053397647,-0.03839417489438675,0.7119216345575752,0.6164486304531356,0.9108104124950855,-1.4470832378388963,-1.7363727664508481,0.6395328117836909,-0.7796585811453722,-2.29033292235698,-1.8767373153034552,0.12477568426432614,-1.1401497965010237,-1.2531680936227467,-0.31703274510586066,-1.8164009333206754,-0.40511238144738876,0.3385874973557122,0.4541839941372292,-1.8430415065269172,-0.13704652553805202,0.48820691163674346,-2.1264047697145534,-0.6779590450181618,-2.129613872901146,-2.1234641264723706,1.1042217575829711,-1.101755920166163,0.43458401472185976,-0.5717300338258406,-0.953382231895435,0.043101264731928414,-0.45607937532075615,-0.2957915747278485,0.2632957020181993,-1.7177569699698216,-0.3938069794333837,0.22420747524863066,1.4684052548047197,1.3815460914051156,-0.7769500806755185,1.1129247709747605,0.4331144200546895,0.2013962633379025,-1.5206737551732246,-1.872356954004276,-0.5739463022536225,0.23095064942114774,-1.8301716363497442,0.9226328901944292,0.28371636765591013,-2.0941778836064833,0.03510354607510094,-1.7156078271497957,-0.8031921143927154,0.7588351254700101,-0.11925175072915879,-0.8270298719505458,-2.079094050613931,-1.8043114260715707,0.3350120170163326,-0.24864768330304943,3.062438316535805,-1.0266111008367642,-1.7513460248470785,-2.170799603237269,0.8917996073306751,1.1614943685777477,-0.9863170170401239,-1.6358732709533095,-1.763816176994947,-2.224567400329721,-0.10782388018514186,-0.5639955218584137,-0.13978936895651412,0.719382476531477,1.1477012426719921,0.08950485396063015,0.9085240767064204,-1.443328669895686,-0.674701237797815,-1.0281509427819109,-0.9903183875350436,-1.387229044861734,0.08074805234592645,-1.532266207421392,-1.2475060117450072,-1.7236589644444218,-1.3346008130500762,-0.1807868637101967,-1.234941348444071,0.6246290860073742,-1.570066727185192,0.7570011365416894,-0.2974147767632693,-0.8384082498626094,-1.298876079193449,0.22652194656425537,-2.1976875194909833,0.786450859687644,0.9930751398580185,-0.4974173898376481,0.4961548858586498,-0.5040088852892437,-0.472753574387484,0.8343700730986525,0.21045034510382674,1.14428580607349,-2.009608941054596,-0.12737234658117488,0.7939896435397767,1.4453433626722956,0.10925968818662378,-0.20827261471794822,-2.1898473267424743,1.3304471807616507,1.1840862373735062,1.7276170734209317,-0.29127994422562986,-1.258333727279349,-0.24688534526333517,0.060889889668919006
2011-10-01,132553,140368,3619,8.8,107296000,-7.6,-5.7,-1.1,6.2,0.7,95.8568,225866.55809019707,515169.9900352517,1654264.9571287923,226670.16682917424,995375.4995767662,23.18,8232.6,114.7,168559,11575.073128395248,316,610,866159.5002625124,671,195458.00340730106,242171.24366488447,141.2,132.6,226.75,226.506,93.329,91.614,12791.9,92.58644151335598,62.22168584392238,13.73,3701600,402400,NA,0.07,2.1575,0.8678552127161698,-1.6383610540945814,-0.9164970408065298,-0.15328137816332965,-0.38021321455763973,0.5100818258174936,-2.261153295362984,-3.2518482897097574,0.5039894174568347,-1.3575132621057409,1.6863023937110182,0.24083908742247506,-1.5159576307950633,-1.217893947073676,-1.164251585497839,1.9511580452209623,0.8191041501745194,-1.3342336730395221,0.973872855557863,-0.6874129222976335,-1.7040613344554212,-1.4080019508382802,0.793465911259207,-1.5946312648471879,-0.2578624591508041,0.694367433310277,0.6343420108841975,0.6334274345096995,-2.335317111185956,-1.4190697891871873,1.172607157421821,0.9953710997116901,0.7844983881947979,1.2146637076031768,-0.5656403013534026,-0.3147639882614181,-1.2101418423720505,0.03240615953542872,0.5617314117250779,0.3527912406198586,0.8922162949537016,-0.5576438300054952,-1.5478415301197523,0.9828289045288966,-0.015664237155252694,-2.2448189680417485,-1.93077463402086,0.2766670365685125,-0.870750212728593,-1.26362002983275,-0.9973732230955648,-1.638967085351847,-0.40939071774610686,0.12358105939836561,0.28992920772053254,-1.6857562110720286,-0.11388650604565924,0.5709416291976768,-2.134860311105882,-0.18664007226229742,-2.1463378084486022,-2.2557915934051582,1.0941391301510592,-1.0732054729415956,0.5458591804317958,-0.8771560160059083,-1.489881336272089,0.2607723970611185,-0.34936996342671356,-0.10463269706411701,0.6445807890151615,-2.4017021843777893,1.8013739764436718,0.7615418196857802,1.507623865889754,1.2911623948564614,-0.568095501370006,1.2601832239944992,0.019459293264166823,0.5395323663371318,-1.622557874043429,-1.059564414992769,-0.6565616480946929,-0.19631938787884531,-1.7569487476194245,0.6488917609863503,0.35652739890534946,-1.9287645382680105,0.2323670772575063,-1.0033259535604173,0.4871754652701636,1.1756889885650548,-1.0537115001381672,-0.6680249530515147,-1.8961257844919954,-1.1525578364790758,-0.3588187817607339,-0.8278647046200468,-0.30390902271206677,-0.6432094583057301,-1.9545732742408084,-2.2893991270114293,1.7777416533189372,0.9727250673102831,-0.7719300991881597,-0.8060897944986926,-1.3730850569663757,-1.4720575416287534,-0.11462573181228647,-1.4861210243913148,0.08513931091110756,0.6390043999436045,1.1935365135615716,-0.108624915859253,0.7286686799488049,-0.6614585978410823,-0.6206820391572767,-0.7905338906201037,1.3607871415112174,-0.8187714867946763,-0.3452694785025719,-1.4580667805890781,-1.333959638441454,-0.9476900715422564,-1.4281177166990178,-0.08768510824052744,0.0976612222818194,0.9549492761698996,-1.3132221366112777,1.0368682761402999,-0.5484755035283198,-0.389447849107135,-1.732257717167955,0.18120096988118292,-1.7209808481792854,0.8098731684111183,1.6376189665661518,-0.3554172042027638,0.6904399702966323,-0.7175558595375768,-0.5409906380834475,0.6042585553861247,-0.5775143761467418,1.168765225733157,-1.7569238932581543,0.018199962133497283,0.6929132700152503,1.4276664120512357,1.5035172006270767,-0.17166415248238334,-2.05052941203299,1.3530265825585917,1.1751240329612989,1.9658616844912318,-0.37492299432750276,-1.3172799112984308,-0.13357499357407557,0.19717349550983296
2011-11-01,132690,140826,3565,8.6,107476000,-7.6,4.7,0,4,1.6,95.8485,230465.14114627888,515412.74593669805,1655401.3670930252,225558.16937553464,1003801.3259195894,23.19,8206.1,114.7,168783,11555.603079555174,328,711,868316.9375534646,706,193062.44653550044,241718.3490162532,142.2,132.7,227.169,226.899,93.52,91.808,12782.7,103.94568006843457,65.05267542725572,13.743,3652500,389250,NA,0.08,2.02,0.9792464561654022,-2.07295068061481,-1.5584747421983502,0.46973245298105937,-0.6340429759541072,2.5673334611258762,-1.7945915691432885,-2.9919385215176724,0.4228311225241727,-1.39549251303023,1.8540888561100457,0.3859008578415001,-1.5170442255064025,-0.5749737127955459,-0.9432538465964222,1.2964561063057527,1.0986341649366893,-1.0948017089633648,0.7478230478391574,0.2993787438425394,-1.5256896644518496,-1.3740498667802965,1.290036863631813,-1.2286623932964653,-0.5395587373745977,0.32689642914974204,0.395982774985086,0.6918418899983025,-2.588566850323184,-1.3462916422945927,1.3816824473760974,1.2039556749570504,0.5197622045966965,1.4238768008113905,-0.43214852981672486,-0.46688443375201205,-0.8450161306114065,0.2940066953734157,1.267881975810851,0.10757241648612993,2.120328767593129,0.547178547615547,-1.1876479994781886,1.5240492111019506,0.12905824157895673,-2.287845885523212,-1.217979406366258,0.4298213469174852,-0.21084928525536498,-0.11128625893043533,-1.0003959737705803,-1.3901317455523714,-0.5699252231045526,0.22615989068251127,0.6547464289694086,-1.5831430745818293,-0.11787553844903938,0.36093161359704823,-2.1521923123385194,0.34628958689096573,-2.023511689973789,-1.4183415876711356,0.6361856354744777,-0.8912426227207292,1.1778975012902584,-0.31868260561258704,-1.1894776456320173,0.10397276541749918,-0.3662420311381377,-0.23775722502313595,1.125253349438846,-2.6255106286364227,0.3676029882898742,0.9935591468366773,1.6107686195688868,1.4342635511776616,-0.18541060708515017,1.4645096059198983,-0.3208114492754175,0.759065380473167,-1.8310265454797363,-1.291298005450794,-0.28903000045097327,-0.2985153991049343,-1.3893249038210698,1.054346076579789,1.117505820654035,-1.2197392033301813,0.34922126968606454,-0.767091381233119,0.37200379173644293,1.1139594138020001,-0.6708339689408381,-0.633542980127649,-1.7724236574156407,-0.53050266657483,-0.36680363135596317,-0.8953893891849366,0.279747469240397,-0.17242929483232264,-1.5405372218159747,-2.275771280687664,1.7302733409981577,0.6960249453522017,-0.7476658277572114,-0.693723680108127,-1.5473179292111587,-0.7193997561989023,-0.1131976115912124,-1.316168849582107,0.41455600828079897,1.1346731997951094,1.234358832097294,-0.05259654262091113,0.6018393108779881,-0.5962275354948459,-0.06471231385094599,0.06809186118603432,1.704306779918274,-0.38547275538390124,-0.37319090824811896,-2.144498563004139,-1.4066981611066027,-0.8761243228265727,-1.2047764917494233,0.06989674792411767,0.015064816424722394,0.8373257985515605,-1.2416088543914123,0.8111224341418616,0.2582226506010819,-0.1595718223897807,-1.510774537035852,0.12454125400445883,-1.6006925559956857,1.051453112806545,1.7906143110703256,-0.9139572201043592,0.8524008899780735,-0.8729404060417507,0.20602424896272475,1.388735670760101,-0.4481966197659595,1.2615130686520006,-1.6427165156440486,-0.10545529842533212,1.131780506243198,1.5455316565898565,0.561636378580273,-0.5495346869318886,-2.0912697868402317,1.4115936955371042,1.08425115941154,2.3358581529329183,-0.5111139342822267,-1.0678746780569282,0.10194099785808629,-0.17999475947174576
2011-12-01,132888,140902,3768,8.5,107825000,-7.6,11.6,0,2.4,-1.8,96.3571,239206.4034881484,522449.6120717294,1660328.3551777466,228127.47130613207,1017842.5631051362,23.22,8284,114.7,168990,11560.68993523842,341,694,877772.6718960395,697,194674.8028298459,245400.43174386048,142.2,132.1,227.223,227.405,93.574,91.96,12898.5,105.33908991813965,70.1868768161446,13.798,3573400,377000,NA,0.07400000000000001,1.982,1.4483927881844674,-2.0012460252546735,-1.2108389044839525,0.6422712088520638,-0.8204669149562789,1.913306398553948,-0.9149116981803164,-2.63732275389029,-0.28636077612257804,-1.4338088886558187,1.7346299280607527,0.39837594336028465,-1.70858652094739,-0.24827797221530895,-0.6974535480780036,0.8257765422458788,0.9455306504406698,-0.34639779398083825,1.1295757160860112,0.31818909917424726,-1.343584577369333,-1.4311880342611472,0.7303139288352365,-1.0869654671256062,-0.2483502823550651,0.5809173938188325,0.7112394273590917,0.8983305757722557,-2.3762733574809976,-0.4585438765899395,1.6973939305266426,1.2733779229504658,0.08707117501253193,1.9892006360377645,-0.373103982689498,-0.2168109554690152,0.1436182666882984,0.3230651081724844,0.48368291672941915,-0.22977089271692266,2.5319951065853252,1.2921683653537543,-1.6070347022629292,2.025581689416336,-0.16264124445690825,-1.8595190020480716,-0.9042766495992922,0.5450786204645836,0.11794136142181606,-0.6831334605067183,-0.5697833463518177,-0.7796547740652465,-0.2194632663354313,-0.15074365817255933,0.2570166641117522,-1.4362414367626843,-0.4417526920511478,-0.16264564762395273,-1.7183990297541047,0.5045888755994619,-1.7752966949090272,-1.63364383686805,0.6565608185795354,-0.5344976615636982,1.4571430610395895,0.04451989858551428,-0.8063302737053685,0.19755661865345095,-0.7283013978626738,0.5014300646794687,1.4475620763415904,-2.3816017267276854,-0.0620324888422026,1.0013303738265338,1.559877454692793,1.7013924724597733,0.48069105914596516,1.3576946403495276,-0.08437233620022071,0.7248866896828604,-1.2624326952064915,-1.1785184875609906,0.07760754500979179,-0.4216970682640054,-1.2640312275378327,1.2564888755638717,2.025120651809825,-1.640465765055498,1.20208532818233,-0.6840199414465085,-0.2922625659272267,1.6379119517645626,0.6061232514530143,-0.48351178973638825,-1.8011239408320523,-1.2574407296105612,-0.4223342492453684,-0.6003253324373646,-0.09894329902989944,0.08859883387808473,-0.7196100497859224,-1.1156300845612441,0.9635019986394202,0.7724102711865568,-0.024585388506429863,-1.7702141068777895,-0.7952222591226854,-0.9844750881674148,-0.13124248100302435,-0.861357296895412,0.5628215830827662,1.298308295318352,1.3245848964484848,0.031176573899850568,0.5230256773466302,-0.46110677773525394,0.26923422905486516,0.29659729229339016,1.0529781790748047,-0.5075854407722948,-0.22655252817650132,-1.2612241714378258,-1.1750289195957304,-0.4876867931941459,-0.7698516216773105,-0.1088548803019413,-0.009040635547658316,0.48899483559116624,-1.1321038019064993,0.6137495294111488,0.11270320503646546,0.20747744212846342,-1.2823985688484167,-0.016881708300935338,-1.695312513270211,1.4272937741074034,2.2566447545052952,0.0012367016215058303,0.9788823534687703,-0.7393062622281656,0.04091413188977906,1.8221574267571843,-0.03395116405550487,1.1280250185414895,-2.4395044764595526,0.403499789394263,1.6985880536675697,1.1816144606550298,0.2629625572706074,-0.437685362182199,-1.938118972561775,1.7414689961512801,1.5025949550449855,2.5098996480356495,-0.5817187496146374,-0.5001446023034972,0.3347828988908895,0.6047480816715027
2012-01-01,133246,141584,3909,8.3,108070000,7.7,11.7,-3.3,7.5,-5.7,96.9318,241011.14022195237,522647.87952371815,1662344.7476707203,233303.51247151042,1027375.5511534282,23.26,8396.6,115.3,170088,11605.427396851768,335,723,884625.2156687328,712,194146.59083647517,245353.2707095235,142.2,132.5,227.842,227.877,93.894,92.235,12967.5,106.75868532600592,73.18887334392238,14.395,3451250,377750,NA,0.08,1.9775,1.2250108277901794,-1.4529566536585883,-0.2924715099957971,0.4342258311618487,-0.7872367796805174,0.6902827195563904,-0.1447015762850746,-1.4270307920355378,0.7218191566779008,-1.0722613267878298,1.810303153603604,0.6635232516749765,-1.436312791753709,0.21509632006642102,0.43173760842259545,1.0774739854511994,1.4083685664257566,-0.7779857279270552,0.6909788715327679,0.19555631178704913,-0.6137957822592662,-0.9977819897520445,0.6318435700697476,-0.6440484248686296,0.10363075102633158,1.4892969670842016,1.1275204783832922,1.5184433335813,-1.2113631414248864,0.20246782120333495,1.2814789321609563,1.490190188902527,0.5577343082164539,1.5823585203372759,0.21103512483553727,0.34394093188818664,0.28958094567275644,0.6777369132722936,0.4865468819443311,0.5800957245527327,2.6070412889099477,2.5559028848729555,-1.1043657365444477,1.6017854129928695,-0.02409058659923124,-0.4985286099172449,0.055209878224821124,0.8437337812846815,0.9518762313664028,-1.5924110762865924,-0.3373699312667295,0.0307448819025318,0.7197408096386557,-0.37053818606532773,0.8508047888289518,-0.13510472883515873,0.23033526877824567,-0.01456634043160556,-0.3424465385408834,0.812875301320727,-1.7071983965073523,-0.7134429362495817,0.9805372238281324,0.8702223168145721,0.9970340665752807,-0.5359583807167694,0.11939121085961492,0.6766656205293013,-0.8346982324020509,-0.2986398325831348,0.3769889473005557,-0.9705770100718039,-0.5460297573293299,1.2395226288295336,1.0290851695139476,1.4267384979587554,0.5990001031659251,0.7655744838587145,1.0234426628212066,0.8910518712478379,-0.17342636851970986,-0.7478781041043857,0.7999803682768132,-0.425837973018851,-0.727943307787859,1.2851045334052804,1.3777390675824501,-1.898108483977087,1.1355555685248815,-0.010279564364172067,0.5571433423938184,1.4958689963826828,0.9512296694353911,-0.6584073398375225,-0.6848230568325172,-0.76208132735956,-0.4418558359660339,0.09900049897572484,-0.13520516755323103,0.6608519465439735,-0.6287398537338368,0.9586558022755356,0.8845458690554107,0.6036084573069969,0.13862056153430014,-0.1793010014285497,-0.38038514263909784,-0.19976678449094631,-0.0892697387609099,-0.5876450969542949,0.836875084100662,1.2385040333799522,1.2906262937303894,0.1782864569884358,0.6136766650736412,-0.92006457296922,0.2715801229258428,-0.22480191485592854,1.1127630283610124,-0.6328478944784707,0.0555165744966325,-1.2425360045448899,-0.23123146500378394,0.029771771549292697,-0.15393976718089306,0.2166918195543935,0.4428096477489001,0.28112407356653046,-0.574857845017275,0.11750411655114187,0.542225272976393,0.09582551835974062,-1.271002445218083,-0.6328710180147046,-1.0934569904305298,0.8081589906360961,1.555884393538568,0.46606980928950836,1.017650134946646,-0.7109791873218392,1.048874187022151,1.587902982682243,0.5920893915848355,1.2940626231590844,-1.6289740348322792,1.2506670278311411,1.3278805921435388,0.4092552999827016,0.3272165466220475,0.5932505194212069,-0.370752143171635,1.4608628255622367,0.9351627910023605,1.3528803739421857,-0.3901634553359126,-0.03137646387806613,0.32754999415444186,0.02685250435884696
2012-02-01,133509,141858,3616,8.3,108337000,7.7,17.6,1.2,10.3,-4.3,97.2435,240991.88132279183,528540.7634106945,1671809.7333880353,231488.5658420471,1039663.563716739,23.28,8469.4,115.3,171818,11675.592960979342,366,704,876018.0226132788,738,196599.50692850465,239745.38808127175,142.2,133.1,228.329,228.034,94.104,92.364,13029.6,108.6563801751254,74.59050233328408,14.975,3381750,363250,NA,0.10250000000000001,1.9625,1.09270226673705,-0.9646144337740841,0.23568344526026566,-0.0161798592304673,-0.21528375496259644,0.20600533760373615,0.08283536666508468,-0.7726568434344641,1.051138495585175,-1.2258066434626107,1.567920579011397,-1.9905840007580209,-0.8028273544258432,0.47456398319161985,0.7915193978285863,0.45057339467896534,0.6872802544095615,-0.3850981912981594,0.543118026737782,0.011203617709115527,0.018316667799637112,-0.05437211396485658,0.9034526678130874,-0.6190576727402921,0.1425909350191178,1.428676112555759,1.4906076014555376,1.8219927996187186,-0.9567668873501282,0.9417592478248256,1.0787115108642067,1.4502085918135392,0.5209876444962755,1.4063378555474797,0.739887099963144,0.8626464450794838,0.5461208465461653,0.7088926369495645,0.5678585657759523,0.7119583414088276,2.0694198023663994,2.5675871916615685,-0.478073373620933,1.5765648286159522,1.3337101164017549,-0.30400159217251993,0.6961563664340353,1.0869042051262476,0.9201857432559495,-1.5831573835612858,-0.6939422246576131,0.11145005358605752,1.3439389000821715,-0.1734096903813108,0.8059089238321459,-0.5924224049807343,0.26602949444989504,0.21841031514581102,-0.5746374955367126,1.4333386005808488,-1.3284879373326306,-0.558333124810084,0.9950156365418703,1.1474543727397877,0.6069254344440024,-0.3594212881568075,0.5799211933047465,0.12573976625281372,0.24541278556349008,-0.45765905032538495,0.347877100007717,-0.5739902629242786,-0.3908025554113943,1.2318503492773505,0.9351347059091617,0.9560227472423886,-0.2039012051598043,0.5991159095398073,0.9137073438921424,1.0545093790758533,-0.31139924335444563,-0.49472574880877573,0.9248029509558218,-0.14425888956536367,-0.857396637857191,1.1207071525491235,0.3800816684308722,-0.9274888408881794,1.256762330680506,0.857921143099323,0.9432731551445133,1.175941284529085,0.48676525605917514,-0.21665941948369713,-0.4520555345222176,-0.6532604390668408,-1.4557133374193107,-0.5935891315875557,-1.0100454327793522,0.6746710631027627,-0.3097866020427805,0.005931343524865018,1.533580687431633,0.20015729289201659,0.6706822447112779,-0.7028185617121955,-0.3713070216312488,0.8300160463401238,-0.07326467559565703,-0.24995908229001015,1.0658817330656405,1.454546609109012,1.364636723344903,0.06876734382134858,0.4786143369637166,-0.8002461733422164,-0.3716130029093044,-0.748025682803544,0.2483212972096002,0.4517359374145068,-0.38088347339195355,-1.2701558304509601,-0.6840157135685123,0.8546958516763379,0.09671324114226802,-0.10857944761654693,1.0277602829459058,0.7816416383269053,-0.32063965246094256,-0.6842156263118445,0.7608285761175777,0.29607599685094926,-0.8893067099316025,-0.31863908480454417,-1.2489044581223425,0.8118406401516767,1.4880232220227005,0.44684883268529296,1.1120203667251496,-0.476387968517438,1.725358682989361,1.4577451246660906,-0.030736475750223504,0.7857410710354887,-1.2598264336026646,1.4574326228168288,1.1577456419468057,0.23512340148865685,0.2668061166736536,0.7084309270299126,-0.3924769300267292,1.1825270310922689,0.8803985624050847,0.8950878797275955,-0.3825300657216293,0.30157880137321175,0.606589581288498,0.3859185325044986
2012-03-01,133748,142036,3979,8.2,108556000,7.7,15.5,7.4,8.8,-8.5,96.74,235171.39705570403,529217.04637054,1677284.9506502834,231606.63527215642,1044787.0264307836,23.36,8503.2,115.3,172066,11660.408977132916,354,695,879563.8708582579,806,199811.20868864283,250265.15633617577,144.2,134.1,228.807,228.478,94.284,92.521,13066.4,112.62780535403674,75.78846332619189,14.594,3336800,366600,NA,0.124,2.144,0.9908398855209849,-1.2856476827329963,-0.8576115295937612,0.17453580190181608,-0.7077977034034205,0.2472593230138103,-0.608207818316905,-0.6176862723291562,0.8346925736160155,-0.9272135103430792,1.6145031577306785,1.033079640861126,-1.4762700451512138,-0.5007655160630637,1.640202560181401,0.6534098449055583,0.7435109790351652,-0.7269562658296725,0.3057250064490453,0.06509594779560597,-0.1790734256630618,-1.4578654749325681,1.0806989102428595,-0.6573158417329821,0.10173764989499741,1.5095146392556262,0.46338016588164926,2.00107894132006,-1.0599745461033776,0.7442297495893923,0.9435560562636028,1.3809081378285137,-0.29514451766706995,1.2860322603934673,0.6213919036680541,2.2010271949349125,0.6293013567036377,0.6268837306007352,0.2998745106881701,1.3248381187151232,1.1918505862350322,1.6153517470109524,-0.4942015365795386,1.1714022217054696,1.4473846588256414,-0.49214501447745995,0.18269653544456693,1.4302074652582608,0.8041154384192184,-1.1986469099506998,0.07311824007574358,-0.660179436290446,0.7410205125778653,-0.35199301945798667,0.4734963496810732,-1.066320949696776,0.4965467577469564,0.2659348008038917,-0.5777118240049148,0.50251858174475,-1.1305284031973504,-0.9553893314623824,1.0853394122317863,0.643502300592239,0.4931997432161157,0.21493596518956645,-0.024445058102767668,0.19551153366211116,0.14949901058566747,-0.4365553848415624,0.6081543077402555,-1.672874263542048,-0.22409161948558387,0.662471636840229,0.5495329345816804,0.8573846752995352,-0.7154336015972091,0.6374927529971257,1.528648430253942,0.743257865608375,-0.7950358180283371,-0.9054723594503432,1.259229895624773,0.3122411676793846,-1.8933259126338935,0.9702461761206309,0.7319278478623864,-1.1658120242619556,1.0141529271424323,0.5911171191428004,-0.23183919314405674,0.9842422751530591,0.602678734559257,-0.2710615607788397,-0.6586890982049964,0.6233846319802088,-1.7536379781351148,-0.32239944450777963,-0.47935207212364545,0.9606400254990135,-0.5728260694270394,-0.14219166059169466,1.173916682274152,1.2165614581612867,0.30869975395683114,0.06925299133710068,0.5349812176167529,0.48412882838447896,-0.05422255265442279,-0.7996629532050551,1.3333993052935085,1.1911175576396809,1.5234289450354341,-0.21292222325112325,0.8453309643278781,-1.1805713635031487,-0.21181018556540962,-1.577877923720361,0.7265209770421576,0.09030958224452278,-0.41581945275687415,-0.8142338883409003,-0.9588783278275912,0.11896069400809739,-0.5805130399376626,-0.024958476795084842,2.398640873209209,0.7989581405241643,-0.7370983323047494,-1.3532587663849496,0.4238139868022231,0.2835542516859299,-0.700131779337233,-0.47319533324981944,-1.3907731054735357,0.3689239150697844,1.322535687070226,0.6907869252223996,1.3626024808242962,-0.6993634173374248,0.9313530279416233,1.1064948662350744,-0.32407389620099686,0.3384703152721054,-1.310309230734773,1.2945710290483228,1.1576124604058389,0.42893572200963676,0.09031441626952902,0.805716105494586,-0.5260136310745938,0.9403506459035269,0.9398686545567526,0.5776396555991132,-0.39958697081614053,0.9340374203020967,1.0180035351639116,-0.49234710723943004
2012-04-01,133825,141899,3793,8.2,108754000,0,7.4,4.8,5.7,0.1,97.4359,231383.99288195916,532567.1553258199,1682871.9167165277,232290.6957037539,1046668.714515719,23.39,8517.6,115.8,171071,11671.150749936445,354,753,891598.1696466401,732,198121.98118803493,245360.562664181,144.1,134.7,229.187,228.905,94.408,92.661,13116.5,109.45047029912718,76.15814417725572,14.769,3323000,381750,NA,0.135,2.0575,0.8390788309050348,-0.9202725782744537,-0.42374040202180874,0.2568206091343408,-1.0896406063674915,-0.08624664186781417,-0.634956833656574,0.45535094735619197,1.2053199837333572,-1.1109579410256858,1.380641522477744,0.14230446453661305,-0.7979992458533847,-0.5858343960492597,1.3353261819740174,0.6811628771641829,0.013242078627129679,0.06645786749510894,0.12268109229436154,0.19201152779740435,-0.0665282720843434,-1.5546077400925773,1.0531790325082104,-0.4309851713848502,-0.020771077421478382,1.4750945710360952,1.203636849211567,1.6642411353522746,-0.35093108608515844,0.5143004293307518,1.4690015737173625,1.4751913414409958,-0.25809498581500273,1.1980334900509906,0.5457328338142197,1.4033633283188982,0.2786596218649209,0.6852122349343444,0.6933630566514477,1.374679016156539,1.1714842297565384,0.3849640396643214,-0.3932145191484724,0.8961684718663845,0.26585719162128424,-0.6478824280075768,0.6668737281301224,1.061883843411409,1.0750970737571657,0.1707614379330641,-0.06922255064024509,-0.2317675330743591,1.0309359989657643,-0.15692929915440373,0.2038510700698003,-0.7659652109869193,0.5663790141438676,0.4828481835544659,-0.4166181962972028,0.3978500426947673,-0.9303192189529249,-1.2535624712501274,1.240042796106592,-0.21534010667659184,0.001430439251991754,0.023785475050979464,-0.07072623978817698,0.16651899330553907,0.18998514675315675,0.5763474364289135,0.8183105440582906,-0.7693037897823489,-0.20165262140504525,0.6017460162094773,0.5963961897295251,0.9008420304290418,-0.36856028562982707,0.7787009696255186,1.344114044547452,0.5757639367271389,-0.8327471145814923,-1.0477824253376435,0.9476185419377163,0.2152709038691682,-1.6305993047524165,1.0920548541543065,0.6796667222227298,-0.9866566483621041,0.8483281280456795,0.16008538456825847,-0.15591048737485205,1.5090467449256864,0.9532191245186433,-0.36616286350090593,-0.5445895529637826,0.10814183616790735,-1.7574867126593885,-1.5809319214255537,-0.24003972711082738,0.07809493505855389,-0.1980414182027697,0.4259918554976833,0.7910789727749011,1.3857490966739134,0.5434464653720247,-0.8940704665386535,-1.004335411347686,1.3176313923306346,-0.06052410051448561,-0.6357328951503465,0.9429477775855105,1.2992823428302704,1.289337928674566,-0.16866245578577546,1.0660894388075177,-0.874984545899892,-0.0965024643633519,-1.472809872101994,0.30260840836121694,-0.2510566014263071,-0.47005517953278314,-1.1859309611075242,-1.1461781720543796,-0.2599177324775083,0.25151950320349614,0.023159434937987156,1.4276031523433117,1.0608219052567431,-0.49542009188350106,-1.2302176290213596,0.4315054555196576,0.2828739275268528,-0.5016900581570292,-0.5496591969805814,-1.7025600472875535,0.45284576501514257,0.9611732884956449,0.6527251304142481,1.0185719952858905,-0.8948369046571367,0.31871567159689823,0.5286602103044155,-0.43905043737140215,0.43802980735968694,-1.0791098202687222,1.2275542821944145,1.1248043589554428,0.5406811537356684,0.05172699870118522,1.696542744010099,-0.5641768846742342,1.0377444955182826,1.5409683387487685,0.43198593861771145,-0.3371222679873713,1.1924860209506578,1.1453181990840131,0.045592966685089095
2012-05-01,133932,142206,3835,8.2,108917000,0,15.2,0,-0.8,-11.1,97.6609,232747.97989438183,534058.6625946427,1693270.9172083945,235321.62626455427,1049520.6888507137,23.41,8488.5,115.8,171121,11671.862738860256,370,708,902343.5346015991,796,198587.5167016606,244235.54113380413,142,134,228.713,229.224,94.302,92.755,13112.5,100.42204831286716,79.16727538292947,14.496,3328000,373500,NA,0.1575,1.8325,1.0605474192425648,-0.46043075134464767,0.19549110476064008,0.26170121724433965,-0.4136279625523486,-0.0063352013849860165,-0.5473081911137485,-0.0071301889672159375,1.1581081323053424,-0.9995289198699605,0.9587925695268203,0.3961481997464303,-0.818324644031382,1.0040521370869833,1.278526053231724,0.7727301586796129,0.33955363685702566,-0.7255517354642849,0.03256897455737102,0.5767886494612027,0.242786392972015,-0.7252137197699006,0.7466556474812215,-0.13897961114679233,0.7408507511612371,0.8979971724530217,1.9961131421408898,1.1608312117323671,-0.3881379986719911,0.9493689456572745,1.873185377154774,1.6890075610717847,0.23923531921033614,1.1963411342021253,0.4189434799711956,0.4213435785623777,0.5513860247104735,0.7670248136026071,0.9797091393189722,0.8964112645913371,1.170436740251238,0.41131537296246234,-0.12197459576309798,0.7877666965948301,0.5824642878479243,-0.04771350551064856,0.9248396896931347,2.1420516237711804,1.3121739941696557,0.4595541948508173,0.30753719317756106,0.233803745192681,1.0474076878220442,0.22408100707910025,0.5895830444310091,-0.5511682760400923,0.955046365491242,0.7620997296370683,-0.2865332931367191,0.9970971689608787,-0.7992978662513975,-0.007298437323359228,0.8656800155068026,0.4257078439310971,0.5210933726132685,-0.10335839260038582,0.3123010498869004,0.25155417318937956,0.47641683495302967,1.102043836326807,1.2030417011885892,-0.37862289166910257,-0.15119490128055074,1.3308876445390034,0.5586731686796015,1.2068654346994563,0.7546083953981875,0.8195496782348543,1.2836156887290486,1.383405328102724,-0.30088136058150766,-0.8706675791173285,0.3848403959720601,0.6241494067463966,-1.239167740572498,0.8877824757081971,0.7658827522055979,-0.25248726660543447,0.6849793576186353,0.783351441451696,-0.1147719766596681,1.240836022575381,0.633429893204167,0.22726231053455823,0.3266578426761029,-0.5715575017554904,-1.499857531507851,-1.548139508857748,0.05074608757619941,-0.011129540479742892,0.6342155977122493,0.11330228863876206,1.2749057301309807,0.7332535971234606,0.20959442387506674,-0.14157915883609107,-0.04196287345563489,0.8771007665571638,-0.07077813457715298,0.5290184578804613,1.4595259141296837,2.013115445359785,1.371453229609276,0.036324055142501,1.001139326177205,0.36299340612959147,0.3457969208151978,-0.6326767635185765,0.5152076988155297,-0.19927856529787644,-0.27242678548358573,-0.4976338229382242,-0.5173611795453162,-0.08508126015743078,0.5216376343047701,0.21586523349175668,0.0234323610706327,0.6351857052344121,-0.19876823694803505,-0.08525158084804664,0.41157368614770856,0.6703625807206403,0.4211534669934566,-0.7688149105453856,-1.1059440617683682,0.5230313511675697,1.1298759965621017,0.7378856020551277,0.7819494682079847,0.3646619910823572,0.977622363451795,0.7526223041431677,-0.36047526677206027,1.1241045312804718,-0.9348704930204086,1.585525151737109,1.078504368778333,0.4491945924246448,0.10085082539127227,1.8948847146206595,-0.659084808366532,1.2915381428633845,1.5746807435797763,0.4554765851214538,-0.3243672147003445,1.6282643516288884,1.2166242136564642,-0.45029571505054306
2012-06-01,134013,142391,3911,8.2,109073000,0,1.7,0,-12.6,-11.9,97.6663,231215.6513251427,537205.8480276699,1694885.3998666422,233925.35064824834,1052008.4028264051,23.46,8505.2,115.8,169742,11659.770407621956,360,757,910315.7425679547,794,198561.3342669807,241860.29240138351,138.7,131.7,228.524,229.623,94.254,92.85,13097.2,87.43395505761028,72.4619562339933,14.467,3324400,379200,NA,0.162,1.624,1.0905728492495725,-0.26679470968608165,0.08224149068138595,0.578957623764847,0.034986499535111015,-0.3663224531283028,0.05585040600937536,-0.2638401518197817,0.6890309062046933,-0.2856646042168895,0.9829021857595066,0.37196525462363406,-0.7303373345706784,0.5523973116450768,1.4442797166493262,0.6653259186329579,1.0841657340386825,-0.9987213475240612,0.324443954829606,0.5899721129798198,0.39059093180472493,-1.1338606421848427,0.4007488426860406,-0.23581528955096062,0.7315643399781964,1.3078711590058678,1.9709794718370126,0.8372544690108372,0.09123190836821565,1.5766521826158424,1.8933208869172864,1.7100398439172877,0.5289503580554908,1.1115831553832922,0.9485982968949334,0.8152282673875417,0.5751787881442493,5.7413522826392684,1.0055812292111983,0.5451031533327889,1.8015370734500593,0.9743162108996897,-0.23829142838536185,0.8030583002725508,-0.013021108959708172,-0.3552425007208275,0.6122010440050832,0.4504301207222746,1.5793805602730981,0.5182644838071873,1.747445016623931,0.48556009279742035,0.3251059760973824,-0.20558866572724221,0.4291361823593466,-0.5156829648717214,1.9244757567150912,1.0256387601769235,-0.15545924767783434,0.6376403666705138,-0.3696425858851843,-0.5841578277069077,0.9589215054439645,0.3409630156719796,0.49816809852106136,0.07402012027614609,0.48725177810069376,0.914179104356125,0.8303287172099131,1.4595584689568903,0.9643816616266,-0.11484448522366549,-0.30994442299362507,1.2351578876696965,0.6825345215846315,1.5579352529032922,1.0735253285116801,0.615662200721225,1.3245345043198518,1.5092704582183536,0.2824690415546024,-0.8981372977670243,0.4566350398036188,0.9216104506047054,-1.017971207814782,1.119784842704713,0.7367305676032536,-0.24756656628266996,0.9696717305044683,1.0086639694425932,0.059421104962008135,1.0564962011001655,1.0182759115267572,0.039344535774464125,-0.05305436978657059,0.11909145019580071,-1.1341350947008335,-0.5109256676970519,-0.08290133127016727,-0.42589966631613324,0.5375029566571435,0.7803015347881914,0.9103688043012887,0.7910642390434154,1.261850944119175,0.42608921757432855,-0.610763087633068,0.8732496503638942,-0.077718969569085,0.04902907030540264,2.123816518964272,2.0387821863727718,1.4114151529382999,0.24595552297930412,1.200106844697374,0.5246282770402265,0.7021515609942699,-0.7100445573057679,-0.18153022712652322,-0.2992866932218077,0.6307873503914906,0.31247052491916577,0.07477252514236833,-0.8546271646655264,0.8796100637808124,1.400136636851854,0.14451837375518473,0.6110448481432005,-0.2273561514643288,0.2743806180121327,0.5678242395930124,0.8818044788301246,-0.07479034013052434,-0.20691657519183096,-0.06353474758436718,0.6564822910771831,1.12849087221496,1.0608834975165724,1.0645600683701542,0.9726934259032425,1.020630211909883,0.6640147998038048,1.1796274871495598,0.4596309153550332,-0.7972030749208183,1.3905937443011807,1.030135495011441,0.2537227834164901,0.1562194051444529,2.829598204957164,-0.96474077958116,1.2150584282156798,1.918668256597279,0.4284568563018715,-0.35223551672775527,1.788102682756758,1.2936917896501317,-0.46366654858901724
2012-07-01,134157,142292,3735,8.2,109183000,1.1,2.5,-1.2,-12.7,-16.3,97.8713,236351.39148141866,543582.4283047684,1710589.6953342627,230247.75156965893,1062067.2832173766,23.49,8496,116.2,170474,11684.201595112845,369,740,910968.521975225,849,197898.99032750723,240645.68131681657,137.7,132.2,228.59,229.97,94.288,92.946,12999.8,93.25683013745122,72.05701570503349,14.38,3305750,372500,NA,0.155,1.53,1.3250372561814632,-0.868135026209367,0.4210215123874431,0.6401807568051038,-0.40174297516979707,-0.637330968814994,-0.49996259334821963,-0.9260997867662224,1.5980782583471531,-0.40902214284842753,0.6345872126647344,0.3440781385946992,-0.5648721047660282,0.23586324965554406,2.2885879000563154,1.406195056244681,0.869341477895374,-0.8834820566339606,-0.06186253690579685,0.8287184509876707,0.4643182527006476,-1.0671245218867906,0.2666799533525915,-0.3250831901708238,0.5443863525700987,1.0107520745373992,1.276679609091524,0.4425435337176179,-0.14449016235354642,1.8144623692422193,1.9968256823047306,1.610503578520267,0.3944144882526706,1.0886873034999618,0.5702769105351351,0.7506203455939755,2.3490915994202815,2.8189115910248073,1.050141520181158,0.1775402552906401,1.505138515850032,0.7629038608405209,0.28988655888456494,0.8598893860621757,-0.04194257398716012,-0.41624664724376964,0.7056207368956461,0.34989117834868416,2.0376051423202273,-0.16467740144213963,1.6683466213844143,0.038208359560655526,0.7747360838349021,-0.12716461021857356,0.2746149635985459,-0.7578467180935768,1.302634477571737,1.0345708241385076,-0.1985743030392968,0.6525769323225789,-0.16332130819907797,-0.13050537642351145,1.0125895655771975,0.41670869580855424,0.4079927566545822,0.7890103852843889,0.20664474251211867,1.2788580066602737,0.6770196150515978,0.7400856448606787,0.26733059779298546,-0.22803028172235792,-0.1675453003844403,0.7893462069454024,0.5810645175403281,1.4000731018589294,1.207105683770717,0.599059329328989,0.7326689798475172,1.6937983636060985,-0.15578221081186855,-1.2734124996777467,0.75907213585414135,0.9729007840290381,-0.7654129514108677,0.9475384476279758,0.76262260472537,-0.31890980279850945,1.0310385487215805,1.4825766127298527,-0.3196351818338787,1.2096622654071203,0.4938095142664475,-0.1533545360858495,-0.015854193829583887,-0.3076975466485735,-1.2153557715082848,-0.037325458774029034,0.7024141041233274,-0.004021780697537744,1.002529460064693,0.9513146656411832,0.1310601467509522,0.7427937494297077,0.9197726415106606,0.19473682633343808,-0.4148635909869847,0.4434331774490918,-0.09451687234907409,-0.795162763039078,1.3003252532741545,1.4530462025109672,1.3489653691419325,0.2019485025093549,0.6091255006576122,0.19386596872762032,0.8641758763286318,-0.64837922679456506,-1.1825748870755568,-0.40064121503610345,0.7098564205030218,-0.8105511109441833,-0.11154632878336539,-1.4662797959380958,0.22636915118357553,1.5552386603680366,0.6512187273337868,1.139989377303529,-0.36542072504375334,-1.1177923400223126,0.7809449554667052,0.3124385440440783,-0.4361744143071106,0.3329921985757317,-0.13268437605562228,0.6280207936884128,1.023221338802393,1.4117893346694856,1.9751057288501837,0.6024113005500495,1.534802473825643,0.842247206579465,1.8064163181990762,0.6169392284842828,-0.8134757110723215,1.5053511486706619,1.1862402770147802,0.8137705211750005,0.3672660094452178,2.0311871552738667,-0.8780897255309328,1.0085069133779008,1.6584164630344123,0.4619500673570088,-0.427730409331456,1.7443885134691672,1.12214819649756,-1.0702539436067569
2012-08-01,134339,142291,3809,8.1,109315000,1.1,-2.8,-7.1,-2.6,-8.2,97.4525,211833.41261032716,543917.3405211141,1712503.1083063688,226989.05977485332,1047039.7970508959,23.48,8525,116.2,171593,11686.485915120766,375,754,911924.3168965699,840,195417.7897574124,239912.26679350983,139.4,133.4,229.918,230.233,94.605,93.005,12961.6,99.52962317002272,75.02177264947794,14.444,3306250,373250,NA,0.132,1.664,2.3543703893036723,-1.207556505702867,0.6989430813312631,0.5775816383177031,-0.7627731748050495,-0.4514955916027122,-0.3455431593036186,-0.514854154320674,0.6206900739363443,-0.07696672089598484,0.7472700650650883,-0.36096884002708934,-0.5918550773723803,0.037407539597181697,1.8217106808313053,1.4606761109706707,1.0226421072335565,-0.859308059365311,0.289024381684189,0.5268131430089542,0.8077767265564919,-0.6477186435581301,0.37049804156720334,-0.28178347597923914,0.5989903969868332,1.810816624667553,1.2366229618959284,0.4968087572388397,0.03151034272967785,1.2396911912843251,1.6559651279283845,1.6111382126399476,0.34158977515255995,1.2228800686830434,0.4999050948527028,1.0031489779531848,0.6743218276910675,0.31469769127729286,1.1572534174623175,1.136678774399537,1.4191324141699142,0.5648680381438413,0.06505048388047449,1.2425795892692792,0.3161906500147909,-0.25839570986911303,1.0728721753799186,0.6537775578509399,2.251037110869032,0.07090427007969431,0.9141402688054024,0.042729387755189516,1.5998270892084934,0.02717953197717323,0.6971467064706213,-0.8369563260869454,1.2347872663836477,0.7956394167502477,-0.4877114892677117,0.870601798211135,-0.3032072177435245,-0.37303740039788574,1.0771092645978224,0.46358493165387343,0.7550809223819785,0.2294442803167391,0.1434198521596587,0.821166888906786,0.1978437354612028,1.133864734619876,0.3264335051299734,-0.31619149570492966,0.1135084681297808,1.1083462387905458,0.5457595643603189,1.170356340405731,0.9625356090943312,0.8876235353676339,2.0023762273662165,1.4061063808502396,-0.1263809794182967,-1.1490921878586868,0.7180795973305063,1.3423602154984124,-0.7452723563412802,1.4591765172956508,0.6085910319012847,-0.3883430300155666,0.903066996412906,1.8039471735536756,0.6309685492990968,1.3060614487973676,-0.009089360820815247,0.05872362440937266,0.5273676221188617,0.17581257940663306,-1.2486587126973985,0.20183546862579724,0.5035988192333203,0.3497066996134276,0.8321855216060317,0.5215515489040435,0.19276859646443123,0.5476624393631638,0.7509722484065223,0.2754220923299262,0.8852913977720592,1.2394006599724818,-0.09515487801810689,-0.4567578337821256,1.1465574800658953,1.2459187136427592,1.8239715737421736,0.33683548040428646,0.773147555203292,-0.038365886860567223,0.4142473735193205,-0.6883384392841645,-0.5726764865725447,0.18850937829424438,0.9122780663791094,0.1299387361082946,-0.15006993635832483,-1.6572056224622786,0.2556341572413577,1.0762496548252038,0.738667165591005,1.3564290759431317,-0.3213146572187487,-1.2754451154713378,0.5329968099045488,0.6893458282575858,-0.9477684288006497,0.25148251231435137,-0.14061664723157632,0.5155592947689289,1.228021136594123,1.6568255518934134,1.754159166613264,0.40423504299235885,1.1579227217739898,1.0987009916856854,1.8023440156976744,0.6826986717448171,-0.6719770495607634,2.1170305524988002,1.502305586057576,0.6372080614794114,0.039564521284399516,1.5942777443813079,-0.6422382305668084,1.176031281520175,1.5938429032215153,0.5368838585083998,-0.6535069579024486,1.4026564633988632,1.2645966943462073,-1.3451718766286118
2012-09-01,134517,143044,3882,7.8,109445000,1.1,-7,2.1,0.2,-8.7,97.381,228535.29765103853,548445.0907864647,1720608.6550171215,228276.05829724006,1048191.1205252231,23.57,8617.3,116.2,172145,11702.970714383568,385,847,913226.4761362798,930,201347.83387604987,240134.67800575387,140.8,134.5,231.015,230.659,94.893,93.119,13053.1,99.81768939753195,78.80475876058904,15.099,3314400,381800,NA,0.14750000000000002,1.7225,1.829122467069302,-0.5152035111714014,0.572002074279193,0.8699813614912169,-0.16093339163904258,0.9146515359241374,-0.01735392240941838,-0.384464767256439,0.20512085787753698,0.18310017073236975,0.6381518616126735,-0.6032382690293483,-0.5667694483562108,0.4609341014830551,0.9674462611896889,1.6339644092014116,1.2299974798379436,-0.9539870947388426,0.6019708729041403,1.2805234072467568,0.9154463811737922,-0.8777474776050878,1.0761093788804585,0.23762427844851228,0.8549039756711839,1.8038211861542708,1.3352315920757178,0.9602942382980407,-0.6649719916371479,1.1165806429645382,1.4299445683255416,1.7088645512843226,0.5100564391619343,1.5898098234366764,1.1178813072015448,0.9402077614083313,-0.04935441801985094,0.21548628026938418,1.0734245816595527,1.370976784289497,0.9860849465493887,1.0044012840703886,0.2902271322105782,1.0489514507537825,0.8452222843732383,-0.04405679917850389,1.5590553783497105,1.0278946616438522,2.6597743171323263,0.9483491436069044,0.6305886029292012,0.2509910410070436,1.205704372136282,0.4065207449952192,0.6948282673173267,-0.6082864824101505,0.4325820292038149,0.9374272818510938,-0.17154509488285144,1.6844356322374963,-0.06636734179086938,0.09800547035587892,1.184885459228811,0.3944844536636507,1.0686724511405954,0.7509909385523968,0.625175514669274,-0.26173632433257604,0.7708106973093076,0.9856941348954877,0.6197125986864378,-0.13917534059296205,1.8545057318539602,1.033905607262767,0.9580652971796978,1.053462327338558,0.6458647219086707,0.9403194233198431,2.0627644249648394,1.8060718384360983,0.2819083113268683,-0.283030986570724,1.1000025980701975,1.3083035783743338,-0.8627688021807097,1.1520862584139462,0.5259842047906867,0.5904296502652977,1.4037914757240615,1.9110826367846898,1.2399049341059831,0.9422147171846594,0.89161342544254,0.16049838283812332,1.0765232503401232,0.8098806965636264,-1.2902264789695752,0.2560560508800228,-0.25969199423243766,0.06175301647579102,0.5255420012875468,0.22550657553163203,0.16475376616150336,0.4547457602207064,1.4669236666301695,0.9395114132355418,1.237937592476649,1.7738956684024518,-0.10401353421757978,0.2782598572981271,0.9224111004223419,1.71708494502578,1.4462856661253456,0.6888637144582217,1.1315336392865605,0.6688666353283587,0.07565722192337192,-1.0071886752419048,-0.24268186259011199,0.2780470876885255,0.7487588271459231,0.45148193940649345,-0.07597778144660175,-0.9519172356060485,0.4754560826840179,0.4959416785542552,1.619223565757674,1.9438182454020703,-0.2758102034621778,-1.2157305695366376,0.677822729691626,1.4033120189280743,-0.8400961659187798,0.08225321796246846,-0.04123122714309507,0.4996775739151458,1.904876135321563,1.3853936449706243,1.16259241118479,0.6708150170408174,0.941998162361356,1.1667714268259397,0.47544049796003657,0.7214905415869018,-0.5521174520287786,1.0861990115379985,1.4486420565093723,0.9815478500162431,0.8986985566332856,1.5257931149164847,-0.2861882552514756,0.930846662083438,1.2751058404293643,0.6662636451701133,-0.9131948337199776,0.5861122055733999,1.6243179785049568,-0.625483789809217
2012-10-01,134669,143431,3775,7.8,109643000,12.4,-4.6,-4.3,-1.2,-15.8,97.7193,229427.15447496163,546051.4426208838,1725656.1054896615,227330.99375879965,1051250.3414798158,23.56,8659.8,116.6,171601,11702.145543951077,358,915,919753.2939668396,887,195419.96763822052,236920.79769684997,141.2,134.6,231.638,231.024,95.174,93.345,13142,94.11183726648032,84.02168584392237,14.83,3276250,368500,NA,0.155,1.745,0.6888325143403448,-0.6385560781957205,0.6728085210362681,0.8115409311910577,-0.6250508447139099,2.3775951593673987,-0.14610612344525659,-0.6034616560768568,0.4480803051916266,-0.4095498374927975,0.6827585357093365,0.21884320887522313,-0.4585094540688501,0.271391927647098,0.2771319808433591,0.9794273535933549,0.8571645554134257,-0.8917886498461381,0.9159748646002517,0.4022105958097818,0.7096284671410338,-0.32526684453628013,1.1081690964526965,-0.3508646934530371,0.3344358385045861,1.1529176864698463,0.6950157722079315,1.0959258415228499,-1.7835097275907443,0.7814892583502246,0.9947731211316424,1.554897916255318,0.6188853996876708,1.1650143786298328,0.3743393017688918,1.5541256667859151,-0.06302393009818633,0.2259241843160197,0.7959619274153891,0.9037450565009444,0.1935122425856065,0.39498972186564535,0.02980447718915013,0.7444235772752635,0.935190667050095,-0.34816117247767514,0.7284359935040011,0.9139091658978891,1.4961277008815541,2.5899008162782766,0.5066651723307984,-0.6590896609617555,0.7090706241201613,0.2806937566506195,0.012633958001989225,-0.43564812637681477,-0.05823778172628107,0.9616743783775279,-0.43501569035039656,1.2189507074440664,-0.5362032773582437,0.051293543937086836,0.6873514953412003,-0.268354522783319,0.6584761889463882,1.0445367259625038,0.15637717274136637,-0.31729417147321193,0.37951172037375336,0.39074209143217054,0.6730874626259225,-0.23067855524043926,0.2573884609544554,1.0405631924681518,0.282458499657219,0.7237234227839383,0.9276986264936733,0.6967662696965324,1.5602959761851827,1.7535040276711449,0.3384093741812915,-0.5525377957526462,1.5210214204119141,1.3181170745263198,-0.9787099670000554,0.8161476358000387,0.15934285047239863,-0.20981804193415848,0.7118169685650647,1.261623319608397,-0.3339231730114035,0.7884246951903019,-0.3186447939362629,-0.09965579123400536,0.3147024377862427,0.02708867049140979,-1.513245698186197,0.01999167207759815,0.3403305492863705,0.5339075602494759,0.6702999190072149,-0.44521495443276643,1.0604797474742762,0.5327318581271493,0.6316238428188098,0.4005011637866409,1.0243737330624716,1.3012853594778397,-0.11475738124661862,0.19100188523313946,0.8235722679957763,2.0348440781604284,1.4000344517442018,0.3721876701579381,1.2077359078425032,0.6033298147076688,0.12109339499515996,-1.0005683572494157,0.4206754325811746,-0.33087070517329464,0.04446488535214713,-0.7780687702717782,-0.43494549615695816,-0.20720300190173588,0.05611604637683934,0.49568421321300193,2.1612361443685777,1.6862044017940068,-0.6651620126734289,-1.428615258942623,-0.12142529440626826,0.19299555965238513,-0.7759251863200928,-0.05311620358750582,-0.7237712516541365,0.3568143671677488,1.2253042894309674,-0.00369993712954273,1.0093004083456838,1.0881436746463682,0.6556781361884284,1.128154846054202,-0.05087775211113409,0.3672806623157803,-0.4347586279429919,0.6536232772026136,1.1334286714880988,0.6979022815805035,1.3632721892597335,0.8524344563119868,-0.480415107234281,0.7793363526615834,1.0385213171462029,0.8083593945130709,-1.0330105389331903,0.11561282991401357,1.2405075500687084,-0.9731155725576304
2012-11-01,134825,143333,3878,7.7,109970000,12.4,-0.9,-1.1,-10.6,-14.7,98.0777,228344.32072674512,551590.2806253877,1729571.7108847715,231753.04124741087,1052251.6270805078,23.63,8760.7,116.6,172847,11753.25153245224,392,833,916897.4544995743,917,198041.1948396051,243851.79110283992,140.2,133.8,231.249,231.33,95.109,93.445,13315.7,91.11650842717303,84.05267542725572,15.456,3326250,401250,NA,0.162,1.662,0.8168197542773336,-0.4690053903150948,-0.10439772936627566,0.4671649636537168,-0.41105891994641575,-0.3558309779476213,-0.4615886507342948,-1.3213634246057755,0.7576392815644613,-0.7583530157451215,0.610604089208091,0.2318539791294559,-0.5571979065586213,0.08367049539857857,-0.28314553671569714,0.5625922805812059,1.1377202693383308,-1.2548688382882693,0.9037878690289121,0.7305646921984579,0.5463614845317687,-0.5995808440078566,0.7212802026198553,-0.3519168661779336,0.6349859611943396,1.0160966294668514,0.4716628347162341,1.1979087587412616,-1.9243779404126917,-0.004369147998188468,1.2023594734436367,0.9916289049182546,0.4845164128007988,1.1365023286217983,-0.06798803091694135,1.4338587243214118,0.4708056567402537,0.3916805549044877,0.3330179913714264,0.5163850390453589,-0.03821195692723772,0.05508034007571801,-0.1783853990127438,0.8273969426201121,1.1473902482573148,-0.9666925532397561,0.796615950510937,0.35746969801283207,0.9403506514745105,1.327388703932503,0.3769344933825729,-1.2830696540891797,2.102360826398511,0.22583965711075155,0.28498749182256916,-0.5441826280446092,-0.06553262468070246,0.5416408133930017,-1.045587276771825,0.9381419273011383,-0.9760427007708132,-0.8094183087633098,0.6117791786878528,-0.7790006716167613,0.7163343786740101,3.2643419616336296,0.18858380534755334,-0.2647615995190672,0.2509810759621882,-0.45220072121582405,0.49036626780063414,-0.5285665904410741,-0.009026466354808247,0.8077748075429504,0.31448570569748163,0.8681354584463187,1.4644987706625123,0.9064423613789833,0.8478033637782878,1.3904647654197424,0.23627589560962708,-0.5353512104454918,0.9332667248566621,0.7706542701354153,-1.3254725263580587,0.8364266141867146,1.0234698219858371,-0.13783316163652357,1.3304588043247256,1.1758080808473674,-0.7448350597404029,0.854198680695629,-0.3076114242878998,-0.833257161514503,-0.5618618570584905,-0.7475281592255029,-1.0168474832569658,0.09669215060477278,0.5039094462885289,1.9663110885536885,0.16287273550533166,0.3193922453123417,1.0016580879126593,1.8326325794802707,0.044383471719346514,-0.9935967765897897,-0.05237957975242942,-0.16631731694467217,-0.113237444730513,-0.6623447294737209,1.0807269018672119,0.9633650489248192,1.0245367291748828,0.9534203584050582,1.5223745545239737,0.828552080601426,0.2968509329776875,-1.5386247144208398,0.5736682188056236,-0.905449201814267,-0.2098319595130345,-0.37314805166253023,-1.1169838443574758,-0.598723469811688,-0.3599437492131186,0.6599734452624014,1.8886683214107125,1.6034059374947855,-0.733692283954848,-1.862491663326323,-0.47274138592301634,-0.4511416197614117,-0.9764730670201427,-0.40592144568295524,-1.6911700665189258,0.32049234526046577,0.9972696047778695,-0.059194123215627496,0.6543246903135305,0.7309749414906254,0.5953933793939412,1.2444580624571109,0.2593683638780437,0.248977573300999,-1.1795794071352705,0.4738390477927724,0.8810680117788207,0.024235703074058267,1.070839162040026,-0.41449826102537857,-0.8894528431984362,0.6811136627920709,0.9938129350124751,1.1557274684514431,-0.9968358518808937,-0.2983005798111624,0.6051473594214695,-1.0702880040061207
2012-12-01,135074,143330,3970,7.9,110224000,12.4,-5.8,-2.2,2.5,-4.9,98.3101,243095.2531179675,552744.6526594738,1727928.8441689536,233156.66603571203,1066442.6777714684,23.72,8869.1,116.6,173467,11758.0499295434,399,976,916786.5480471955,941,202030.6223315877,238566.05043430714,139.4,133.6,231.221,231.725,95.094,93.514,13642.7,92.80291080404652,73.1868768161446,15.462,3190200,359000,NA,0.165,1.7175,0.9655081417738585,-0.44872736826871823,-0.12422316914679869,0.21791822297942404,-0.3625854161175088,-0.13000561472485944,-0.5570507570475287,-1.8084132296414543,0.13099056953478183,-0.767454869836886,0.6393943149201504,0.7184750804924079,-0.6066663773030424,0.551315521351852,0.47937640958292355,1.2187238295773655,0.8424543010092578,-1.3362364420278467,0.8465604354379496,0.9619878966480839,1.066605761506912,-0.6469941014576053,0.8726503236957572,-0.003185320456343294,0.47272335022144263,1.1262146579339016,0.3389913713295599,1.3090257343746432,-1.6094966162198174,0.050372358261147096,0.6167519589183162,1.0730378385554922,0.5770086371817442,1.1637281449885424,0.3345225034902816,0.44691256749214103,-0.37353622609005466,-0.23776730961535109,-0.21472045093968242,0.4620380404279258,0.7258858672039945,0.12700721552257213,0.15258378787932564,1.1960418022516386,0.15669444287200981,-0.42728861895890174,0.6766956547677818,0.28914562453435366,1.7164042136225426,-0.11979661956699256,0.8977038238330086,-0.21859238153081398,1.7449886372634038,-0.23775498914124157,-0.04585513526675412,-0.5708200402286645,0.7034402834917389,-0.48819029600433234,-0.8648746887024759,1.7413389040598442,-1.1672484876430194,-0.4663248805560373,0.4619403506759651,0.13194767968588117,0.4376496502909837,-0.05866692832025689,0.18484199414712238,0.12416317462833566,-0.12918629541710508,-0.7431755944843647,-0.3947058400248546,0.41076001051762007,-0.12615321829687773,0.9094884896848611,0.13995147240089176,1.2301356415615536,1.7332991970386507,0.4821203059672108,1.3274617511167246,1.7970675875992013,-0.26108840546358675,-0.5329063579899007,0.5573077507597206,0.33595849517646825,-0.8145933521510839,0.6560782696300328,1.0652038240859532,-0.04847252283867656,1.1397259919618246,1.709725825182421,-0.024117667976049282,0.7754398181256794,0.6484914695296174,-0.4575219224151218,-0.15624394663380037,-0.34246581355356087,-0.7041202576669982,0.8424384784291241,0.166797328971618,0.020922426401679302,0.5000642789744691,0.4836269973475909,0.5616807743444138,0.6767949670827972,0.5694883257062153,0.9958051919977803,0.10259295124769903,0.48195930308184576,-0.062434073162843065,-0.22840741426930228,1.1101315363475208,1.1947726561089138,0.6761501393890013,0.7579792944143754,0.91486357008299,0.7474949847541043,0.8891174082213684,-0.2786226162116303,0.34897080981618117,-1.4839030326216023,0.17674841067997846,-0.5384056509803947,-0.7731457468778555,0.15296911469200003,-0.41970471295694284,0.9540038285102511,1.7439364680848326,1.402201341909349,-0.6258556576526292,-1.646743070382113,0.043696541502722036,-0.40168190906704604,-0.1839813945408156,-1.2303709889358456,-0.12465223056832013,0.39542391538446764,1.6220829743833467,0.18818953252941134,1.312951515708522,1.1410667061955857,0.8598517836788954,0.9966312874182032,0.5111703087098293,0.1181861937719501,-1.2302230375998482,1.2946195560913563,1.0219578490306322,-0.07020726348558888,0.17712919458596482,0.31198889261103563,-0.6842039663323234,0.6330259289189957,1.337021842405286,0.6706499606097919,-1.4161854863431933,-0.06817764458944515,0.9547350479168231,-1.1341007118378297
2013-01-01,135257,143292,3923,8,110428000,-7.7,-7.3,-2.2,-1.4,-2.9,98.3342,234125.42639727102,556121.7528207819,1742188.3782502715,231459.45945945947,1070461.296247704,23.74,8730.8,117.2,174567,11810.443453161899,446,888,905507.2159538178,940,199629.49357124115,240167.93492521648,140.1,134.1,231.679,232.229,95.275,93.703,12845.5,99.38598792967724,71.98887334392238,15.813,3132750,353000,NA,0.14500000000000002,1.885,0.9256810515024761,0.7116188922572123,0.5198622650267369,-0.5978434407619905,-0.07547480307767038,0.31748881783175076,0.42006782919030605,0.05476554001561846,0.8606109438684928,0.4052599693666061,0.4481341044918722,-0.029674158526497057,0.22868277101739037,0.7165586034705814,1.1209093101869836,1.7121379112515498,1.164633506525534,-1.0265304517519969,1.0126864891327945,0.9989667557302034,2.317097835518838,0.2693509041398664,0.986764034275761,0.10672634514713643,0.5006665987558235,0.42159243403111324,0.44606372951501566,0.5421879435969366,0.16715333855193096,0.5072747560195436,0.24173963718606503,1.2431283172487104,1.2648382529008622,1.1377429840482969,0.4539456350358021,0.2208872471787238,-0.33153781009214855,0.0630845234066258,0.22201113788833488,0.8062569564885925,0.8940135582313593,0.4692364574326566,-0.3079556178482999,0.2715297676777916,0.3853310277341705,1.4035690287105977,1.4192109379729112,0.39181775142430875,1.848606335146416,1.2406747413272996,1.0332346110174169,0.24612742064566567,1.4356901494528078,-0.17255532443672336,0.05316149470831668,-0.3726269065594835,0.7507219427104396,0.21701686797158853,0.6323262128222318,1.9893555058113193,-1.0392975843963421,0.19607273048345805,0.71497296569090385,0.3683417593074099,0.6813184557726171,0.4644109308319846,-0.0603937883700356,0.1763183188957416,0.8762283185688046,1.1785341975996872,0.12881770771087328,1.2851720537497917,-0.2149245843412243,0.9870668146479796,0.07390884573601966,0.9153281595411781,0.9660826328299362,0.1783837776378795,1.4027191364556195,1.7258488525241313,0.21905563404668507,-0.13832878177772145,0.7391800033890954,0.12952090714951248,-0.3888324560685409,0.6996289243604829,0.9457792064247086,0.014024067024710249,1.383440520955863,2.193039687658508,0.1815586566878544,0.6845933189524717,0.3802687718514277,-0.29941144857470153,0.9539185921745873,0.7571348331371662,-0.6023023070826166,0.0520172207478887,0.012641441443176341,0.16597738488858538,0.6825615899225678,-0.41207774664472363,0.5354965847842597,0.6432500064884463,0.8102042976427621,0.6764499926190715,0.9398308514782212,0.24014422209151998,-0.05645104672269766,0.5570403777998533,1.5447150270124077,1.325078191314344,0.5922841637034619,0.6654739016246948,0.8034082079916554,0.317781696722076,1.0330542872307322,-0.16382186516684863,0.1537076677754245,-0.40621779566180194,0.7348370206422331,0.37888989795052097,-0.0415011368665065,-0.25262093321965434,2.0055311508251276e-4,0.7243389771207065,1.0554839600737478,2.204099442507208,0.05210938354571972,-0.899133700196247,0.14970540379997965,1.231845537161511,0.17131427572667762,-0.4680137074204574,0.3833188529835067,0.08367697659243731,1.1362698516931475,0.7330043307322371,1.1352220218111548,1.5500344626428804,0.7569141510446059,1.0213493017495987,0.7990237069537112,0.017826636258975622,-0.6925311348145095,1.4447802724115988,0.8739914910080713,0.6537715620032984,0.36916528822513467,0.2930050963079104,-0.3583970478256893,0.663015770933951,1.6120595769610446,0.3396897404945869,-1.2474994216437705,1.0424289832632823,1.4411062501979977,-0.8952976206853864
2013-02-01,135546,143362,4004,7.7,110624000,-7.7,9.4,2,-5.5,-4.6,98.7941,245199.44777961387,552997.4689898968,1736121.1030889582,234314.01259229818,1081207.7729202835,23.78,8729.5,117.2,175635,11808.4171774008,447,962,913655.9499654863,980,201202.75273495514,242391.28161147947,141.3,135.1,232.937,232.569,95.614,93.805,12813.9,99.69251364862886,76.89050233328408,15.861,3058750,353000,NA,0.14250000000000002,2.0075,0.8196988298811233,0.5523008415442229,0.42094720506391775,-0.6154544975665075,0.15314177665663,0.09134957777548292,0.5380103138753236,0.3262083426235483,-0.02518795977837215,0.79774022453223,0.2593836022498272,-1.8978076054053268,-0.04490661782474186,0.11604088813477134,1.6695234009783955,1.447430625344236,0.8308083002339601,-0.6810808274198504,1.1363891206781138,1.032498577139363,1.8467728339774478,0.8465854408873026,0.9887069227199918,0.27070786151201265,-0.30967644321338317,0.525250099321317,0.6987740144968927,-0.01191614362873483,0.9078680553459708,0.9303343294156744,0.20220607631752438,1.0928822265349254,1.2964598533729685,0.9049117930088981,0.4851775502719492,1.2146027788663558,-0.12983632234603837,0.26228079872284277,0.3272161338354837,1.049476987852357,1.061733947737131,0.6601887222429886,0.8329612970036903,0.3493229794272631,0.8290524981813348,1.887098504325586,1.1950286709747941,0.6986669248939569,1.275664056438033,2.2750006672317533,1.0607224943477598,0.515651028009497,1.3298287949173853,0.2752430545311131,-0.13324208351317748,-0.28708293216174524,0.1250919833759293,0.2854859579739255,0.9956599647255465,1.959727276477427,-0.5848854638486587,0.17415186267891045,0.8741539772410423,0.7945220790158363,0.7232119316528491,0.4238820669573357,0.2369391074511941,-0.07026093780162924,0.7208497090161416,1.1262613832171302,-0.023074404354621953,0.7897392207410907,0.12802396698615093,0.8672945328506347,0.32782000481161144,0.7267537927246522,0.7679683378648537,-0.05193972581600587,0.563406605306474,1.559154828262783,0.9744473327172153,0.38789475813391533,0.6508148779262194,0.5965372049458816,-0.3106167803623136,0.6191479260031574,0.40219477935514214,0.38040240499145583,1.991487801970367,1.9028375938715527,0.17891276576218382,0.4373863497341582,0.5864274467069422,-0.06578815323754061,1.0162954543020364,0.2188987376023101,-0.1854404424689353,-0.3843736355899557,0.1020559351705986,0.7263177539276412,1.899258353996595,-0.09963599275458854,0.4658877475373034,0.7996378094928615,1.3824242606308943,1.0295103158787953,0.7365170893761349,0.350171303718085,-0.05492365845514158,1.221060758424492,1.06959861503723,1.5636473106276032,0.7736786920471029,0.07472066036084474,0.6703348406614504,0.6468204177237612,-0.1303405010559117,1.362125737979154,1.1070145764520878,0.37171198966967617,0.956304143010705,1.097848106965924,0.6020637656092886,0.4487957245082835,0.4898816137278509,0.6354500501431888,1.1336837207113468,1.5429584793136948,0.4922560787606282,-0.16327285481807646,0.29985071444139766,1.0231079878921716,1.2804010312992598,0.09210075594084928,0.7264919384504919,0.29369348354530045,0.9617342425022641,1.0439428068874224,1.0408130761947565,1.415280919764995,0.5912881448694978,0.8827900038660091,0.9769609355242794,-0.2138115167486406,-0.4281905282984491,1.3191003598729973,0.6125315811281619,0.8038455832907806,0.2843030946285048,1.342337499634076,-0.4849974112460121,0.4897099129598324,1.3247229580650837,-0.0750949737536069,3.0843477673985698,1.1877265934095442,1.2202912675897866,-0.6201868551964312
2013-03-01,135689,143316,4076,7.5,110753000,-7.7,5,-2.2,2.1,-7.5,99.1921,227756.3672922252,554324.1035522788,1738524.5715389508,234203.25067024128,1080399.6313672923,23.8,8737.5,117.2,174884,11823.579926273458,444,1010,905359.8357908848,936,198689.88773458445,233110.96682305628,141.2,134.4,232.282,232.794,95.488,93.891,12852.1,97.44679959785523,78.18846332619188,15.721,3037800,351800,NA,0.148,1.944,0.9142649608125027,0.7513731997929423,0.4228926546933513,0.030147426821440518,0.17038137408825937,-0.11776243075531655,0.7419240653351368,0.1643975358810489,0.052378266427607754,0.6007044119754137,0.1392115636984542,0.7291237291305251,0.1434320573568257,0.16884924971355403,0.8643313317500424,1.5180563064306998,1.0628107995273246,-0.6276495589713724,1.0567010014082376,0.594960486888454,1.5486562437048241,0.43396618891247474,0.4363704335913134,0.8389011724540321,-0.20175421372480146,0.25707455856658834,1.0166855941440591,0.11586849602495168,-6.417407292444319e-4,0.7311600076974606,0.2036049610481464,0.841855708584679,1.5465621081017207,0.8214656433644495,0.5747018034570577,0.34671882939096305,-0.3359493791401693,0.21795052547857374,0.5186921089890385,0.6926220049523097,0.7595918825150402,0.5296419184987936,0.5566035833545016,0.3661497024857546,1.3080734063873174,0.7332681232551229,1.4064976357106864,1.533680631146612,1.8646594480186944,3.3930489134576054,0.9201359216457419,0.6894787916781558,1.1558126391176335,0.07064905311330222,0.3004487684281144,0.10283670103034484,0.3585353037919687,0.3214581317457855,1.009246274651143,1.9514740271222828,-0.5251926890526234,0.35496546150453284,0.7888858428510469,1.5214157614065518,1.0082542508521364,0.6921450597927508,0.602649356152182,-0.22622892106074033,0.7273876588980327,1.267658426803297,-0.8435861144800803,0.5500427546224739,0.05951457701237046,0.4996758981675231,0.31300574252400026,0.47280611415371354,1.0858817788637625,-0.127946638147429,0.04108755434257203,1.5086927925046973,1.1006779085042007,0.9704952156868697,0.204664350073369,-0.11626508376322332,0.15851381731624142,0.5376739430407269,0.20824696669436624,-0.21498840479748904,1.8632956787745514,1.359489516664293,0.37458311734379,0.3047023790729227,0.7022731693232956,0.12354353420861904,0.5915905843044968,0.39894364771561863,-0.40341678363629213,-0.4485954050386449,-0.33463520769073357,0.26166997767883865,1.2227960062104684,-0.14265792727095716,0.36145268668318453,0.3681723747063433,1.51971371731005,0.8549574687124717,0.3658995111505012,1.0232760006185586,-0.05523215601705434,0.6330549048846017,0.798519878727267,1.0354644017986818,0.8308111780439945,-0.15344280669082763,0.8885801955484157,1.2500650703252822,-0.32783268724021714,1.2807496277870114,1.3878416314164277,-0.9532241230159549,1.3723600010433767,0.9301937054832511,0.05403114897390609,0.5328318597379905,1.8420889898259205,-0.27264657237863066,1.2659428958186036,1.5988975578544076,0.46652028492508746,-0.4032955029485031,0.5474587975815828,0.46367640841565255,1.5063934325271549,0.5266030724524876,0.5039958798981675,0.4281361096106571,1.3102333841315088,0.3000429345100523,0.9568277638008897,1.2912298977782333,0.7798397092411854,0.9594336670531198,0.113580864012344,-0.3488003582767783,-0.36900730861557285,1.3151135235956743,0.7176870324263678,0.801708359350686,0.24005018330109074,1.8647743760749167,-0.6351761101338258,0.8592461742288225,0.969096218646954,0.3431388791118552,3.3364648483552104,1.0762457279436757,0.8719965351701915,-0.4269942560150192
2013-04-01,135873,143635,3988,7.6,110913000,3.7,4,-3.4,0.4,-7.1,99.1065,237409.1895461836,557094.4848046461,1745740.9180465026,234515.83482718494,1088465.3688503108,23.87,8781,117.7,174390,11826.168087136102,441,835,922233.7537084211,1012,199865.81543332178,238325.41854053317,140.2,133.6,231.797,232.832,95.391,93.937,12893.4,96.51853948485704,76.15814417725572,15.811,3041500,347250,NA,0.14250000000000002,1.7650000000000001,0.7632007333811037,-0.43012889283494093,0.5596507547691194,-0.8783717102491804,0.5868323920703572,-0.38891906135345994,0.18431294675964977,0.27329091641829256,0.13873620107812898,1.6450374871222553,-0.18856416065986153,0.6605274040668988,0.14323296780463757,0.14031848881611195,0.5625711682819019,1.2787268870485409,0.6178494362423402,-1.7233599290710697,0.345549742141288,0.46940600745984096,1.6334257615506769,0.7094313973200461,0.1571271659861772,0.2930214460252659,-0.718912437006207,0.06487599341192632,0.7288225192474644,0.2752849759247508,-0.3825408868781926,0.309329210635637,0.09613384649853089,0.22899869548541305,1.2251755532839104,0.7669345323785901,0.20205229174762726,-0.013619579401665164,1.2296534681675486,0.1130396847526589,0.24908847522619806,1.056922001262702,0.2715823794930049,0.6481442011750277,-0.06559009717773771,-0.1321966468957659,1.1585667143919947,0.6500810236661787,0.9536522184385234,1.425919337258275,1.2835523573786045,2.2156428937011228,1.1171900887941197,0.0689115185318338,1.0491926861482195,0.153206289265381,-0.027730660091368167,0.0015203751995487374,-0.191413668085685,0.10624870876965117,0.5262958535014319,0.8055097673570972,-0.17183879617773865,0.4881699615910576,0.4959105351565856,1.2423391491298306,0.8934879771915322,-0.23661325446015763,0.30671862295240515,-0.5294553303802955,0.34468263994119513,0.8443408097825988,-1.0024372339138956,0.2849211266619445,-0.07183682535841113,0.519723165501539,0.24319089660826837,0.20679685102255152,0.92043997353688,-0.248436352348885,-0.31462921671520877,1.5175786461024046,0.44442489404165114,0.6242054140434682,0.12543790265175056,-1.1398092810785683,-0.10261438109163498,0.36319511716254743,0.1930622263086439,-0.8314254289408699,1.3892299150426464,1.2437865052589103,0.3799510988543656,-0.03836666224650114,0.8793707571115525,-0.20609196416075382,0.780247417307038,0.9824718054434567,-0.5481387900029524,-0.7329226792631066,0.15817594817002492,0.8403672010161591,0.7602388226853698,-0.6568996866249354,0.011897544307268982,0.40115966926077845,1.739699766918102,0.5010058604152638,0.4407239472942024,0.21652855637028426,-5.654810595881803e-4,0.5563795636875214,0.516706454861975,0.47956803748392923,0.5708786656612235,-0.6590756436303139,0.641282454848047,1.306347262914108,-0.48893454036922684,-0.0676389677526857,0.8197299130942857,-0.9573246395905675,2.2823564967352987,0.06446040564339758,-0.24358947039130766,0.7761852351944267,1.034663931300121,-0.8156650332385894,-0.12978855170083275,1.0456634804702292,0.30269056312062315,-0.2811067987835552,0.5896840261679853,0.09356879373454147,1.1055276946034573,-0.25805592632023433,-0.0397163632248549,0.2808344414107178,0.6006885445959963,-0.1734864827299964,0.7697981010285183,0.03202978150309466,0.6480828046892666,0.6310469704570348,0.6806320062471438,-0.7156515036266969,-0.24409274499873265,0.8635639201267249,0.46829915458464355,0.603950504110964,0.23275081953031726,0.8006987771576196,-0.5902183189291234,0.30303019198262543,1.0931423973534709,0.6487509610136131,1.1068647336016968,0.46102681870616047,0.492415013769603,-1.3705028376593937
2013-05-01,136096,143882,4145,7.5,111107000,3.7,0.2,-3.4,0.3,-4,99.1839,248208.16878096818,553313.9187731115,1742015.4202720071,237293.76394548558,1102761.3370905395,23.89,8825.3,117.7,175373,11859.92185290328,428,930,931010.5697614732,1003,198768.0833010339,240954.9449513414,139.4,132.9,231.893,232.996,95.461,94.047,12954.2,99.30757063093829,84.36727538292948,15.884,3012250,347750,NA,0.112,1.918,0.38310685404917577,-0.2488927864898757,0.4101146574563128,-0.8055860528428613,0.8818599093178324,-0.4261723418377779,0.6129725832349273,0.27662822642278895,0.7701287609533289,1.6247597726908238,-0.20290563087538435,-0.1311657621702073,0.15651366507828954,-0.3437512319993289,-0.008472285616599446,0.8497970850981328,0.5877371646616495,-0.83059539974009855,-0.00901066554066161,0.45469971876123233,1.6589427782191293,-0.23358288320647316,0.31254662134833605,-0.12086327013948704,-0.5058348991697201,0.5611363274487821,0.8184478257625606,0.14776384227993503,-0.3105584699726876,0.2110256223423994,0.1351470103532097,0.4000719188070565,1.9679137242660927,0.5582355724637854,-0.204764489626995,0.2884031177066337,3.447009463189512,0.3980973491252319,0.5736265537785775,0.6711063033075794,0.36245356771318904,0.902489759955897,0.5027017635111646,0.0066505970453488985,0.6024038381769485,1.0525545666840408,0.5783791177152148,0.8577328712404221,0.7350997887739518,0.7130492740191752,1.3647769784010504,-0.1563136046231319,1.0198089243621304,-0.09721755228538478,-0.2349682749502914,-0.23182837347270033,0.39034237153440415,0.07231482812395887,0.4316914235128881,0.7231334775658452,0.012642910320239021,0.9655731970370114,0.7267687634534558,0.5095105224762818,0.7359380875178894,-0.0757871390769892,0.0976307007506342,-0.8631893791009603,-0.14817295044329853,0.6121057625906384,-0.27694756065106824,0.31868419782484947,0.04197393861238213,0.8446747699872438,0.550497438095536,0.13030682725507053,-0.42838506139557875,-0.19738316452862756,0.3903950731523869,1.3514933810378573,0.2672972288666871,0.1447998750614435,0.686191879781571,-1.018997168752572,-0.39468660972238134,-0.0256247263645097,-0.13891676384284973,-0.24909755325817037,0.6322051495740877,1.4744255736147187,0.28876964114012227,0.04431746683591827,0.5313114989956983,-0.10330914271114323,0.6721106270664677,0.8393204884844516,-0.6817960907324931,-1.1620851132887762,-0.13071692572266816,0.3816007159534476,0.25110689667754343,-0.05815610887656664,-0.1972418907595494,0.4330668922573331,2.2945697537571044,0.027174996103174212,1.2919265786224112,-4.0848448050721033e-4,-0.023635383283171142,1.063986279565693,-0.13028886169868995,0.16243091822351408,0.7000024513232873,-0.33274991348082367,0.42910917747474775,1.4447824743236701,-0.6449061332728735,-0.39808225945125075,0.04256542563210249,-0.7925843156423064,0.7098666448449303,0.0022808010741624516,-0.18041078413502756,0.8221535423185542,1.1878812362142062,-1.1536691811065738,-0.4467944622359543,1.0662232949298198,0.01734724706704274,-0.6158752051981834,-0.24082018593915575,0.21482248235009452,0.4979108638615081,0.12351677168099978,0.11767938541040532,0.9166128523946709,1.02966554487455,0.3157662360976887,0.4196511896431088,0.5110395051023755,0.08030780185624377,0.7233554563782203,0.5160488103963402,-0.8513961198506844,-0.11046693881458146,0.6515803897498396,0.7837376067631562,0.6006473659165529,0.13460676816148448,1.2500654662277828,-0.4066056311405833,0.24999572853214175,1.004011946700115,0.4724936361593467,0.581912635324664,0.7293368183503505,0.5845718533685865,-0.8946798104536096
2013-06-01,136279,143999,4150,7.5,111281000,3.7,4.7,-6.5,12.7,-6.6,99.3897,257718.47856762097,552327.1978510134,1735194.1350122867,235677.77742936878,1126668.966166003,23.96,8852.4,117.7,175491,11857.472850229426,470,839,939967.3889185037,942,201557.38818684476,236069.73754350757,138.8,132.8,232.445,233.35,95.673,94.209,12955.7,100.13274382532167,83.3619562339933,16.149,2992800,344600,NA,0.095,2.3,0.15305322485700132,-0.24223162923236663,0.3713589822897213,-0.34546595686658566,0.862145957112269,-0.49835280186202907,0.4806077900837547,0.23456891204778996,1.059995304861954,0.40424462934688726,-0.2100860469766779,0.2261931905128016,0.17135245052754342,-0.22560233778703104,-0.3488253080706862,1.411226757064471,0.9079417843059674,-0.30283548581721204,0.3160682180252834,1.0346930119296014,1.7378713561658576,-1.026055561256188,0.13447956106513712,-0.04129087032528794,-0.08098918395596548,0.39860598366533656,0.696216130593626,0.49570657388789824,-0.3773202419175776,0.49660808000695256,0.17271781249066154,0.502660953788478,2.0362054908791616,0.4295807374603722,0.25392512271960277,0.40642550443162545,1.6043956902324452,-0.2826773320728338,0.225567463027697,0.6580297989969701,0.5619117537307683,0.8717901565657102,0.012366407636391647,0.08975604335724469,1.2629072166829223,0.6343994378230342,0.7072453295878208,1.0814943877457142,0.6813469432610015,0.37226639542195133,1.2035084801803757,-0.037280853213175466,1.4302586030350806,0.05567402123066162,0.13612368085285387,-0.09846981854235991,0.9881194021909209,-0.19744675008546317,0.7284575723671719,0.6111468298253264,-0.01675688745356199,0.6595500697529019,0.5499054182047137,0.3776758525254536,0.6452378985186552,0.04157499365125658,0.3222904965383464,0.10489423059195149,0.36206142005995806,0.32199972304747854,-0.9109414437597683,0.6407239465509798,-0.3358965067378181,0.8322183064845036,1.1022490153987452,0.21921952437915573,-0.8317911157012787,-0.20037521357473637,0.4242398730776872,1.6471662820405584,0.7433288632809171,0.3581448098496686,1.0565738829690206,-0.49766847987791635,0.012374643754246439,-0.002551509741559318,0.4946060811381884,-0.2581821817512549,1.1110172218669188,1.7682435519392212,0.6489718645729713,-0.04915739582078932,0.6694686752954625,-0.906578565148658,0.4968967919888016,1.0512720743848991,-0.19916322128342573,-1.5963713477710662,0.784944642951845,-0.33768026652511696,0.7165350388976371,-0.9504673549561257,-5.562079751564387e-4,0.3588648344318479,2.644308492352417,0.1316199290601126,1.4634478529173798,-0.19574390850679516,-0.01062785953229928,0.9651012933848339,-0.26472818024535977,-0.1816961699565782,0.653448501998991,-0.055901732719401666,0.6489867859735475,0.7560225834261393,-0.9366683089859873,-0.9928660116102016,0.8380112691571869,-1.6005667704129884,-0.18642943159939407,-0.06978782464403513,-0.6006079974781993,0.1468599583494696,1.7462496965203205,-0.8991838604051504,-0.10716664461725497,0.9158238129050934,-0.39553622198367405,0.14443330801618276,0.3023900241764317,0.9804450385002674,0.3241344707993003,1.3446159930326453,-0.32287600079473217,1.8824759920134366,1.0045319216127993,0.550275157164251,0.7767363101489565,0.6924881441698181,0.7391512717459681,0.6213975028910524,-0.33886465327198584,-1.1403014930556135,0.171848720247131,0.5118016803359647,0.380681224529443,0.540089243531187,0.06861623005983679,1.2312142491225053,-0.07433538192949794,0.3828482279704535,0.21300289326351177,0.44793357021958624,0.40645601923827496,0.46026618120327284,0.8236934371609833,-0.8591154585295195
2013-07-01,136391,144264,3885,7.3,111462000,-3.7,4.4,3.3,15.9,-1.8,99.0814,230531.77718389843,553142.2248204442,1743600.5218982478,230225.9061299482,1129536.9133121762,23.98,8821.4,118.2,176156,11872.181393018207,375,880,958071.6552530483,997,200476.03140136963,236960.28895941205,138.9,132.6,232.9,233.88,95.792,94.329,12941.8,109.20536161683647,84.85701570503349,16.021,3020250,346000,NA,0.0925,2.5775,0.01912943267880842,0.6517370820583246,1.2647170147178233,-0.18710806281712494,0.9559630188816323,-0.30552469465594767,1.007751320940808,0.42711701798689583,0.8888180129430345,0.7571218086120852,-0.515533941413961,1.0054114112830128,0.2615653599295647,0.26603428700453424,0.6799324704536726,1.3433035732644605,0.7273512568109449,0.23134298185784913,0.44036334727508036,1.0133238076934061,1.584661276388706,0.1792127345086918,-0.1323526354850899,0.4582808672634803,1.095982025430598,0.5219822431273096,1.3312194142748188,0.7301673896083601,-0.2514629779352694,0.540313568624655,0.015320404531663345,0.6268745738903118,2.0738969064678003,0.39960014831677115,0.522055349158211,0.545941402035293,1.789294560610586,-0.004592142164903956,0.7088646228692432,1.2875721309878154,0.8629658352934326,0.9569417278354054,0.052495627430185036,0.33640893344609635,1.7530068656572881,0.6680013790101939,1.3426049962569566,0.8732073478543254,1.2032852830933278,0.4311091263401927,1.8447370413797675,1.0653954616697947,2.3788624264546203,0.45245456012410507,0.9206704436778673,-0.17729204578646904,1.4648071331082135,0.06445831918937514,0.6378253602286318,1.3233626569984296,0.18846052339712907,-0.3353080188223653,0.17765630434944743,1.2258163156975668,0.6644841326877481,0.12687214379537676,0.3724507856393536,0.5434170347547186,2.2729996638003556,0.8714690278576251,-0.6020447066007754,1.2568174482963514,-0.5395414165089255,1.2022323485937165,1.1612456303267151,0.4662414237156895,0.20221432846692908,-0.11690174787098549,0.7550699139077917,1.6646228133248506,1.508565753324375,0.9894498870414584,2.2127083095913793,-0.7056631875676691,0.17119710009513492,0.10893473682172525,0.25898461851213816,0.04476456149125468,1.4457546659645324,2.092330193822274,0.627983972256582,0.038232588456041855,0.980762279500665,-0.6026809478955536,0.7045193850994226,1.4656994253379934,-0.6458437327338465,-0.6051629082843905,0.5748465168027866,0.2666425045192097,1.3813595349784897,-0.5796861503152735,-0.24765459257692693,0.3495582740301504,1.9476847076722772,1.2190772436124082,1.8885847203938004,0.3204689529385002,-0.05167107969100443,1.8099312467688635,0.2952550483607395,-0.2299042299532891,0.5900830473632113,0.15419047355443183,1.3530276478261014,1.3138065067409592,-1.041270954873388,-0.9716200916596194,-0.23363385466358555,-0.9740676215114779,0.4171269986310378,0.4115836179160512,-0.3878686562455121,-0.32108212920945856,1.4984350769665105,0.1703655539823916,0.7410294736225308,0.9516935868928971,0.005388620843658456,1.5509306577875,0.6159042902805918,1.3827389758908306,1.0057623123081112,0.7956234528861523,0.11786616826892624,2.0083138378504932,0.6087829418226436,0.5338741103936095,0.8104149297808771,0.5541365484454336,1.2077728595968602,0.6379500426474884,-1.2762393674822483,-0.7805245642833833,0.28236699785793334,0.3762340134588616,0.6423290642627439,0.787940213894112,0.34200273199830056,1.6677610943869952,0.15442674051263255,0.5050973010929458,0.5671195231950514,0.4663172818256082,0.31513327544155473,0.9765972128953919,1.0338890647967345,0.6268503960341499
2013-08-01,136646,144326,4085,7.2,111698000,-3.7,9.4,-1.2,8,-7,99.6543,234245.4187253737,556663.9564700732,1749004.0711460381,234055.70496382928,1132072.0495340547,24.02,8846.4,118.2,175490,11890.049408968665,381,917,968437.6759021828,964,200521.1916525945,237152.62576354574,139.4,131.9,233.456,234.336,95.934,94.431,12969.6,111.08678883399004,82.82177264947794,15.827,2934400,333400,NA,0.086,2.722,0.2888984849040598,0.36197537324189194,1.4957848602053183,-0.5127352463528492,0.3476370470659728,-0.8003814254096105,1.04245784178493,0.34651442401667826,0.5411650715311755,1.1316830278361272,-0.7578129264206761,1.3337072597517736,0.4147602417384616,0.05384487898648097,0.1581066327249523,1.5332440596270447,0.6440386330525717,0.7287057533756918,0.6255991928751249,0.9259984583443426,1.5569133825135144,0.3416757680033771,0.2739831568463235,0.8674874254310614,0.33795633539494135,0.529917788420817,1.2341319593158995,0.7909494013614262,-0.26860201254752136,0.5538356882916114,0.27570812831163605,0.4961862707936742,2.5553861587172184,0.5998133814197567,0.9820412890272673,0.005018656379167514,0.3099482641015804,0.07105047374886889,0.5029721529571509,0.8135271058300415,0.12353679225403257,1.1326831903717918,0.0479436039990623,0.5098189512189859,1.5763227353835152,0.7060833501955477,1.5637982072022218,0.8233885272312407,1.5076187781355632,0.9206853379600113,1.203986148668071,1.1024280828358128,2.2037590559961813,0.08935962307920868,0.6749592473592203,-0.07493586119305885,0.5718860421720721,0.4153575204907684,0.8546445791669413,0.9727576340368085,0.36988886594863474,-0.202648943927874,0.19699396337212896,1.255872926718593,0.8550071974083436,0.4631982784258714,1.5389341037554913,0.17865918493604874,3.016111203575702,1.4005172804936308,0.33636987386501516,1.2917532112029286,-0.41390264534903587,1.9223242449716236,1.2242244990216755,0.6176951408454945,0.10638004781770599,-0.008354824153583941,0.40973219083279827,1.1826152185376142,1.4546988246342194,0.8822865124444098,2.4483840612237935,-0.5110551470450612,0.08324777408246198,-0.9066639524934298,0.5921721401189034,-0.05605622983064906,1.301888287435207,2.0987151840735403,0.556801420602385,0.20993097283679307,1.1933354072748243,-0.4357473913966054,0.9230093113921868,0.33443123489498533,-0.6739530516046152,-1.3654197419164962,-0.18669624790169562,0.21604559469784002,1.100616682278955,-0.2820239240859656,-0.9535961885744355,0.10810285915915231,1.8588471044704047,1.4072630713687466,2.209236129946058,1.2767147089450945,-0.04868830556279818,1.734513852997773,1.0785545858901169,0.10670379091097953,0.5876944617119284,0.2604024950588492,1.297950850001147,0.9351141583136184,-0.7938640559811992,-0.8286282206119842,-0.41585822953377943,-0.8351083531723469,0.12938079988042508,0.7555660562749578,-0.4724333679315057,-0.38989959187519146,1.4640085811309307,0.1485585666232125,1.1720813792007587,0.8210534429282833,0.3149113939894346,1.1504208993265663,0.8489668552124672,1.5700109923827992,0.6085675114336854,0.8941183519131602,0.5096131828643277,2.099736318434663,0.5844174842328369,0.8756219411903262,0.5321124151476189,-0.015428342445629602,0.9154619103646612,0.8230260544675754,-0.6426020170168939,-0.678391216855368,0.1980331324980961,0.8483098416145096,0.8500511062061762,1.471377699676812,0.6998447192555969,1.0154405156907578,0.20139054864443526,0.7482053656563532,0.5871056434047616,0.3917465870448621,0.25995792364077336,0.12461835638097739,0.9740269213284575,0.5298795759266779
2013-09-01,136821,144418,4128,7.2,111850000,-3.7,7.4,-4.3,20.6,-3,100.161,247450.40426773363,559846.2115528883,1759242.0719819507,234718.05451362842,1148576.7275152123,24.06,8868.9,118.2,175575,11925.793948487122,403,850,977453.7384346088,1004,200471.99299824957,240335.08377094273,139.8,132.4,233.544,234.7,95.976,94.543,13027.5,110.74643660915228,78.00475876058904,15.857,2895750,314000,NA,0.08,2.8225,0.29833166234779407,-0.5388066054510575,0.33735726221203627,-1.4745617599937346,0.1686406200324775,-0.784526127265438,0.7346569243991726,0.1445645111748026,0.0628951875661711,0.6419855740988746,-0.6305336255974724,0.418752548075971,-0.049588615517421684,-0.09440167175960759,0.40916823493594756,1.7838971513265776,0.9429739382407707,1.1831489602948926,0.43464574334430867,0.8463496955669675,1.4073069912260914,0.07976683462943822,0.5767525407107906,0.45351660582006786,-0.39972637574657977,0.6312305073490665,0.8041096016030164,0.019535666256726075,-0.050529764184030844,0.3648386118604252,0.2643135303986912,0.48841406458068426,1.772439339096976,0.3494459749756849,0.4532086986926232,-0.34505513396787707,-0.44604321788180856,-0.2898273800141669,0.26217273698437904,0.25569484441493945,0.29134182855886487,0.7491142451987117,0.545416700987825,0.12668780741839747,1.4144292703312025,0.693279263089049,0.5663723969021093,0.4415368623632964,0.6517056099467057,0.32776088280224003,0.9114047288816699,-0.5686151998901882,1.4278298119865496,-0.18545207653310822,0.30569160271438867,0.11305867539701109,0.7822479159877106,0.181089009486203,0.40182508127194183,0.3192262503813265,0.848874115137589,0.09434522156142497,0.17383486297721623,0.8350868192429967,0.8566752439216418,-0.12365625489367671,0.24021606782968347,-0.8655530942877518,1.77881930377304,1.4991168763476572,0.04090934804905507,0.9800822547748099,-0.8939541055786386,0.7612945264969407,0.874473169610539,0.4154828266581403,-0.5956017692474996,-0.003976874178207138,0.3172170400727762,0.6772960132657435,0.9333765387174914,0.03391186024516155,1.8528377856120954,-0.9568996700325183,-0.5720277378271503,-0.7184322594769632,0.16262617294631543,0.24382214932443527,0.5688213596277625,1.2073053640650846,0.25088450510500365,-0.41399570554436343,1.3143254744570467,-0.44438529803424676,0.6810022298649636,0.5675357310467094,-0.5580301567579419,-1.369997049789564,-0.767075296635136,-0.42111218854191257,0.7522237044657369,-0.2260543826242673,-0.21066256908245606,-0.1275889915267194,1.5141085408783461,0.783857065296011,1.2777049760721042,0.9549706955234863,-0.020969974177044087,1.1127929027593269,0.7530117354179557,0.30907003977753794,0.43475097079216835,0.49185391767500874,0.5734814916112786,1.2322317821580917,-1.4253388962026483,-0.4391756535102707,-0.07836238846650519,-0.29791718580861293,0.6576688782791514,0.9283508656605068,0.03976005484574203,0.1908567331237951,0.4324856271762776,-0.49399082198269917,0.35197441490467696,0.5444806430297395,-0.534940004428039,1.539218604373444,0.39744547812435355,1.8940447386460864,-0.2482236521187512,0.8324531093257562,1.247280569203115,1.8606392411091708,0.4003855949998224,0.9198819038000614,0.4853742756768691,-0.37528941908713787,0.40560826446744574,0.6698026412584439,0.8939619340310705,-0.7857177208240957,-0.17271450474889008,0.4828355611021352,0.18020134483906675,0.16552933781699655,0.8427766934327081,0.22063641803445516,0.018005636858489958,0.3876906392697747,0.1346695359502697,0.1254539962427007,0.13128917909261642,0.3834676022389891,0.7300344429960504,0.7278572974225692
2013-10-01,137041,143537,4222,7.2,112024000,-0.6,3.5,-10.8,13.4,4.8,100.082,241132.9511045441,564946.9839651207,1775085.0044626398,236041.5387656993,1155902.5212532387,24.09,8887.3,118.8,176061,11964.246693651603,444,925,989785.9588150216,1044,204307.87800588954,240253.68614923573,138.9,131.6,233.669,234.921,96.103,94.703,12974.6,104.61692142805117,74.62168584392238,15.727,2928500,358500,NA,0.09,2.6325000000000003,0.17480653941667992,-0.16219657979097485,0.28580834115696563,-1.5604515919282795,0.7844750302930411,-0.5409915067806419,0.42615816881170765,0.3187216987084353,-0.29287602127534146,0.6597575411848979,-0.5798924382468452,0.31717492479661613,0.13447256317698186,0.5379140452036629,0.6012107679558238,2.0665331020610003,1.0456382846645824,0.7792808669828274,0.3013364742137796,0.8724538469019275,0.6956728659409803,0.2875307426964854,0.4011644019269221,0.2471520487083143,-0.762043220791106,-0.1225595519951884,0.6223786748032238,-0.5202724693120481,0.3044284948719897,0.06878314421557631,0.2456693198890339,0.18182087962783755,1.0303473875301155,0.3213540042414145,-0.05048878906059727,-0.30299573609507063,-0.37888483472990137,-0.2876227494048902,0.1589042371313303,0.22711289794736314,0.34368108289390964,0.3225084950414815,0.3167127851507713,0.060402752850182075,1.0639802905783986,0.8347261366877269,1.0001174973065,0.16796237750877246,0.39889370758337084,0.26653138733805615,0.8647844907029371,-0.8110031667236495,1.1105469267998573,-0.5709678577480252,0.3080775648216604,0.06293315534974302,0.03538151845976176,0.05977480894294368,0.33348173712945944,0.36457873382482253,2.5948072986052795,0.45013001716377876,-0.1595645165783648,0.8876349049910512,0.9181449864260247,0.039885418187291785,0.21486094719230356,-1.0712916357355406,0.581192043363092,0.9045936299972348,-0.5470297890223323,0.7973376489518473,-0.6150622474901819,0.49125022797902845,0.8957466425165082,0.16590392280426985,-0.7235473896288444,-0.14146455215181122,-0.020671803852261056,0.46837190916726507,1.1526190786119734,0.32830738353090216,0.9748359716682913,-0.7461773600081179,-0.061040436890272345,-0.22037477785480925,0.03853912382689439,1.263205987944372,1.1658473804117833,1.2469825076024357,-0.23436185592383776,-0.22602512903563157,-0.07231030109091596,-0.055112312265176724,0.6254268718337923,0.40642806942094234,-0.474433591756981,-0.4119597919241957,-0.4052862212542831,-0.14066487221595148,0.7131658042902076,-0.23517134921045607,-0.4765017541559346,-0.060322325091405865,1.3420758155340613,0.5439043817184467,1.2358252561148844,0.9565200453466138,-0.048748773805165325,1.0104841575984995,0.524122314648174,0.9879100944228579,0.42843290057015315,1.141570671040277,0.44381107470396797,1.3694896583686977,-1.1036496649351857,0.6509816647076425,-0.7406941419749014,0.008347830985834012,1.1331683581244378,1.0066820237152052,0.4985756084627705,0.8063940019220452,1.0635856084489907,-0.2683922961181224,-0.08384198176040661,0.9551690216707547,-0.6835949277614748,0.12714140053036949,0.4787142492732343,1.9172337499331886,-0.27849271991160707,1.1892864990322682,1.3034298608332127,1.6469164795489415,0.3862943793292048,0.8812071005122784,0.2837337925112806,-0.3764654979701705,0.46313447965756144,0.7320218167414071,0.5229672246928474,-0.9221235308942392,-0.25071657865999897,0.6058489056883292,0.31512230358968357,0.0643892144796015,0.9505080731674915,-0.03478786826610192,-0.1523502981434837,0.4720318370492559,-0.025362785943661818,-0.08140685398038727,-0.04997372935210335,0.26854540937621524,0.7264107901205802,0.7271858284353243
2013-11-01,137317,144479,4119,6.9,112255000,-0.6,2,-3.9,4.8,-1.2,100.3158,253341.43756623653,568907.798765663,1778590.6515651532,241633.93803378844,1170030.962325707,24.16,8946.2,118.8,176233,12013.486274754276,446,1100,1001726.8250109097,1029,204836.56463645244,238351.7237079983,137.7,131.8,234.1,235.359,96.246,94.86,12998.9,97.5209359349999,76.45267542725571,16.079,2851200,328200,NA,0.084,2.694,0.22971396056921967,0.17599421348046745,0.3857586899256105,-1.5334599475155286,0.8021844942738857,-0.3329979067467353,0.5597566592434151,0.5442956829476234,-0.27162563163941933,0.8697350776071483,-0.7269481831675746,1.1560828658774007,0.0738096757328855,1.3813880458848895,0.8122996255890236,1.3591600166171283,0.5205392183394408,0.6841642597733772,0.3160967596875812,1.2597041761971413,1.326020128252096,0.16206971540043352,0.3157889514241628,0.13197478287256684,-0.32133649443414464,-0.4166564704893037,0.533953725961266,-1.0020066720544134,0.7662267498152803,1.3371001000837675,0.2645389740868145,0.3890115306177294,1.3586730167981558,0.3214839196024896,0.4981855913880885,-0.2712406689953548,-0.4498026402084049,-0.1405659498176553,0.33354743763135747,0.17056830592683664,0.3974181443083424,0.5578534755893161,0.4328194814863462,-0.06953846515279505,0.8510437538097531,0.9760461627785657,1.0072360688201583,0.0866082738587941,1.0072459607154511,0.15353754474545653,1.486508082455495,-0.4198329758157097,0.9551631992959716,-0.34880033450300857,0.7428563434267761,0.06282869399750428,-0.20499247962971184,0.21484640490195583,0.4156216427065017,1.0377075999854817,2.201212536197418,1.3422232007091248,0.06573057205790916,1.033206591295369,1.1136855022716174,0.07043442900953809,-0.08918674469564375,-0.6510397236819712,0.7746813061594973,1.0731045513137076,-0.3782760076354791,0.6531631351156062,-0.5760792577569082,0.2574926023813805,1.1146107269893661,0.17926169127199593,-0.7626452378418612,0.0241061108518876,-0.31456091900589167,0.47446760204533006,1.2422936620184992,-0.026630291387294475,1.4685515968184175,-0.37788817587290946,0.2531474563534679,-0.18286510275767012,0.2879823940157572,1.0766952768052815,0.7152046943464134,1.3815223204924936,0.5165303739327426,0.19727763105674997,0.6566260294883283,0.10199090714612645,0.6715765319443235,1.090570435409747,-0.22990233393601817,-0.05178461575745911,0.36807086475990597,0.018502245152922352,1.345759782234133,-0.06391926068572254,-0.38418513188873343,-0.45265032188318094,1.4632453215820231,0.7675558732222185,0.5454400501814558,0.9271365812988235,-0.0430654780323468,1.5841244010691384,0.6077871345363121,0.9843491172045773,0.4812228905989888,0.6194930846705318,0.15909978461582328,1.4408004188820496,-0.08055858640077253,1.5018522830350516,-0.7041821526441916,-1.367812461646841,1.0269543165194595,0.9786167136354083,0.5193245727314101,0.7524755836450181,1.0728949105088759,0.4552443750561644,-0.14581806711312062,1.0473973428677585,-0.6341293476128783,0.08136018496685177,0.5666587092300646,1.9552091604838604,-0.21726907681416538,1.9089526773960555,1.4805282087276064,1.6471800961163698,0.06561830766352567,0.19145687974530978,0.028154409499851592,-0.39164600038832625,0.5476682701925316,0.777549888592582,1.0686739568160226,-1.2673160705776099,0.11878377081124465,0.836703570668004,0.39577430090233245,-0.024746709642493862,0.7605361405377172,0.18829541837101288,0.22869113033471336,0.8043775479143376,0.010662529186292,-0.14106376109211657,-0.1633998702240977,0.3764890473172787,0.9496860921863663,0.34416891442148767
2013-12-01,137372,144778,4121,6.7,112534000,-0.6,3.1,-9.6,3.9,-8.2,100.5175,247351.00711514923,570884.9337233183,1775220.0459207422,234191.09257991577,1185119.3810027589,24.18,8993.8,118.8,176727,12024.394797436058,433,1002,1015631.5472856639,1005,203523.34723172983,236663.76252411475,137.8,132.3,234.719,235.759,96.414,94.961,13019.1,101.26122762254444,82.7868768161446,15.835,2858500,346000,NA,0.08499999999999999,2.895,0.12309001416327443,-0.4137495470515259,-0.2738523750790435,-1.2707581241248815,0.27891953792310953,0.22714122986912727,0.42845209007892243,0.25943038375214045,-0.2270200012261259,0.4322066489336765,-0.6862158655777971,1.2301327695702544,0.3073341501865649,-0.16877482845227842,-0.006471998353377358,0.4540961079003336,0.21110421496937615,0.9516961674622956,0.7848913358851881,1.4443878343159309,1.3530323573691545,-0.3396815340311189,0.7831438807353186,-0.30094254037205886,0.7055200043052963,-0.7819874404019597,0.02604675896821194,-0.5923943382545392,0.6678983594506804,0.4322594387236566,0.2366148897292926,0.03136152234036694,0.9113621555169948,0.5211932126129447,0.548272473027339,-0.538246352263267,-0.5778971987241941,-0.09598800734654188,0.4132745678060591,0.1252396503416199,-0.17531935786328767,-0.05143038371354302,0.14166700615199598,0.16363486942078903,0.8796560847021118,0.40490198255192467,0.7838844796658266,-0.35309487039605614,0.6161583008739319,0.48973276134401855,1.081601373043025,-0.7401275735346096,0.7511040471427571,0.300150643661069,1.193109658600821,-0.037840441134385235,-0.10590837497167277,0.8205960159738362,0.06555087941223069,0.714430302214302,1.4561398876261222,-0.2672651200863453,-0.24299201547030813,1.0633280073486326,1.1710613978551976,-0.268354094054932,0.5612095652418144,-0.599322574988971,1.1484257783668204,1.9175804513531272,0.44881732501813987,0.6543221719219963,-0.9534955542481174,0.6289996279290889,0.5935283400039583,0.2107973520446371,-0.992734081088916,0.8176010254684194,-1.0891355785934715,0.307421467474611,0.7898821097092356,-0.42081774051437604,0.6268990776864499,-0.16498425714561984,-0.1919531397290773,-0.09077792572687059,1.5712449444491041,0.29011734752086044,0.5053433142203553,1.2771723696900346,1.1849084442198392,0.5826457616232885,0.7746146832132499,-0.17064280410923924,0.45326786986510204,1.7648962048530914,-0.3086606871816427,-0.6603935053236706,0.5270634189017674,-0.06795251484286827,1.241172867699632,0.2058088246502026,-0.39152474428353057,0.35265202628937314,1.3651025089341224,0.02350541439157278,-0.13044017320735707,0.7451065097827935,-0.034931052360793934,0.7662720878464898,0.9247403084993725,0.8197069711589033,0.412954242716017,0.6990233966779704,0.3417608825951136,1.817741832372185,-0.7825122101559954,0.9514604546979148,-0.5318618462669281,-1.4030669083630203,0.21078309052161096,0.8858444868908718,0.03982250924823965,0.35465556793715236,0.943848155485214,0.761972671321457,-0.1867978238964545,1.2020359017071411,-0.24791540486686253,-0.005741384728413647,0.49165534379745,0.8768848251105987,-0.23562847232005407,1.5746840168708518,0.46875871874135555,1.0703704761378423,-0.19789550546677429,0.0920541652431136,0.41942089998147536,-0.46280436547443865,0.30398982220199927,0.4508250577179013,1.0289089166719034,-1.4022494905872007,-0.1768940504021409,1.5055895296117856,0.6666652226814113,0.3690705276428134,0.15826156678497774,-0.7411814846619805,0.6050156518444023,0.6982126859418897,0.024285163863152166,-0.10194312512666762,-0.1570542134559382,0.53628355567893915,0.8412963792961416,1.0027104491210335
2014-01-01,137561,145150,4127,6.6,112784000,11.5,13.4,-8.5,15.4,-0.9,100.1599,232407.3115697518,572978.0363094376,1783089.3839173887,232917.5895832902,1186276.3160618544,24.22,9062.4,119.1,174918,11984.59850539259,443,888,1021163.5994783364,976,202577.26623470717,239635.04254041854,138.3,132.7,235.288,235.961,96.614,95.064,13079.5,97.93611691887304,79.38887334392238,15.614,2876750,326750,NA,0.07200000000000001,2.876,0.02342423574342985,0.886503912904553,0.4258572201798899,-0.4836078952500875,0.7774851241960726,1.8162139273079012,0.8918292032159103,0.20085777723344386,-0.42009219965147443,0.5201782774749822,-0.8737564675490898,1.0275388347599197,0.15634072630955073,0.5564545993743099,0.33341894781594367,1.0700216555265363,0.2421656964605787,0.6930621060929949,0.9873565255357346,1.4728633402645934,1.6952498016209097,-0.1055811855912132,-0.04526880610832124,0.9116679824466846,0.20311343601579923,-0.569413126273002,0.33004988334765883,-0.13465219536615242,0.5755133620599714,0.7754346389795367,-0.17877029187388124,-0.39013312164682984,1.5288860462184783,0.21624675815060287,0.5300581723727269,-0.7475265079842494,-0.014386471317461739,0.14338481920040116,0.35025213053266324,0.38827859725535835,-0.2417695808707321,0.6287721702986245,1.209776066796057,-0.23907095201976,0.8228535115294136,0.30675019992793884,0.723632023785057,0.2397154570412111,0.33441734583330546,0.7463707656353081,1.4834374958937058,-0.5175496853100024,0.08661495428920021,0.2951162451498607,0.9086400710138767,-0.12033688421336386,0.12089597111126958,0.08627199826494732,0.4433478075340601,0.27768486819989074,1.595354292297189,0.09959134962817269,-0.7419045777077611,1.1514754198124992,0.35376719218168096,0.9212980271421217,0.9013370278435247,-0.3530508179422484,0.9215273320488109,2.104877541437062,0.21318972371404604,0.7654176177288321,-1.0264043953691413,1.2929116485193313,0.27596889693421767,-0.1121408957690574,-0.16957884452258684,-0.13198183180277315,-0.7073187610499171,-0.012206339637562775,1.1071541752596237,0.05746721262775986,0.9028305309675468,-0.2995856394958869,0.3630926878559145,-0.7648470712745419,-0.06948663299505078,1.0560214885145929,0.45543631652319266,1.0649421808459718,1.502598513744283,3.6849399515127566,0.41950478886159304,-0.3797436035416525,0.4854014606893595,1.922081579696196,0.2718566299049679,-0.2656245581398913,0.5767834537149358,0.0054255273435166226,1.259141166952372,0.6875895752982002,-0.12406977592387564,0.1439929586695866,1.0418457123164075,0.3593973855552451,0.09728750568962312,1.4196333476892995,0.26224016094239727,1.0370702984285731,0.7897729692614891,-0.3434289315152808,0.297971144085119,2.528826770354956,0.6468215231282087,0.8697395423583322,-0.3815653562158423,-0.1836767628825684,-0.6220169203997227,-0.11208258452589491,-0.04389810745720794,1.5291890702192548,-0.22015853673127217,0.27275765901768023,0.8538166982965102,0.8640929988009337,0.047743556415067175,0.8166922558198019,1.0553605383425615,-0.18843973126923597,0.4422826927685888,0.4509406615000052,0.44044261286733755,0.3792063763126149,0.4160989244651179,0.9952341203333119,-0.14052409483277525,0.17924371262570565,0.8158711417121283,-0.16210168356581947,-0.2138686679459472,0.22007499696109423,0.013100492850368252,-1.4313495227076145,0.11614999552946413,0.7621471197031876,-0.11715031044985953,0.3378525147015862,0.2826273132403721,0.02639074607525605,0.18384065397501764,0.5539840607118935,-0.14566790187732628,-0.2873543300646443,-0.06494008514226003,0.7769579824315367,0.8247194708003581,0.38542544326153305
2014-02-01,137712,145134,4373,6.7,112897000,11.5,7.1,1.3,2.1,0.4,100.9168,239375.1293192634,576457.6867370164,1790319.5029044866,237606.04179598595,1191320.0910407614,24.33,9116.6,119.1,176923,12039.00268984068,420,944,1021661.4938961307,1039,201739.08545416925,241523.8981998759,139.8,133.7,235.547,236.185,96.66,95.109,13148,104.30374508586799,80.89050233328408,15.993,2848750,335250,NA,0.0675,2.7125,-0.23127639307820685,0.45212718503824595,0.3907591913944792,-0.7335701607460761,0.8235714635228686,1.4139534035997907,0.9347527435519236,0.45121166747322156,-0.9150112784281081,0.667711891406358,-0.8135896814470911,-2.7715684143796815,0.12878641069818647,1.2481106272334679,0.05894297620203583,0.7992421444344503,0.2570110442551114,0.5800009601408922,0.6154456985475758,1.2447164609937094,0.9083825159142738,-0.2005548781331724,0.04665662627818122,1.0214855848849858,-0.04054083530855156,-0.7608087938638496,-0.18462655613165935,-1.0292542400510825,0.07916977711021557,0.49342415202256307,-0.21239779371366452,-0.43721492953511415,1.4170600303089333,-0.22948351347410903,0.16067707098506095,-0.4876940068437232,-0.05774447753542109,0.015950591235956144,0.141427061103008,0.3345067687588759,-0.16812535950008614,0.04644542943869983,0.96596404471273,-0.4013201702537111,0.24708716213609377,0.2844185086150393,0.160690700502278,-0.2678868794967203,0.5849603796863596,1.547533590102539,0.9612382589868669,-0.08847868323697917,-0.9009972088902839,0.5862882620720129,0.3543976783182565,-0.2819363875074334,-0.11065968610701968,-0.21532591977967916,0.3197295313880919,-0.6923277266324693,1.2917338658109059,0.3088197810198629,-0.8563354077183463,0.6822512668829127,0.3719064446061976,1.6362109651264225,0.5656236218881215,-0.8146490922015941,0.5150463766189675,1.8853340251867379,-0.6534144205798353,1.1246291894189806,-0.4848846689644506,1.3114607645265086,0.19721775414796228,-0.3617375523169282,0.2556712253515698,0.09994385764972763,-0.7892612421475407,-0.2721716815725343,1.3151293139002544,0.10839004721689666,0.6496752865594394,-0.9528669116254181,0.4474829991928789,-0.55849567046828,-0.28028710018569536,1.0621410726558582,0.2789478426764128,0.5205061753785141,1.5864737374388225,0.6836477519711603,0.12443188394450132,-0.048619326493357505,-0.07063605246932109,1.4343143961104905,-0.17162558775037298,0.18683524622132153,0.7063013252414276,0.10634020575341346,0.6748993142569444,0.483195040057428,-0.43623727494128023,-0.3532351522041989,0.7810988103068988,0.46210900484171846,0.37944726090159703,1.2540611626480254,0.4407541631009014,1.2702276361104927,0.7151655506066475,0.02146209382960644,0.25777448881222403,2.583803286826562,0.22186014029086476,0.5552725010296092,-0.4510955936137511,0.4037219383487981,-0.8787166137390133,0.6936871297105494,0.1327264049058462,1.2917118272557273,0.6813097202709123,0.6079648657024626,0.8286149099254045,-0.05018848582831252,-0.2279998063515818,0.546845260074752,1.329226202658698,-0.08273845721926008,0.6086143724373348,-0.03545000181345443,0.10566972500048634,0.23516607779579657,0.4091271122456834,0.7013550292169565,-0.18633234695744297,0.7345618096155538,0.21500448855875595,-0.09569058402691838,-0.34453712291653554,0.0657271827365705,0.18080377529520844,-1.437682315973128,-0.2767741270454918,0.8551353874699289,-0.0990612690819066,0.03624074281983002,0.40374614824836563,0.11502115679726828,-0.05586108888709482,0.03354885592430447,-0.37739321902013295,0.05459519245532711,-0.2277966281992789,0.5367744990015428,0.4598275693704952,0.10736994965912536
2014-03-01,137985,145648,4388,6.7,113005000,11.5,2.9,-3.5,12.6,-1.2,101.8942,243231.9371998141,580782.9365284304,1795364.7088479197,238479.57444610857,1198237.876362134,24.31,9163.7,119.1,178466,12107.937819552755,405,970,1023763.8795641171,1067,206121.98522956154,247309.8176935392,140.5,134.9,236.028,236.625,96.815,95.25,13219.9,104.11609771213139,79.58846332619189,16.985,2779200,321000,NA,0.0775,2.7225,-0.13234887964049788,0.7085567654237607,0.11387580802070621,-0.7447719125146248,0.947124732723136,-0.15532333179622562,1.172069853450046,0.7880993837979136,-0.8779732208598954,0.5306181052536953,-0.7928642963722867,0.10575478457197862,1.0052583245252245,1.4530939478434786,0.029513666217717862,0.4900663260890873,0.07488766617621599,3.1907494548860806,0.40765073205815516,1.8308196429214625,0.9683099371416938,0.02622681231137745,0.02676451256516629,1.7697593350387177,0.24660370986889402,-0.701181460679638,0.16966274716381993,-1.0524648066460347,0.14580670939648,0.8063082346109559,-0.31718157729414354,0.008975398376034118,0.848526678998975,-0.1278517882574577,0.6226214472752091,-0.46753910387911324,-0.304610235420885,-0.13851922858731186,0.6128436299376474,0.1676994359277152,0.241189949954445,0.29996710752077826,1.3205173310051073,-0.6133542687542971,0.3327869298961226,0.4576790745115555,1.4177478571266604,0.11571027526691896,0.07373681417645656,1.2431216530936524,0.9313065583533393,0.10691759680473789,-0.09350946186194445,2.4564061325107205,0.3608701120336787,0.35265589688189297,-0.05045467058673053,-0.42445360166467794,0.4980567344002118,-0.003238431125058042,2.039578162255414,0.5108008950141542,-0.6162675316155876,0.7356298023382198,0.13291736283148023,0.5514689770887367,0.9512438499205078,-0.7069263359052192,0.8279104129298026,1.2137165233930713,-0.3249309360297005,1.7601877278615248,-0.48453633896155934,0.23621953005133284,0.15115520296659274,-0.4267429729995976,0.5340208253265397,-0.0972255785690336,-0.763665959060293,-0.2583170643573568,2.125441679277198,0.9914367531997494,0.2732381441895763,-0.3359266825673799,0.8888217189551346,-0.07796806403032981,-0.18792881702943026,1.6893345793234096,0.07507953334856086,1.1008385003471042,0.7568875636817423,0.2956565033503957,-0.11504374857718033,0.8087517102016186,0.5568322328077903,1.369937071378221,0.8783598837123003,0.8864658296941572,0.47905650640323044,0.4240225676843244,0.6981108293352557,0.7109820434192838,-0.2929916607629241,-0.15996455882353572,0.1010770384813525,0.20862722011673426,0.30535444069960016,0.7419566943470183,0.8343009865264753,1.3235520017925206,0.025118265184172102,0.1618321640799631,0.09493901625629313,2.0908660615965498,0.1916883828990586,0.9679713194049053,0.049849214963591695,0.9865149103441722,-0.8237014053019469,0.5431663610125907,0.9504514528316451,0.990785030200371,1.0780880980669576,0.7035282722382106,0.5686348184941608,0.6343177835956226,0.06770245127163255,0.3545887620610696,1.3722689559739276,0.23615715658008674,0.6562993006905122,0.21497116216965237,0.6961805747559398,0.13397592991203622,1.3835478067690243,0.5096351168934761,-0.17907243325391353,1.4417975017996725,0.20955548281296246,-0.5645524944311192,0.3000575320498544,0.24580484707522732,0.5109054130511372,-1.417062472588281,0.549394502151211,0.407597295802325,-0.12336816158390922,-0.24254941905252714,0.4076702146810439,0.9186628257761524,0.04673973531683343,-0.12971859469752753,-0.3461269505161362,0.0766049906500261,-0.11170612972618116,0.9496668136192428,0.12847766247012393,3.501214287725452
2014-04-01,138298,145667,4566,6.2,113154000,-4.7,3.5,-9.2,16.9,-7.7,101.9928,244689.4944683308,584544.3203728335,1802057.7181825808,238090.67194572472,1207010.2178642498,24.34,9159.9,119.8,179959,12127.707837132812,403,1043,1038181.4057554106,1090,205133.67770938374,248819.9449410746,139.7,133.5,236.468,237.072,96.987,95.413,13270.2,105.2409085753761,83.85814417725571,16.695,2721000,322750,NA,0.0875,2.7075,-0.22021447026381147,0.4177275162293482,0.4720363913289257,-0.821102832478285,0.6407077091495654,-0.19473533634486592,1.1050053696716513,0.8693940611683185,-0.7938349500880477,0.9211899597432691,-0.7699250297858471,0.12421119690316912,0.8696912364840694,0.8179739466326752,-0.11175794310143174,-0.06704114651514466,-0.5138142445670523,2.061154656148155,-0.11688077974493653,1.4218413585005518,1.090636267092517,0.0388937812102387,-0.3859859054715295,1.4380867682709095,0.23321509810732688,-0.2898655040298433,0.6202413310743683,-0.5327706759312891,0.20063436374532176,0.6477040260746476,-0.35283695605999194,0.04591579201413441,0.21897146553245297,-0.14747013831831976,0.7681586529048442,-0.21479071991660148,-0.35770950297541215,-0.01739262926235481,0.1749385942128233,0.03346037817038617,0.10349314617747254,0.46223577120996767,0.7221416861892186,-0.3704241850128009,0.36063063621468916,0.3843277640361925,0.8656333651326672,0.2813813013634034,0.31015481725327443,0.6898655200643233,0.9076366526573955,0.3976212071556768,0.05608466366785209,1.443250168045071,0.527774843084866,0.3627234403099605,0.124063017344019,-0.5327524550612279,0.6795498288428663,0.23243723002563704,1.5821194647352763,0.8379984440773552,-0.583550355617258,0.46446963866794394,-0.07507343317935958,0.3644468176179191,1.2395417138864795,-0.9292993359697986,0.24353430048100366,0.7596525702643572,-0.22717998234561473,1.7380660833077086,-0.3040172330425227,-0.005175862317460751,0.11698757235557436,-0.5157668283016331,0.734174476329532,-0.41486886841023596,-0.4434437325053146,0.039322692634795195,2.0744761321009517,1.101445227957817,0.4277647712287722,0.011240548229224696,0.7821480844259967,-0.10623518477183584,-0.192080183350332,0.7508655681758446,0.027579511348865174,0.7070072709596328,0.16072957407676433,0.34625054069016653,0.5237350922511728,1.0230007937030496,0.9094045608705877,1.1620746168314355,1.181485777768959,0.7367857202847793,0.5617923683220206,-0.010805108549639597,0.9471924483077883,0.8852672861591097,-0.2585008731691349,0.6330303464238222,-0.19445912874808752,0.08398929449259082,0.9605533341378167,1.3112958981981782,1.3468451672488617,1.0771970535912914,-0.22046724907428092,0.16797572395193427,-0.08207169819734186,1.716034484469498,0.1894100143642169,0.5508902784782974,0.40763762198677717,0.7466816474958359,-0.9594167250181378,1.147215433888594,0.6833715952549704,1.12722464597057,1.0598319594523955,1.3059867121323179,0.2881884786164744,0.7314446860609267,0.4244232701212035,0.11104066519149623,1.4906127012345447,0.23184177630515335,0.7085531940969776,-0.10556649425152415,1.08638235627395,-0.1602710614159675,1.5124735559875349,0.14516767482889395,-0.32046862963752704,1.8845044934306525,-0.10159724030600288,-0.6392644325156985,0.059021443834322555,0.3907449352430602,0.11764435561750622,-1.4754426349441627,0.6426019647620907,0.6770200777243823,-0.10561689274546084,0.3418734153918604,0.23796005060601266,0.6945071698946901,0.09632112005892596,-0.3814781317768929,-0.5363826461669241,0.04421963997385406,-0.09897506128155917,0.5608591368996914,0.11305365970387385,2.2669450588074365
2014-05-01,138513,145825,4747,6.3,113369000,-4.7,19.4,-1.1,18.3,-2.1,102.3836,241344.56030551638,584905.3496247954,1805519.8208342618,238775.2581139922,1211377.603013989,24.4,9166.3,119.8,179916,12154.055194704932,451,1007,1036724.7573265256,1018,207192.19327411038,246409.0502022708,140.1,133.7,236.918,237.529,97.147,95.574,13312.9,105.18080846552131,81.76727538292948,17.137,2667400,313800,NA,0.088,2.572,-0.334606274840531,0.5213207986728067,0.7880460933408985,-1.0910097775793504,0.03969951502201758,-0.1885543235405207,1.176721843357591,0.5568865563945545,-0.8135192461750842,0.7872155329445729,-0.5690041571631584,0.05051205326596843,0.8235955190373979,0.4458720224702367,0.44575602267948183,0.04524788389772339,-0.5747386875572733,1.5451404821600239,-0.46668217097473225,1.5536963120385228,0.691263164979489,1.8062987935203647,-0.500976290140986,1.265754413919852,-0.13972462432293417,-0.7165432786530769,0.16073484771850474,-0.7047087294925547,-0.03992836065291798,0.15289017283397346,-0.45479230460827236,-0.010615363161731497,0.18598925366119723,-0.4023821464892683,0.2989571835799311,-0.2684864900443241,0.3349205692405529,-0.3547420725231493,-0.0554312604216955,0.15869809811192212,0.15542817984484672,0.10037073794428235,1.273772430459708,-0.3510006093165197,0.403697540850475,0.051221006709202384,0.3671379885160299,0.04525535644847472,0.20383221433212761,0.09952913275148063,0.8521974099737006,0.2259821268585779,-0.3042337020128849,0.7978784020477232,0.5397392192918593,0.1998383992862028,0.22441144228075535,-0.688568697248962,0.21928103446177794,0.44824712190692684,0.8176232774878361,1.1386623887899072,-0.6826535440798871,0.551711053218353,-0.2588659480448983,0.7044503948500902,0.9679090234822538,-0.8417188539516983,0.05474748102536373,1.4264076088959872,-0.6193193140511517,1.409157612534114,-0.4437150934521846,-0.05708284477973774,-0.02599600084232743,-0.3880552726289064,-0.27584997860854676,-0.4561407269708902,-0.4849348041621552,0.013129640375061792,0.910440875588667,0.3368628656888245,0.6998370563823093,-0.4472627783675726,1.0191914211808644,-0.4142055955394702,-0.3220499789453309,0.62957362363425,0.10157537656181741,0.55373847025374,0.23641363025809137,0.07311413987116974,-0.08959977350300477,0.6110816184488751,1.1684250241599023,1.7507532731953974,1.2248138755506082,0.32983056012079126,0.6779442698247312,-0.03695692251205404,0.06222082597043882,0.3740639430773986,-0.257918560132617,-0.04076881439288481,0.15992721004275437,0.0434452913969736,1.4417971647060792,1.0955299962570793,1.04195943929705,0.3663778890157052,-0.09909240605900986,-0.14592068426048135,-0.16957600076811247,1.2455928580351563,0.04122138416497222,0.38253120162080007,0.09074749626404768,0.5731502598519411,-0.6785390935360504,0.19177241132752118,0.49385303857628093,1.4441608033543518,0.992494335731046,1.1513934794008687,-0.012431759585961762,0.7333249144978246,-0.17504579594504682,0.4928524259827652,1.4029498457698906,0.04303530746784149,0.34767138691643207,0.0768248998297556,-0.07887269008201622,-0.45634574720060567,1.2302549178748532,-0.10024682355493147,-0.5010241565919332,2.2848250373535293,-0.39043211949320505,-0.14121692667312513,-0.2976961827934301,-0.33248158623354235,0.28794364780964454,-0.9296635260423465,0.5652783948571138,0.44110172342936926,-0.2584556945981338,0.1347884724375836,0.3196830024932682,0.5225101552281955,0.34134668941231067,-0.368291914680085,-0.6266844401299791,0.0629119972152268,-0.1318263953838779,0.3975047890364858,-0.13618441752663082,1.3550797407255863
2014-06-01,138849,146247,4982,6.1,113610000,-4.7,16.1,1.1,14.2,5.5,102.735,244209.43312802687,586250.2956207007,1802463.9700475102,239356.11240784347,1218786.052872405,24.46,9191.2,119.8,180122,12196.744573432183,418,911,1034851.3670529445,1010,206043.00124417755,244512.76567303835,140.5,133,237.231,237.837,97.253,95.682,13360.4,108.77813537885721,81.7619562339933,17.516,2588750,313500,NA,0.095,2.6025,-0.5324685357258292,-0.23841552861168344,1.0410845114561926,-0.7710860776806009,0.27257595361909454,0.04371946161282378,0.7160828308340862,0.04004223640047123,-0.9853444416214253,0.6512527494998279,-0.47925862654159734,0.14646823489554558,0.8850022569267226,0.458621115681808,-0.3882834791621086,-0.24662042462353165,-0.4683889064775042,1.3055526475599386,-0.5108610932296752,1.6869078186381772,0.7267165431672843,3.9699763157634416,-0.9459254135669733,1.1761715346157373,0.17128309080353055,-0.7244402159889122,-0.60833283048809494,-0.7108346262888664,-0.815043034041738,-0.2436843899528813,-0.6517755755585617,-0.3738951106789676,-0.011254754965209206,-0.7807838995943606,-0.1867638344558092,-0.21231520123412978,0.26369539531635533,-0.6954638855323111,-0.430684259890209,-0.5022999357168569,0.004965723551146973,-0.04262915374992571,0.9445634098836679,-0.4997885239722987,-0.2142481769885882,-0.17544004125732784,0.40164336384727295,-0.4461983737869481,-0.4157282231427013,0.2767786008624383,-0.15352754444971192,0.39431290568895777,-0.5654543235063995,0.14479918434799421,-0.09622781194736495,-0.029367529356148944,-0.6626059939284306,-0.7158052994279007,0.15457183609870856,0.06322593310645709,0.9279941113821972,1.0157225610359863,-0.6236116328636453,0.48718569942179757,-0.41517546977055414,0.29097932453586234,-0.20323908088944262,0.13548007389467417,-0.3202689423744819,1.0495161378591868,-0.12144365811969889,0.5487580968776606,-0.8080648702357776,-0.15698720727873747,-0.3919753084708267,-0.6304928980900334,-0.37597681991409576,-0.2005058404635639,-0.4639317950506652,-0.3396839402449513,0.1054604273765238,0.20919440248641125,0.04199609803891992,-1.1657129760616365,0.9602737641602888,-0.4267256595289834,-0.5701813807762137,0.7984525379538386,-0.4458392342551853,0.46587160120191945,0.6729230667912066,0.7377179102014633,-0.6212433205697545,0.301505788644737,1.0785305661104605,1.4499191571916552,0.9991202807891169,0.5016699773583845,0.12933618623729048,0.011621812535521869,-0.019786322327824263,0.48035050701183996,0.44031123038407505,-0.6979444899010561,-0.28789672872639466,0.18793067094985041,1.4612043736067672,0.7948149332441851,-1.794566368396396,0.0650647370236116,-1.053814190463083,-0.3260991750776778,-0.3627326687060205,0.06561716673422492,-0.23089017249620272,-0.11687517532709418,0.8666532815953202,-0.15378882457112644,0.30083799919003895,0.5404263561243375,-0.32134029764427297,0.7733286837189643,0.8649188980080296,0.4482658716374307,0.47126149979832893,1.201513331515925,-0.4188935120874073,-0.1140048617105412,1.5668818335312613,-0.303933346567008,0.14269017695912328,-0.5345237294893643,-0.24961677296364065,-0.5041972184110686,-0.031821913875308305,-0.25542950372555095,-0.6332050292468013,0.35484259528293155,-0.915982502341068,-1.0443458620353399,-0.37933459360773497,-0.33152038942808026,-0.5872240187018792,0.5993664753066702,1.0026729280989812,-7.57354851693264e-5,-0.3941962663384493,0.01596014355888231,0.18000880655157436,0.05016049504752744,0.7461277526276866,-0.2601808467914409,-0.47332852475250287,-0.05556419902348078,-0.12050304841441781,0.2695534836684627,0.02966311929131167,1.0212435710286007
2014-07-01,139072,146399,4846,6.2,113881000,-1.2,19.7,-1.1,21.4,7.8,102.9632,308153.7308375517,585871.3844195048,1811956.7639071057,244884.024191147,1284715.2200922056,24.48,9228.9,120.7,180245,12223.306054974277,402,1085,1042124.01556612,1076,206007.74198847945,244666.34493947076,140.1,133.1,237.498,238.195,97.391,95.848,13386.8,106.36506453368382,81.55701570503349,17.277,2533500,301750,NA,0.0925,2.5475,-0.6385490679231284,-0.2709366082899441,0.8703493656229302,-0.6366080773367241,0.06914345434309614,-0.2582171292744378,0.3783668870310256,0.12507340047591317,-1.6119438356399267,0.5066330513531209,-0.5689678342225768,-0.13051561949811677,0.7967973698941924,0.4796527963345169,-1.324777043777611,-0.33636028141098734,-0.6398896259188788,0.94147044340628006,-0.8407945334627409,1.2907960436142065,1.0286647181610136,1.9894619391758501,-1.4471171748059235,1.0507841427004303,-0.013295286676294203,-0.8009927306227339,-0.7867699009878518,-0.6231928815939106,-0.7422158397337586,-0.8468745986604435,-0.5059147575359578,-0.7540814509984559,-0.36033222145397137,-0.7211040500068426,-0.32990186324183296,-0.16046448916575848,-0.24515234033113964,-0.4184276966143986,-0.3904877280552434,-0.5208608159376328,-0.47490847525643615,0.15425301585826026,0.5384350506933415,-0.5528167201829025,-0.6280478358681184,-0.19324367840613213,0.44543659089150117,-0.4553993760739585,-0.6905131913868308,0.3395641539729675,0.06958059983060268,0.31382191791352787,-0.8579531368752369,0.13973974597482325,-0.18722333585135506,-0.12007696286202375,-1.2790529415851144,-0.7679975134135685,0.020675427577780382,-0.05801355342172025,0.4619061311502332,0.3299336272752375,-0.47043591001232543,0.31405916874056145,-0.7018323142998698,0.1711363386833534,-0.9729565572372361,0.5643124045791509,-0.525959245827131,0.049122420068986546,0.30411482349890645,0.08561937197450128,-0.8995069177870552,-0.10730238680550627,-0.4965613452853636,-0.67621885680730065,-0.37004692698834285,-0.03386186070885691,-1.4309563000765915,-0.4106587192513616,-0.2611956533520972,-0.4410746051478672,-0.46675384064070324,-1.1151624201677535,0.5278419690069003,-0.3741800015635428,-1.1341518045885148,0.4813429614454978,-0.4755243460420906,0.3682323401344464,0.45854524982446626,0.3789897156343751,-0.7315447084161402,0.7986186538145917,0.2190657510457314,-0.07582745267909363,0.7484380529206125,0.24817018560472578,-0.4479413531199937,0.23547418831683536,-0.5811001799417607,1.243822230945208,0.27298584912092916,-0.5396034632321938,0.014995703627485571,0.34005573804983774,1.1893341055375346,0.5029517846126581,-0.7594222899459185,0.16570311242713048,-1.254554269828326,-0.6122789438210231,-0.6261058992621963,-0.4395181914160675,-0.36117089687318565,-0.2246240974717936,0.6313189367592159,-0.306319380292163,4.978550505799341,0.08221656363680412,-0.6278275361497315,0.08363056366064171,0.6492691748612175,-0.5917778593424136,0.6821141805441617,1.0262777373932483,-0.22086136342273488,-0.5370279088557941,1.0504567187725211,-0.5653974626394699,-0.20481043840606455,-0.4737488804344484,-0.5114120304335218,-0.4522738595400832,-0.13338089760870436,-0.4013237918740182,-0.800587750377782,0.12047711300470605,-1.3912778236121495,-0.9920471689829113,-0.5057785233496684,-0.6790177441778383,-1.19630977646283,1.360429156037087,0.934885280609469,-0.1587296014691519,-0.4403597022613215,-0.46051382466707597,0.09704561705359155,-0.15835503975158693,0.8573041444218076,-0.21980015714960474,-0.7138405453135647,-0.016724324877144692,-0.11114238493756912,-0.20178957164660175,-0.01439764675026603,0.8306774717349238
2014-08-01,139269,146530,5349,6.1,114188000,-1.2,15.7,-5.7,22.6,2.3,102.7688,242762.8133375779,590189.876667454,1815226.6562741864,243064.7264810688,1288576.5924891403,24.54,9285.6,120.7,181664,12306.246726706991,456,984,1042417.7697450168,1047,207576.5822199858,243962.2505879091,139,132.4,237.46,238.405,97.379,95.885,13445.9,99.13841793405149,83.22177264947794,17.239,2504800,302000,NA,0.09,2.438,-0.5014622585206023,-0.07112158469672569,1.4454592066677165,-0.4073045222814966,-0.0826865316503368,-0.05641704665692175,0.10602538601815312,0.14287711661387245,-0.5873607284399199,1.2587868882457054,-0.679347376100435,-0.02850748260696001,1.0274803808586384,0.25755112417812626,-0.9417067031723398,-0.2746758809787865,-0.8705346186164912,1.2231729657476977,-0.7569850428731907,1.8016009169054485,0.7963986699768653,1.058346384035774,-1.1291924364808932,0.12475455774234927,0.0746400588101051,-0.8205966402930032,-0.585422655735364,-0.18970878241491876,-0.34987091727334146,-0.4944220094982588,-0.6392035217272645,-0.6379087376464012,-0.281657825181249,-0.6769359580824087,-0.13993991711570672,-0.3308373257973683,-0.49538964159767507,-0.1708065705268385,-0.4880731061242785,-0.10861917682181488,-0.31369049843678126,0.19028412670336842,1.3035779182625957,-0.5317361578115498,-0.21967112898366603,0.00647167756425036,-0.07435090739368572,-0.5640730862956024,-0.8307474873099301,0.6281282743762091,0.2905272212099279,0.04741135439041399,-0.44839711786495523,-0.06671264613043146,-0.33326762870806953,-0.012840400320525094,-0.4744188001366097,-0.4511235138775646,0.25566696436467906,-0.2052552767756755,0.5396087197395436,0.34983353091317326,-0.622303459565772,0.5041792052588563,-0.6290763790580094,0.47259729743312784,-0.26354215612470533,0.2736706824543304,-0.25415784515205814,0.37224758555298015,-0.2786775597485029,0.5299403117610533,-0.7268004231796207,-0.056153476573301574,-0.35630989574815125,-0.6634047428458919,-0.4640313027394052,-0.40244716698364924,-0.931255028610317,-0.34736267258248,-0.11582668076399215,0.3758879583188768,0.050400142547958125,-0.7033503056455541,0.7049548273714148,-0.3926569007225423,-0.9651799049894998,0.595258175078121,-0.31510329243198004,0.4596017512299628,0.44037274066956855,0.025895997698294822,-0.3368160377130233,0.5017624035405854,0.5857077561429831,0.10067539995179657,0.6343519578636835,-0.2659540084688374,-0.6769354000925817,0.2397247580652915,-0.38732628443828143,0.9141275785096783,-0.6124375659112877,-0.16257742852711343,-0.0947743548387106,0.3387367535938382,0.8156808578367983,0.3871519057872703,-0.5223033653485187,0.3042498095728445,-0.7820103398802423,-0.5330204977738422,-0.7171839935299347,-0.784692397849809,-0.5896926296991788,-0.5439652233568235,0.649645357205554,-0.41943393724296485,1.020759582550107,0.09949472295629877,-0.39648870222739663,0.6483939381228582,0.9247999335367132,-0.6048956155112355,1.2403819139219487,1.1682871806770896,-0.25604395430251553,0.2639854752475328,1.227053460728161,-0.6125012765825246,-0.03251890479323583,-0.4528979311862647,-0.030114081233354725,-0.11091710590168533,0.06216206417757911,-0.44594038598859176,-0.7914555906316304,1.246222137219518,-1.1489234463315632,-0.2576266909997445,-0.6139824421382994,-0.4177000742941624,-1.46889462834711,1.236465373523512,0.5356500429990615,-0.3030445486776032,-0.48885741895591933,-0.8525404932648888,-0.34452600550644125,-0.327978057957082,0.8180936977050086,-0.283160944584296,-0.8424642346387237,-0.018646553266395607,-0.13106887040213014,-0.05708341613387444,-0.11888801348269926,0.7598690906501858
2014-09-01,139563,146778,4914,5.9,114391000,-1.2,28.8,-5.4,21.8,1.6,103.0641,242382.4335560962,591612.0025047992,1820340.3765466593,242883.39338691963,1291554.5153110982,24.56,9327.3,120.7,181150,12309.855974048638,470,1023,1049028.3637707492,1077,204726.2685678503,245841.93074846276,137.9,131.9,237.477,238.786,97.413,96.013,13486.3,95.68538080133041,85.10475876058904,16.959,2447750,295000,NA,0.0875,2.535,-0.4850062027224066,-0.04611479106309067,3.0069561396639006,-0.5433409819413345,0.4666069090733228,-0.6765985463604319,0.1610162452125858,0.4072634876799089,-0.7302022433510283,1.2800359074926888,-0.6204283440541308,-0.7339363263358603,0.6918694470493076,1.0501169818645164,-0.5176180700289235,-0.12199847496251297,-0.706549452524777,0.9100239268864294,-0.612737990674871,1.4003977939648191,0.6209700114272991,2.1725414222477477,-0.4767712635010053,1.01317219034108,0.10964765500303358,-0.7881637432925326,-0.8356597944065032,-1.4711978841353566,-0.15948271957398347,0.20447941757993107,-0.7625477528752501,-0.6606671691486322,-0.5638155036716016,-0.6857251851967402,0.2638680699341237,-0.5647256764797092,-0.7883947989114889,-0.6915986579436757,-0.3031037179233781,0.4279663565662986,0.07253147372854968,-0.22573060641501083,0.7379785724437443,-0.775873642419616,-0.16744180058822297,-0.21668839253321046,-0.1453976440844023,-0.4861686529588736,-0.753707773868734,0.37667729802211497,0.5172705128831602,-0.7173555946031761,-0.766645397116078,-0.28900753442336025,-0.47212689872913605,0.21529334817467624,-0.14829882843159795,-0.7203599885089694,0.27428402502478494,-0.060610865626575236,0.6296068873565487,0.6413991523265825,-0.5586054311385421,0.3020355439729664,-0.5742276941423952,0.5684782747248835,0.037347440634604906,-0.7756431404371219,0.4979484682085392,1.1616588909682564,-0.057064205779608766,0.71805443643036,0.9234286922174307,-0.20500105918676706,-0.5008467764395994,-0.6942854029269104,-0.6950456833964663,-0.6295541448589891,-0.5384388300839729,-0.35267453649992003,0.0357651749552896,0.37796165500761025,-0.7586839632585758,-0.38651510650635557,0.46348461850768025,-0.7107489380456297,-0.7386531572752194,1.1028441214154148,-0.59759636946140815,0.19268781259028858,0.45568575605349776,0.05688157416019358,-0.28433195639079994,0.5009040688054289,1.0345264138841879,0.5098955197799796,0.8997339896621304,-0.05491532792864352,-0.35365914418913486,-0.4065704419911687,-0.562365961686221,0.9518862906910494,-0.009109949151747208,-0.38888155511827416,-0.10743923552666651,0.2567449341023763,0.4476628070626272,0.5924418192412074,-0.42084854783793957,0.322047791877818,-0.8688554951496064,-0.5440142140320616,-0.7013225392252377,-1.0120924162251737,-0.28704846559694935,0.421950459306633,0.7090463222282192,-0.08789451306139917,-0.12797655566590332,0.26850735344461757,0.2925978201318835,1.8553426937479078,1.5786085065769462,1.1918887810523204,0.6918708505111737,0.7883178404272134,-0.09858432590496989,0.5800318403574318,1.1126542477358896,-0.6259392124462696,-0.4132315050278707,-0.8656229471801735,-0.492432944521535,-0.30599396253831834,0.8502541970881108,-0.44764155320214793,-0.8094520356240297,0.8220037522176551,-0.5055189036343687,-0.8398407319712443,-1.1454998713410618,-0.5473217109201728,-0.08127516450456025,1.0218469584210572,0.42507609609041613,-0.3189422351865312,-0.5772790535618905,-1.0341097170603621,-0.8971583279073365,-0.4820042847081234,0.46658671124272805,-0.38410658617036864,-0.8409279945089538,-0.0791999567633555,-0.14959553162337244,0.05354863448742826,0.007291910756020981,0.4543941071290556
2014-10-01,139798,147427,5012,5.7,114641000,5.9,6.1,-5.7,18,-0.4,103.0764,239332.94997124784,595526.9859525178,1831899.4309524463,242619.93756674606,1292729.811878748,24.59,9375.3,121.3,181908,12388.790766450342,476,1074,1074511.2133410007,1094,206624.291464717,246652.42750349134,136,130.7,237.43,239.191,97.384,96.096,13550.7,86.6672143267888,88.32168584392238,16.756,2423250,288750,NA,0.09,2.318,-0.5581733783097774,-0.2987309669448688,0.6827081889655952,-0.16575572760467716,1.3342422946626864,-0.7394913764501144,0.6329911916693788,0.7745391037766929,-0.20936070844029345,1.0392653289851685,-0.366532916944161,0.3295589311649606,0.6236266370014706,0.7290518493611756,0.011948320157358121,-0.5047841081347926,-0.39104023987686326,0.7956599814471839,-0.3691427528658899,0.5749258266055766,0.36753807041384934,1.9101207470398227,-0.06304778275644084,1.0355293379670323,-0.058591795177352524,-0.8955090693483302,-0.6358316907102924,-1.5185611522446203,0.12515134665329045,0.9614959533683953,-0.6899120411449674,-0.8855819774998424,-0.5770665046991753,-0.6726105631819479,0.5017598598916908,0.3046955913126002,-0.4048414663250174,-0.764469434705363,-0.3765818603150337,0.5473175594715594,-0.04963028936685067,0.06101136498420223,0.3349926657747504,-0.8160610395715713,-0.40848832334908614,-0.022116089338740094,0.11963597644531006,-0.300191057132645,-0.5918581763540971,0.296895447547212,-0.1460903592398024,-0.6847897874562122,-0.49955874011629614,-0.17359378226330036,-0.45411174397143816,0.4708915584743508,-0.10360899905080212,-0.7074439755880224,0.2947519495771751,-0.43659358866500153,0.5018492743058661,1.26355492578351,-0.5509248118602217,0.060927945305806176,-0.3159392953947727,0.3487929800207822,-0.6711445072785845,-1.1369395186322837,-0.02808402584536741,1.3353559534327402,0.8901445471836281,0.8357689521362691,0.23213135555907924,-0.5955160889874496,-0.40828532284745617,-0.6816754217884942,-0.38385733527885446,-0.5658003611414518,-0.6944574112838892,-0.23755474491864623,0.20609696448766082,0.32341438685937396,-0.27286944466418167,-0.48148477369046894,0.6538587839074274,-1.0851939065537894,-0.5544977050170545,1.4335580410687037,-0.6103140979345878,0.09508266719454121,0.26375831863166177,0.2760072486318609,-1.1864376903967337,0.4795175038834808,0.6903673210163085,1.1337735956071207,0.7372207304347979,0.26901491910776687,-0.4799098348732834,0.39818356349815903,-0.5599023021424124,0.4809036176559362,0.5254386753244972,-0.6223777618294232,-0.045958904372097334,-0.11814670508012848,0.10104569982186704,0.44033856647613095,-0.30621727143914335,0.33406351669950546,-0.6804892748771797,-0.9841186701987115,-0.5930587187694437,-1.0810701366508269,-0.27876308297292607,0.10110658813026743,0.5858600932157589,0.907352556906638,-0.35072681124738175,0.6028305061862311,0.6889236890463287,2.0972544700674334,1.6266280791054062,1.6914150180222245,0.455521820200322,0.3856551787835402,-0.09688424750153529,-0.09737729686703273,0.8745764191522215,-0.453628160375235,-0.11185500430298514,-0.572348546320955,-0.22703437475406088,-0.6702594631738662,1.2678488066015414,-0.5844933423750133,-0.7842912104600606,-0.11869826607062417,-0.9619498562442461,-1.140303287124999,-0.5472418501826155,-0.3635916036094902,0.7767532477280069,0.8763512560896354,0.3223467535214558,-0.5956348977260243,-0.6746888543356017,-1.380740662092537,-2.185152007760549,-0.5841185432994427,0.5698821417698117,-0.8461636611501082,-0.7228682984305206,-0.5891757046913605,-0.20817732787590393,0.5242987660448911,-0.22636263171980303,0.33381040711210563
2014-11-01,140089,147404,4843,5.8,114817000,5.9,11.7,-9.6,35.9,2.8,103.7126,235095.74369674484,600685.5721495308,1834954.2696707784,238107.32750203,1294806.302741261,24.66,9439.6,121.3,182761,12420.367762691309,442,1001,1073987.3164013117,1059,204271.7209197151,243455.20140609102,133.5,129.5,236.983,239.458,97.291,96.181,13624.4,77.90031965957797,90.15267542725572,16.949,2408800,291600,NA,0.095,2.325,-0.5398388324310216,-0.8401956576379959,0.25596199193379826,0.04573418874413334,1.339610967060339,-0.552157615483912,0.5800374087306882,0.8347723709124653,-0.6389060516347405,1.5977697991028499,-0.3393724046106217,0.9312264569423233,0.9277198271422037,0.5588754305283531,0.15408578989014143,-0.8693034399269494,-0.5349649228532998,0.6047378779887195,-0.5863857093562851,0.5770974495512943,0.18085910635595748,2.2745419458959892,-0.15549763490484989,1.261866077112488,-0.019747594649720843,-0.7569000369034276,-0.833471639479004,-1.0807496212580996,0.4201100086264773,0.38321533544762515,-0.817406142854132,-0.48615481215920753,-0.91275818630893,-0.7560972804484156,1.390337690942821,0.7481425759131775,-0.5925232412998609,-0.5288878033014441,-0.46105248215949474,-0.6395796645705536,-0.2424446892721642,-0.2394884547362482,0.6276364893933551,-1.1054486085786908,-0.593300127922732,-0.02492986581347421,0.03610166586606124,-0.644000066762173,-0.5334828213133269,0.7131229489356128,0.27729092101558805,-0.5228077844495959,-0.39440972543622543,-0.6609835278986074,-0.3844372642429878,0.5768897797507733,-7.987109605149886e-4,-0.6040599191229278,0.40302187366562114,-0.34309235270170885,0.9840661528963036,0.8532687716218876,-0.5601162795351199,0.23070332852085634,-0.4242301884356755,0.5561020420971158,-0.5505846567579968,-0.8920076010232125,-0.07480360569529912,1.0284978764296244,-0.3486626533877127,0.6136819429787459,-0.49511892457295925,-0.8045618004795895,-0.62132170020981,-0.4191061157440589,-0.6126655572682381,-0.5133531551546212,-0.9218518142624956,-0.2730967674191968,0.08227175105327139,0.24082345307875117,-0.4295223778196778,1.7427104884694633,0.7577172328229803,-1.0092210543478521,0.016397527665739504,1.2467610346237312,-0.5856034272375716,0.06127383062575552,0.2436875944043424,-0.0625539462506038,-0.4615759896051602,0.7228881499701334,0.8644864796506121,0.871548577033227,1.0043113428083568,0.2938631463701281,-0.3493672811112572,0.86246343805634,-0.7514050892907999,0.2651812239161761,0.5518288861527006,-0.8935022889336693,0.3258212867030179,-0.162229260745299,-0.2672414036767334,0.1566497741222878,-0.32161666260864524,0.8138191981314651,-0.5987401921828143,-0.9039127792290164,-0.6079273176478961,-0.8516355731473225,-0.3671883147109425,-0.4307136091516358,0.7415316740973411,1.4264239551672113,-0.4167902227351622,0.308190128134279,0.31703664136612575,1.691431087658961,1.5225146492125832,1.787504472029299,0.5852084900739128,1.1148514073018,-0.3349026884184818,0.32041869550201774,0.6186227859313216,-0.4197467827054017,0.1178309059483273,-0.7126855780130616,0.18028513543342664,-0.9865589415613302,1.0424521470021404,-0.6731750050467576,-0.8587677747691429,-0.07684398221177445,-1.0648791945740372,-1.665286478161083,-1.0598627173489208,-0.6780091838639737,0.14210895633417842,0.8679702458476476,0.6449260783060986,-0.519870973490644,-0.9459215473935496,-1.1303441046230853,-0.9301881113191947,-0.6807657014518981,0.9596108767225128,-0.25278633859496547,-0.8592971647136061,-0.35765322606354155,-0.2489518414517366,0.4616448340396149,-0.2533105597012412,0.04419245519055775
2014-12-01,140364,147615,5130,5.6,115000000,5.9,-2.5,-14.6,21.6,-1,103.7044,231779.24217462933,602845.9637561779,1828638.4422096629,243920.92257001647,1289056.8369028005,24.63,9485.8,121.3,182056,12454.798187808896,497,1073,1087756.3838550246,1072,204165.9802306425,246761.73805601316,130.1,128.3,236.252,239.584,97.12,96.249,13719.1,61.0481878088962,93.88687681614459,17.178,2380000,284500,NA,0.12,2.21,-0.9918371596542919,-0.8275656588440206,0.0564199580999094,-0.23857474023060646,1.612546322533858,-0.5885048672855372,0.3409162836647977,0.6239116067854442,-0.8469810201294442,1.562489730404761,-0.5466167704027752,0.23370584651287943,0.857477196518035,-0.019459329320290118,0.12791014929099032,-1.2878373778446959,-1.2897017778188562,0.24139051781852394,-0.9156262329256626,-0.37630712343658573,0.1858934946736561,0.39414408557241287,-0.07411821799518922,0.9059299680964272,-0.22215131076193462,-0.6948338438034312,-0.8859816239891295,-1.4476778173364564,0.6313470949742597,-0.28717898026036093,-1.0476527966332414,-0.4595663294525491,-0.9496109770746738,-0.9458217511788686,0.6226399991812017,1.832642349131745,-0.6028451302305972,-0.7447486934045464,-0.8683842230679221,-0.6768758192289125,-0.5186278828556755,-0.8509805290521465,-0.013968585407277394,-1.5325137167209446,-0.9997804525312464,-0.253130754183114,-0.20379578385272198,-0.9507709144781584,-0.6471047026050271,0.009485319813112174,-0.4934455107205359,-0.6720601770899176,-0.8337205310799901,-0.7305407137470359,-0.6161626314596715,0.5432913910439219,-0.7381840717017732,-0.5311365700827968,0.38425268527535267,-0.696834582445599,1.1915985454387135,-0.49464795738968514,0.1549884192385221,-0.6075280163566844,-0.8822103863711419,-0.12948219340906947,0.3426439572156239,-1.2639280642761832,-0.7743166874420677,-0.5355807704953863,-0.7855704680305388,0.5335977650776716,-0.6270851850023876,-0.7570492972575866,-0.9570160644497746,-0.8216599823640122,-1.1705160958328726,-0.6431491413919208,-0.554582029451405,-0.6455122419823894,-0.17040488929915643,-0.5244194256814854,-1.430439291576119,2.345931377383763,0.4099369102200794,-0.7007130724381,-0.7726763044300997,1.1642950871008224,-0.8104102439485119,0.10893296944271455,0.38244688430312257,-0.6781954547795558,-0.27137099778295104,0.010765122084303257,0.2084749486779812,-0.1805467855954715,0.6566872591054527,-0.26971616662100534,0.4092702093359696,0.7371193459929372,-0.9434268970164876,0.40124809412468354,0.6093954021746018,-0.9294850048204889,0.1772955236056448,-0.5299595430851767,-0.87868703436179,0.2642832347722898,-0.3243421216653534,-0.2095534622523195,-0.7933893274934808,-0.9333929025645412,-1.0776492086424647,-0.6819018474252306,-0.2987303682359106,-0.8775370000742476,0.25231424183894197,1.158532448688778,-0.7505522222345941,-0.8672014076137761,-0.7298916478900263,0.48572680073815516,1.019777963958784,1.0075611813916432,0.42378025618447884,1.028025362562245,-0.5543208188696334,-0.44052571478617525,0.10163465549489195,0.4598344380794346,-0.34194818245560815,-1.0464441996400495,0.010431726675097893,-0.7033139431259449,-0.14710270605744033,-1.0449569675675578,-1.0257095517147767,-0.6878787383473486,-1.0634307190241643,-1.4988296218626909,-0.996349641601822,-0.5697516444080688,-0.20680582529373306,1.132128141724904,2.1972780918387693,-0.6426411403084541,-1.0625740822444003,-1.2479910421998406,-0.10442348110835313,-1.0141012736054247,1.0648423269763185,-0.5396627577548191,-1.0795516151186677,-1.2766523449726188,-0.34605610215925425,0.3692687115787456,-0.40788082362999967,-0.4862635973506663
2015-01-01,140568,148145,5344,5.7,115272000,2.4,13.4,-5.3,13.4,-7.9,102.8905,233553.70703747388,606508.7839096158,1840543.5650650219,238686.44856912288,1293991.9713617647,24.74,9529.1,122.1,182413,12484.428994144062,515,1085,1097979.3904028805,1049,200923.9141680634,239437.58147619347,126,126.1,234.747,239.811,96.654,96.214,13797.7,48.85467750946676,96.28887334392238,16.91,2349800,287600,NA,0.11599999999999999,1.9320000000000002,-1.0116731996454118,-0.43944947952243196,0.09660742239768086,-0.6588361840814191,1.6559020256495107,-1.064443655191577,0.07662677702638951,0.44519829429745356,-0.8778526896612119,1.1728155164613696,-0.6322056858028405,-0.2345612581447637,0.4929942006998592,-0.037505524058413536,-0.17767148005266628,-1.5299007317146407,-1.6281672547022368,-0.15741249841438723,-1.4764609005704077,-1.10371385285134,0.1710937041690645,-0.12777430487690056,-0.6320992582154467,0.7350653706768686,0.07555514698817614,-1.0390739926972252,-0.817458998955459,-1.5877101312608155,0.4699098174434247,-1.1438439995639447,-1.0847145448309112,-1.0748860651392012,-1.1270393846445659,-1.321284157887139,-0.2709988278030222,2.278475166433274,-0.7922478928442805,-0.4571136091994455,-1.418353358591696,-1.1702047971213148,-0.5877560947141497,-1.272241254073986,0.13589893426314234,-1.5123393812016934,-1.9563416162653908,-0.6118066669059808,-1.3234286288062223,-1.0802066739328542,-0.809253991029994,-0.9418330878311391,-0.7751075573491191,-0.2513932269836509,-1.0010541032435165,-0.8391025822440057,-0.799602045185254,-0.08136802563487723,-0.8540222661881669,-1.643655961556444,-0.23425267795904312,-1.241282170633526,1.1515508985675689,-0.2029579792038905,-0.9988016855791035,-1.2945894197466907,-1.3601270720962122,0.10939324339894303,0.2487595795324338,-0.9694035898903146,-1.638510398833689,-1.6056076792266962,-1.0853660379102272,0.3532020115760237,-0.9265417848895762,-0.7915135876570445,-1.2814329274306742,-1.1414558865155469,-0.5527587501558522,-1.2443687286636325,-1.1939130475793167,-0.40792830544676817,-0.20845902836462493,-0.9204915651257269,-1.578181306602809,-0.04861483465597686,0.5373182416273278,-1.26300271464954,-1.6345486838378631,1.1363469401596498,-0.9711358853920496,-0.1503943465991455,0.007772381501047281,-1.331844226135992,-0.5163108279593841,0.19086713488133444,0.051843542140238175,-0.06923590138554396,0.2933174068598593,-0.22185694075951615,-0.5737129127808898,0.7279892644406634,-1.7916103586050043,0.5776837797050727,0.7816924722318864,-0.9606817017313715,0.07228134754054796,-0.4881715552850531,-0.4169831838177756,-0.3505574703056151,-0.3439549814755094,0.3101882493763216,-0.7789302303663073,-1.1873594307707611,-1.2925100515779293,-1.1391275931839218,-0.709644434792059,-1.1630238613904273,0.34323909360002275,0.5111072676278089,-1.0797794839249342,-0.020703349214328832,-1.8486513499300379,-0.4179992588849908,0.6164667949640495,0.5876821257204408,0.5014984233314332,0.8121907973308823,-0.7489303968257985,-1.0158665856434879,1.120740709033788,1.7478828002146594,-0.37249104627887347,-1.272662578042576,0.1058977516537479,-0.9420677084918775,-0.34789867321303264,-1.1907894720226229,-1.3287667552442628,-1.2969913586173023,-1.2398988992520208,-1.7624823177929516,-1.234174415619863,-1.2621705249335304,-0.6977955638004605,2.154502931903009,2.5069796731331015,-1.0697440355095453,-1.2966845427070672,-1.2417209109418734,-0.13853418023935407,-0.5800348132106912,0.5674217770763965,-0.8819467172139698,-1.1079507353424443,-1.0932991132364267,-0.22916734955735574,0.11905152781252767,-0.3402510187597082,-0.16061467042263383
2015-02-01,140827,148045,5466,5.5,115525000,2.4,10.5,1.1,10.7,-2.5,102.2335,224447.19855409244,608798.3475342112,1840604.0087864464,237433.51407177898,1282972.3728375935,24.79,9570.8,122.1,181489,12513.916860315001,540,886,1108076.4265427317,1127,198177.12367673637,231791.37619416474,125.5,125.9,235.342,240.172,96.825,96.324,13848,52.23857474825716,94.69050233328409,16.891,2340250,301250,NA,0.1125,1.9825,-0.9639955241042627,0.10904160403752758,0.3225219322767781,-0.6404321587946403,1.5360156611065574,-0.6400768809371716,0.18452318452237287,0.8034328839563025,-0.7144364522308244,2.5902213875682216,-0.31201643190995676,-1.9766039921048228,0.9647587761413233,0.5407340209356651,-0.21462826754751557,-1.4328360695049045,-0.8796252234477504,-0.287201732860124,-1.2015878312595762,-0.6019624907399767,0.10304160114557502,-0.04260298924248712,-0.6888661868047312,0.8547866550715927,0.16233724987499418,-1.0285805705465239,-0.893535679187525,-1.6825380963575727,0.4568370596743304,-1.0292514534043036,-0.7035187162696589,-1.1852653363311094,-1.08570497700794,-1.08474833769045,-0.28836122075609805,0.5631112566065472,-0.612122852510422,-0.3745844254281218,-0.6743329874312957,-1.0515898966001413,-0.730573073129698,-1.2418040039872058,0.3809056418532844,-1.3624168194214197,-1.7183005010554946,-0.5323900327347105,-1.1133200655035007,-1.5361552187003387,-0.8964970252579503,-0.5500647165429492,-0.6204309501711643,0.05400201832110348,0.007275714832595105,-0.36996267136592886,-0.47764841593828605,0.15191931009409926,-0.7284760125239097,-1.3543818065891273,-0.04229723985527345,-0.7975650822514307,1.734738548886185,0.7844948906238747,-1.0711602270586433,-0.5674013646336775,-1.166800560025044,0.32806819036920526,0.47513542454322627,-1.3972406311447687,-1.2637191347431538,-0.5024166323576108,-0.7368155544396359,0.6453043335775983,-0.5883097259291056,-1.3805005223184457,-1.2231687204309465,-1.1707546724889109,-0.031276372542231194,-1.4493134508961907,-1.1040960378466391,-0.1242370666369504,0.19321176935939322,-0.43486332628914603,-0.7580236518556032,-0.3372953669841356,0.6582914224892564,-0.7473969270879267,-1.4261364855169405,1.417626782098166,-0.9704689267448909,-0.41268215118250473,-0.20763892810383897,-0.4172468584207785,-1.093691545642926,0.40449533471993604,0.34977095911654027,0.1542653975776038,0.7158490867438303,0.30045953368676476,-0.5352921335735049,0.9077265796854918,-0.769595035585662,0.9437731396778952,0.5824106294193705,1.121025684606854,-0.5548419221210408,-0.43463306117546174,0.3727144580072866,-0.7098321131411892,-0.31347568041938156,0.48533004389776846,-0.8512591262667479,-1.0650551935805594,-0.8729928458047118,-0.8452226908512959,-0.2772637023477602,-0.6278694889384203,1.115853613307096,1.6646024377719304,-0.8992425996713069,0.4592181360045917,0.013882551596853823,0.38800142898243206,1.118882897518249,1.6658835569955277,0.7757907211718601,0.28532917644783407,-0.41405841325572224,-0.19663644090701474,1.4584151336825035,1.7957878632997266,-0.302037638361141,-1.248517853793004,-0.12197268782040896,-1.1317889946333246,0.25390176967328637,-1.3025859570790854,-1.0625838456348258,-0.7244447582557569,-1.367016435937346,-1.6022957985707325,-1.2424418464142617,-1.2383562572745292,-0.23115568923084187,2.19642316125547,0.915878608579776,-0.9839262109234561,-1.219019373841319,-0.9582924354297908,-0.18620572767662955,-0.7919394766566852,0.5704351645474891,-0.9431886507738977,-0.7452728713380578,-0.5918831622867836,-0.26474929588822615,0.8696587888334713,-0.2582215035565422,-0.34989997995933525
2015-03-01,140923,148128,5210,5.4,115731000,2.4,4.5,-2.1,7.2,-12.3,101.8914,237234.0425531915,610066.180108857,1840157.8662286752,242710.9104403761,1279016.163615372,24.85,9591.7,122.1,183767,12551.645225136072,480,960,1120266.3697839354,1072,198089.84825993734,246893.03974929903,125.3,125.9,235.976,240.755,97.008,96.47,13811.3,49.294903513112324,92.58846332619189,17.896,2326500,284000,NA,0.11499999999999999,2.0525,-0.9368405904671658,-0.4455804936333517,-0.4288827520491327,-0.4026866674470173,1.0093653773513878,0.7764536338052219,0.30488622355333217,0.805186585091377,-1.4507720403726925,0.46029345968240765,-0.2643054839742121,0.14737452617503957,1.263831831445675,0.46897843742516154,-0.2971692508890648,-1.316370169465702,-0.6472073162481913,-0.6150736303361578,-1.0314517749790584,-0.5354744386398202,0.10204028408206643,-0.05947610585396707,-1.039480217060406,1.1481294270523916,0.16324911356943317,-1.0357270607799944,-1.3451635086230223,-1.7753068819081093,0.17737090917400217,-0.5004502365628891,-1.1427951965184884,-1.247059040362194,-1.3670009463568822,-1.1303432556486925,-0.580332282546116,-0.5359579730808125,-0.6384760643648528,-0.2155730683182954,-1.2060470913454062,-0.9046067969857603,-0.6441198495128398,-1.278533611261493,0.767228164043986,-1.2768119115376784,-1.0471567568809468,-0.17663371512601625,-0.8570005258405702,-1.6570339336151612,-0.9908004076696972,-0.40094279738028576,-0.4491001109455506,0.058520094866852314,-0.6437714171238689,-0.2888837223167676,-0.6507947501716006,0.3810387139217724,-0.6529328333808188,-1.1136497728846868,0.1622816568143355,-1.1337653113091246,0.9215024957689371,1.0380509065377612,-1.4747526200937608,-0.7653725772140884,-1.0283036242574939,0.15582359166983065,0.016221816139177246,-1.3678911618164793,-0.7558072004174252,-0.511438740200391,-0.7326916301701831,0.8752211403764659,-0.6092385737894495,-1.5170430153991563,-1.0891462643804761,-1.3821639920823336,-0.1795045774075106,-1.33906017226667,-0.943363283875644,-0.3636248720564623,-0.3311275215389355,-0.24296702883814644,-1.2620458075947851,-0.4388401040657731,0.7906028658369937,-1.0349473036189845,-1.3765447775350197,1.0526408832949774,-0.8026341543960727,-0.4679486050194602,-0.1591565460447198,-0.498815556003557,-1.1130319106301296,0.5455023181447786,0.3547800107093313,0.23250183416383746,0.6812383949952352,0.5877604983302623,-0.41774619362349286,-0.06414188083226804,-1.5916753479021435,1.1535632933252178,0.6399984541496174,-0.2153276335147425,-0.5998522577409148,-1.3065339332067183,1.121184603179977,-0.07289973137584106,-0.2915080111509834,0.29894456243617984,-1.1431346904009259,-1.114668308415961,-1.1569041372715823,-0.7642621794871862,-0.4962000861562348,-0.48261644909083273,1.3197240953754295,2.420521702853667,-0.7069827607990792,0.6441211119173919,-0.6238479126179506,0.2622522351931015,0.9886351859779838,0.9870818163168573,0.15789227182650198,0.24692703915542874,-0.8960953222732692,-0.9026520384699172,1.4311025142028964,1.6400271181797823,-0.30614208293423517,-0.6340453387786082,-0.07112110646379834,-1.1761168579017751,0.28200770590472046,-1.3012102922356115,-0.9191572263790415,-0.3300349430682503,-1.8482017220205817,-0.7859384765168285,-1.476360918970556,-1.258115664544889,-0.15154966873304282,2.204134557346481,0.8156744692347222,-1.027115019641134,-1.143891229901403,-1.0544769748020237,-0.1663556204511445,-0.7824837789646072,0.3614557419316321,-0.956167204748041,-0.7615275439749917,-0.3018969222004557,-0.19476587961093805,0.9107704818665209,-0.22773591204204408,-0.8177060935632452
2015-04-01,141196,148511,5598,5.4,115931000,1.6,-0.7,-4.3,9.6,4.2,101.3355,232409.8296496179,610075.802830247,1847681.338840443,241302.24318701465,1273588.4812655777,24.89,9625.5,122.4,183924,12574.51541804849,502,1190,1149009.2075720436,1166,198921.66354254642,238559.5402393557,125.1,125.1,236.222,241.346,97.094,96.648,13842,56.07967536614004,95.65814417725572,17.693,2281500,286000,NA,0.1225,1.92,-1.0567081111625458,-0.029521460794537276,-0.08157149903656494,-0.9753718711528915,1.0393812445753343,0.7374397522948506,0.07673394376407917,0.7940820011340917,-1.3667147678158864,0.2326207846974775,-0.31122366811348573,0.1246687701279941,1.4641481952577757,0.3194328309741094,-0.6331845147646298,-1.4645929961551718,-1.21429385075667,-0.09543067794193354,-1.6239922771165636,-0.2797555561418827,0.1356599682870441,0.04951815080320801,-1.432095480244702,1.3822314731304968,0.30786479990467225,-1.417918474177198,-1.5645749939964964,-1.9308464628795032,-0.22494706525728556,-1.0771067861456955,-1.435318368482992,-1.1513718214441488,-1.7985712651581711,-1.4019276181553033,0.05946879129872106,-0.6337359540833205,-0.5375428309108065,-0.23062521538608066,-1.16593207388347,-0.9359084045106524,-0.8166941898153527,-1.4710696585395944,1.8415555188721544,-1.5401840014914006,-1.382606224782311,-0.5732039675657217,-1.2692458993615536,-1.6744352394822142,-1.2929078857773397,-0.6573910647798599,-0.9970278754576716,-0.7855518406812605,-1.2979849269359451,-1.0466248062714296,-0.7415601229094092,0.7766382465995507,-0.8808156980177183,-1.4927474601674111,0.24345468829982403,-1.070204974313705,1.0161543835795128,0.18658884356034502,-1.8404455818766612,-1.922384530881878,-1.5504545619562282,-0.11259772203128074,-0.8671672262173198,-1.4694077856750685,-0.8190754252649861,-1.3305097062792137,-1.2514256201833116,0.6523302332152806,-0.7236496795001851,-1.6675451086044637,-1.2762861403294863,-1.5361775675743483,-0.352111142431298,-1.3807237224366458,-1.3383968598379858,-0.5437884229898824,-0.4012847947495995,-0.7239075494730188,-1.1201792983458678,-1.0361853808341905,0.5631678264829209,-1.452514500722586,-1.282344436703561,0.5311249204840167,-1.4160232967568605,-0.5792302523385577,-0.6265893276733113,-0.807080770569611,-1.2479974172767139,0.40144936553411836,0.7065118579940857,-0.32560869986472135,0.4004432685633984,1.309670960973658,-0.20760463000659418,-0.7387602032753502,-1.69028378398818,0.2655122209777382,0.5557945652416026,-0.45914127720553827,-1.2092488353526574,-1.100576478555155,-0.21740630055393662,-0.560456750325824,-0.2720085719686417,0.12274985222519519,-0.9969024313029001,-1.2280256871434296,-1.3260454927415901,-0.9923815071251451,-0.7700208610298462,0.0129815958260992,1.505803127482775,2.2106433681510183,0.25572964139727117,0.3580331251913459,-0.9913993474697906,0.2875866341143269,0.8674473366971442,0.7860344152308066,0.4973506061508151,-0.06753233136784367,-0.9521737662165296,-1.02854527735029,1.343505208801428,1.1115573850666811,-0.40905138761186555,-1.6703157969553302,0.36321346785845104,-1.345418138445595,1.102746952015238,-1.5266317223281294,-0.9676576041411041,-0.5632397124084315,-2.075222477263784,-0.6028801695952456,-1.5035005118695255,-1.396389230882884,0.1323963800969207,1.9811783527230542,0.761822540137779,-1.301775295780258,-1.3733726721904431,-1.503112297329986,-0.27915579599192536,-1.4788301114650717,0.15638618550910105,-1.428264573146709,-0.8547154053308966,-0.5166057718138478,-0.20935593281374176,0.36146657163694257,-0.9662568123897293,-0.15513359110568306
2015-05-01,141538,148817,5563,5.6,116100000,1.6,6.2,-10.4,5.7,-1.4,100.8883,224311.8559084324,612142.5709207106,1844126.851075098,237966.8540076238,1261537.9082885531,24.97,9677.2,122.4,184752,12612.533007284721,502,1079,1166616.6634130303,1272,197183.720858549,235170.0966843733,126.5,125.7,237.001,241.688,97.327,96.766,13865.6,60.89779814439981,90.56727538292948,17.929,2260400,274000,NA,0.126,2.164,-1.3138852815765347,-0.10584921161937179,0.05251416090274703,-0.9870371048024876,0.774801790128599,-0.5966632434737796,-0.19193280925854872,0.533164864583089,-1.3810524965878004,-0.1039659359771105,-0.5108383882202807,-0.11030826557975715,1.5745912158699644,0.27367762549004315,-1.3874570793497518,-1.5378565954831973,-1.063056998643305,-0.03726777282736798,-1.9992364442664377,-0.9785994627368714,-0.03453762444926596,-0.32806443764940896,-1.5986424473155192,1.4378298576075943,0.2869735949218314,-1.668498092806982,-1.9954495417717406,-2.4538823838790558,-0.7622618842580876,-1.595899165879398,-1.6866386264059856,-1.5419085340005203,-1.981307043583536,-1.5468110125980765,-0.10050435856553855,-0.5945249730418997,-0.7651057536564806,-0.4664346468663202,-1.0878119346434754,-1.2125588963729461,-0.9142428439482069,-1.5117213215109186,1.4707982637601045,-1.5958363889446783,-1.7680481829846122,-0.7987755948308997,-1.1194753828378026,-2.074052479521867,-1.9802270723303448,-0.3834762385708,-1.8015160119774742,-0.9309771159608049,-1.2896885729503178,-0.6485422860225091,-0.9494186057915684,0.614081536552486,-1.3717686740444857,-1.2227450498253187,0.09799245600806328,-1.4098842366008526,0.5669056571427661,0.3572006452628749,-2.0687895887571606,-1.911974830888081,-1.8138560812951237,-0.06239149680677468,-1.7953300424360472,-1.6394462367273177,-1.133066062677871,-1.9681074063637694,-1.5187468788949012,-0.06098920540034562,-0.8497013237544914,-1.835841241174099,-1.3701738697886348,-1.5886353014234893,-0.41559507334002294,-1.4389773898623972,-1.8108518750225102,-0.22450822571315893,-0.577529178674179,-1.088048507911837,-1.7524136182277117,-1.2808399334577496,0.5328051243911093,-1.9322986682144172,-1.5431238246658427,0.1686557720464711,-2.416193250198957,-0.748264009874389,-0.6647284490549571,-0.985875166305689,-1.544407029367245,0.1885723983371104,0.15107404631939103,-1.1040696215024945,0.4772006741107824,0.8665790426786335,-0.23415260634266194,-1.1140160594660682,-1.591074990835616,0.23702787328306435,0.3398940980499359,-0.8150983979702215,-1.1802741475248244,-1.4364597963065786,-0.27514490663745844,-0.7962899751749702,-0.2434018272466111,0.4323760195673326,-1.6030952215905805,-1.2174942928054602,-1.3457665373720586,-1.0924492220637132,-0.8771517137251553,-0.7891172109728536,0.9660199897557518,0.07303357437987322,0.03880728270246293,0.32983950641200427,-0.8627824212983471,-0.35060836172220694,0.7720585687578395,1.3880858968935115,0.4782634067493933,-0.2980480543484021,-1.0935640117919014,-1.037578936053145,1.422761824914805,0.6623352778255168,-0.5236026325733643,-2.0348886467095975,-0.35922230963734186,-1.3852133459269325,0.5133577748269671,-1.6005057922263128,-1.2445623465797844,-0.7613084068305329,-2.4168176132725807,-1.6065656112046065,-1.7601349553578705,-1.5025610898952035,0.034343935803461983,1.8277414851074396,0.9954110783358964,-1.6961097095554645,-1.4700497540505217,-0.9579539169154694,-0.4253536376108969,-1.5983061094307092,0.5084938344806568,-1.6562174277793245,-1.2028899276478064,-0.49901424651870047,-0.21690977549377694,-0.7041464638549317,-1.3548802280922003,-0.17895957199801624
2015-06-01,141709,148816,5248,5.3,116311000,1.6,-4.2,-1.9,8.2,-6.1,100.571,234779.93354936625,615975.83986217645,1850085.4062823586,239713.48291562407,1258540.1370031585,24.97,9695.8,122.4,184279,12621.415972763443,480,1205,1187695.352557529,1379,196317.52738012222,238351.65511300706,126.6,125.3,237.657,242.064,97.516,96.882,13874.1,61.343779482341354,95.3619562339933,17.889,2273750,273750,NA,0.125,2.365,-1.1970516247794267,-0.12136150239868523,-0.5435502030993214,-0.9480461552009567,0.4198818567697678,-0.6124039970994898,-0.024960245382911916,0.011534604489432549,-1.1645449249122857,0.17331774299171324,-0.657117382685642,-0.2890097147943225,1.6347378709079017,0.260637037389094,-2.3019273930912627,-0.9909424783102021,-0.8389836288633622,-0.26935684169950197,-1.8724853314820271,-0.9508175208827958,-0.19554679306624367,-0.39712423499540705,-1.9561743029751208,0.9524400723202006,0.24217489987955193,-2.227198946560521,-2.4567951756603925,-2.450216947813004,-1.0834925069307844,-2.425755378803751,-1.6253145395799367,-1.731649987173912,-2.1046104027998527,-1.5983407981951288,-0.28511021920109436,-0.4385540877173003,-0.8327438201552512,-0.8427771223138839,-1.5729497852607188,-1.5289562633047038,-0.9433226694581134,-1.591930586528913,1.2865480571288892,-1.52191009901903,-1.4935611107883393,-0.8179132750680447,-1.1197224717851355,-1.7211380440959303,-2.030809723043766,-0.12200912025953692,-1.5778207705471468,-0.892684708213175,-1.2587001734984569,-1.0648310585726382,-1.5323502029221474,0.33143145656472883,-2.2929137015737533,-1.2295845346645553,0.08498886910545195,-1.7140813102871273,0.4390168817204394,0.532853299479396,-2.196403457481059,-2.0055467167677747,-1.5819463651162817,-0.4609653739609931,-2.1871749843557136,-1.357753315879162,-1.5829448337715286,-1.5998465299518019,-1.4947863559081513,-0.055981828740788435,-1.4533023111539172,-2.4021557511613096,-1.577263492786378,-1.6946868960731887,0.7438501290485311,-1.4383877227093738,-2.523489160167852,-0.09873844247182995,-0.6791990769152995,-0.840021146155979,-1.9694250977089351,-1.2205710815647381,0.4889046954421385,-1.7238202963830356,-1.7985035599100434,-0.46823431669115084,-1.7838033019789452,-0.6387810489065056,-0.40069463340602607,-0.9451693174418346,-1.6791774301721336,-0.014711403839772905,0.28480460111685574,-1.4611667253635325,0.1990422331150508,-0.1361407994899029,-0.25380766383248854,-1.171560632532381,-2.0175616323886745,0.22413066085689107,0.3902127451432536,-1.267077385388028,-1.137095628247641,-1.353587077653076,-0.11167769791249284,-0.4634388290124426,-0.2186209266460591,0.13005577359160597,-2.235324931445557,-1.459600141649853,-1.367528157412802,-0.7701636380231154,-1.108338396977874,-0.9871013781957422,0.24826321191101738,-0.4730280318702473,0.02608472699523171,0.3194885713809432,-1.3869839799034929,-0.04055872000384798,0.5666541596254205,0.3853082264464121,0.15549492927227554,-0.96332784189484,-1.2554665415804558,-1.7439272509901915,1.369904740521562,0.30185980985374095,-0.5675769737940324,-2.2390900201492814,-0.40596292224051833,-1.1894704158740406,-0.3590066111281058,-1.603042778029744,-1.2956891528729628,-1.5286092154095823,-2.2584349918138216,-1.6102468509469723,-1.8466411275349774,-1.4615969217735982,-1.1032207171975792,1.7818370398580532,1.125078261497186,-1.7252158700437974,-1.4572008133276761,-0.8163098527779472,-0.5565431075822003,-1.7098687396208967,1.2521864825817113,-1.8064817760024885,-1.4799144770831698,-0.40466751119028077,-0.19042424099676902,-1.892470490766376,-1.3486120641055794,-0.5443886228093027
2015-07-01,141991,148830,6056,5.2,116604000,1.4,0.1,0,4.6,-5.5,101.2228,233950.1050151119,614182.6750678757,1853659.9681745502,239998.9754623226,1255415.1938937553,25.01,9729.6,123.1,185663,12668.305926950463,506,1146,1182891.245325547,1140,195486.91153117153,235397.7767532401,125.4,124.8,238.034,242.565,97.605,96.978,13905.7,52.14896777829004,92.85701570503349,18.318,2244750,277750,NA,0.128,2.328,-1.6754259523978872,0.8838290448523859,-0.3719879290399987,-0.9465627734375242,1.7193621444741634,-0.2569636043267068,0.20040238712395783,3.951802512869987e-4,-1.9970521367891638,0.22213226754677784,-1.2061435846394333,-0.2970904295524228,1.5743000047766353,0.17972577783673882,-2.55480199111198,-0.6981022392357756,-0.9453957705070675,-0.147515953230575,-1.5781782441124284,-0.7907609033195678,-0.2593455435356632,0.4540026213878399,-1.8075111426166615,1.2237256765938371,0.2145915114868691,-2.418698626093912,-2.2135889109800573,-2.2331091488355432,-0.616539054921307,-2.3021823364415117,-1.5014351868513396,-1.567577923670761,-2.055363850300103,-1.53288884505821,-0.31945603170385717,-0.043176144770804586,-0.7308605992580076,-0.5544939225116781,-1.3727366776447245,-0.9529665170564403,-0.9788807900001361,-1.5750804498518356,1.5925908967292208,-1.5162404697242653,-0.9819809468888393,-0.6260762739418311,-1.1146776348614438,-1.6106937183715693,-1.7806745093674832,0.14707506097912498,-1.1186917769075175,-0.4541691594715913,-1.3073145096702208,-0.6579256302851897,-1.2983557068558438,0.11637156643032913,-2.2484397218508607,-1.132231502105799,0.2512335327446246,-1.6256787341355616,1.2037846192161457,1.0466457856173805,-1.990206167107907,-1.5042400520951713,-1.610551995481815,0.17890575290871202,-1.1989791803156062,-0.8557388441210699,-1.125315183146676,-1.041773176782088,-1.5245059323311732,-0.07191367929764948,-1.5631238751394776,-1.5466568558331497,-1.591197911388253,-1.6325883794782485,2.677243936099849,-1.5571819707416157,-2.453677252573974,-0.034114504814600384,-0.3035485345835917,-0.2680462406074376,-1.5997652683023647,-1.2612722759564694,0.5730842802965526,-1.8261108317913763,-1.4366000107317543,-0.04754558841039842,-1.2909006604355335,-0.6670686122719075,0.11760519373018793,-0.8309525395796837,-1.8018191841428923,0.6785661080415697,0.13202485913173156,-1.2943573813627751,0.373730550309795,0.34118034380522744,-0.5755941450575053,-0.8567633622473775,-1.3236316694456183,0.7702680364446489,0.5852899452816691,-1.3821312402135344,-0.6862279195069374,-1.1380838306136283,-0.11986335597449709,-0.39567348735488184,-0.20332270683212048,-0.3103361212357582,-2.193490772255886,-1.3335081069523746,-1.2344461888411469,-0.6153749025780425,-1.5096721476733632,-1.1848839107497526,0.17954887638286696,-0.38195991371726085,-0.618056988759124,2.4481990512496505,-1.384379753138404,1.0801504543709712,1.0848831342153789,-0.4186881310297659,-0.024244819967000713,-0.06117691643174922,-1.2763255421582835,-1.3828802065466903,1.5404001378934886,0.9774142160590572,-0.46874806107064426,-1.892553188550154,-0.06591773733354403,-0.8703151740181687,-0.3102085851097262,-1.5824937394508432,-1.3905420002066333,-1.1096538451568274,-2.2964249525888,-1.6274200744339207,-2.0473630050677896,-1.483508423903144,-0.8978400358198315,-1.5560281992300764,0.9434085954659883,-1.5682544705349752,-1.3587664820306202,-1.2123996738259368,-0.6422373729854458,-1.0184602444714135,1.5551456217285946,-1.5969553686293438,-1.1784083059988522,-0.2550914709151113,-0.19683033427546726,-1.1741084174562224,-1.3473822443187848,-0.3701519021021678
2015-08-01,142125,149181,5467,5.1,116812000,1.4,-14.2,-4.5,5.4,-2.2,101.0367,227774.24906773758,615537.0241363768,1853231.7395537847,238910.17497848626,1248622.0956439783,25.1,9757.6,123.1,185625,12699.463180756466,518,1130,1192862.5578822277,1165,192688.3989673401,236647.1335491538,123.2,123,238.033,242.817,97.612,97.056,13935.8,43.9187804778101,92.62177264947795,18.391,2254000,275200,NA,0.14,2.165,-1.869039992121642,1.5468810910697113,-1.0325898684944554,-0.866668124051385,2.1722341292631886,-0.7783875544413561,0.26146843841718337,0.39439692688374356,-1.746661055774592,-0.10367912805138076,-1.4201197203162996,0.10235072791684224,1.5486363028961057,0.045209023362515095,-1.4005041691397202,-0.8288505705929614,-1.0359313980487337,-0.6845255442174378,-1.6410941943642243,-0.6498623270695322,-0.14954023308574116,0.2309383182642502,-1.9156928666865152,0.8674196164874252,0.32079968793140023,-2.1654891996616144,-2.1757299212780477,-1.7441177655161766,-0.5853846954149893,-1.7660043578241873,-1.5826947659732926,-1.840141896542262,-2.122819194558217,-1.6471026860438718,-0.5403243096653645,0.4458026282928332,-0.5814688588796418,-0.7791204443129696,-1.1362794835907455,-1.2314145394109721,-0.9477261025778927,-1.5060414431443903,1.1231982247882073,-1.622352429477371,-1.7710058958797326,-0.7894781269857502,-1.2172601566189547,-1.7343213716843866,-2.0905798618625364,0.29982532733811645,-1.1503476667813763,-0.01804515043850866,-1.6251869716631189,-0.43925918261842534,-1.1396824632738216,0.3005488433841967,-1.166003198475606,-1.3812103915853207,0.3681529309655047,-1.7439421525047287,0.5830735192267845,0.873290689822293,-2.132639096339895,-1.9274982701594314,-1.867843655247454,-0.007151410884485288,-1.1906519836468732,-1.3137562289541507,-0.5412186442124849,-0.7473691681348184,-1.6845426719764665,-0.09657485836600677,-1.7319958069217147,-1.582598378713731,-1.5796777394005894,-1.5550446641434474,1.6937177083432682,-1.5971467226116935,-2.170257711938543,-0.29528994001122405,-0.40633226387121524,-0.3091365659659614,-1.752951541107808,-0.9159287583552825,0.6817754836779893,-1.6764925815160638,-1.3646393566327817,-0.4151818598086306,-1.308809272166829,-0.8659404595407475,0.03161967174038033,-1.1499989137371585,-1.4879743146075632,0.5630709974083115,-0.15491184364715657,-0.8047994411359711,0.09406891152256672,0.7030260058638329,-0.8596489208040318,-0.8048147761541314,-1.1219153361138798,0.42702436030684493,-0.9292828580086908,-1.1781119198763876,-1.0601574502303617,-0.7131087918590703,-0.44550330037020464,-0.35075865687230146,-0.19752764718497673,-0.42629292665632984,-1.7787945814513397,-1.112831651159532,-1.5127547401019827,-0.5852893837418238,-1.7948887973263374,-0.9797070654270615,-0.8186394334506382,-0.5681078038263561,-0.7808242795783957,2.368301886464915,-1.432537874680233,1.0291052474008224,1.1577993723698077,-0.4434689725176972,0.12180208743113194,-0.015628073673994092,-0.9818183992327149,-1.069855819094982,1.8793205581016814,1.6018934735315833,-0.819555387204286,-1.6337619088271984,-0.333975593513325,-1.0503021744467465,-0.0897547318613593,-1.6189434608771742,-1.4759764106544686,-0.968539118844998,-2.5027219670300114,-1.182005151939737,-2.047766320483033,-1.338375352633247,-0.5533320126833374,-2.0276458795714616,0.706908380246807,-1.7272115276439217,-1.4321837244109568,-2.062146913316995,-1.1557668011130477,-1.3099120899103287,1.4072085098602245,-1.4870478798049938,-1.1359017677470058,-0.5408979006463648,-0.19729463027202562,-0.2931019603298819,-1.4662366755151244,-0.5154432802467689
2015-09-01,142275,148826,5488,5,117005000,1.4,-13.8,-6.2,-3.6,-0.8,100.7547,223379.87422674065,617922.1765134339,1864936.5193895968,239527.2731003211,1238464.4582824665,25.11,9768,123.1,185209,12706.99754813956,456,1224,1194063.2149122357,1144,193959.60072632518,235093.4066497738,121.9,122.3,237.498,243.316,97.477,97.196,13972.2,46.65716015059962,87.70475876058904,18.281,2243000,269500,NA,0.1375,2.1925,-1.3069852895886214,0.6522868830478173,-0.7455012951626508,-1.4292995535834525,1.8158131951367182,-1.1855321868766324,0.5076787109564911,1.2022317570907022,-1.2315727641531307,0.16222652954192204,-1.3474281868844589,-0.5261725549235654,1.4985900606201923,0.2366291539502583,-0.48386452255785534,-1.3614199683984662,-0.7742791967973303,-0.4757549588488183,-1.7522329935686853,-0.8574023794374892,0.050731418621971086,0.11179769546073758,-2.041228637402097,1.1244208599505507,0.26774396226216907,-1.8665208264167905,-2.0293009759430527,-1.5020157053812844,0.09926534046879966,-1.3208579971226504,-1.4422687207608944,-1.990809132121554,-1.7319828536413973,-1.6512446687608766,-0.3017190962464495,0.32821459703038025,-1.5819229092524378,-1.0394565100995399,-1.1523894738799754,-0.724246169353156,-0.7663183290266659,-1.3619050473135828,0.7276400076153295,-1.5561180368322265,-1.8600204611028446,-0.5520626725047295,-0.7268623046876551,-1.4352314685093037,-1.9032629285039946,0.5560312370689715,-1.1787370004212652,-0.44042208191999105,-1.5903929961704648,-0.07949905071984731,-0.8373677961614714,0.7495621005639475,-1.0008351893102923,-1.1449595375820911,0.7139229091110969,-1.1932366656790911,0.5016605165361587,0.5507458822632139,-2.108720470073618,-1.599782921014362,-1.7154490176446522,-0.14009746087702712,-1.237972744788806,-2.2151235642144416,-0.3140894590219767,-1.4950447706232004,-1.6787784590315706,0.15807220680642925,-2.4315529299239453,-1.8387919504114256,-1.6039654606303448,-1.4535561516653717,1.1178753547951703,-1.4732572741993626,-1.8917594872016341,-0.3089740805625185,-0.4386624942925437,-0.4226896126907276,-1.828955056676412,-0.9647472150300446,0.6400323091644947,-2.1976925323009455,-1.1541511475229478,-0.46173546988677905,-1.3599058083493951,-0.9001638104761356,-0.3891002512771454,-1.1433201091852259,-1.6407682476386212,0.6702717674185634,-0.5325719698896383,-0.16642992989973587,0.0557604798358078,0.6159038001743208,-1.122916876487653,-1.1695246899558904,-0.6611066590973776,-0.6821318693499873,-0.5761518511275904,-0.8002088706542587,-0.9402980037946127,-1.2789676629372813,-0.2892389920585163,-0.7751002013552846,-0.18725341400641476,0.04701100508283618,-1.0031791511886161,-0.9853250470005691,-1.466992517754436,-0.4765695482737636,-1.6107085521818072,-1.3653264651470236,-0.4933964153165189,-0.43260353302083926,-0.34194094013443016,1.1728641926229555,-1.906106771027049,0.8913289582192588,0.9662714217140337,0.8155610699181183,0.698379408514044,-0.743598435732796,0.44388375315019296,-1.5858828944908154,1.7697832046116377,1.5677009522728376,-0.9453747659331277,-1.629363058558215,-0.1857712670546125,-1.087992839792871,0.17891124614770937,-1.4666577826761966,-1.4983477937585434,-0.8837051991502651,-1.8680168263152184,-1.5058602211268555,-1.6600135846342639,-1.417176902028788,-0.3415914718841464,-2.0888053430428624,0.5710461707160913,-1.847412415277424,-1.369625729623347,-2.2307931001084595,-1.8190193229814935,-1.194821662574173,1.200186105109407,-1.5431245251987862,-1.0585661981976007,-0.6200398302539345,-0.19713413180583253,0.5293106487665729,-1.4462951099529446,-0.5304167334399617
2015-10-01,142579,149246,5773,5,117242000,1.7,-14,-11.3,-4.9,-4.5,100.2675,232379.94603855268,617220.472521723,1872396.50567696,236134.67792402307,1238770.171425054,25.2,9802.5,123.8,184532,12715.717553884506,482,1058,1181338.1618227889,1160,192557.21862593226,232369.68720826448,121.5,122,237.733,243.768,97.477,97.228,13996.9,47.41631359192425,91.42168584392238,18.27,2207600,267000,NA,0.124,2.068,-1.080080973051008,0.7043838504075871,-0.5000108278802515,-0.7933874649542342,1.4836100315679535,-1.1725996572100488,0.633689658115144,1.3904142042551113,-1.387478058847004,0.821131871514855,-1.1444950381919279,0.13094225597153317,1.6627131034441023,0.6455149552326884,-0.1549841498815127,-1.2851169318406406,-0.5634055552690403,-0.228490543414796,-1.6228578414727552,-0.7502952195471573,0.12855934642487293,0.34128112464718247,-1.6336169302389094,1.4406237652657474,0.3980764191334996,-1.4150327120686275,-1.9199816467376263,-0.9164559062561594,0.32452659158714275,-1.6325891914013,-1.3221678224728504,-1.7855856081593409,-1.7051155050296725,-1.5426873540022246,-0.18564687729530266,0.10700691824140893,-0.4857324427869673,-0.9981089092707426,-1.3365428769270882,-0.19194248703549857,-0.5967194285493346,-0.9998100907867302,1.1289729560092305,-1.4619887911126106,-1.6475819479001967,-0.6396644809911077,-0.41583240813932715,-1.4974775545280399,-1.2493518640568355,0.37660406887116127,-0.8902252356904586,-0.27041310645133104,-1.1325216848399868,0.005221673999965435,-0.8391771087950628,1.0911814738612617,-0.666504697022106,-0.8313025517408771,0.8620152102917797,-0.8069928829903082,0.5934773270047171,1.321667943124786,-1.7767805294379113,-0.89959222523039,-1.8017540611962473,-0.015236051093964968,-0.3953477753673864,-2.0734039682966356,0.8802162570505346,-1.7032522792697498,-1.406395114333406,0.9691301947068424,-2.2137353474157697,-1.933635146867114,-1.759482463453928,-1.4019072248063391,0.7935726590976414,-1.4695407232398272,-1.2634864448317535,-0.3467890853040585,-0.3656787607874559,-0.3681716167013163,-1.6567255937511645,-0.33950405545398465,1.5955646507593066,-2.572507486528618,-1.0175512592639484,0.4389747301957585,-1.1235765217186335,-0.6488640966752268,-0.4497752168274574,-0.42878374234350297,-0.8755957887984859,0.8302632645763252,0.16155096140150266,0.1361432923457278,0.5005795426095211,0.9139918421294061,-1.1109416508578884,-1.0076304778885479,-1.253592647346984,0.1870968519098853,-0.5283377123315846,-0.6673805593844369,-0.3519633976614343,-0.39006501003727195,0.22919162718975336,-0.4287438561816396,-0.19755404526829912,0.3677298747991869,-0.6419489239211562,-0.9657071308729914,-1.2785570640695427,-0.37561742290944533,-1.2629034582513197,-0.7638770022545329,0.08432409669904886,0.07474279884616386,0.0013092761767667745,0.7911177913545417,-1.144289886111842,1.0080478880275796,2.0489664409640795,1.6667017249490865,1.049521959513974,-0.956307688311879,0.32009533035258275,-1.3010893146565037,1.0169950545904272,0.6500468519780355,-0.1692174883754137,-1.8753844999983598,0.15060501759211006,-1.044788045469854,0.8451566487958379,-1.5501634645831195,-1.3762392743739271,0.36856093821224606,-2.2239421192460433,-1.540876322117116,-1.5087665943083768,-1.3411007814790388,0.47353350543015904,-1.4853942470335444,0.8691513291560035,-1.6087356024327053,-1.4439897997276951,-2.34141089380948,-3.8948879909344716,-1.1003474339830264,1.3515446496412937,-1.739200783234702,-1.1098597118500497,-0.879456429332201,-0.20943990084087197,0.8656271776053088,-1.1859684832886326,-0.4612374244542964
2015-11-01,142808,149463,5708,5.1,117446000,1.7,-10,-10.9,-3.1,-3.2,99.5298,229981.13555742378,614679.4070003486,1864378.353570298,236848.20275174806,1235469.2530090837,25.25,9811.2,123.8,184988,12736.779511574978,504,1172,1174424.3269289918,1244,190018.2492977096,229603.84670589925,120.8,121.1,238.017,244.241,97.538,97.332,13993.4,43.51124689864463,92.65267542725572,18.314,2208500,268500,NA,0.1175,2.27,-1.1786972925347539,1.0335626354931682,-0.022991811226583746,-0.9414666716155901,1.394708207502697,-0.43048563243623394,1.1056015494892721,1.423016789235577,-1.5397460514742256,0.9019505285695474,-0.8744141053792958,0.08704661746324524,1.652583074764793,0.8039070572897146,0.41257713220612174,-1.1766163394417362,-0.6539417630692683,0.17988062538108,-1.5874967853466593,-0.16784451622693197,0.22214168703119294,0.9859763337610852,-1.6699197749925034,1.5828918699477998,0.6357405144892302,-0.9496210263220937,-1.773411674357283,0.036241837214919366,0.549233900241247,-1.4926524632138822,-1.3805646532527582,-1.2985524648794,-1.6325416717498737,-1.6924842811723648,-0.015695146932694228,0.30682725326431537,-0.8799324312648056,-0.9569014124417712,-1.0552221229257945,-0.8184927119608028,-0.7251647444568916,-1.251085911120411,0.8527533136520509,-1.0339276515749283,-1.3126921567565393,-0.7039297044670828,-0.7500951809505684,-1.384467358928064,-1.225503749550637,0.14109859851999085,-0.8060095303687209,0.13693121722663204,-1.3302566918291,0.08309225058719996,-0.7678413038813772,1.3732088923843035,-0.5034165379775558,-0.8062231119190162,1.2312495854833807,-1.110787599520318,1.2544158719542884,1.930903654874416,-1.4768141633545395,-1.08908511144826,-2.0533884470075803,0.41651886120702003,-0.054126843140448036,-1.690933997192599,1.0759010588632814,-1.7635613086399975,-0.7735191220483787,1.1413925317782485,-1.7940542819682856,-1.8931595616508075,-1.6830545928656537,-1.2975864464085887,0.9182245795082998,-1.5951117440153133,-0.7440425605605763,-0.17915437592581573,-0.07186950857119698,-0.08417871460272959,-1.4106791197863353,-0.4410078333931824,1.9694704581595588,-1.827174908563795,-1.0459624998192207,1.1857411822104802,-1.2531266161477985,-0.5437455003940302,0.3300263057231197,-0.4583656893700148,-0.6450169125050998,0.39468281024896895,0.35978946325132793,0.10723113712868504,1.1433251285372938,1.2074128054501478,-0.6827938588024318,-0.7881061960564085,-1.153299436694451,0.7060810856643,0.12293611292013559,-0.5303359634305491,0.0057361106950545035,-0.35906121787459155,0.9229686835369625,0.21348622132984887,-0.20109572961863184,0.22617912481646438,-0.8785317996289576,-0.9203657613581617,-1.2395848985995348,0.06290700524395121,-1.215410558096414,-0.1339855089880114,0.49771235725253593,1.06054149259062,-0.0204929387994428,0.6577986407221493,-0.3631747651794664,1.136037980921851,2.3462562384467107,1.5892931966738972,0.94316041119997,-0.5197171369265868,0.14675724391909256,-1.0657586770858982,1.832048994665453,0.6797986695474145,-0.08652195632917452,-1.5621208085345746,0.6662073885232263,-1.2615605067460312,1.16576631190981,-1.5502586467661534,-1.396244494315437,-0.031001545868083687,-2.07308705042132,-1.6767966414278277,-1.5776997786139493,-1.463640908342025,0.7337959454969651,0.04906700187150807,1.3498529913215203,-1.4778088791425614,-1.6523358598521471,-2.50020957895024,-0.8509555203040683,-1.186712821504536,1.8151046931458346,-1.3957064697755632,-1.2635020300733222,-1.7504906979998174,-0.25666059792672,1.0012319532657235,-1.001658312377692,0.17640366352507847
2015-12-01,143077,150128,5845,5,117609000,1.7,-5.9,-8.1,-9.1,-7,99.0417,223249.46642587424,612430.224922016,1857374.2561504932,231032.4659333443,1232799.417172878,25.25,9834.2,123.8,185964,12777.048103759646,546,1146,1186539.5665736333,1211,189261.82071909375,229610.2856673781,119.3,119.8,237.761,244.547,97.456,97.396,14060.2,38.16081103267115,92.88687681614459,17.503,2203750,271000,NA,0.205,2.2325,-1.408321162022939,1.1233841347151599,-0.024990086007351187,-1.0712194438102147,1.0062579652052175,0.15860456795851238,1.11016575001442,1.4409316163548644,-1.0468965723690444,1.344839141725861,-0.8688542306916974,-0.077364060926217,1.7250773549774248,0.9093232131006698,0.6769149286308411,-1.3347639732965655,-1.266227141237918,0.20688231919995545,-1.4761655104869218,-0.49169076200118816,0.5548560161175894,0.8151705387671655,-1.5221360987409294,1.7017679785536592,0.4176337368506023,-0.3662180456496233,-1.7245740480241611,0.016476805924029145,0.894461084091375,-0.5414473813088078,-1.6974292433996319,-1.126952384020918,-1.8014221063797864,-1.9243185301133687,-0.2936891099530043,0.35304163869868765,-0.7396268309861672,-0.8312909408560825,-0.9094190831132667,-0.47126502202895737,-0.8740397207600071,-1.031913913743443,0.31629105760702253,-1.5288685650869462,-1.3868035654808295,-0.17901296243183173,0.23382815281265007,-1.7631737962570813,-0.9423184563444386,-0.4205290252708578,-0.7237127639402017,0.6956919894124071,-1.0535410684068789,-0.18791648106190875,-0.5535878504344399,1.2398255997636696,-0.38379388229780403,-0.7782446830989072,1.5260795026034193,-1.5488436994312444,1.5366692105236437,1.6830136872196952,-0.7069079564457769,-0.40622604411833785,-2.044275026823473,0.5066166737870641,0.6379949112515202,-1.3114729498362125,-0.025834983140879987,-1.4901612446951595,-1.335945121786736,1.0664939254853478,-1.823420538228889,-1.7442988281052239,-1.750504951121637,-1.2419867909334505,1.042112373107645,-1.7514834049641583,-0.35811140899908217,-0.16943763163407852,0.37574616824186063,0.09462245864509865,-1.060388208624809,-0.07599691995420539,1.3611444407911657,-1.2935597704030737,-0.9456507975651232,1.6688857381788853,-0.8864398413297729,-0.426704060240649,0.3868766741966976,-1.0493869537206433,-1.1049539001333624,0.9737355678934452,0.3953388645149772,0.008809091414586074,1.1020568316870902,1.6681464535758073,0.3524324479893188,0.047610425524822565,-0.6652927737598281,0.6029359116154722,0.2980167782697072,-0.34632736653817625,0.4390082572282729,0.32455614438617453,1.2325437991730128,0.8714089003421183,-0.1735624489712279,0.40708955776399025,-0.822795815324022,-0.6945372259925028,-1.8298979718762338,0.05210495660605699,-1.0035782309852292,0.03715973922391526,0.6645380894807941,1.1881305600123284,-0.07171000515806271,-0.019754448624408467,-0.9985408723187621,0.8732081770994811,2.480447930361205,0.5452543399818547,0.9745671522609557,-0.35185447151888594,0.5854946943105017,-1.2486922032525638,2.079647761104595,0.96427820699321,-0.40839797075919204,-0.9509593416339979,1.2618511059134396,-1.8163047317875272,0.9675862608904812,-1.7681076063344532,-1.2777196199970442,-0.5611134022427952,-2.0988090373136243,-0.9088183827563265,-1.03798267130363,-1.6668957592384548,0.5365478590514663,-0.7058259936385529,1.1353488549548574,-1.4573610208142627,-1.7024997464550349,-2.2565855406989033,-0.29959023829256554,-1.440287778828934,1.8382662521001774,-0.9913464326714909,-1.649591839111848,-2.1977130766642863,-0.2671978490466719,0.8662492539871723,-1.0890577096812593,0.7902189198388954
2016-01-01,143210,150653,6012,4.8,117745000,-1.5,-15.6,-13,-4.4,-7.9,99.5607,234862.96873717898,612285.6322310659,1857884.4028246764,234632.1900385657,1236617.912529745,25.37,9849.6,124.5,184920,12798.473783539837,505,1092,1190805.7766472471,1171,185541.97095265446,225246.16394518752,117.8,118.7,237.652,244.955,97.496,97.567,14121.1,32.49364076474933,90.18887334392238,18.054,2207600,279600,NA,0.344,2.124,-0.0907422778621717,-0.20410370720418392,-0.5823998608633091,-0.3874262268330702,0.2867787858838697,0.012128847450565815,-0.10494499664094983,0.16205592615546083,0.19043035985723789,-0.06218023490360084,-0.6389160187133468,0.07467771247078464,0.8114727872480074,-0.1334332546142898,-0.15299383591176874,-1.5338603374436406,-0.6709594809633824,0.1657669057646508,0.27811370605053776,-1.3229882191141458,-0.4684033068769256,-0.724220092359473,-6.41832214255665e-4,0.6800503149984696,-0.0661331942107498,0.5493977151562165,-0.8080173824823245,0.7254200636280846,-0.45689400084737014,-0.03132391327100626,0.15916507353700476,-0.6394964122370993,-0.9369050485439171,-0.21655274018387555,-0.6405684349047495,0.01996685965924125,-0.6397671090612369,0.22765316815995507,-0.08908087127339406,0.6264716505857083,-0.8003967933897266,-0.1301858651755352,-0.6125731912102493,0.3885872598424901,-0.5736830552097231,-0.3305567709491601,0.3210162840243754,-0.7062753690162441,-0.5139206162219218,-1.12145131422751,-0.5525869119943615,0.5183236349559085,-0.5331105558752328,-0.9532429914278854,0.14168288163853351,-0.3133590646417711,-0.31701519151294427,0.5641728371410114,-0.8961384123854075,-1.4012673100140716,-0.017237362823911685,-0.29261727459635395,0.7501291803179652,0.1871366762013449,0.052848443385931,0.1319700117023758,0.3228876688659143,-1.0380118898492319,-0.04647598747077147,-1.1852559527044382,0.06248190410827184,-0.3855715333010291,-0.801639734103687,-1.0111853666567983,-0.12065183945619,0.22287189305648683,-1.0594190851942995,0.2961104861590299,0.3202623652045033,-1.0815935307936504,-0.8619837486360555,-0.7059712394858418,-1.0961506755443218,0.6956078809212528,-0.412748102087492,1.0274089709206813,0.35090729514223723,0.11876758527777136,0.12228588328011325,-0.13043971972720772,-0.08922623295091484,-2.084498494356554,-0.3387230109615533,0.6675224239491041,-1.326452446121528,-0.8821277306847614,-0.3871162286585714,0.6206167219434076,-0.2882255719584791,0.09975122313076631,0.26335273416413135,0.6004545509057467,0.5504318482595816,-0.4476263043446011,0.23255526260016995,0.10456193391911682,0.09067829620311527,-0.2906440088019338,0.026357232077146516,0.12732728562153167,-0.07798515883604018,0.6315656150221552,-0.06085208759622283,-0.8434023033303945,-0.4210945020529112,0.7569234033030989,-0.37615334381976734,0.24817594300399076,0.4032991282702045,-0.2871375349311095,-0.9540789636424157,0.26270763826001203,1.8080092538197836,-0.8262737481214377,0.8395880888692027,-0.6664664350609624,-0.07147477567354182,-0.9691464670542049,0.021975606951572354,0.9790674643220594,-0.04396945054026854,-0.013397701461884954,0.2106989062498508,0.21965493632180055,-0.17320167769502023,-0.18177635340239034,-0.48656133010761954,-1.1428690655988507,-1.562007008193622,0.26593248370703115,0.39918466555231363,0.1656332970323577,-0.2619689748085179,-0.5222407791848371,-0.24085906092383852,0.1895390679290001,-0.24928036237083862,-0.06653529553081589,0.2389202171067735,-1.0524176941769288,-0.11498576119127404,-0.10521114930559337,-0.09849560916648328,-0.18454654897424422,-0.041475089152975535,-0.22438490490410445,0.1067587055910867,0.44959501708875693
2016-02-01,143406,150939,5770,4.9,117868000,-1.5,-13.1,-2,-5.7,-14.4,99.0445,222476.2686643748,608578.1723023244,1850711.5106033937,233635.3840628047,1230129.8168197444,25.38,9842.5,124.5,186705,12883.67797218944,517,1225,1203603.0581353586,1172,187770.53722612758,230882.03602031918,117.2,118.2,237.336,245.51,97.445,97.736,14135.3,31.114987941915956,90.99050233328408,18.096,2200500,266750,NA,0.3725,1.7825,0.10369767697774188,-0.6759078292647019,-0.7976357213868055,-0.15341683767660622,-0.40992751234726055,1.3319047329021234,0.014532432274251387,0.026224495036867294,0.7249210171273965,0.43144664294016166,-0.29857058093754063,-1.647315375617808,-0.7405929923317823,-1.1986375257778845,0.14691433884148744,-1.5761175463010224,-0.061624302526399964,0.37512473614627034,0.7688019230135023,-1.1754731818414361,-0.6226177143819779,-0.7197905992701668,0.904707683982203,0.6119431746162117,-0.14879121365868375,0.6206782109697135,0.14778518649759206,0.9683761769446332,-0.3285490622667545,0.65790348255169,0.43658712322747484,-0.6205536790487923,-0.477836390492669,0.4855934512110756,0.10023673591163623,-0.043384417158917846,-0.1134121245417614,0.47857950046022696,-0.12764367599659013,0.26383184967520273,-0.805009673013993,0.5515847078446211,-0.867917369653118,0.5855081387193198,-0.7313212166302689,-0.20397895294936924,0.13049879461503502,0.16644782308336584,-0.10837015782025865,-0.5420469704714242,0.15423725043169018,1.029442131441165,-0.8305822881100415,-0.7839253331225913,0.46386937061982525,-0.3452481404364741,-0.3523397595229998,1.5701050437417057,-1.2745954065063663,-0.9548364878530256,-0.3749871500417051,0.10016176960758723,1.1287413834602216,0.5405308059380808,0.8400050556711065,-0.19691448878396553,-0.06323730425581221,-0.9562895805643947,-0.023791471466653565,-1.1899395319079913,0.6760213520366537,-0.6358784739855113,-0.2132349288996139,-0.1980634715753393,0.6862945219495932,0.6120240301582232,0.011284115265160852,0.861364512044324,0.6348914846622183,-0.5776183018377348,-1.148939742764812,-0.5998126451188844,-1.037483116133548,1.2705693221917223,-0.7107844001156217,0.6015120190169052,1.3446667553532468,-0.4955964124920562,0.8127011579971408,0.050076949802946254,-0.6797616198752653,-1.6783926748947977,0.07220112183956788,-0.9721191206732059,-2.362840769945866,-0.9214398355048047,-0.22686673275136815,1.0200197826219002,-0.5212998267207026,-0.11696524762611982,0.2534693553204428,0.12276287929308272,0.09270497496599277,-0.41976297525583983,0.23332430891251835,-0.21109148665198282,-0.8499680677908918,0.14191351155351156,0.10189178103935115,-0.09205233733193452,0.392782388165857,0.5914024859123967,0.5788174878725717,-1.1678030358957041,-0.4778032122010592,0.6331761449585624,0.016276073878992676,-0.27896957629903013,0.28448624811339557,-0.38709703299947396,-0.36128673157792557,0.16842259901697318,0.3607821241972478,-0.7299861646835271,0.26151502814258204,-0.42166678865270524,-0.4603734859304576,-1.0772811093785266,-0.841196843511316,1.1856065751949303,0.927965385258686,0.2014537259817773,-0.728289141433701,0.6166275937841511,-0.2092298931920136,0.17749313370996192,0.1756571572079815,-1.1219153788430882,-0.6246555596889508,0.5032150475596621,0.5986920126688706,0.6671395396515455,-0.3986916929109693,-0.044339217935769906,-0.7155366145885925,0.8009651091806871,0.4167825004615466,0.5056907684244243,-0.03391313514276951,-0.4781503071105929,-0.8899607380568223,0.2406716637812494,0.3514399948475388,-0.08243502156041856,0.09328569534203252,-0.7833808348669669,0.03796479412154381,0.38381711290717047
2016-03-01,143662,151218,6129,5,118045000,-1.5,-1,-4,8.4,-3.6,98.3096,223590.96167825296,608319.5970227186,1856154.0475577828,230477.2045498756,1224503.1892129863,25.45,9862.9,124.5,185591,12835.686423064715,532,1111,1217097.867373788,1118,186281.7769496176,222606.04261157126,117.7,118.1,238.08,245.913,97.673,97.876,14135.4,38.44460598118211,90.58846332619189,17.291,2167250,263250,NA,0.365,1.8925,0.11911943183711407,0.467959191097323,-1.341454126760557,-0.12527385617460313,-1.4862667430879073,0.8083561040552318,0.17126540163961984,-0.17579169200825523,0.608036672779231,0.16592405923935039,-0.18435888670423217,1.6227189206081163,-1.5612530891537204,-1.180869254939822,0.624096010715344,-1.638151226883845,0.010699040635006712,0.23909953583142823,0.8446876207908532,-0.9241639727631096,-0.6401066364088079,-0.5291102964490787,0.8959906526193533,0.13513234602075663,-0.27244575688169503,1.1361407437882916,0.9075550601720008,1.1316321713196624,0.17472360102970855,0.8771747966050935,0.4136903209060539,-0.3949607848761766,-0.5238644544534259,0.5215702156780468,-0.984094919829662,-0.7917080515309588,0.6598587498558551,0.5222312631920201,0.039842786269665566,-0.11455172948166993,-0.7596356651938512,0.6534645267460591,-1.855243833648601,0.7093867136864024,-0.6469845570483905,0.03609726204714166,0.208250913231795,0.12679134319172802,0.14824633575000545,-0.3634578038565446,0.3641917148889477,1.6277421766061857,-0.15701316544388746,-1.0573433386592443,0.6699495543977174,-0.7302594808803196,0.6312617237931858,1.5106675862576504,-0.8284165436829691,-0.7786333164357914,-1.2344421732777284,0.05363331967580991,1.3883136185292486,0.6181182392667743,0.43209494956070277,0.2176483134056964,0.3945954247913788,-0.08117808229760987,0.1405394557882358,-1.2160513800203019,0.9006234727280433,-0.5268834749209631,0.21722240914375224,0.08187556022387418,0.6635051451300463,0.5276738152374221,-0.24314100121863866,0.873181113453635,0.9617930523579217,-0.562493063821828,-1.057973487494323,-0.7492227557319114,-0.2605596066875229,1.3525173107994122,-0.5811230572471984,0.7157464187707396,1.0312191291357766,-0.6786462175651374,0.6512134093381325,0.09136922307228958,-0.32826738591346805,-1.8484663376151722,-0.6212095446674755,-1.6534962864714218,-1.6881383378778152,-0.47709160538638995,0.18851578382140044,1.370752205920987,-0.17332836908655141,-0.16605816824340688,0.32819096849855744,-0.23612350965426906,0.23710496275904153,0.14875723286279582,-0.3395955686481776,0.2026469859842938,-0.4109061513018134,0.5947931144927541,0.11112756584008159,0.7947928065583021,1.0982222074116126,0.3111601339278859,0.4503684262949749,-1.496629326274127,-0.1724749620297487,0.3939122411890988,0.2627267434255534,-0.3333461748647829,0.3902949692749703,0.5229203110195094,-0.5664650149379952,-0.15376168737863383,-0.6904872409442641,-0.6984417272052644,-0.08800366604330376,-0.7412892988028803,-0.9115667999113792,-0.9567188605697972,-0.9023477226448448,0.09398271542531426,0.5742175156971107,0.0805736169439528,-0.622173417693055,0.548817546227099,0.30637364586438665,0.26807296861999985,-0.031323180245638724,-0.6765808094935102,-0.3963580324457572,0.18851623822352734,0.6023879663131717,0.4891703549337805,-0.31148882752011114,-0.14727249105243398,-0.05347484050357612,1.0914577880151977,0.4152549531950119,0.8829829274045322,-0.041054433141841574,0.21367592921455303,-0.9728549518119775,0.47372099966715736,0.5153675434877474,-0.28318469640732413,0.10531321119183856,-0.18942206110593787,-0.09090653658038732,0.1362435778135716
2016-04-01,143854,151074,5803,5.1,118253000,1.2,8,1,-1.8,-10.8,98.6421,234544.30418499283,611862.0717806374,1854522.995656567,232154.33755472332,1226981.519088098,25.53,9890.4,125.4,185887,12869.796822221997,576,1163,1210190.5238129254,1160,187980.77413692814,225071.17855357015,118.5,118.7,238.992,246.551,97.993,98.117,14106.2,41.58460298184564,88.75814417725572,17.669,2149000,266000,NA,0.364,1.81,0.1877409167577928,0.2723431746670833,-0.8855557652984977,-0.2432183116878753,-1.592413806751582,0.16352234311597907,0.6608307524625379,-0.32443043473092503,0.5205509845604566,-0.08355254996142553,-0.10026985387778731,0.1830782569943238,-1.3168053549779053,-0.7289198444956513,0.7065358963429761,-1.4715585129601707,0.2684254599312978,0.02420187485121247,0.74998563533571,-0.9800262566987262,-0.6523166846594306,-0.6305081846647012,0.46947462653204913,0.2611423676340722,-0.43551931879556655,0.3868492342826705,0.7738646120691549,0.5528026803550734,0.23984069504609745,0.42444007427795744,0.4218771302845156,-0.2639369272554725,-0.913470460303348,0.5053235185299391,-1.073605535161738,-1.0616497390232695,0.8435396039843585,0.7412554975704524,0.35499614784537664,-0.32138844478089396,-0.30796739292566966,0.5369739299094278,-1.793859987817569,0.7445542093680714,-0.9341877403209439,-0.002845324205165267,-0.3739192235393134,0.3151673282171296,0.1935357622845301,-0.5639333650000832,0.24972364635356484,1.3861913813332314,0.08951400400492514,-0.5382234635486788,0.7011443469648473,-0.3433736522325388,0.4791995582278832,1.447767453372516,-1.062553696800605,-0.8385295166198687,-0.9317809752789349,-0.03782834523133675,1.1437288720027428,0.7000820623540525,0.5422432969706162,-0.23935167858852507,1.1008633866586168,0.16511575813392076,0.30639614141205007,-1.9919257000625838,0.7420154839512836,-0.7869735775436872,0.477845466817013,0.09265700221244712,0.5429902911578822,0.5235183918996988,-0.703895752110323,0.6961013798973853,0.3846380248948009,-0.8981852287929638,-0.9037881787533748,-0.6380254481047296,0.17202637309473748,1.2334955923716935,-1.0054446487035325,1.5461106351686786,0.7542860522950416,-0.5198941868179479,-0.20834193791864145,-0.13283489705619975,-0.3366906394361884,-1.6254875004856448,1.0495230379356832,-1.234223027081871,-1.8384615672058175,-1.16741098975987,0.83000382086724,0.97386628915171225,-0.1617601506457656,-0.37689597151788834,0.28192622971044357,-0.6609278605714496,0.1893919460199474,-0.20922697860351472,-0.9107102975552746,0.22940895106299164,0.07991544069449677,0.08842372865144836,0.06785339883034205,1.0038550371287842,0.8271995418886096,0.06481964829406087,0.17533962966455305,-1.97406032146051,0.12419333066490959,-0.09692999933841052,-0.4793475893233971,-0.5885252831878994,0.42044927189086584,0.36124129895805834,-0.5715082877874963,-0.5048766175912579,-1.178759356180434,-0.8799436073058907,-0.9872475308990932,-0.6176545135988744,-0.7226539610251926,-0.4474035823860296,-1.2509749765777352,-0.45096520423749203,0.12202405370816692,-0.10931039808308417,0.7907061324888999,0.45309329365121304,0.08694262793320037,0.13711881124931483,0.0626959224475528,-0.48537205898578883,-0.5555166915462276,-0.6271328957526839,0.5740062063865908,0.37485398280327226,-0.15759528946458312,-0.18161866319218364,0.02240230933893095,0.5812230171597697,0.3354404486462575,-7.001215997171547e-4,-0.23258231381408703,-0.19289788924133613,-0.7044615128496459,0.4839334831045038,0.5574264735987964,-0.25722279738673476,0.10319178536024837,-0.5546220728099788,-0.2551815369224373,0.19466175934333158
2016-05-01,143900,151132,5777,4.8,118374000,1.2,-5.3,-6.3,-5.6,-12.1,98.4184,227315.51761026154,613439.2224384379,1853422.0455267394,229636.3840127148,1226572.799608774,25.58,9895.5,125.4,185964,12890.792945707213,571,1148,1213090.7868328018,1205,188551.54707446537,226707.28352673887,119.9,120,239.557,247.137,98.153,98.284,14095.5,47.58896824345664,94.56727538292948,17.695,2169750,274500,NA,0.365,1.8075,0.331552505196343,1.309010766117678,-0.9883484626101648,0.18589061530915504,-1.6689987809469786,0.43765354167061105,0.20463455515003678,-0.4147687986004476,0.5950682298816674,-0.9145177619995053,0.045972217718555884,0.4736778944848957,-0.967728961121273,-0.9649335929682414,1.213244262762807,-1.3914731608773079,2.0226993728737113,0.3886210765548235,0.5023086479137039,-0.23380458811026184,-0.613137431567756,-0.5955547654041441,1.150312122025387,-0.06248541401842644,-0.578904509970269,0.16085745857058611,0.9069316835304255,0.354037681792891,0.6960188097353717,0.4414588062422271,0.4759596346254575,0.3249173808460265,-0.6175071718667026,0.48781684869240993,-0.7595846207118225,-1.0637003465496269,1.4828882867548097,1.1835107172849058,0.6882390062193856,0.4105961354697635,0.028666170036507732,0.6959918981109127,-1.4191293984202684,0.8527436663273722,-0.27447248454401796,-0.49839675505811193,-0.6227221074990521,0.09475922596706565,0.4262974793943077,-0.2644148447183438,0.16131322624714123,1.2861610623245057,-0.11511306507985163,0.010429791855904117,0.681632498224412,-0.33942297145417183,0.6030790141465137,1.5512373313071386,-0.8260027453651569,-0.29129091024809356,-1.0775272348708675,0.7085881563582462,1.0785778213513182,0.034754597605447024,0.5487544558861563,0.36305950391585484,1.3245094474914834,0.8937095828753003,-0.08843444481876708,-1.2675594887418393,0.7906943290103644,-0.7100643612156006,0.13329866255311018,0.5205419796795986,0.6589961213073647,0.5806542780136283,-1.1710422112278842,0.7676076246210388,0.12939647680060692,-0.8778909241396118,-0.16796101672356362,0.2962403419553348,0.29852263748442986,1.3585871950687682,-0.8733617156560294,1.8786977689447006,0.9884178278682101,0.12280312828135356,0.47054407507290535,0.26299458717381036,-0.3146983556933382,-1.0274887504197063,1.6825576908101127,-1.2684586076085484,-1.1924645147381316,-0.8877717654418732,0.8407059960884703,0.6196516914103344,-0.3280710299881497,-0.2505100799760505,1.105852099462116,-0.18354954374789698,0.03394215528480214,-0.14289546698906702,0.17411104366975572,0.40348141955772127,-0.8286863713124781,0.8789048122012796,0.08057928911530494,0.296973474937164,0.8433688944678088,0.004872194477280029,0.30498186881217965,-1.778639087332025,0.11690960354061596,0.23159182267196432,-0.8136535463089992,-0.7348738085199399,0.5572780488297899,-0.20569288623740722,-0.696668350351805,-0.007600291053627775,-2.030423263093339,-0.30692538966481964,-1.0158233902019131,-0.010000437452800222,-1.1104046316360168,-0.16817891539578128,-1.1805399212550047,-0.5927931385110589,0.3746892417055898,0.42772476230725964,0.3025900925006292,0.394640337183667,0.14099958883908695,0.27706523505247455,0.06217657424987621,-0.7613585515825553,-0.44071321024985327,-0.25182983031128636,1.1992272218991484,0.33897658454153584,-0.14030748010756522,0.001429269842452092,0.021547039555904993,0.32893030932132733,0.4795425512621665,0.19942669937598054,-0.07838591111809305,-0.34487447350437855,-0.46432599363656396,0.6364134726993167,0.40362344185300714,0.05735667925031887,0.10129429123874135,-0.43056856278665423,-0.34389237222875685,-0.05371509626301635
2016-06-01,144147,151223,5742,4.9,118511000,1.2,3.8,-2,4.4,-8.8,98.8833,210434.78260869565,612206.4581744216,1852571.8635039967,228701.7543859649,1210009.6618357487,25.62,9929.8,125.4,187425,12948.080345792016,557,1203,1238346.3005339436,1208,189954.74192728198,230798.8812611238,120.7,120.9,240.222,247.54,98.325,98.386,14104.9,49.5906432748538,92.7619562339933,17.735,2156750,265250,NA,0.37,1.6975,0.5254911752867454,0.21752193526751853,-0.7268738611005765,0.7010758632516578,-1.7299470224418934,0.2352021000390967,-0.0330987485607737,0.24194692763489664,1.2161232086375666,-0.8300332083457493,-0.06499834661090254,0.32198097681818577,-1.0757860278886389,-1.7007266676285975,1.7566221324034257,-1.0016412193272075,0.5254425292976932,0.6677360418300126,0.4589273166900239,-1.287243081160669,-1.088999432488261,-1.1710407770239093,0.43515351425348847,-0.3692994253908592,-0.6467449411434522,0.4961605171108866,1.1099756275214057,0.2859994120103503,0.9992968877029823,0.03772271908392001,0.697609228160776,0.08472676192488612,-0.6855714403814986,0.45458104819385275,-0.6697412739123809,-0.7300010291751879,2.178459804539311,2.2788105059006853,1.0050618230831634,1.9954660041451515,-0.2827290306231138,0.43351958261341733,-2.011266570200818,1.1459914346018647,0.10929830662552173,-0.9661787583063212,-0.5517771526224154,-0.08107226398556594,-0.13580627818490984,-0.8563856988911006,0.11316017958400772,1.6128212278415628,-0.2251000561830125,0.1914242332806194,0.06040915230596646,-0.40114887046881653,2.017130383245423,1.3299628617262804,-0.9365564699218681,-0.5438288467991724,-1.218556513488168,-0.16884673074635487,1.0787429986235362,-0.2308123616158419,0.282855060881512,-0.5269935883117712,1.3737222843496102,-0.06833783536360942,0.16289313164962838,-0.7570210886278963,1.0419645724871724,-0.36238543020344566,-0.1332659254247214,0.3100292590136643,0.5484592329118771,0.7219770670492077,-1.3799697128152348,0.750953487691073,-0.07000292919091122,-0.6939238980219945,-0.46732342812844224,-0.12275035844952079,0.5983100061114647,1.0582079503123292,-1.7947014658440514,1.7582008185881142,1.0268964779391851,-0.529822722011451,1.1215133190021362,0.012537324019183919,-0.19472027750543658,-1.0100541485111068,1.1066744079523911,-2.2313911758792933,-2.101713147746986,-0.054806299149702406,0.09451493022595446,-1.1808450390901792,-0.17230102828749283,-0.1360310592416466,1.1394243586565516,0.49897564380502935,0.17946462713533515,-0.11864169549348016,0.05164385408955072,0.11444401274147202,-0.7922862104305803,0.17911626590856175,0.07111926047012991,0.07289651053459811,1.1211564720338647,-0.16846030586394917,0.2368045057226851,-1.549496993447183,0.08294933969977544,0.5707292250405744,-0.856563104499014,-0.577913639779138,0.4798565346421837,-1.1968710128574749,-1.1330532644768447,-0.08826841478704134,-2.9394299121722085,-1.79025612921544,-0.6697898560258527,0.4592471545276121,-1.1268990487901476,0.4103996090886654,-1.4000468845078877,1.3126710551064662,-0.08520266569100976,0.29102859150325566,-0.045062920539535416,0.547472077902956,-0.5787241440649887,0.41290605420612164,0.5010227500782934,-0.16268742887181153,-0.06970138302220702,0.9693447229243407,0.6460828301670736,0.667412402526414,-1.0999722617779633,-0.1599888039761699,-0.5104629823262592,0.5329400266212295,0.5174574059446578,0.44021556959392577,0.1454607105947179,0.3781060944386428,-0.39852737033932834,0.31350157985921673,0.2587125867905184,-0.2087025255190894,0.08750246376457227,1.206594780875693,-0.21380532621633294,0.31226930643308853
2016-07-01,144520,151554,5962,4.8,118640000,0.4,-1.3,3.3,1.6,1.3,98.9992,219799.27192857582,611465.0912122999,1851992.8534469197,228600.19116959182,1205078.1964979358,25.69,9978,126,187333,12971.771979418765,628,1239,1235008.4399341075,1198,191272.2946452177,230197.67749283114,120.8,121.1,240.101,247.829,98.342,98.529,14160.1,45.40277806023876,89.7570157050335,18.109,2134600,259400,NA,0.396,1.494,0.8937428998148353,-0.16067628129556655,-0.8130258987853998,1.255227258163517,-0.3180417253589762,-0.0581421322086571,0.26956512365021057,0.1391629838748351,1.2035471013628678,-1.382561460193934,-0.0823242800653325,0.423393778505178,-1.1737141389330419,-1.896509793019524,1.5396584954204842,-0.46615759318699324,0.14860742580282696,-0.04471145120862473,0.6622745064566415,-0.9386696141368086,-0.6483864785562468,-0.9949162920278307,0.3869803191184959,-0.4910581336532151,-0.5981474839092383,0.4034701442950619,0.9966465026405776,0.43095802718974924,1.7788228135833357,-0.15339427425440924,0.7140398567533341,-0.0845488711208314,-0.9161910542141518,0.7334503354303463,-0.011923847745509038,-0.6118129342844263,1.908208040604854,1.553091895571947,0.686507581085604,1.3201696931318125,-0.3111555773746204,0.5556179396183886,-1.9022429827202987,1.100975420901703,0.4966104558315473,-0.7408947639257812,0.09870802135976298,0.10008021366691278,0.04225097587476906,-0.6383199296267992,0.2645368469075938,2.5471363629222648,-0.3027319726000314,-0.29353877612657137,0.8049345170880483,-0.24929368397464935,1.9975467467035652,1.1041882929471125,-0.9792844160864073,-0.47451369034474095,-1.3158240150745002,-0.33892939916918835,1.064931058228611,-0.19182478718361648,0.38019006438878405,-0.652384134213,0.2025008611932814,-0.7802731335582134,-0.4109194827158007,-0.2789449552688099,1.7444946143794529,-0.6307791863037013,0.21917888387674517,0.4438771573746079,0.649721338089042,0.6014245705778534,-1.2388380942555726,0.7245165430321105,0.32145925048106466,-0.29198947044113,-0.9424708553405539,-0.7465266813918486,0.2687989673268393,1.0805391064169696,-2.48681846118252,1.280867881979462,0.952298179288344,-0.8857516546028225,0.7334452656354743,-7.711051881585545e-4,-0.693546404115686,-1.0616343431209962,1.2589082181472382,-2.0922288056340594,-1.8072863197362627,0.50802974192865,0.6769710216522498,-1.7351400024708965,0.7997116434518801,-0.0390118313953998,1.0926350003343648,0.7688353395150429,0.19633020505352258,-0.2923640843657821,-0.2518985274336994,-0.08713632596899204,-0.8156866389616122,-0.5535291834069975,0.06418942545020186,-0.1804138254412045,1.3100637076244663,-0.1743170389462525,0.14213025794357928,-1.398618031826231,0.21372401667099925,1.0016977553261834,-0.7700670011405358,-1.0768012580552366,0.35822550498557454,-1.4637950434059523,-1.4248881778837923,-0.09982361729576641,-2.7131915478629995,-2.141069173825757,-0.917399482969027,0.0069670616200844014,-1.0618936937269603,-0.06577363379654173,-1.853210345345683,0.14714408622947717,0.3529531599246523,0.0205048714103745,0.49842603200749663,0.8582392428380081,-0.46172186392157777,0.44604047225530385,0.4746620234529393,0.2487105201716901,0.5027436306321071,0.3105175938842944,0.6553174251512246,0.5902056160429879,-2.065958285935913,0.08411434322695178,-0.5810488626955607,0.4998632768135919,0.38261829716499757,0.2597176863950572,-0.3188909618871578,0.8104838635172595,-0.4705738634080171,0.16526115333427524,0.14669749547256422,-0.08796767798233933,0.0804577459548278,0.8246088103256671,0.036763274885025773,0.7064975867845408
2016-08-01,144661,151779,5677,4.9,118790000,0.4,-5.7,-4.1,5,-3.3,98.85,220944.56686197058,609450.7458442916,1851869.500719179,228303.49617684988,1200325.957818418,25.71,9983.8,126,187053,12985.611145523413,575,1171,1240112.105118858,1201,193034.0478680734,232253.57690472077,120.5,120.1,240.545,248.423,98.479,98.703,14176.7,45.41069669675768,90.52177264947794,17.927,2145000,263500,NA,0.3925,1.5525,1.1958462105282817,0.0564536487844915,-1.110361027418055,0.6705121832161691,-1.5749051997281411,0.010991334308768261,0.3010719798354251,0.18434139748507633,1.4035302878184666,-1.3914264122350466,-0.04193739021106032,0.709813540830978,-1.2578425233529569,-2.0985507860924177,1.034100393709999,-0.6437871550089725,-0.019964216200333354,0.01483544945899765,0.7653294898468076,-1.2187290144393825,-0.009394521552285862,-0.9886859309631497,0.608766158856096,-0.45569850782349763,-0.27832479291380785,0.4494016271833745,0.3583537696376119,0.1822280773431999,0.7745131565084953,-0.16112157600896165,0.7068393527499455,0.2759398665728046,-0.9813979619309804,0.556488711892771,-0.37243511338196816,-0.6735362184765535,1.2209098534218863,0.40609258825722105,0.6429145252616102,1.5695153975649918,-0.25039559619231055,0.33796633255632336,-1.2261936956914863,0.9459448511242369,0.34443484862802753,-0.5480102280732582,0.21314515077866317,0.5808082565419154,-0.19759354299941706,-0.35764443695758097,0.3373891951471344,1.9229090119502275,-0.2991615213619705,0.677024927365358,1.092063972999984,0.12468822198356022,1.202260539222385,1.3786918712684093,-0.6556569100952545,0.038771673533487906,-0.9609823306235783,-0.19930132654801322,1.1267259803413285,0.29801392276584526,0.39472380389423206,-0.17818653303518098,0.7709517563424279,-1.0885076370464402,-0.12007010841777574,-0.5746634205823765,1.901778203357617,-0.576642849948041,0.5984548178678661,0.31082479666677915,0.4993218624873507,0.48918427471163156,-1.4370553557933754,0.8762200043069365,0.5868574526383377,-0.2146562654510749,-0.7502171909799075,0.1428416401145796,0.1961366807354947,1.3781306969359564,-2.311325009808014,0.9972689888899189,0.8256394566812727,-0.7744725347862957,-0.007662624415192669,-0.5096419881836004,-0.3135038398697547,-1.14353952407675,0.24667816959389105,-2.290937914912757,-1.5323939258268393,0.7238616510840988,0.5875819003661816,-1.105324994287022,0.6974574101444742,-0.34999312956796186,0.9996864012599697,2.2907355633406623,2.9173551107950177,0.32262200863626794,-0.3722545502225095,-0.025261927669096487,-0.15713106958521172,-0.49492619775356317,0.05896126579150995,-0.48726951814935715,0.8617102877913392,0.4542867563237233,0.2197463270452105,-1.130615916698739,0.4147591492490702,1.1709052156803208,-0.5803435324774358,-1.7597180923301436,0.8270380142648959,-0.49656946673694385,-1.0893732363947979,-0.6918739722432432,-2.613998242956764,-1.992594655042325,-0.9662493968778642,-0.3785368906894074,-0.5998611436528051,-0.23123075515350014,-1.7689357826040082,-1.420148851112293,0.41518704389628325,0.5364406572894195,-0.03834115971366903,0.81048036819212,-0.10110935740459831,0.5143428166627662,0.4033219960984887,-0.08263218842876528,-0.2852744319739946,0.13425643957238917,0.503370393292392,0.20693101323131025,-2.1896983955159786,0.29909289872316963,-0.7681968246770235,0.6512723298083456,0.1823599369735977,0.08096811991979476,0.1171694135471545,0.7424984023466531,-0.604926148628009,0.16308725177975827,0.25372371147021217,-0.09403577355310334,0.08043815365870727,0.7792813255716946,0.06267918172343792,0.5407970876857737
2016-09-01,144967,151761,5868,5,119003000,0.4,-3.4,-6.3,12.5,-8,98.7457,220335.27253562523,610051.0814262258,1856123.8633423848,229344.45503010156,1193100.966898425,25.77,10033.7,126,187853,13020.290677639716,558,1068,1249101.0074392396,1303,193179.00796627006,229168.10248717899,120.6,120.5,241.176,248.842,98.666,98.834,14209.1,45.790849938175256,91.70475876058904,17.956,2109500,251500,NA,0.394,1.622,0.6864378957464982,-0.26444814414564954,-0.6880749856242937,1.209397571413046,-2.0075708074310996,0.5169598004278625,0.04707436847892965,0.21685854805084534,0.6630922044879692,-1.4206412254244347,0.13693113909097904,-0.13148335584293944,-1.2020120442203954,-1.5510561865395651,0.7501487370071799,-0.7288208213095713,0.5739596946180091,0.4646161103822899,1.0199605911863505,-1.0978179530750904,0.06711702759475249,-0.3831258246681818,2.3758642029432018,-0.47745365591380884,-0.5593905326170249,0.8676040318323003,0.7064916368193536,0.3574464734256836,0.7619944798016717,0.7638194311247603,0.7074442800659004,0.9595873175271595,-0.4085936931752876,0.7341169762617308,-0.7428481462627927,-0.6036435392720464,0.1520071737014471,0.6057927740592821,0.9358833034912478,0.3300971732762385,0.0894093563610095,0.8635430078198957,-0.8772396437155581,0.7603734955690123,0.9221938219308886,0.03949159414493863,0.7516847889085428,1.2200413509942725,0.7228686920416392,0.15920374362147227,0.15701699886579984,0.830436092941055,-0.17075554908052124,0.022508881869682293,0.9417211221147839,0.19933679813900768,1.1813581396095574,1.4469154245456919,-0.2859632468145008,0.3468380337659324,-1.1261524572580055,0.650770989085171,1.4384388678118667,0.38764430370092046,0.498154629583658,0.1998400067013071,0.8456953985254797,-0.1370241673341327,0.32653634956023203,0.05081533325283938,1.7963208116391756,-0.10660954752345027,0.9231816292576608,0.4122295423871825,0.6721939284544187,0.6261158367524906,-0.9718547916118854,0.8667777053545282,0.9582262601543733,-0.45186947585208204,-0.20083655700735953,0.41681852487405924,0.4283267422897472,1.9054716851900007,-0.8414587358911997,1.4973666704351902,0.9906875687385963,-0.3472488311812065,0.38642546166393943,-0.002434426173635784,0.1427171078319797,-0.8464045825716309,0.6767399243211313,-1.7086907295187563,-1.3928628206138856,0.2869145711415216,0.731627372732346,-0.6835738409000887,-0.9250639547095826,-0.17705170584371951,0.821746744736578,2.3673901836471365,0.5261258880139246,0.549731643252426,0.6350017484202745,1.767731344245428,0.5301582043230535,0.2602525134977976,0.06289675031308214,-0.2900793205334031,0.7900386629238687,1.0577449478882137,0.48611467991509477,-1.1107794639660267,0.6745158713281764,1.221198857237598,-0.08538490598920237,0.3112300278370093,0.8263369744743618,-0.45369005659207845,0.15841376258332662,0.03528871452185067,-1.301757784643375,0.4213059768048903,-0.1648635047257241,0.11476377278088702,-0.7570323390285574,0.4273791388911021,-1.299195879488132,-1.0184609293093931,0.6524058048451067,0.8500498652733988,-0.09611017421095523,0.6684411781716644,0.257875327725419,0.8405676421830578,0.8420321139251032,-0.19603343119215538,-0.026172346618210798,1.3028548605113612,0.6733123386826315,0.6536116442332293,-0.4150972642707345,0.27424159072105636,-0.3598664467157189,0.6560013789544908,0.6353372057615211,0.6894959127354471,1.2816807941740087,0.28004040999694313,-0.4500265995071757,0.7284048730490585,0.5652327483852603,0.05926572140259439,0.09224927524896903,0.1431328935850563,0.622353443754578,0.9847913451865493
2016-10-01,145065,151793,5591,4.9,119207000,1.6,-9.9,-11.3,11,0.7,98.7611,236134.0373022616,610224.7441032488,1854042.7052622996,226962.21224258607,1204216.733422341,25.9,10078.3,126.7,187741,13014.32212647166,575,1313,1255310.1104502974,1254,191413.80426427157,229280.4547477445,121.2,120.7,241.741,249.142,98.868,98.961,14235.4,50.349961564914835,88.62168584392238,17.954,2072600,255800,NA,0.39999999999999997,1.7625,0.3234344418861606,-0.35535942553109995,-0.7272343284958769,1.1736835917486135,-2.26277720805418,0.4916927950014866,-0.8849588980396911,0.23145662561862637,0.3978370770345121,-1.2393508231615653,0.12719269653297827,0.20284161584134994,-1.0185900283788893,-0.6712999970005775,-0.019543561392768714,-1.0366852582962283,0.6241030660548051,0.5241045705517101,1.0589174165003519,-0.9146362464836716,-0.03424401674435314,-1.107984066758361,1.3756475018921126,-0.8701438695106413,-1.54754962890959,0.844646313572178,0.2811470879536293,0.5251139099723242,0.5496849205818206,0.1791824484497309,0.5174793780418491,0.5797405499161548,0.16457995995525682,0.63299407435757,-1.294976607957948,-0.6750266717783845,0.4113510420528101,0.2581695445196034,0.5627311289630132,-0.3185127834223378,0.5607076388795821,0.3936263330189391,-0.6591396270602728,0.5548822989102443,0.38991634237112094,-0.035832169119376034,0.03559520438625439,0.4044768333909216,0.7948177312159629,-0.5937196911603424,0.2260364316214782,0.14968193473206806,-0.18139802199694838,0.19839165056236446,0.7465312439991162,0.05740284859683827,0.6116641163358737,1.5023385795863586,-0.7529015159883787,-0.11794392712200828,-0.8235970048258086,0.05297074520744806,1.2828679597942927,-0.15448912357706354,0.46552462316828225,-0.05921297552378583,0.5056751600722657,0.9043970818087366,0.34213684941692524,-0.6643772767787823,0.4933684268065548,-0.8113536893291373,0.4962254840675438,0.4644182700891856,0.642146457757903,0.6469613472778772,-0.8979573900507519,0.8003930453246532,0.8457339916115997,-0.6274945619203864,0.1608857232184711,0.004710358369809543,-0.038238437223520536,1.5152133764176177,-0.35379144239971977,1.2358101894354023,1.171354618798444,-0.7250225995211973,0.008751591493516397,-0.1730761361805589,-0.7322862167142307,-0.9761106801246549,0.3684482266495352,-2.1522522374275375,-1.41831251479143,-0.32335463063083386,0.23637060974201016,-0.14037486384440467,0.39277246347211564,0.5357758549503008,0.9907821845333009,-0.3754422957923447,0.22254782919176103,0.1023912776953747,-0.05167697810766586,0.06530720520049882,0.052033113875054195,0.46400603432777965,0.06591898666666567,-0.9125445890298769,0.7828669790635927,0.6188254533995172,0.53658803032797,-1.1039301186605401,0.6284997820527726,0.8120657739895306,-0.0877283315514393,0.785218524620525,0.3592426476664527,-1.1555425029909066,0.8697223450520509,-0.07686992869009487,-0.3538848196312793,0.586993376274826,-0.8152402483975111,-0.0032482368095073334,-0.8906202137742276,0.14411033424052305,-0.5233698392767255,-0.450507002343024,0.5768414313503366,0.6184185891717667,-0.21289351969936865,0.7626707961018301,-0.5692876425123555,0.3917414188998225,0.35027653762126104,-0.35968920345877375,-0.20991110975351734,2.1574891731034134,0.1528378881491543,0.5227524976546464,0.6093129119717311,0.30959908304917944,-0.3868960812570876,0.6639968044978748,0.6862770203066794,0.7654588603493476,3.2660233324162955,0.32309967265556705,-0.6872408622514716,0.5977510089391327,0.4824489043491011,0.04383461657243323,0.09768152439366427,-0.4964535294732276,0.8075037074896966,1.1632584414427483
2016-11-01,145183,151954,5971,4.7,119461000,1.6,1.2,-5.5,10.7,6.2,98.3491,218757.1409793632,614501.3700569257,1865842.9727762076,226843.0046207824,1200486.3449307894,25.9,10103.3,126.7,187539,13036.268591824148,571,1140,1278936.5122698457,1230,189662.38966238967,232987.532987533,121.1,120.8,242.026,249.481,98.901,99.005,14273.6,46.167379500712826,95.15267542725572,17.792,2044750,245750,NA,0.4075,2.1,0.13570458009210615,-0.24946098871394348,-0.6907323148707517,1.2366429727272814,-0.12222366219719377,0.4728407320071599,-0.9011409590864502,-0.024140367591934178,0.9222607146773146,-0.9519429361476189,0.15783094620586122,0.12452909814078145,-1.0950149386579027,-0.7641298012612604,-0.2961841880361779,-0.6209541014097474,0.1471267467577579,0.48558154454747277,0.7335211973639156,0.17885140340615457,-0.2864727064827043,-0.9131348538466914,0.8961146238086753,-0.5059199185518213,-0.42220263449647877,0.7704152721501689,0.14694381002332965,0.8373751470539454,-0.24321141633058602,-0.043326404375340064,0.5415883028681256,-0.240434053287705,0.1768634129215617,0.7176595768271982,-1.2483191519027743,-0.9336308522136966,0.9381564258557121,0.535891237348156,0.3991015530079566,-0.20118539416420758,0.6070593916757451,0.6456714512135968,-1.3043898405723158,0.5806147001934607,0.09788730090719466,0.0904070197071037,0.7285862219995903,0.33973263394140096,-0.17472584866310786,-0.2411988718297474,0.1628514439845199,0.39150412617796077,0.8114586891371329,0.6704288771041418,0.8189061272595131,-0.0815561702956034,0.19630991814470153,1.2693709423990336,-0.6460827369299385,-0.5388461629274879,-0.44222533856320573,-1.2540090702644076,1.0668449766337806,0.7100219393885235,0.7865021225248398,0.14326782437813165,0.9213616177201326,1.4871228725733325,0.41654000076959286,0.45894590502444227,0.7616490801378022,-1.0929217204441881,0.22396143593231144,0.3085343086047874,0.5316170918252319,0.5368263041684979,-1.0228869752656575,0.9012304241324087,0.6321030464478221,-0.20188311629408742,-0.6079251915900684,0.09528945565630366,-0.06953771256732878,0.8449550050788275,-0.0705694226990319,1.4516850363918146,1.3861579100717505,-0.36276409535010007,0.39297884887284895,-0.16459555632415562,0.10843173465867312,-0.9045890076703389,0.8118487724656864,-1.8693577852640622,-1.6901347867281542,-0.24276720567924046,-0.17928471130201554,0.6100889998331852,-0.8569833407564371,0.8228098318742391,1.061135038327103,-0.6863920564502626,0.24598483534016385,0.22938491047795642,0.026184733608913602,-0.1187517906929662,-0.6561535719223422,0.19529514742591214,0.07046724930155407,-1.0264182563711186,0.7525565184018814,0.8860449521216162,0.5508292513590946,-0.7586747246971071,0.5929119477314895,0.35075843612535706,0.22872512641251094,-0.2069880350557713,0.45695384714172255,-0.22402133873773117,1.4161364114496533,-0.1817921041478261,-0.20567543447625664,0.43751409644207834,-1.0359368688132355,0.7121703191960495,-0.16051911865526294,0.215631763569432,-0.6339131622883002,0.38585410308895224,0.34825583772714735,0.9199289252353732,-0.729966567275976,0.9941013349204311,0.2557960236404401,0.5152385683327881,0.2953806804381564,-0.20020593531747202,0.025597394016232008,1.4808653368726237,0.8611039273084113,0.6806636982741212,0.6312091118764269,0.11333306145374153,-0.3163264739603106,1.1361066378445903,0.5523338482766191,0.5388208243700762,1.9985619550760005,0.58998357956812,-0.5554265310396153,0.8470515199375485,0.20086235615921066,-0.5629416787956775,0.10463078786717364,-0.6457045277040084,0.8331823191918919,0.8369574841756875
2016-12-01,145408,152157,5964,4.7,119788000,1.6,9.6,-7.8,22.4,6.9,99.0214,221583.51081547575,617079.6701355594,1861458.6055192987,229302.21760151812,1195611.2283110092,25.93,10145.6,126.7,189297,13127.857798952266,561,1252,1282356.0880580593,1248,194269.76612732283,234382.4126131764,121.6,121.3,242.637,249.92,99.071,99.12,14313.7,52.457328582531716,98.4868768161446,18.277,2048400,252200,NA,0.518,2.4739999999999998,0.3639110095126523,0.11847928857159977,-0.5726146157630594,1.6888816035333616,-0.10723897177982906,0.36751477046175174,-0.8801129873818972,-0.0894672710953384,1.6553662189945544,0.19770458484689576,0.07861949899159247,0.07216914217037679,-1.1336148132618,-0.8562519888899579,-0.30183259988875666,0.23973650423643286,0.07981940108192118,0.19606081852211707,1.5955161559202753,-0.4016765587930995,-0.29780475208527174,0.0781251459448271,1.3342976659782086,-0.2361575720308158,-0.24427350778635434,0.6749689272718987,-0.15429808324372485,1.3180068942976593,-0.7010055363355693,1.0724506053519067,0.7898652352370629,0.3960460692239677,0.07543024878406254,1.4104523628804009,-0.0028247573121687017,-0.6118844128946402,0.300338040054489,0.7063207927975402,0.9100181137603347,0.6454952906833549,0.3418456404470375,1.1186302154359862,-0.5551139136654165,1.2434932846840163,0.36346908493707514,0.502263596230733,0.4789373642924316,0.3090663674681376,-0.1403331930413719,0.5737128521186196,0.7036660043950552,-0.18087966572884462,0.8145671300092977,0.971418692247324,0.7888891073207972,-0.101443278001207,0.3063934149097229,1.3585208676884861,-0.26569086128593855,0.5565096413073068,-0.4043165339250675,-0.8219186289900646,0.9770346711639342,1.49213165342046,1.1425394850935648,0.5763755347641175,0.513584056358192,1.2126258186727956,0.8870852160386647,1.3191684852094618,0.6847312077027227,-1.1256279866348615,0.7625853117623184,0.3074213126593527,0.6376018863109902,0.5872241354743667,-1.6089333168898834,1.587666526820792,0.31142365364285296,0.29216781912175,-0.2521791268920448,0.4328914548591931,0.6521644124847638,1.367785929463267,-0.44022776651174195,1.9839332518984003,2.6706003241982508,0.2841115541196145,0.6572436727601823,-0.22367309980247496,8.461587782283022e-4,-0.9059112577508951,0.0399777411960072,-1.7751806629297926,-1.492781608056859,0.4823668390647903,0.838153574529998,0.45673950565106,0.0956372166888014,1.016086446105224,1.0918367976416623,-1.0226475302018192,0.291115117634265,0.24082480921114985,0.31065826863092266,0.16849578476514204,-0.7807146530264457,0.08188446185063249,0.08473805101640795,0.9112644643969088,0.5719609825850933,1.4678693937594007,1.1564264795609702,-0.6084035891647248,0.4574169537174028,0.8972991873354187,1.025160025326334,-1.2469167180424727,0.6840342792536743,0.008293745944893979,5.036520503276086,-0.7691231932819345,0.4660100865585293,0.4991681832214954,-0.9163048812529659,0.49858032729673774,0.8898899212740419,-0.31658080057925675,-0.6794461639847784,1.316269233699853,0.48908180084248803,0.8470311230018867,-0.387352135844983,1.1957607563955643,0.5321458619400454,0.5666289419823011,1.10050341507417,0.630761401878748,0.09071396049151037,2.390075128043734,1.480522736221659,0.995723924956998,0.6108104419659881,0.32901649261832433,-0.21542108133046006,1.5037180253794535,0.6562493451219013,1.3844625259849246,-0.09307436143775474,-0.23319200132741022,-0.42009443293307625,1.4601804224617283,0.508405667292145,1.3825652631206213,0.18821101244592978,-0.8473627251265234,0.7080463481815464,0.3788269578297045
2017-01-01,145628,152152,5617,4.7,119980000,3.4,9.8,-2.5,24,4.9,98.7611,220487.4762445828,614555.911956642,1861503.6323193798,229139.97848186546,1187377.7035927242,26,10194.7,127.5,190631,13135.815627796606,573,1190,1262958.6429497944,1303,196663.6836230908,238851.2936018743,122.3,121.6,243.618,250.467,99.451,99.385,14373.7,52.78981609033595,96.68887334392238,17.652,2081000,244000,NA,0.6475,2.43,0.45966667561088254,0.7956947087397084,-0.6035803465203831,1.3164147004350237,-1.5253903532423854,0.34425428402805697,0.3411002952167248,-0.18455465138146743,1.4555239128297925,-0.18945728231959794,0.04664633722364871,-0.32390326285327925,-0.8016811436058908,-1.2450010554300046,0.15412831155539827,0.7163746560811328,-0.4413858485150435,-0.33399211724902916,0.6663368800706878,-0.2652622173745501,-0.3254579778017927,0.83030188800462,1.1035142444249117,0.5063199761448346,0.15838103404300136,0.8946303670823822,-0.04073658789545189,0.657546783832701,0.4525976073512351,1.3493748903853293,0.3551106752527991,0.6416737121158373,-0.3352598269179087,0.43185812951091335,-0.28453903918526885,-0.365543615647532,1.4658348701964865,0.5753463008575336,0.9834190821283516,1.0513734565744315,0.32214382046694084,0.7101077269170272,-0.7930132206684871,0.6882583466311784,0.44390940703670695,0.06093901674761407,0.13477251842302215,0.8493594777004213,0.017586987545077166,0.39708626786285056,-0.11875452824615389,1.0735120347766525,0.009728411532922221,0.7988484640542175,0.5777196468380129,0.6910028192859891,0.9343119634080327,1.2734898334907878,0.29834419801902706,0.27483751973543535,4.0100542856419576e-4,0.1590489295217872,0.6077122984553538,0.4797930758182809,0.41297648069532417,0.3886670691989298,0.5066606311127901,0.3980287775216056,1.1336187342490203,0.30416762918596046,1.0414687833112772,-0.2999202003895112,0.8016004360551137,0.34796254175010205,0.37383346211142565,0.379360109359294,-0.4491437612726229,1.1848992158701521,0.5081274979872132,0.0516042776206556,0.21243774816326397,0.5383580084995541,0.5714636262226088,1.6094118375006534,-0.03223425406725461,0.7966982311790264,0.8385181243314329,0.1537652228929514,0.5408044612109726,0.004111836125297419,0.36207327942947487,0.05169090106442894,0.8811295758475786,-1.5361331854904376,-0.3842651703794436,0.04507072583159674,1.143130817288774,0.6620231943368304,0.5948616972155418,0.437865741784903,0.9040783049328338,0.14794401822259093,0.3303697079964578,0.7486261743068797,0.4501910700990412,0.04449629706270338,-0.20156794612015191,0.005859642765169489,0.04324192058698913,-0.3721566346811321,0.5605749461018951,0.46769409607848994,0.49285887355496394,-1.1693907226340439,0.42837335237676405,1.062031332775999,0.7370546762235288,-0.8776506750846317,0.7165241093347637,0.2349127582017929,3.691752927865959,-0.15281093131835308,-0.6612169900993631,-0.4296635969643186,-0.3065136425023641,0.4696521099958169,0.5172455694850417,-0.6203557294391557,-0.6482595487718551,0.9597920826134907,0.4594347043588802,0.4390880194771589,0.25479487574880644,1.3746665038290806,0.4656209695502758,0.30295999531879947,0.39047542482543474,0.15834354592504502,0.13855158423546532,1.492812723044419,1.0269494609407137,0.5614094095768926,-0.451446398635016,0.1644596964463546,0.02672042911428253,0.34316374589483695,0.4709106196518667,0.06086608272999966,-0.1090748079813879,0.30677715444629206,0.11738582405826761,0.9309011287964657,0.32432601590781396,0.2297006571349702,0.05668566807314541,0.1367244317465527,0.6360854373431082,0.15913416255251484
2017-02-01,145846,152480,5923,4.6,120156000,3.4,19.5,7.1,41.4,5.7,98.3646,222434.8804048762,614822.3645894001,1859938.9788800403,227363.28399574236,1184824.1720723796,26.07,10231.8,127.5,190276,13142.811238527504,587,1271,1282637.117667142,1234,197145.18104954512,235689.7555881349,122.7,122,244.006,250.998,99.586,99.561,14416.8,53.69228606430623,95.59050233328408,17.699,2059750,230250,NA,0.6575,2.43,0.28683466803137186,1.2555955476908451,-0.5620542320939753,0.608024544677196,-1.800535632175017,0.7976980883768309,0.34514276905637004,-0.24830967853339356,1.40132102826524,-0.5739407119599687,0.12399871136549301,-1.9359547765508216,-0.7826779474899701,0.012860239750945803,0.8735381892883379,0.15006477309152738,0.134741116087709,0.09781240469396146,0.3824330533429189,-0.0037070156657417423,0.2618185476932842,0.49274012241809456,0.7040764670019821,0.3344498199710291,-0.1177982020794456,1.1718150138250478,0.5532752958578534,0.7838500470935486,0.6332760058702022,1.172777952916414,0.20432758023914024,0.571758771253202,-0.15516498047477867,0.4778964280516734,-0.6989183525736354,-0.5804058678532608,1.1529276531023156,-0.17292486271638025,0.5670862402357681,0.8282566319126449,0.48222051212691563,0.46373328185051343,-0.26798836016777783,0.6813425415021331,0.4110457128407027,0.3834594485254934,-0.9122468967309576,0.9026590350174386,0.01632281517036898,-0.022178378997365134,0.13817232203776725,0.7924814162991273,-0.11240916632761982,0.22443881503019417,0.78928166094561,0.6934532240380921,0.7150272710723884,1.2421446321844758,1.3514713302470391,0.4554995761570991,-0.3758267207481673,-0.1620530004559097,0.6454748582721428,1.0746585170104452,0.11721545392828685,-0.07590547609363289,0.5833586869955961,0.6115823104981042,1.2283385876089454,0.21900190722557936,0.685159387051245,0.3548887200755238,1.2566227715695326,0.7109248978512339,0.3336105893443966,0.14947304138595532,0.14001736928989125,1.0329422986827763,0.9601180753188558,-0.5467265941612138,0.6207189232073305,0.7319248581521658,0.6856614455080672,2.014595371350999,0.5148008836006636,1.0135170318815327,0.3366160264476769,0.18545728780638343,0.2887279709367133,0.016230899249795528,0.5860172452938669,0.4143859291943551,1.0948150176420022,0.04311939372876652,-0.38623984912005477,-0.03738639083813563,1.633601801777891,0.7053217371182221,-0.5639186629726672,0.17811121640543154,0.5566271308486533,0.7741021243802637,0.018643534692138062,0.23695787199827031,0.33366560428040853,0.17651224692688788,0.3559649534113655,0.9432074595914409,0.033223079261086086,0.1427872613082546,0.7132609608972252,0.0553066239131934,0.353025112992843,-0.7890801313376312,0.07197613135593504,0.619005677561458,2.2196499431763486,0.1251401040392379,0.427706792468708,-0.07377582534930761,1.1244970950672164,0.33475578287020674,0.2424010279239195,0.7433701683434994,0.1832999904092587,1.5690051829817429,0.5318243993675011,0.34996907525541143,-0.8435427364778054,0.305524107329036,0.40381529650368414,0.3864090385685257,0.22535143156073742,1.0462164450087341,1.249052545356384,0.2162961290030317,0.1481731618541643,0.5470378689884778,0.020305022558337542,1.0540680901076658,0.6680650453285285,0.2769725374454507,0.5577611268283406,0.06150365709427178,0.7690066197003471,0.2593270430342439,0.46409129871539834,-0.25690653766746724,-0.046467387579603676,0.4793754779462006,0.41856408320580585,0.53896621316706,0.2634860293829089,-0.2659342325147526,0.023640279526467755,0.7833728774128479,0.6587676803118676,0.18963403891445166
2017-03-01,145970,153065,5811,4.4,120262000,3.4,18.1,10.6,29.6,3.3,99.0137,223985.53272718142,616310.8454312553,1866450.3369378746,229351.48440247148,1184342.191189029,26.11,10246.4,127.5,190114,13201.285979806098,632,1190,1280419.952780429,1272,196912.64379364043,236936.7559150048,122.5,122.1,243.892,250.944,99.535,99.519,14476.3,49.56045612096248,96.48846332619189,17.061,2017500,233750,NA,0.77,2.4699999999999998,0.35665412454103107,2.1310403720744135,0.21495626410401142,0.545545045415694,-1.4509985085682229,0.293351929153392,0.3287503764488918,0.4933127762287099,1.9544061810907922,0.8212235806734518,0.26262667679659046,0.1263970899296179,-0.833194911508387,0.038792758348864545,0.8823397207226634,0.3473114725158553,0.4227201847924274,-0.1545400595053779,0.5494359359867154,0.035457356722447236,0.6349970399322864,1.2861172656117092,0.6541036847584597,0.3532002104325135,-0.3874275972354476,0.9663874294545659,0.6499929216673913,0.8851585844326375,0.9392673836797948,1.0290951960271588,0.24373865686167506,0.9834767414313915,-0.12395634668944666,0.5620239944459687,0.28371857546043255,-1.0337436374191484,0.8696672009338018,-0.2337124311729767,0.7998247537985982,0.6715706705012103,0.5387128862666738,0.472636220299344,-0.7771556023300912,0.9248591161677588,0.31486595799286593,0.6369604734469626,-0.05175954672500624,1.317823606986358,0.5487057811617705,-0.06835335778266809,0.49568457360711465,0.7631256333456443,0.24051407280144763,0.14127814798088262,1.1357724285947575,0.602112613312005,1.543271207477759,1.0386110135419337,1.474497500161281,0.294465168895545,-0.027487081807450603,0.04338304915849347,0.7313884733270831,1.195089257827359,0.7377758334722652,0.8048245968523412,1.141602204172312,0.7774842885551135,0.6547003164225976,0.24601314364081694,0.6189805004917346,0.6771211584450216,1.9687130687878858,0.5094721567652015,0.32761175986141167,0.3267851102838881,0.2040332212753217,0.7865331738228664,0.7241716136900489,-0.8678864229133452,1.1030477429047985,1.2085678490852891,0.7431755638377949,1.2559553696181438,0.6333430193133895,1.2538883498829108,0.7297240905292288,-0.1724269236482799,0.14122225060362437,-0.017496047056777004,0.5439001713789825,-0.07094495119885871,1.2263276227643989,-0.12406445227491522,-0.1641995769046619,0.25694948745917223,1.451893498211271,0.7224181581901157,0.5000807988422525,-0.032495336232262695,0.601836160566221,0.4431349800802772,0.18547975464487443,0.1740508576343273,-0.07493676732069034,0.8456343919209081,0.3429435917549286,1.3812212942645483,0.03085334888041512,0.294860024081301,0.6257818675536856,0.18686616921577606,0.3343712514856019,-0.734834445184506,0.45736943455818474,0.9620307140764369,2.2127936294225057,-0.11734860233233421,0.20176132136066782,1.0475876305948775,1.3553757397582686,0.39051602944009883,0.5826721070177676,0.32685436701825626,0.07661164734237029,1.9820439997477632,0.678666234406675,0.4046507260321783,-0.6489260252411645,0.13010314552361554,0.3809091783718058,0.3350786153558918,0.8293700744680649,1.38283680068548,1.5716018012913042,0.3091053155714354,0.40323197541886746,1.2815907997000557,4.1078226275807604e-4,1.3268369481815692,1.040354995295629,0.5298310651113195,-0.08807325939035028,-0.05083394345456409,0.7744383617265124,0.23482121359277452,0.6586016303163643,0.333524497774518,-0.1252281320615332,0.4650077191830099,0.4640150111101323,0.5258181817041256,0.4562783795640152,0.17640087789886777,0.0408121686041625,1.0312961845970015,0.6905610355067914,0.0989544325940243
2017-04-01,146175,153255,6091,4.4,120400000,2.3,4.5,16.1,22,10.2,100.0224,224768.11230884938,612674.8558535974,1858223.834679107,227798.44572574578,1183207.82150915,26.18,10298,128.3,190536,13205.515166708448,598,1146,1271726.2471797443,1251,196435.19679117572,239384.30684382052,122.8,122.4,244.193,251.227,99.725,99.723,14509.3,51.20080220606668,96.75814417725572,17.166,1955400,227800,NA,0.9,2.2975,0.40968343296359155,2.1372158711846816,1.9385487492589897,1.07790129308868,-1.3932423322222742,0.0587133029372106,0.7603444856201654,0.731347816848596,1.2394189338705073,0.1201384761575182,0.06592792512926221,0.12899167219073598,-0.6651503617497343,-0.2381464111889379,1.796455946975112,0.09494632953280958,0.2941488983037545,0.7574025987174072,0.5874399924965326,-0.03818304017632288,0.3689066016276354,1.2843131702497175,0.5130756711704635,0.4397291531485428,-0.5250297664868431,0.890499939128711,1.2219860654725136,0.3274521607331876,0.9298354468752944,0.8252959672249701,0.2650276837748806,1.1046106994719844,0.4664218588716202,0.5018752403477885,0.7981078051035578,-0.5822483746940194,0.3983848383274635,0.18868734995359515,1.1766940421802499,0.6654522748382796,1.0012314058353935,0.20123698963739065,-0.2427534855055596,0.8874513263933861,0.32333856904250796,0.7229554912103874,-0.7178561040421239,1.4304371949205985,0.6103243737836023,0.3306522687882841,0.2242308341269546,1.1997431777755994,0.3494924274931162,1.3319580799570572,1.3476245600520194,0.6264444450746249,2.0840258638813465,0.6888319228297141,0.9363889750394232,0.25274896603030267,-0.31948030611828926,0.1894341675432525,0.3830914728128179,0.792814921538812,0.6807970418659653,0.8616461381945492,1.1650613189610766,1.1491853757178512,0.5920889634499427,-0.20990217171766537,0.5590454667762111,0.5649630238851119,1.2820171287546944,0.4511313304559681,0.2859236960377824,0.3415674880936119,0.39583215076805445,0.581557340662409,0.8490175000631802,-0.8411549389784673,1.1548292451236035,1.4187776739695765,0.33661369201352287,0.6987246424305233,0.435667025424089,0.7208590177664557,0.665451002287011,-0.5120603903021681,-0.10559796222085976,-0.5299508402836808,1.3595385276594374,-0.14252916553885295,1.0005077999047036,-0.3303849317238023,0.4221555285868839,0.5473577610718509,0.753594527163115,0.35910395390720284,0.7612057254528637,0.1997986401371637,0.5231869299518559,0.15076015763305803,0.19933661660361215,0.6879241249838539,-0.36411116329439885,-0.356907204367526,0.10148561887685549,1.055531247780002,0.03105003853850948,0.548022137851143,0.7306061782698535,0.26845709855114347,0.3420237539840484,-1.4936590607051388,0.7738398206539182,2.447324257551101,1.5162038235446502,0.3451339485727237,0.31364202912201194,1.1041247903868514,0.7001860689661673,0.1036541428160033,0.43562709853945897,-0.034784643953399405,0.2661895758454497,1.594990253187024,0.5220247979691376,0.5263106588557146,-0.4160449726536133,0.2283826332860031,0.3851100267312106,0.4354024249129547,1.0632768192320627,0.542464849824211,1.626183206395845,0.4861907992918459,0.46818334613003193,1.5407457315224282,0.4013344106145628,1.1407037675081366,0.7651992440766969,0.7084658822379192,0.8929233383949355,-0.14895280727347898,0.69569567747621,0.40065668239147556,0.5074813175441459,0.9387082184279095,-0.45981448213735804,0.2468300470527356,1.5135466555341193,0.2856901782974292,0.7531002416727752,0.32060747180642163,0.03540246064888262,1.261075200773125,0.9205339221781571,1.4865757279739629
2017-05-01,146380,153069,5826,4.4,120556000,2.3,4.1,6.7,33.7,6,100.1408,223001.1436367649,616438.273710399,1862421.8418027933,232282.6588551594,1178687.2253766977,26.21,10329.4,128.3,189650,13213.9202664473,635,1157,1286209.1450813587,1208,196144.74027407155,238706.0853514175,122.7,121.7,244.004,251.43,99.682,99.803,14610.7,48.63465821311771,96.96727538292947,17.081,1896250,239000,NA,0.905,2.3125,0.5243875356006378,1.2204729470617457,1.6790672780426685,0.9678310913281837,-0.9492676466125012,0.21864098988440367,0.8909124980792301,0.21487811364919798,0.40300336463770375,0.4388807183082118,0.29238801124942343,0.14601146991172642,-0.40893209562264066,-0.09663296760769638,0.4010690925603165,-0.051627046522317616,0.30809243752677273,1.0246956413979302,0.4966901923897786,0.20241100428917405,0.26898460194291524,0.5307588405470502,0.49457870650569874,0.29350085825613725,-0.12736045839968332,0.1296791731495641,1.3097267826622314,0.13287739813005983,0.8355960867971206,0.6525173683226284,0.12748352776265187,1.3444694905883523,0.335298210791262,0.37299957131397543,0.43589465283143314,-0.8446605353352091,-0.1538576275120161,-0.02177115186136581,0.6783535319844584,0.18451183169593682,0.7802243571398295,0.2826594196928802,-0.4044554275297355,0.6669921635193083,0.5729546871947799,0.49502054846205173,-0.5895010963084226,1.611437190989689,-0.022054074442057727,-0.04641789647298884,0.11850981306359601,0.6515071911005338,0.6259176657210059,1.0181920599474716,0.9857142321072467,0.7295783133366707,1.3019582407605248,0.7221100944756683,-0.09094632722069605,0.871738042682796,0.13844977512352488,-0.08947343397586019,0.24125007367103427,0.6167502490870529,1.696699950580282,0.1475923797728626,0.9751935603222465,0.9486208147998648,1.1385609931083167,-0.22209028763396818,0.5718151102365328,0.4126362077708849,1.3352379064736017,0.6080903763767277,0.3379507457545026,0.3243078801012575,-0.26157756486730954,0.6697622577162108,0.6108141120396354,-0.2278184843084347,1.1359065949959561,1.0193024541836533,0.6843916232406416,0.9848697945466742,0.5347512123568033,0.39531708896954015,0.8861463954955425,-0.015463200394558818,0.16634532799095805,-0.459373528376776,0.176801235264727,0.05161492748309954,0.9805143487273158,0.084552783781918,0.38047217898409413,0.4367993519182217,0.1616191634102814,0.538218591001502,0.565890383172802,-0.03514291549806503,0.6328967014616689,0.21729683140406883,0.031755915739966944,1.0230197561056955,-0.4611107739777307,0.8185377663081236,-0.20574406305507076,0.4160228505481986,0.03618433804209034,0.42364877143319063,0.2439300329782532,0.24525089063596867,0.3002179636098408,-1.0497186371045426,0.8383299634482246,1.8900881062997075,0.8304992850955649,-0.4168198958712599,0.5010909122553348,0.6163845429510145,-0.17181430195871258,-0.04940963687015374,-0.48813850298457806,0.4620902402915566,1.3995806779512394,2.263347696493205,0.2212915258064003,0.29355293581920416,-1.0578778676960008,0.19305209488087136,0.3308993343272867,0.47214462100127985,1.6093793732667625,0.23106900977034348,0.4109726484200019,0.4707684746213125,0.8078083347587589,1.5519222277096458,0.5159137440282193,1.3591151790691551,0.5266210444545919,0.7268958447199566,0.7237359094540151,0.06189908592749694,0.48414268946997663,0.4053664133813482,0.38287887645468643,0.778054106058442,-0.44568655398545376,0.1442856460232588,0.44328070760798083,0.3110711790761151,0.7577482223142972,0.10915406346361911,0.02689696376694404,1.4720408904787579,1.0286827981421691,1.3364534994332844
2017-06-01,146583,153318,6305,4.3,120777000,2.3,19.3,5.4,28.5,11.6,100.3471,237535.83385121182,620965.0582362729,1869877.7988395893,229985.16528677105,1189641.7617224304,26.26,10380.3,128.3,190500,13256.21955375579,619,1249,1280438.2254475472,1353,198418.298819237,239571.5975382395,122.4,121.6,244.163,251.746,99.766,99.937,14618.7,45.28596916785278,94.2619562339933,17.13,1916750,248000,NA,1.02,2.19,0.7023523971715502,1.5106677892231453,2.437931434766794,0.2958363361335529,-0.5983928124572273,0.34024914191171224,1.1351544469325219,0.5857591028149088,0.7896855937048157,0.0471797972311363,0.42531374461240046,0.013277099758308857,-0.35577631077530714,0.628212401776997,1.3874301501195194,0.004179284382908544,0.22154197440490642,1.0846766096664495,0.5440652663263893,0.610485036199302,0.543765887171596,0.4414120435203084,0.6741083583840108,0.2750186788380027,0.050765855939959866,0.37382538158525774,1.879658338339264,0.3597292531678844,1.3746054964653496,1.103761637449522,0.4216627999220066,1.299444817256365,1.0288682247140455,0.26524508293245597,0.21896919740012658,-0.42498258145986867,-0.21927342700389077,-0.3243408524701855,1.2181402879457917,0.4186405874928062,1.19550143944572,0.8141512214130798,-0.37623602397217654,0.4145366460744746,1.0825250240206785,1.207654342661294,0.7247283164796252,1.5898465513354825,1.0225678170742538,0.5861444127916212,0.4308412235764001,0.712134676826322,0.9077213684336668,1.018862123252612,1.4879825251049381,1.3484319092416495,1.98244380190522,1.0118247853645033,0.513464611397087,1.4230608841813044,0.008554394294508681,-0.09515364597928641,0.4017496859148815,0.6722256490574675,1.3250464935247608,0.3824239372010246,1.8322137474391809,0.5377812790673323,0.6715041261958179,0.6450157825947673,0.7220612153885868,1.176466266332965,1.4868943017364094,1.1771388327755934,0.4516527178239009,0.42201352439542744,-0.526805746345957,0.6898455269482965,0.6324310115592827,0.0131866255596437,1.8013502949092686,1.5325048951557227,1.1324753635603304,1.6755936191663776,-0.33001003925756073,0.3108499512581464,0.9420710284256374,0.32865221153151297,0.5728670702365385,-0.22484548468419233,1.0633929128956428,-0.1000042297437016,0.9038758478262082,2.1438570775677963,0.662371264123,0.5206423551780796,1.1399989439766727,1.2356608858399065,0.6825916705012458,0.45593998748004066,1.5270842992123423,0.8455619911463139,0.03823668991656444,1.868788991433052,-0.032397264586110766,0.5847102914951862,0.34532602169307636,0.29695785893025417,0.032107430756104276,0.2232650432767704,0.8527586583816201,0.3923517887372744,0.46365977976796124,-0.684607684083978,1.1214210099402548,1.348748368722504,-0.5083629524187439,0.16614082812235087,-0.15866599802587747,0.3908163442739287,-0.0347053829420769,0.3457855910603145,-1.0898826187128503,-1.3084333674125253,1.389341380979471,-0.5298627107553107,-0.054626188397084864,0.1938964190848138,-1.295551136583525,-0.021814327889473517,0.6445152300288323,0.8607306365933943,2.6810347754008634,0.3806816309927883,0.621477200013543,0.8064381418693634,0.48155720847275063,1.8983621385475673,0.8336962337257117,1.4349871267911867,0.8153294228418896,0.8118281087905218,0.12650726001124107,0.053745462152511234,-0.006385723046111891,0.2027907069040981,0.5321860216642499,0.7294938106285155,-0.13264212452965649,0.10083051106190122,0.012426443106800562,0.3482141110784069,0.547642023251304,0.130684857561227,0.040387603174915486,2.0877289330650144,1.3478322823255413,1.4684235547871467
2017-07-01,146772,153569,6238,4.3,120967000,1.9,7.9,4.7,22.6,7.6,100.1068,218168.7925212669,623720.7298377805,1873240.0949237694,228848.8321994329,1182718.9563439977,26.35,10432.2,129.2,190421,13289.480276144004,572,1206,1278137.9317254992,1256,197545.16397302685,239299.41985711854,122.2,122.2,244.243,251.985,99.803,100.01,14660.2,46.72204242357444,93.1570157050335,17.237,1927200,250800,NA,1.1524999999999999,2.32,0.9989660918295551,1.5243131193652868,2.186140510545462,-0.14020475650415093,-0.8851046980862908,0.4731306811757659,1.0740043374013521,0.6927314055598949,0.5575498486196209,-0.7494456102073062,0.18583291640559757,0.4335081362428348,-0.38991008704905783,-0.0655243245809003,0.9727561121251139,-0.3041875226677648,-0.042258772264844265,0.9917321609771153,0.521134531008871,0.22548109192645543,0.2977941293478536,-0.10853609653997759,0.5405512327855874,-0.050117563746148064,0.1268787366123019,0.4323028808127206,1.8307223568073618,0.08104555594386645,0.9392424295614927,0.8037731723450915,0.3248126799247942,0.7236176343898485,1.0866580343063732,0.286563300744902,-0.36510023105273426,-0.23208630633943764,-0.3822213620431697,-0.04155409528039923,1.5054470182839905,-0.20736761563217088,1.1722116537815626,0.7450012874778436,-0.36346652561861853,0.553891651513947,1.357173630823735,0.5892851721167092,0.896790520083682,1.3983086242290608,1.1284827995530513,0.0988659636866805,0.09632292701216584,0.14781745117419773,1.1289636262937655,1.306817943396255,1.616493022114437,1.3052490260195375,1.380565481631374,0.7594084473667541,0.3485560869345562,0.6646790892157114,-0.10243368969088586,-0.09480066094989868,0.5465814742539187,0.6153947216213888,0.8311275093122846,0.5020420124347742,1.9205943647133783,0.020062163861743105,0.2947079381869196,0.20854623932917443,0.9735346635543763,0.6560355245471031,0.9418881632849898,1.1258329271066503,0.5017679948232551,0.3478734112499156,-0.34174303224416636,0.6083833364537303,0.9796456102484474,-0.27253903471600005,1.5800419646692925,1.4220788626684013,0.8772130476946106,1.7285134227567764,-0.9920769740396645,0.6356430327738283,0.7925856500513142,-0.25791502242403547,0.5544108872283806,-0.13783490943477572,0.784054115197581,0.2697940834120573,0.44142366792818216,1.7107704276518743,0.3472490276527883,0.49137379329607583,0.6522213480099557,0.5357961744634296,0.6144653706831235,0.1390966280104686,1.1666274588763172,-0.22606937843169808,-0.063617493811844,1.5946408835895205,0.1514793721290771,0.5548062195868737,0.04342820230309417,0.23182908925177376,0.02537304681539846,-0.06487792575700696,1.2244601016312278,0.47673330690190135,0.4495761422296518,-1.0211139584917583,1.1433665471547396,1.2571930451390387,-0.814959861636792,-0.11643659298394925,-0.700702853451061,0.3305973808370341,0.2870452257126147,0.3179232835801841,-0.9022984901751048,-1.9004721750083342,1.3905555859192849,-1.876069842521273,0.600429591579691,0.716032380457685,-0.46274204994662976,-0.13327499458310257,0.32109930624654737,1.1176363664680378,1.8898578283119687,0.4473819760364886,0.6015028208168764,0.661121261206383,0.6949694803568737,2.0237404461109163,0.7647968775687205,1.7644351942493302,0.7874286266849941,0.655352418206453,0.04305337606276265,0.1404812843638719,-0.6643253041000542,0.02560642072047258,0.5488861245044259,0.5660025899524036,-0.37937453395939713,0.1630129186165845,-0.009083188610426146,-0.08994826604230495,0.4525584962491749,0.09967364239440238,0.03857863236473426,1.2616722190490632,1.056854816176565,1.00675507690876
2017-08-01,146919,153503,6276,4.4,121148000,1.9,23.2,5.4,19.9,11.5,99.6925,221252.26188928992,626402.8712247693,1881803.4786739983,231026.6228118408,1174523.8785527907,26.37,10467.8,129.2,190070,13291.011426914733,556,1159,1273699.1012426645,1319,198793.32580203345,238545.59268997368,122.9,122.9,245.183,252.535,100.027,100.118,14678.3,48.02703270117068,97.52177264947794,17.051,1923500,247750,NA,1.1575,2.23,1.1254403384365812,0.5447597502456962,1.42102454164285,-0.5578505678309796,-0.9415455894495581,-0.036920865839013946,0.05338492377300941,0.10968480192639683,0.21519350153551023,-1.0677472457017088,-0.011859734484929697,-0.06779143185933151,-0.4360638118110081,-0.36250374153909,0.2915720316245088,-0.1911351775560706,-0.08120759182481897,0.4751778568935978,0.4789805490673663,-0.4707175080405848,-0.04250149424569877,0.5411301402823339,0.39792643236454883,0.0561520048674291,0.05346840716366304,0.13444367724657258,0.8865576703254867,0.15612994583100692,0.42277226721273353,0.630277781641802,0.23977381387731425,0.3257845830445722,0.7275504125351108,0.38732911412579435,0.04712291624210553,0.9947136444790524,-0.1308882985228876,0.4065031812848528,1.1640960515355618,0.28573383228282506,0.451747712980196,0.5207079998519937,-0.27286545120309974,0.4950112069529222,-0.06387306685136106,0.30219301578505636,0.5330892462756437,0.5740669158116081,0.999010616528299,-0.3739409539029661,0.39296589320405345,0.2572505226975965,1.1657324953310102,0.959118647208248,0.8096791818064623,0.9251232852410457,0.8023973021771383,0.9239538113539081,-0.3827827817427687,0.45364550239998386,-0.2166902696766091,0.13053854746182705,0.7673673331539898,0.5596279589659512,0.14447895591394222,-0.050242057348766425,0.7922590122844492,-0.2388731547034554,-0.14805945006853283,0.47246744458160206,1.627488684606665,-0.32856104861768365,0.806867771671865,0.8514711064550693,0.38030530953218794,0.2614295150730371,-1.403168094413366,0.47525531389972475,0.5557107201541497,-0.5931453725649346,1.304506948576697,0.7815602201144212,0.2971565278799461,1.1247316237461897,-0.7956197677225693,0.9006231197754381,0.4425497445139175,-0.6466747897799512,0.2688496645429397,-0.42961866051599784,0.4687890538275445,0.8696155084876567,0.21839566110317943,1.985135940378021,-0.4786477525857295,-0.2919166251925304,0.8589822246589057,0.1927996199431522,0.4035970611416754,0.37765552123695395,0.9474959985416422,-0.30563071010579945,-0.8642227180590683,1.5410232080704125,0.12425476272626099,-0.1313291268676973,-0.08247075177308842,0.22960005010535545,0.022522144659569945,-0.03213444379704275,0.5711147084885468,0.23909284882918042,0.49477117736873527,-0.9702064280350059,1.018105177968175,0.6734191427571385,-0.8392441599333508,-0.10974746059692123,0.2896693350625619,0.12311127637890944,-0.1353421765835004,0.5008197062859788,-0.9892669145333393,-1.7246329488665704,0.860205553769571,-0.9795397272622909,0.5264796777509427,0.2569937384040673,-0.33075474333239996,-0.422658774180816,-0.3581416180817833,0.6266584916059567,0.7395266360194788,0.2790822489307434,-0.01429131824237286,0.3285179277996453,0.448077666767885,1.2036733756522873,0.22036783030322277,1.3672285892605254,0.711196227315839,0.3439348648877184,0.5685388906980917,0.0742088567827265,-0.3677430231387802,0.13776581319882203,0.4508470552787201,0.6309243298422733,-0.46755609707129486,0.19519629607802313,0.28168380913217766,-0.17969625369516745,0.18199624243133386,0.0047266801430594,0.032563863761977174,-0.5900128618851156,0.6722515327844476,0.5389316277401603
2017-09-01,147008,154286,6320,4.3,121320000,1.9,20.7,14.6,24.5,13.4,99.7954,227870.51792828683,627531.8725099602,1881493.1982125468,231516.93227091632,1170842.6294820716,26.49,10535.1,129.2,193042,13363.844621513943,637,1181,1274926.294820717,1273,200195.21912350596,239998.00796812747,123.9,123.9,246.435,252.812,100.4,100.24,14706,49.6215139442231,95.60475876058904,18.313,1892800,272400,NA,1.156,2.186,1.026736118576144,0.5533244216583665,0.3373677354639146,1.2560139117983555,-0.7080676445869899,-0.11179799487501037,-0.33524478582917505,0.13971000405717646,1.013863840077688,-0.7126611077551731,0.42881308239479177,-0.10125667647596301,-0.25946631780962337,0.0018393270780149241,-0.03815904465138033,0.24048687540501318,0.0251612628202653,0.48230525865694945,0.6330762070968734,0.24085550990232465,0.7067441025391344,-0.07376712419229285,0.2562114903623787,0.13178928414409113,-0.6241315505123863,0.40142613137060107,0.41745066737112696,0.30476893817725365,0.44587377689524493,0.4203981638730176,0.22602154965108975,0.47689040014230494,0.5724248251671704,0.4253831609452404,0.09583596948387621,1.6906844787711228,1.3288667216647585,0.4122671406605339,1.0540759495310617,0.44618253928453566,0.4356704696095893,0.47745475409066856,0.757326025441833,0.16183437245757887,0.35459454574113264,0.13453177131234884,0.4530333912701304,0.48660327096762296,0.7960063005540342,-0.5357154379814385,0.2149782676070153,0.9956979224504218,1.2075403012919594,1.2238659145031094,0.6058306936513689,0.353288038701394,0.7506432440299582,1.310854526325055,-0.49054418560039054,0.5495328529156459,-0.36407916790394396,-0.4455983355466859,0.9049105030404935,0.24791314279113316,0.6485341976519687,1.9741196245351538,0.8190533112154801,-0.04932619210420446,0.7546035492707995,0.5421299090415225,1.2716742296239245,-0.10226521683193618,1.3760070358167407,0.38194247611966287,0.508183573112264,0.25141115602308867,-0.9283010426994612,0.7518587427499215,0.21566619492551561,-0.29179641613748053,1.6389904832106241,1.8637998384508667,0.43316723415666064,1.9461217426465705,-0.1869981836583692,0.8736858600985168,0.5222776681589845,0.11673239197199117,0.16928057711815558,-0.33563187770807235,1.4362038546475993,1.1791584914321862,0.6594438605470415,1.121644230813254,-0.7338358242297202,0.2278403512716463,0.7553676225983998,1.396367553233328,0.7937727334752561,2.890147453133251,0.9012368553272507,0.3125085694759811,0.015855003209454533,1.904827578290692,0.1595655642921727,0.08397435024955802,-0.4634893512761574,-0.2557868545001476,0.02396966477103044,0.015157656140567117,0.33523537323531827,0.12612711210760486,0.5374768835449931,-0.4966032422849793,0.8631887937477263,0.6410687773116142,1.2059173812088375,0.5225400834314545,0.2682843383865361,0.1835510216070549,0.06532333783883557,0.7128813360358898,0.048256638028171914,0.020518682377004698,0.9800602199252841,-0.007175594276072809,0.9523015631780317,0.14923029799483437,-0.6471795716090737,-0.09801233195196371,-0.323977435381865,1.0359086423902124,0.12281304040856131,0.7503156178241419,0.6046201268008561,0.4759073622873673,0.41787806029832514,0.27948631100618626,0.11857191807649374,1.3940211403242921,1.0193127604236258,0.5333035138879175,1.2202633860812913,0.40545891876876894,0.2927608908370836,0.13844677711585174,0.6210565483895122,0.7105187924385746,0.36486349759783815,1.9096768940426097,0.5221153101138213,0.05335368323776582,0.5307834585780545,0.1899965735637982,0.026321489616483493,-0.8639026549597467,0.6479042693615384,0.16893498557915143
2017-10-01,147149,153609,6408,4.2,121431000,2.4,25.9,3.1,27.8,24,101.0247,227126.95586436026,625075.8472510966,1880142.38577029,232315.4051983965,1168319.2249156975,26.5,10595.6,130,193048,13376.47093931225,626,1257,1277108.5535804876,1356,201669.13688315047,242719.16125374258,124.1,124,246.626,253.526,100.531,100.486,14748.6,51.307556873004344,102.12168584392238,18.482,1902750,242250,NA,1.1524999999999999,2.355,1.0402656228008247,0.9112671963595944,0.3916859423721199,1.1141108487253877,-0.7445720199721833,0.19981122932557782,0.5280519853305862,0.21555703551546077,0.4359691457807959,0.16707211152187762,0.7394519238188731,0.4120508397341466,0.661319186673801,0.7003545726203119,0.11051358459187713,0.7345151868409645,0.23032299226470154,0.16667428398833886,0.8047324887249309,1.5310531422878835,1.4745066269959979,0.5310478047537638,0.8442964181070057,1.095218788309621,-0.9061544760872164,0.7645590202361832,0.5055985046762386,-0.03463913468587324,0.46116737786435996,1.516675671999056,0.23347793065763864,1.0463469129165728,0.66578391674902,0.6041456823893842,1.4557263091487598,-0.15803136317199465,0.7603996299223071,0.4040051859928282,1.216467354700925,0.6540619959865611,0.5738408917778123,0.7520851992322007,0.47435435460285374,0.6809435248699551,0.6393712039085604,1.5859879494456566,1.4330422760320125,0.8907142511564271,0.8242140267703972,0.7051509886382936,0.9372466307575551,1.423515058667536,0.8202515180635014,0.9928068830734197,0.6698500445101107,0.2215232216165435,0.9674464627320895,1.263678665356062,-0.172900163866174,1.271203992716101,0.39706224764817,0.1341133991835787,1.1139092733279043,1.1373378191851822,0.8881401178337597,2.4410748229431944,1.0462992724857134,0.5429874593735585,1.2688706489245156,0.7826792026900091,0.9530357272787249,0.878533321142807,1.8740734547768034,0.6737899274838117,0.6288912136188481,0.3246975898980821,-0.27648362541357724,0.9558033391627478,0.5984171530312516,-0.19154402753017333,1.7492597637142422,2.54171229620562,1.2817423198709548,1.5332724389712478,0.8855335933922408,0.44013014164816666,1.3017874811029286,0.608469993715171,0.5987252774554953,0.09763173848594114,2.218745930658194,1.6359777656875085,1.2578767409386957,2.5418785168408826,0.8049429791654037,0.8210894869979608,0.7459533481631542,1.790210935420862,-0.20221272926030612,0.5222563507640698,0.7952213780136369,1.0963661561971283,0.23715876642292677,0.77690087064888,0.2602552022474956,0.7565316807091693,0.017258841154999892,0.6839275335245968,0.023100656299707745,1.0090619322896333,0.2658214311209895,0.2662940964851288,0.3525570432468185,-0.492050949084035,0.9018249211653131,0.7938340791200893,1.9549138525778802,1.047378660842386,0.6233218192417502,1.025274740636453,1.2846747441948778,1.337130738942918,0.472627991899889,0.8266343821314401,2.192685552416373,0.770683365083447,1.2669966109707946,0.4631269362250137,0.4392978511577013,-0.057970588325032824,0.590993538632819,1.006575295363438,0.5600369692911856,1.0743355163497743,1.3003045841020222,0.5257884790643625,0.3287671527483988,0.6300015207375461,0.4020158586524601,1.1674823056486574,1.1576204410430704,0.651420872571608,1.4773485653586056,0.2693177417576433,0.9027227453064773,0.7903864357243865,0.670933128297137,0.782382366634291,2.8425306020795658,1.121113768111603,0.8882279469198946,0.1258878333658346,1.0916168458781328,0.12035921094123792,0.027426924235262964,-0.5889503391927562,1.6714012703789816,0.5975566878959023
2017-11-01,147372,153805,6271,4.2,121610000,2.4,17.4,-2.3,25.8,18.4,101.2664,228691.33349888257,627498.3858952074,1886870.9793944843,235515.27191457662,1164136.0814502111,26.54,10666.5,130,194493,13449.81375713931,711,1273,1300521.480009933,1299,205395.5798361063,248977.4025329029,125.3,124.6,247.284,253.816,100.675,100.535,14771.1,56.26024335733797,99.85267542725572,18.003,1963500,247750,NA,1.1575,2.355,1.1583598008261506,0.8030265702639534,0.10829652632626022,3.0060630168817912,-0.9835715881602922,0.39020978906932346,-0.05901536954263592,0.1989030574852991,0.8510787422478673,0.5066429233961262,0.5992648904420584,0.7661893731320296,-0.012596796225928313,0.3274030133121643,0.18204177011740683,1.2968076054038846,0.008422514092327147,0.16373324561685365,0.6520391327215725,1.1961146690823206,0.07713691016318844,0.3465635613125047,1.0749022543715132,0.6010060785527616,-0.9810581627125017,0.7698975968740713,0.5087402812753294,0.14546434302750355,0.27185207381002313,1.366742872631943,0.3722007281344535,1.0016820492053722,0.5719412824733721,0.7886502180055273,1.585705235038805,-0.006821043164609323,0.846774162079045,0.5855408932949293,0.8756639551575496,0.45779581879204867,0.6405851158196182,0.6797841736072899,0.7716762293415385,0.4876923041378713,0.7871975960255833,1.730457910278516,1.6376652493892898,0.8481601052624895,1.003653604663111,-0.10003763521863837,0.6454830662664459,1.1310747265601804,1.0655639217719157,0.6375581951242929,0.1997334054339736,-0.1997349528347114,0.4259708270653617,1.4176525281810186,-0.512503791159539,1.0982883380024502,0.45586044238123186,-0.4648337694464995,0.8814225491392824,1.3853008191055949,0.6575039803630253,0.9715268885077835,0.49428687458587894,0.5339158870240995,1.45223997450794,0.11831302769795729,0.4956738500558834,0.8927431510957752,2.9766727199672447,0.9583171474399097,0.7403195085568107,0.3043198989969182,-1.1539094766536013,1.055873910035132,0.48201468817648974,0.06212585267869574,1.297736816228221,1.5975308018520504,1.3145024338523836,1.6368389865790536,0.8838734314943623,0.6932364196169983,1.3489912637190271,0.4408131017460387,0.34749369102490235,0.18409511359305297,2.51773587946175,1.2789224011175535,0.9495378894314676,2.736217403762068,0.2603934627324996,0.6633049606336329,-0.09082518959981695,1.5796366065329503,-0.5553206490577941,0.207321283591048,0.3853630264650143,0.2673866721176849,0.10951330005207036,0.2206526522832363,0.4555327104842787,0.9908213580946317,0.37594282002019996,0.22369776734249536,0.02580070746254292,0.4280824499803437,0.47306560375179524,0.26002487516619677,0.8256989561348271,-0.41048836494021923,0.555174519797428,0.9013721241879833,1.4708375620206637,0.8896111517941372,0.8638727955108498,0.38422268525133113,0.9404313982385154,0.6395176363665804,0.1577667912051845,0.37745967085236415,2.3371207219456402,1.4724101470943056,1.4017053188979767,0.9266579973522038,0.729682256220289,-0.033692394859597775,0.6386220886324718,1.0776756538897314,0.13235668459249456,1.1394351328351358,0.29305503300789065,0.4256211453811956,0.11327270829858715,0.32993600414585333,0.09802013076298528,-0.13866031219248687,1.1688169853660086,0.5261106429305362,1.847373373269965,-3.4038403776726945e-4,1.118306927630697,0.81290445266818,0.8140314293183462,1.5867463941923023,0.38308916016577804,1.2178015831579425,0.24785687208158094,0.5345024174597903,0.9741863543698062,0.9093084936825454,0.04610775710185235,-0.3820931177934595,1.4748061055215895,0.6639969277325612
2017-12-01,147523,153904,6336,4.1,121789000,2.4,20.3,4.3,29,12.4,101.4644,239742.71233175628,627486.3371718194,1886598.6799119478,235138.5128098313,1171332.3613136152,26.63,10714.7,130,195148,13554.81496910366,630,1177,1303652.0169409153,1311,207847.57143849,252290.6934071275,125.5,124.7,247.805,254.344,100.821,100.683,14797.9,57.40867478005575,96.1868768161446,17.887,1971000,242600,NA,1.274,2.396,0.9585027060833761,-0.4581580507183802,-0.7090305676271417,1.5685808259682033,-0.27765219418222215,-0.12039857874862972,-0.7138126310730493,-0.5389654509255265,0.7192645574709353,0.1340702330801992,0.4425269991350966,0.6638747810938239,-0.32170741121738367,-7.984363234521746e-4,-0.17904191930804686,0.8290637959002803,-0.3933541547711574,0.052642682140878985,0.2301543751039316,0.27939177375350843,-1.2724488207198932,-0.4368373488656289,1.053845757290497,-0.4836292829946667,-0.6194944262114999,1.0562744016274368,0.14233360581011334,-0.15882730471870812,0.03256202158074824,0.07875161016331385,0.20794945110045002,0.6613387364871618,0.5019844064653524,0.5269016907147415,1.0654750519007736,-0.5434110005991615,1.1396203004907632,-0.0726357189471955,0.5606466254558615,0.607695095363687,-0.13347236847248817,0.11315493130969338,0.9959561260347938,0.468986722209686,-0.03486027626378803,1.083347295279881,1.1713265590098723,0.427114665858354,0.7160856793670953,-0.10941117662533724,0.7190375483047994,0.6212064174998232,1.1417275434069778,0.5404092879502217,-0.8041744510085589,-0.358113431289242,0.23908497684870922,1.0764659339866196,-0.39298606076410086,0.7401672717273777,0.40841313725612377,-0.5204671505535174,0.3369337422956201,0.5355814014559775,0.2490392728303955,-0.094196128400015,-0.8172555984049344,0.7614618877608096,2.720679298071406,-0.015122871286084288,0.45504448163453115,-0.8687239190581778,1.6583917443034124,0.7379305349923725,0.6782689550766152,0.17189805024113583,-1.2303652912308944,1.0117040461040887,0.44952415656479167,-0.46969913549862985,0.5870500216751969,0.5391560505124786,0.34554538253875233,0.8563915768528393,0.5242087315331961,1.1952125711834236,1.179303661920694,0.14977172108982514,0.4167324435809289,-0.018295887481503462,2.8554452150167493,0.4065856605644344,0.7842415856842474,1.4575458859548112,-0.06370929400508538,0.6997559722252301,-2.219810064329819,0.5069885824144147,-0.23007861223865353,0.17075478081043446,0.14309951532972978,1.4017357478543881,-0.08310342142825562,0.020094933462535602,0.6220039524682694,1.0163101691305858,0.16841303227190313,-0.1598297699863743,0.02696569724016886,-0.26398083876881784,0.5357384077071579,-0.36497273418092635,0.6294413336334956,-0.5131890090224275,0.6957632387809113,0.2854853414163905,0.29011779047512937,-0.17741193541403694,0.10409388065114239,0.17915165660036508,0.5789939036166438,0.5311384412866553,-0.362899111087069,-0.22632619655233024,1.2451728228572279,1.120039583273303,0.657357791718251,1.3149980939047328,0.43664939278782733,0.61688648572919,0.5213680678019381,0.6320868721362258,-0.31867244452215143,0.8191818031162048,-0.08917051906818656,0.20971156531007148,-0.07496929301808254,0.05917864606523518,-0.07892412278313186,-0.6134970322685221,0.8827994738673647,0.24893508431755804,0.7129330035449595,-0.31191459253302306,0.05454774593794768,0.3571568090339429,0.6927801794808931,1.1321317674433677,-0.3334118938461894,0.5126896402981788,-0.6664725820948454,0.29816425681529274,0.7057925976237126,1.3034092997384732,0.02847988162715134,-0.6712577438043931,0.6068350850053849,0.17068765710449704
2018-01-01,147660,154425,6621,4,121994000,1.1,23.3,3.6,20.8,3.6,101.4625,225515.0742596271,630787.8536349173,1896350.7321000667,236096.2064842538,1160815.818338126,26.72,10761.1,131,193448,13540.944080475103,590,1299,1322611.8835166355,1317,204771.78628247316,249785.07692763765,126.5,125.6,248.859,255.204,101.199,101.007,14886.6,62.945286020612855,93.88887334392238,17.176,1979500,235250,NA,1.41,2.56,0.32865655483702383,-0.8074316972278549,0.7714790275909168,0.8265718237229017,-0.1659686121878117,-0.24050133637156515,-0.6228364066456277,-0.22820663525321497,0.9283664978758308,0.011304214668626402,0.251037222260854,1.3282587811445592,-0.055596024249486786,0.15801038289289,-0.3310846364370993,0.6378625748349779,-0.44171100336757935,-0.2959981770196188,-0.3229976408143732,0.2562406289953639,-1.510179005980233,-1.011251351651987,0.5474293932420687,-1.3752046528727773,-0.30861680012850795,0.8004248113517793,-0.019967514945186542,-0.3847866325743847,-0.05563932652020502,0.16555929029484195,0.18754092132621733,0.6083193310263971,0.362286521170165,0.23845484947384588,1.5893900322044854,-0.5645325142905923,1.0692133213944417,-0.16458075559601953,0.463918773857971,0.3939261734942945,-0.5928179796278693,-0.08723700515263372,2.4053643438665593,-0.007918062352978095,0.5714446378204946,0.26666789973612526,0.42182892286332374,0.5028491297313791,0.4124155050579759,0.16374720169991513,0.7785008851359025,0.22841368742785137,1.5564704330690282,0.360545760836322,-0.882166020616285,0.06191522601625799,0.47482201328113766,0.47782269071486994,0.4840884417183305,0.7669815244854932,-0.2820552178499565,-0.18250653755635135,0.23089144913767212,-0.6489940299885463,0.05607440231220398,0.028086427221727533,-1.6256424475259892,0.4120763401927251,1.199116794439166,-0.17873643390642233,0.3565645864090776,-0.10623835192643954,0.5423888368658174,0.3938076838052841,0.4235447583317927,0.11568882632439463,-0.9509356082038575,0.1351410580249694,0.05294747309586114,-0.5179702811069313,0.28971600713024376,0.21889821562136041,0.042616600476836686,-0.6281196436089629,-0.027358062371730052,0.33432572875180216,0.57518979716214,-0.2848588617003292,0.23891744291258027,-0.6970342662694529,1.228033880764029,-0.20602838666732406,1.0229928897951108,0.8401925026801822,0.15480329995128927,1.293499946517894,-1.7569472903246528,-0.42612607836875893,0.1556039205705171,0.5644635266920351,0.39273454136934227,-0.016430249490214086,0.01481918616317021,0.27510009436573785,0.316972164552596,0.9199286564707545,-0.0654673171011742,-0.1315810997761616,0.015025261913787086,-0.27279588401809396,0.1732066523892539,-0.01270618744873405,0.19538374496402397,-1.0461857407153752,0.2836733612953377,0.22088035936876255,-1.1514012589275737,-0.3462060360783234,-0.33452509726435536,0.2213278537368749,0.16015044913445645,0.0974209967517763,-0.6469102120058794,-0.6753072978481268,1.137747681749347,-0.4968038929516767,0.7464977284284663,0.2017230199409546,-0.062135495072083755,0.6328682013981198,0.500233724368211,0.31530955366052893,0.25180155965650874,0.3860988390139012,-0.22184760925461466,0.10345838762678569,-0.03202764873149278,0.7483892704445477,0.09897859765523645,-0.5752244903608562,0.5467616059072937,0.09943691027177541,0.25435793171609816,-0.2218418169664384,-0.31778057815719307,-0.20360771532451202,0.4097510526705874,0.15313845868337755,-0.35530271413523906,0.36566237716063804,0.4847917550903219,0.21604302163426908,0.1835769005507739,0.985979058178503,0.008393095713011299,-0.416633057170451,0.16990895828543706,-0.22349794892626804
2018-02-01,148054,155197,6552,4.1,122257000,1.1,16.8,11.1,32.3,5.5,101.7085,233641.6344561016,633795.4563382503,1901654.4051308243,237023.74378796245,1159266.7823617575,26.74,10779.9,131,193978,13546.876232547134,618,1277,1335842.4706160764,1321,207442.61260550603,253847.5191291315,126.8,125.8,249.529,255.711,101.416,101.198,14921.1,61.36112644947542,98.99050233328408,17.447,1974250,221000,NA,1.4175,2.8375,0.5619797440961829,-0.49108097702229536,-0.17782487293556745,1.723439685770405,-0.23958093979571987,0.14590004374574977,-0.5883682201804276,-0.21663107942104018,0.8648045159472662,-0.13260912450389328,0.02263516270026014,-1.815144538309055,-0.9237753373141869,-0.38892526506221203,0.040006770931106356,0.8173500788898873,0.16215188679132095,-0.27377297387733357,-0.03482574570670232,0.5540484365636741,-1.2678736847289673,-0.11726620516869202,0.12052701145414997,-0.8094340717193386,-0.43778531732194315,0.6997662841207025,0.15796237261437518,-0.1391365933101105,0.2130825979559049,0.5316757835794724,0.09124454894858257,0.481307913803264,0.021562874653265146,0.1105460048867562,1.8244893749415856,-0.10906122539196839,0.7260680438638076,-0.0508745185613817,0.6097307367638888,0.46311637710355447,-0.4064340151273764,-0.19723524408482396,1.3539825281973887,-0.3929319050466697,0.09952762752485361,0.07474490000639823,0.12146106783451753,0.43534195851858104,0.7280785513883502,-0.8647248639273921,0.2457401917778192,-0.20492426940724962,1.0146631837300255,0.5265610141762215,-0.6979102814528234,-0.08985242855215543,0.5268049968353918,0.2427433306306761,0.8258225316001099,0.9813397416959684,0.018477554203171386,0.23581315124419083,0.3970082678978366,0.06280270982754572,-0.1918357076261624,-0.15891342027842545,-1.1807718537297456,0.6500099209210168,0.5201122033532922,-0.1907925368643574,-0.12308153540754262,0.1312295796445279,0.33890936338646616,0.14170340791737623,0.293335247782448,0.15452690874508054,0.5453907305116993,0.056988305405815176,0.23235118817795394,-0.289061198545848,0.19912468171953385,0.6675338603987353,0.12552923287409065,-0.294603623333003,1.0460471546148407,-0.037156951639669096,0.2035935996888374,-0.5150727157777473,-0.07752871150084258,-0.41840858102336853,1.2701850697505244,0.4430096196243624,1.4334817639223525,0.06780592376877954,1.113874905334529,-0.06299878134434936,-1.3621470506678204,-0.15801926131372054,-1.0053049934752205,-0.17321910506831692,0.24056200887672283,-0.13153693074792755,-0.19467435569529362,-0.5515679484016056,-0.1323559388272322,0.48885004298047774,-0.28514461944653524,-0.11757401035279211,0.006862542705995046,0.23370341782065915,-0.05814080331414228,7.938297010723053e-4,-0.008802791798761764,-0.6935169111119845,0.5251834406003534,0.1560238199294412,-0.552428078766698,-0.806753936587641,-0.2647786131216912,0.013474029983036968,-0.27236658202879477,-0.13340811682677264,-0.19625594786683634,0.518911937502896,0.7102767179247506,1.0028992879638874,0.09566571446431722,0.16997820574988667,-0.4624471411765492,0.7062241535062187,-0.21321559700388143,0.3969485862783418,0.3816126404623118,0.1515849817687249,0.07125719063792282,0.08952579306756284,-0.022477593154805877,0.17192078533641902,-0.01309133024175037,-0.3789970864877168,0.5999607098056614,0.16386132692332173,-0.02945703453856865,-0.23985588713922154,0.7493723157053391,-0.02990481229023375,0.26624864684907107,-0.17416677019901933,-0.3334838217756067,0.5954610642264696,0.6872707576976452,-0.022230319269462513,0.20589158269878136,-0.04878829438122992,-0.0016616239421509,0.3165592952816786,0.04274314997923191,-0.11881348605964877
2018-03-01,148280,155214,6818,4,122434000,1.1,27.1,16.2,19.7,11.7,102.2067,240675.11130373113,634971.0413301288,1898532.7044552155,238168.31488121033,1164781.726488318,26.85,10808.1,131,193972,13586.147117922857,679,1318,1325528.9389700957,1385,209754.34380048068,251065.75785036053,126.5,126.3,249.577,256.271,101.524,101.419,14974.8,61.788345612860006,100.98846332619189,17.662,1945400,225800,NA,1.486,2.846,0.6480415179961733,-0.28483929060930296,0.08469768493606578,1.4662383639089873,-1.029898616026452,0.15096634680558688,-0.2593872392022508,-0.24440003835475255,1.0687697862442656,1.2012481607480054,0.05517850336872162,0.20869268159725476,-1.0146647436427894,-0.6898258922785072,-0.3858631483959545,0.523449258443522,0.42068196556239884,-0.147051531529729,0.013755802391351619,0.004205058406008117,-0.9224979274721093,-0.2457618753816749,0.45619376816958773,-0.7536218104359598,-0.5451992372193677,0.21979526163606578,0.3293358216870607,-0.2819287252524554,0.1948731633748643,0.504777327163305,-0.10797953658112829,0.43070506242249884,0.07680442707670461,0.2661900148180511,1.391924855277301,-0.965396748142975,0.47533152953551844,0.17097321726380427,0.8417060273247092,0.2146492845191539,-0.23501279809864184,0.34325767923508643,1.643917877090899,0.04926600021116922,-0.05074089731560175,0.36943981176969365,0.648961453496937,0.540794858462178,0.7272121733543465,-0.46540052655670694,-0.17260898823790458,-0.2649465977841515,1.0414242745256646,0.7733593309992756,-0.441736239636944,0.2741487976054963,0.22036085515652984,0.14310961074173337,0.7189251944127631,0.3511440455021825,-0.16252903050579207,-1.2522178566157818,0.28263768942657463,0.35975866257855127,-0.2221564427756595,0.05604605415651645,-0.400559134315696,0.6120236337789968,-0.1812948722994611,-0.6624672293147863,-0.1231350243101095,0.03823661795845128,0.6435096448477345,0.1308610993670461,0.30626063253216607,0.1092065102107726,0.6526319592663626,0.6478550411191434,-0.04981177588512131,-0.7877753676897077,0.44923605579804315,1.1428002399289336,-0.6270043294821049,-0.39325173662520435,0.8378436526573818,-0.13302892973222297,0.14258415658239543,-0.9466876674053413,-0.05704807522374009,-0.5737013378323441,2.5886774303398696,-0.39490091128662663,1.0159000817651402,-0.7407468315132731,0.18392958860941985,0.015999638258280706,-1.2406468601211298,-0.5339345876031812,0.112672841127568,-0.2392499993088988,-0.3515890097324345,-0.5474560603206649,-0.07252509402315134,0.7613602126778891,-0.8796379057755774,-0.9822898625174321,-0.3201239315818578,0.22139941329031748,0.008876806836203838,0.32566882003651654,0.04776742776933844,0.14785169236176698,0.21511271482792454,-0.7047239250617292,0.7147880826821793,0.09557576407406487,-0.8841358908376376,-0.49001776823854504,-0.2963037913542347,-0.2854909180912698,-0.44334777358977473,-0.7787450016334114,-0.21805893704691318,0.8947670057927964,-0.03972561653610758,0.8257546524435428,0.09279772405382015,0.01373971946194684,-0.9861654046426611,-0.3127514729406057,-0.19623149166814852,0.09216533706156403,0.6788394242822208,0.4134094534157578,-0.0688632850036069,0.20125609276247675,0.13872016496057663,0.07362222187175427,-0.01624296741610766,-0.2038792459386944,0.37874697524855067,0.25866412523232385,-0.47139003740366264,-0.36678129283814315,0.4871609708826916,0.009367773839821503,0.23514548551765088,0.7526009136128383,-0.4436153001274998,0.25493819076374996,0.8267846133192486,-0.20443814740797855,0.4420567681879982,0.2951008741657936,0.009314110058484008,0.47681629889269056,0.30519056964564156,-0.08333360354644503
2018-04-01,148420,155312,6877,4,122608000,2,14.6,15.6,23.2,20,103.3329,239639.9583357899,633374.6044847984,1896699.997183479,240548.90631448617,1165385.2956783208,26.91,10850.5,131.8,193486,13598.254819880902,642,1276,1330009.0403474637,1378,208305.32790912484,252210.95454277462,127.1,126.9,250.227,256.63,101.766,101.602,15007.2,65.10032820391879,98.55814417725571,17.584,1877500,221500,NA,1.69,2.8625,0.785297733751828,0.5329014855065167,0.9041331163441383,-0.10417391891193696,-1.1265307815053134,-0.3132330732309209,0.050004440969941756,-0.6911964383908317,1.3977664191337567,2.0197035757018837,0.045932735855699805,0.8665635817245086,-0.32894336431233884,-0.4688244602360984,-0.7276952788160033,0.22667440178777898,-0.006143462224846561,0.052164685640372056,-0.2847674182786957,-0.5813316232479369,-0.6533138274212317,0.2908908120640764,0.019549955367048358,-0.3496516915256268,-0.6279650267008309,-0.7892283170682238,0.5893284018306246,-0.22187850859455885,0.42120928372236055,0.43895266147417344,-0.16834705470194736,1.1067877922314453,0.20521032282794918,0.16937936099049009,1.4622426768841894,0.13531044007066173,-0.1589349966427619,0.43431722968523756,1.2785984343730032,0.03585455664542799,-0.3488275017497144,0.15985248141288488,1.4574083914249776,0.05516080680122957,0.25798602949623567,0.20344067961448886,0.9198438300351679,0.9028212829800278,0.30981266155853904,-0.5476519475747673,-0.529598486687633,-0.34740345369451914,1.062663697450797,1.0914137126948156,-0.21009868662797132,0.8287686843054722,0.3232717665643656,-0.3075750755391766,1.0727896906339576,0.6797436213329439,-0.1655082300004617,-1.0711220649513062,-0.134222303991782,0.3761097850906655,-0.43160414904508176,-0.43208196183772934,0.3726179400667195,1.006432357763969,-0.3468173273997863,-0.809585810947481,-0.7382243110828768,0.47990953101100114,0.5594061976596675,0.17593272893649067,0.15455642123463553,-0.005748842220912874,0.45173365563908424,0.31279758011923237,-0.47669625582414743,-0.6900500605826793,0.739100893388779,1.4418600374063903,-1.20224376893151,-0.33414880185365875,0.5997784153602352,-0.2771618648674612,0.10321751993181218,-1.1755226427323944,-0.11851305844746313,-0.7941817977598735,1.0001676269280215,-0.5403180507484111,0.46558002147767563,-0.5851505374508505,0.6605374703059741,-0.3729902376756048,-1.0649499610107407,-0.8234525290268423,0.483326141713566,0.0864970736415069,-0.6875112607681566,-0.2200461579579443,0.005003224477905099,0.4623736474842212,-1.7528878910996226,-1.4567154782523446,-0.5603773789038539,-0.3098269236883568,0.001837091894938577,0.46019492863148725,-0.18449770233017654,0.18762927226934342,0.3074757319725758,-1.5835161676444067,0.8680327132326814,-0.28178728273406634,-1.6401252108631872,0.5352807461083404,-0.9398302901076125,-0.5519202021958128,-0.5527851395687956,-0.7958693607327303,0.24735386111433055,1.705437753985895,0.30481222675206854,0.8939670929436535,0.025706851341937127,0.06362606271535996,-0.5269125961540411,-0.10223283443737291,-0.07692483945150856,0.4019552262285844,1.2050639101813223,0.05654736948600547,-0.38403492823191593,0.002503109647744378,0.42535014751761213,1.1624559047634744,-0.03247588663526773,-0.07175706254956139,0.5619439103886642,0.2159871982894124,0.3046713854010512,-0.3776597002389679,0.6911460062651769,-0.17389326059055613,0.23325526166303842,0.26039749366424364,-0.7346537870862513,0.16576545390716424,1.2499483079632308,-0.10822657392289706,0.7970868885215391,0.19930445175474448,6.140533770995673e-4,0.29178984884259174,0.46252808114353133,0.22913669001182457
2018-05-01,148742,155652,7016,3.8,122761000,2,22.3,13.7,32.1,15.9,102.4024,238537.9778499328,632127.4070295562,1895329.0043710188,240045.71271617897,1166288.3432573744,26.98,10883.9,131.8,196163,13640.242885590684,662,1357,1334814.2553045389,1338,211315.36869365614,250446.82708625577,128.2,127.8,250.792,257.145,101.941,101.78,15057.8,68.64755103442187,97.86727538292948,17.829,1755500,221250,NA,1.7,3.0025,0.6860134811331758,-0.361510732912766,0.511438102616916,0.4148032375387268,-0.9291477643609625,-0.2712341586212782,-0.4683205912298588,-0.9667148228943727,1.1094742326774139,0.23789468630821023,-0.34669012117032727,0.6909915496156896,-0.03981189734984039,-0.08824262975898661,-0.12596397004759305,-0.01238166557528523,0.04942557262349603,0.3658323240517453,-0.4114663478993618,-0.09787240024681906,-0.926764397757732,0.3222793019499304,0.4044526941959354,-1.0416118618690302,-0.38452701003383427,-0.6864021279469203,0.5519629014008781,0.1283689139391865,0.10710769838514898,0.6813054701859893,-0.01369528136365433,1.0041632517522872,0.18770615571923807,0.2845280874446393,0.6443494437033901,0.9075362432045566,-0.19651887576509333,-0.31025312037982167,1.0692987040645208,-0.3523923150256572,-0.36075617698181917,-0.18975362606160498,0.7945483958575928,-0.1689169420358263,0.41678853377636405,-0.04278462130869032,0.4509448096344652,0.8536094075900168,0.1742150255002717,-1.0261060950571115,-0.1656894635638703,-0.14369115637189284,0.8561109842365808,1.3981428706545775,-0.2954842307880817,0.6429940282536136,0.8550556118762876,-0.288078623899241,1.062265442894275,0.8612769083601234,-0.20465616429410283,-0.6321568747610018,-0.31951908388189304,-0.7542309969060959,-0.4405364941462003,-0.4632805488726386,0.9039032129677506,1.357214526686229,-0.609704554075547,-0.5664666911767962,-0.5396143878135082,0.0366831994550203,0.30515312580595255,0.28673258916744154,0.18400850105353564,0.10640653972311924,-1.0861796554558265,0.11302520122839348,-0.22486166652503498,-0.7250283051424117,0.46145344893077955,1.0811763527138258,0.0052950912238872464,0.09758204682440026,0.6935526818646712,-0.2015317174813196,-0.1380123131696607,-1.048821780994056,-0.18865355564517908,-0.7526260690295651,0.4416452359707307,0.25809384371006433,0.6612847455994757,0.011805747385522388,0.3435462639501218,0.3956800610952448,-0.7743406187425549,-0.43024117406069795,0.41753905381333317,0.11380354124766612,-0.445839016336894,1.4969239864309496,-0.11459918258907244,1.2974610027546256,-0.817086902834363,-1.0256138702102806,-0.18305168086881252,-0.6324427329593476,0.009064769384537754,-0.22592227356114622,0.5625092855699798,0.08864717642040328,0.15139386926094386,-1.2808499534896214,1.0575198909601933,-0.3302939510539111,-1.798227220006788,1.8893330063373703,-1.0728677433695883,-0.5294402351386991,-0.14188616664259365,-1.0286778291883016,0.13358938774578707,2.4053243257597114,0.02411983415462804,1.1908283958655372,0.5247384870732756,0.1863873322395061,-0.4904012263587134,0.8373046899613695,-0.03408728570676368,0.09787127029155429,0.7038576510276067,-0.2027449328027366,-0.10637508208997354,0.14996385734225254,0.022663492746316447,0.6853005463691819,-0.2535100897016379,-0.19485909010121324,0.16896172223860345,-0.39730608348747726,-0.18794824080852618,-0.21315802509371407,0.4483299068843977,-0.1878092451787258,0.06806765228687432,0.08780685256147273,-0.2747475684663209,0.18218556188862603,1.6551607298967872,0.9702806269794956,0.7434435649042733,-0.12263763074662228,0.0035534527816360596,0.7030522186564261,0.9975800794905233,0.5048842604750369
2018-06-01,148960,155762,7230,4,122968000,2,25.8,13.2,22.2,7.1,103.198,238930.10810651878,632033.0494271236,1894918.3906441354,241218.6731223476,1167382.8029285793,27.03,10938.7,131.8,195296,13653.37306060042,636,1192,1315375.0404296818,1345,209096.4333669839,251251.114879103,128.2,128,251.018,257.399,102.029,101.872,15119.3,66.52030305109332,97.4619562339933,17.743,1679400,222600,NA,1.798,2.896,0.6537370279872925,0.790786984948575,0.5092550798946668,0.20587658240917717,-0.6755599101417777,-0.8412324359269182,-0.34843169482854963,-0.8471755489667284,0.7638047254511374,-0.5254677640653628,-0.15125130155854039,0.22747783235852084,0.03280895494140814,-0.16565996979569128,-0.2424017505079178,-0.1986978449492158,0.3043904010111268,0.18446980645399513,-0.25079598591436325,-1.0603629247418034,-1.4655364377321747,0.27425112829944726,0.14442787457370473,-0.395532585045917,-0.21378999930752784,-0.9623306434148946,0.11633055856759941,0.05114102915345022,-0.3557549453615702,0.1807832121609537,-0.06839609458282084,0.8760146113226023,0.11750024407987714,0.44306292798996255,0.4009762603519138,0.6935363344756241,-0.7428561988319563,-0.6959793842600992,1.019403035704463,-0.2413970080100513,-0.31637356098559283,-0.3416587631508856,0.6405163588158634,-0.31913693122239706,0.5904255285896715,-0.1601463922186027,0.31358520983002797,0.5903110657547357,0.22229394309754671,-1.4053492478115255,-0.4242837094076714,-0.7066761373508835,0.6239686590594925,0.7815986724959694,-0.8203916640039595,0.5612697135112439,0.7144375342327481,-0.5924631255121141,0.5651895852667767,-0.0171849060002965,-0.44229021475008234,-0.7799027257115732,-0.5021501769854411,-0.5623963423629615,-0.027134814811561374,-0.3836054647837306,1.0083558138419142,0.14730210456661025,-0.8807982993650187,-0.40582662331012703,-0.4860017562251612,-0.31580520557031877,-0.032075915966668554,0.37743943375215055,0.154366828865214,0.09253898156431153,-1.5024024905092594,0.07125896111507975,-1.1866549664032795,-0.8473391412778304,0.32560019489349756,1.2382172765795019,0.0017277868759624892,0.005250672084999541,-0.26068075368967636,-0.18565716210602035,-0.5626846663454003,-0.8184469487223981,-0.18156554456633653,-0.7328142525251654,-1.4285630516544288,-0.19733913340908552,0.19922669166768645,1.4620245755040406,-0.2598022128841181,-0.5542661636460164,-1.5390938483511314,-1.209668703893294,0.08001828388950515,0.10845670464650949,-0.35410718157568627,-0.5579661498086697,-0.03648199492006441,0.996354824722026,-0.9346463721274739,-0.7057721045168799,-0.6509311711409965,-0.647786422952001,0.007066027736611308,-0.49502534899065,0.3462108213695147,0.1608929628628959,-0.12513340397442327,-1.0912378210719742,0.8824286007533639,-0.3377170947617101,-2.059175458166739,1.0468307296309138,-1.126909341278273,-1.007184648424053,-0.7215598107479989,-0.5760906917490458,-0.6481166664845665,1.9805020792440433,-0.7880530821656972,-1.8729332068803803,-0.7644615650106584,-0.09705614447094064,-1.124972180128577,0.8012258862196401,-0.21146887002987144,-0.43729723236327833,1.0398360874541301,-0.09744154278992904,-0.8716821172277326,0.0369200536789462,0.12333324348586559,0.7512737857673858,-0.1864122773550587,-0.26120342401199403,0.3962821571781411,-0.29044160908453887,-1.0942529530069753,-0.3021121497623627,-0.46968888199719566,-0.08077063510572877,0.008122996097118359,0.018305915298947914,-0.22277970747681977,-0.020290309721141857,0.5262277259568716,0.7157365562761051,0.5233818731611469,-0.2269040094932911,0.008269312351910826,0.1305496405426093,0.41211978336917987,0.13543412379877295
2018-07-01,149020,156146,7190,3.8,123150000,2.8,16.3,6,24.7,9.1,103.3646,230852.67826546697,634167.8334002369,1902874.3863015065,239802.4222367996,1161414.5706257282,27.1,10999.4,132.9,196304,13682.40696319649,628,1208,1307091.455593957,1334,206941.65679430572,253909.94448632718,128.1,127.4,251.214,257.699,102.137,102.006,15184.7,69.49489411280926,97.6570157050335,17.629,1654000,209500,NA,1.91,2.8775,0.9522136481568155,1.504040971312938,1.2479740274131557,-0.49059564995220467,-0.7743000948956669,-0.8020690992681738,-0.7540582972542516,-1.204577817106106,0.4315214570258844,-0.3083988503555111,-0.46910708260918293,0.4655931193653974,-0.23230456928546317,-1.400889432837815,0.19782855760713072,-0.8696650039274957,-0.25896530762701175,-0.04855984570101737,-0.4649262431822766,-1.2159477966930983,-1.6335178094678038,-0.9569537606237887,-0.21345248144743761,-1.4656897241602522,-0.2777916553742268,-0.9638138776390451,0.3784553678030318,0.08969280209959254,-0.30653136519104995,0.06475429737746845,-0.11481764105660835,0.6425508434601189,0.37466914998481293,0.14730934433853418,0.15738192447499383,0.3742174589556762,-0.7124060540834778,-0.05875436128778696,0.8569112990741026,-0.4017658846334666,-0.5441061974199122,-0.47796472541033347,-0.005116582011854754,-0.10573965910975966,-0.22631534004051798,-0.5682013168244316,-0.04150231373383231,0.09687294468369753,-0.3023225278956219,-1.4392446611495053,-0.06233791997816794,-1.7084628896145082,-0.5321764973263212,0.9466981361860415,-0.3850680734031653,0.8706280790306289,0.7254380888940121,-0.7855482365556671,-0.06244113667333189,-0.09081485350403835,-0.5499955391515028,-1.0814448294451495,-0.391906040015187,-1.409848822556492,-0.306483078177224,-0.44138064291742785,-0.49876432070926074,-0.46846037643967386,-2.090624122664842,-1.060391318970513,-0.9435344057859001,-0.9400766762413882,-0.22048006809349202,0.7645834317882831,0.08486410061348434,0.0032200114049915143,-1.788530142118264,-0.04275483655562894,-0.5753277386055652,-1.1319889216652936,-0.3718979891609356,-0.16084425170782307,-0.5854252702809407,-1.0692746407984666,-0.9771245817899683,-0.2827150457707106,-0.9518498908283709,-0.8371345245413654,-0.3929489422986638,-0.8662862614099598,-2.1303728971395546,-0.3677561651214405,-0.11645375992316975,0.19844184055743766,-0.49353164594747545,-0.16436373099075888,-2.247245399728468,-2.007898531726981,-0.2717780855493141,0.034319417534643196,-0.7658145967349241,-0.7820369691358745,-0.17668547385289568,0.7381705466741314,-0.8560828250389397,-0.9505669705800688,-1.055441741375114,-1.3274709673590825,0.003758640335940646,2.6579720101185225,-0.32410177230964754,0.20119327823783842,-0.07512464793721624,-1.3071061732734532,0.7546819256230646,-1.1856995111258184,-1.9779266287338917,0.11418038627364778,-1.4149663156745305,-0.9272144697510352,-1.0385601936238869,-0.779423601777407,-1.0850828738621854,1.1447241808312005,-0.5938304501697038,-3.0634407035945794,-0.6989034806892241,-0.4873091238021659,-0.6592597172678825,-0.055868013861949076,-0.5879431212623137,-0.3347967790990527,1.2454072218522863,-0.12986622825281977,-1.2674313954005225,-0.11719214141270369,-0.032768812942428886,0.9886367745990029,0.1399711162511245,0.3210435336296463,-0.32403217115147975,-0.28567680273493845,-1.178114008886767,-0.08232250597345168,-0.664783966935064,0.14868577704499014,-0.034551042697654834,0.10020363462722272,-0.9421341998738751,-0.6079639389059371,-0.085896335865563,-0.5371385035048912,0.1366413839609932,-0.1406262090403314,0.005223001866084927,0.05110373723427609,-0.001240571538195959,0.33375085180916664
2018-08-01,149277,155504,7208,3.8,123324000,2.8,25.6,10.4,8.7,7.5,104.0327,240350.0704445836,639607.467125861,1912850.8195182767,242042.69724483407,1163185.8562930494,27.21,11056.3,132.9,196074,13711.255479023168,593,1288,1310211.5294301817,1273,206748.98246712587,253531.03475266125,127.6,127.3,251.663,257.891,102.208,102.016,15238.6,66.58969943644334,96.92177264947794,17.564,1614000,208500,NA,1.914,2.896,1.3842619218785068,1.4775643110091008,1.3418439113245717,-0.09495508873760815,-0.74891947784106,-0.6839155980834561,-0.9924066350982859,-1.1047238129378836,0.20378351141021186,-0.2151019518306014,-0.34703955411027776,0.2859348610832635,-0.1929520051775594,-1.6445093989735247,-0.46503011470120537,-0.8783989920373028,-0.26656537971808386,1.4351352497213963,-0.5069759490845759,-1.1300537074332353,-1.3289254152249999,-0.8725850470195049,-0.46630361789466607,-1.83114746200943,-0.38635130855156224,-1.1019094219193368,0.019204809245470026,0.617711008019698,-0.6749640862635439,-0.18618383522392454,-0.09791086195513192,0.7174221768102309,-0.035572798880071324,0.0836628451893914,0.11903848237071918,0.12388937798885541,-0.6134569231071761,0.505152699719483,0.8785163018758375,-0.2499671645622134,-0.6738061821038336,-0.7245716950794168,-0.2987724067680181,-0.10042546195711673,-0.3328386871128974,-0.9122059799573731,0.021301873648772972,-0.2374174951053836,0.09254067763703,-1.145653370618065,-0.842409858531018,-1.7318479120118986,-0.4218474817313938,1.2126151511753946,-1.2432304996349932,0.983057168637764,-0.29645627751441955,-0.8969148765443415,-0.10074067376694498,-0.5078958152519207,-0.41627726123044584,-1.703745939079736,-0.5514820317216579,-1.5178176711748173,-0.4582235144112604,-1.8910926015369474,-1.8490004343406734,-0.3597790315860676,-2.0700777609034775,-1.1288308646493186,-0.7176885995584762,-0.989846907082758,-0.5817972183892046,0.3087263869573554,-0.01003213466666679,0.09754732285454848,-1.0105233090675747,-0.16470206011196162,-0.37990411642865746,-1.2727383768776377,-0.5459042380758544,-0.3510397830330454,-0.6009490732134768,-1.3042301377902494,-0.8879269940745425,-0.3691275624365096,-0.7890401859225757,-0.9747322924172152,-0.5882992960372179,-0.9001548270004709,-0.694551225720992,-0.1455275865212719,-0.06551563848187983,-0.4900149826857302,-0.1652892456574984,-0.16753064489526276,-2.2673143893830985,-2.2965766340385954,-0.9541254426112615,0.16019653403571307,-0.9964682623699878,-0.6093027163818265,-0.6978505591238051,0.9267535405401452,-0.299295470937064,-1.242580588103495,-1.1928509592599872,-1.1484309985303602,0.005045544028828769,0.9988084507048864,-0.5265458376305552,0.04498725037850458,-0.05450742700834861,-1.32650660090563,0.8249058818373983,-0.7194724963449809,-1.987443116455188,-0.023494849021915974,-1.5333498378222779,-1.083388962047836,-0.8596028397647498,-0.9120304198383037,-0.8086418474435545,2.428094576805292,-1.110189925825171,-3.3147339208549855,-0.5904640384180488,-0.5867875691963287,-0.10406124745957473,1.2210232829468517,-0.7577788717166082,-0.8813400641325106,2.006347562600163,-0.22570871506194298,-1.2625384508358055,-0.16466915007231553,-0.07936877615474734,-0.02070423936508583,-0.17518558631657105,-0.7161224673226025,-0.5768067206103002,-0.5289551612264309,-1.1526808373168564,-0.10917659132414129,-0.14445725676590776,-0.20111885518877637,-0.03418279596047184,-0.09472880036955919,-0.9697096278760382,-1.0123734037924679,-0.16504749734677426,-0.6796527659854665,0.2368315216450112,-0.050452354802443304,5.9695511240224e-4,-1.2098822696665916,-0.2189380693830048,0.7255354602671507
2018-09-01,149358,156015,7411,3.7,123400000,2.8,14.6,6.5,22.2,11.7,104.1004,242102.95065320548,642689.7615653498,1922645.6003880147,242479.83752855944,1164691.753402722,27.32,11070.4,132.9,194902,13686.851920560837,595,1250,1292004.3351754574,1314,208670.35091487825,256054.5997773829,127.7,127.3,252.182,258.368,102.418,102.205,15237.5,68.57193071530395,100.60475876058904,17.776,1551000,205200,NA,1.94,3,0.3675908799725229,0.37990084326113804,-0.3880570579252231,-0.8074489896334258,-0.2151232978580068,-0.8887145728992707,-1.1329898896658785,-1.14532042089352,0.38832822545134693,-0.61976863027587,-0.4779531995941373,-0.07364381240178774,0.14010600540379795,-0.8760609664083161,-0.39545395442967407,-0.776463524196484,-0.25227884521654703,0.0567199474124986,-0.49094548389910825,-1.1998049909437472,-1.3002142394063676,-1.3969782535959092,-0.4440364934812749,-2.0136086196392657,-0.8507426816017383,-0.8503179070146825,-0.4898775198630309,1.0282813608093626,-0.8193168029393177,-0.5222701419716698,0.010450015078309213,0.027424226560779093,-0.2526036570277832,-0.05679777588813982,0.4176133649272524,-0.2817407252868109,-0.6643713866647988,0.6958871309279605,0.653051463614951,-0.20442961793938083,-0.8109351283818812,-0.9008942905945814,-0.5226675688771407,-0.23671178527390951,-0.6384655132600924,-1.276055930473083,-1.2071667075348937,-0.6385061888856246,-0.5493935246934266,-1.6206669050947689,-0.8377307595048572,-0.6048477616259712,-0.4832735448540772,0.6483670086145897,-1.5893077684228833,0.5162651640673627,-0.4712651517040141,-1.316363715622168,-0.2911653364977349,-0.5621688133351125,-0.3573515102793619,-1.1646480646155934,-0.7088701986622055,-1.535783315054748,-0.7255863116927369,-1.945724374721691,-1.576751548644256,0.5248505102412822,-2.0742080734960076,-0.66838344452241,-0.4343046775944167,-1.0447119823190185,-0.9033446611870127,0.7734671744093109,-0.2290921252626008,0.06376987656404802,-1.97459883733337,-0.19438337174899445,-1.2692152560372334,-1.2932134316670365,-0.880425035074238,-0.5593827048340455,-0.6175583593148066,-1.418805976080088,0.26467276305930865,-0.6010501324052933,-0.562779897304578,-0.9665199613776052,-0.7279943064630574,-0.886777587444141,-1.3737456294479278,0.24656839126001567,0.3805300136387364,-0.03418223647266111,-0.8515471072686727,-1.2127345217682037,-2.3227825445280468,-2.2376633302539517,-0.5938882959693033,-0.5352832402958879,-0.9509769483363397,-2.1093227956555256,-0.22323562480841358,0.4827438663786815,-0.7182263266016805,-1.091991275735177,-1.4667497198707389,-0.7771648511466926,0.0049181043766145256,-0.5633919834412457,-0.650262168112611,0.007622527392452629,-0.2795870390323649,-1.0603173532984798,0.5427081793600033,-0.6674087294356167,-2.2821345602289482,-0.0903737119976349,-1.386494936872222,-1.2486222639419824,-0.7580427984812641,-1.4111046323153342,-0.28350590523634944,1.6477518418529005,-0.9993563026479116,-1.972326152816207,-0.48518386946247494,-1.1029777471556874,-0.5808093733190531,1.5304151653648825,-1.5723468846543847,-1.1958076015388452,0.18310231170819938,-0.07284618440393732,-1.3813029243059054,-0.23141997717772989,-0.07765444139703416,-1.1468060755994092,-0.5037022270121897,-0.5923808010914695,-0.9117409670303737,-0.54754703564741,-0.15812157936237564,-0.1302995089050216,0.05649383852753188,0.179617713363519,-0.21624639134272625,-0.18793509031224587,-0.6074770080816215,-0.5991999425389586,-0.11069642396374262,-0.7192432042627727,-0.02382717284728445,-0.1495755503838335,-0.001445045268480652,-1.3768486654675955,-0.7055053654803567,-0.37288555230853215
2018-10-01,149527,156391,7304,3.8,123509000,2.1,18.7,5,20.7,5.7,103.9856,232860.27584190265,645746.8687557874,1933204.290500249,241989.37570057018,1157810.80949364,27.37,11074.3,133.9,196389,13726.887275208344,554,1221,1282646.327793752,1272,208833.76382864662,257940.44544081093,128.3,127.9,252.772,258.917,102.595,102.366,15274.1,68.96047565670843,100.02168584392237,17.991,1592750,213000,NA,2.185,3.16,0.1913021021099777,0.38757629657059495,0.4473320716531916,-0.5138288057098834,-0.021930352213251958,-0.919275681820172,-1.1576695046631862,-0.7692119949435791,1.091933416687459,0.21466928713546896,-0.21951650252284827,0.246266183781978,-0.22776627358017199,-0.4342925930159772,-0.5414963193618547,0.07419772212268148,-0.13264359751233523,-0.20695654049373147,-0.3028902575014784,-1.0790281296296305,-1.0903152396641669,-0.6366548492306675,-0.16232888488774336,-2.0530747687686848,-0.9464527121764245,-0.8494228155376312,-0.6012873943407141,1.0739670503076446,-0.5042968048174672,-0.4169807748941593,-0.03990455197498811,0.38511989457211054,0.10069819295278408,-0.0517202511570998,0.8181041515553588,0.06666145875108997,0.28584632041860053,0.6174415824672281,0.7846779188382403,0.0977417198017172,-0.6528175248996605,-0.669403387752586,0.04163358579894468,0.08875310741876463,-0.271065009508403,-0.7434489101735432,-1.384074925355002,-0.6179592205419296,-0.29780479530267845,-1.541293004078633,-0.6150755716191529,-1.0211098004144408,0.178555440751952,0.549430387822318,-0.939438289969354,0.6242193864807626,-0.0663550164346064,-1.235365732567707,-0.6379384246515426,-0.6766405887565836,0.03851352235134008,-1.1748243449613964,-0.5674718261263116,-1.2119870072700996,-0.6014257354859907,-1.5848155190164446,-1.3173643530227226,0.9534615278022553,-1.7207386378985547,-0.4605680160217915,-0.6469446415471543,-0.9251353049308809,-0.7610396287227368,0.5565723234002434,-0.3167838051253764,0.08519705841553436,-0.9393411556284134,-0.11821088833602955,-1.3282354894468313,-1.098096384111386,-0.6940951849557677,-0.6580581026572311,-0.36184922482539533,-1.3914507885030676,0.7994866466586762,-0.720819239066083,-0.6009864474943892,-0.8922708891119947,-0.45220915540239054,-0.496197865187354,-1.4440606677040535,0.21662217584777074,-0.11288046687573547,0.6242757355983565,-0.6386240737280026,-1.0580020491530688,-0.8538764001182356,-1.9391838988682644,-0.02033155241774165,0.06973093815492167,-0.8197981058089401,-1.952675589078376,-0.06251657865441648,1.2396067884952717,-0.6230630165135984,-0.8709727004328284,-1.1591304238504843,-0.8068393681783279,0.008400725508583635,0.3883442093373202,-0.6860174994292952,0.10523954485293474,-0.39522520390694243,-0.9729248527609443,0.5229923775267026,-0.7029444876042513,-2.0195256908497843,-0.6035362476032976,-0.853116535236678,-0.8442237621646069,-0.8831655338626235,-0.9712812843655607,-0.38138663378586235,0.15853428322639798,-0.9640169449227382,-0.7679692719821827,-0.3817312299836649,-0.35805763593835527,0.5044716327362396,0.7866696910489703,-0.30661669641737416,-0.8323043811799592,0.48953350351734537,-0.2236522018468609,-1.2684631968700977,-0.14540343052888757,0.005308736322936803,-0.4134492052455281,-0.47179861579571186,-0.7719171069936765,-0.5714413074601118,-0.4581891416949121,0.28466233034626043,-0.19433315455126185,0.29194678289606485,-0.01313831677621793,-0.08898682375025684,-0.08217969765571359,0.4086081843628565,-0.41732921162179937,-0.22793081648548577,-0.5861260533347027,-0.06547390377554974,0.34370939083776464,0.004319011804020513,-0.8532011073970649,-0.4607822293629639,0.05455169599918684
2018-11-01,149617,156721,7594,3.8,123719000,2.1,17.6,4.4,14.8,9.3,104.0681,229884.04949819742,647111.9555685472,1930466.100073465,242921.1731462535,1148679.723277794,27.44,11097.2,133.9,197492,13799.961025041412,625,1181,1269337.4257039852,1340,206342.20013641237,252380.39559582967,126.2,126.9,252.594,259.439,102.63,102.556,15315.2,55.500341030887654,98.85267542725572,18.061,1685000,225250,NA,2.2,3.114,0.4456321323155106,0.14867610334139209,0.6996595676482097,-0.6812656654369509,-0.930927524791829,-0.39324930108236344,-1.3730876745858673,-0.43672939721637555,1.3714545476688285,-0.028178195745142073,-0.16429771202542523,-0.07964813577606011,-0.28116286766723925,-1.092898521026921,-0.9669534985821271,0.18381860554988327,-0.1345354084776244,0.19471102481450836,-0.2285266545939628,-1.3107569913940134,-1.0824035780045331,0.3224783753625242,0.1768565445005794,-2.832753303733713,0.7611378096998576,-0.6823050706466318,-0.2299185411323315,1.03320064679803,0.9574629080674241,-0.08475593941016221,0.1738740226207406,0.7743469818220805,0.6127277553712204,0.024374937593722466,0.19199242803152275,0.44137661918277676,0.7184824357101492,0.5370988019789592,0.9670593205542851,1.9127317275205888,-0.7389899738817121,-0.5270715730710962,-0.22443304726069385,0.574653729226363,0.07232521007698378,-0.14839524752477973,-0.27194246790958354,-0.3643795665862378,-0.38995682094083994,-1.238087355041691,-0.42041166119513107,-0.010378221156626502,-0.03535379022491329,0.43579361659324506,-0.8519706391681846,0.3407763858739119,-0.09857909114487638,-0.7000223876887267,-1.2484048620778265,-0.2815367633853032,0.10003994223262681,-1.5529488931524096,-0.17198382191432243,-0.6914160062456096,-0.25921664191179733,-1.516869199861608,-1.3518203399656312,1.1743983606101103,-1.473252944939346,-0.3470456799696851,-0.27590046399957624,-1.290995505552206,-0.21408496549725775,0.2988602609605154,0.002588300500940318,0.050550044519732634,-0.5409639281997444,-0.16891187609832686,-1.0354283531546455,-1.1482966994436818,-0.4040715109643892,-0.6754220525324198,-0.20400573208490402,-0.9923744285988721,0.5821052634998828,0.49082206878113893,-0.5189117912963637,-1.042425289895666,-0.23876258013317395,-0.47087646637187386,-1.3649900384816473,0.04841107650725445,0.1963112050218162,0.8855500033124181,-0.45606260035601837,-0.7672249066673406,-2.530814550721914,-2.314451391242818,-0.42554130590658934,-0.1601371087368569,-0.7446835868063177,-0.827242714332308,0.03234146377922282,1.2836837616865464,-0.38029208380181556,-0.8698001886780363,-0.8878195031022618,-0.960142005403007,0.013519700362513983,0.21095221531707156,-0.2459592250073968,0.05327901484778281,0.5847654388209098,-0.8574160838658579,0.5962439008564384,-0.43342856744408376,-2.4552982824920395,-0.53334557357658,-0.6686123949113891,-1.0198299470126952,-0.6474352511923439,-0.5228460851160429,-0.16261220091139003,0.5056210131601808,-1.313750035537791,0.013186850786511597,0.5700641366037588,0.0830502269569457,0.06950421126616106,0.43819419969369017,-0.14671044146336734,-0.9583458858144673,0.8565472902646053,-0.20203284315996015,-0.9417304235209346,0.04864238202385195,0.20944284754504205,-0.23518588373002816,0.10711181813495949,-0.5438888910478574,0.15325405379643203,-0.3204046665410607,0.020691287738425317,-0.13021395614015005,-0.11371016778828583,-0.027953275935908645,0.22603802798782674,1.775103607915253,0.20976148874151732,0.1734770068751346,-0.2863702818704151,0.01636133749563969,0.3298680028127457,1.6164776209275833,0.023084166939759048,-0.5871958023737992,0.0017358615112449997,0.272709448979442
2018-12-01,149809,156817,7489,3.9,123892000,2.1,11.2,3.2,10.9,8.5,104.0936,236999.63973086924,653668.416081635,1939993.4324631938,242240.0950331545,1146862.250610997,27.56,11169,133.9,193504,13682.047886583385,546,1095,1258064.6731774765,1317,203788.66807528652,255525.26265567035,124.4,126.1,252.767,260.063,102.701,102.735,15506.5,48.217641503003875,98.5868768161446,18.077,1749600,224600,NA,2.26,2.84,0.4947253097891119,-0.17344309281641485,1.9577420876288871,-1.5686811587586602,-0.38603055079574833,-0.15111974979678758,-1.2351875662380947,-0.6663137855421357,0.5335215349922613,-0.22763078664990866,-0.003925593248844554,1.0010119880513935,-0.26563613524527585,0.28568646645706475,-0.5599362193335191,0.3964131571122448,-0.3736318732298924,0.1003038669030071,-0.27874328108276575,-0.13677791448120652,-0.4256792532018998,-0.008861348519232216,0.01625083184741365,-1.7001008566728264,0.6960647429024232,-0.5488604849746477,-0.014004714974357842,1.0014533930501515,0.04368757800409747,0.7134084405279064,-7.014376289903241e-4,0.6906471567959688,0.41894328053809765,-0.014181160790685491,0.04060804341918524,1.2500618560921972,0.9531026522512275,3.192589849902567,0.7226587521162493,0.7474060470758509,-0.4916980077282803,-0.7224714581943831,-0.2660553765676802,1.0595876928362316,0.3069909882822015,-0.11307399040994429,0.21440474543363428,0.12922433341612152,-0.2201350305106368,-1.5601886935795841,-0.31123640268989533,0.8018759586770021,-0.04054032406169536,0.6379708545157428,-0.8329359653290606,0.4373727847095037,0.2978424295543876,-0.8293036256879024,-0.6861983613694912,0.07652357855796413,0.009622542213830224,-1.7592150138565716,-0.41725383575190295,-1.1753200356566988,0.19472162230257617,-0.6167515062783026,-1.2427425720342646,1.017082181451361,-0.7576151308745762,-0.32234319884275214,1.3062627818073131,-0.626207908079119,-0.001215002061900695,0.3790129355257138,0.1662241259038608,0.21300026535253463,-0.02983624186598768,-0.33434574296284436,-0.5441210832877883,-0.6432692798522714,0.3434267799425409,0.9654627409685136,-0.2044919268927831,-0.31910536117132227,1.1473537801424099,1.069083249019377,-0.08350082285199611,-0.6982483329995037,-0.14484034928140885,0.1846914137263956,-0.37138815997851754,-0.4138579273006331,0.8960000979225047,1.0774250276135935,-0.7414650934500009,-1.0612131621356649,-1.5918076957710159,-0.5384751789955937,0.38376942702244604,0.6910353802606333,-0.5765790086392416,-0.456828331577011,-0.012616679539456308,0.8309657487545076,-0.20326540704393062,-0.7024998913035062,-0.505163992010952,-1.0014316723887704,0.009668333818410686,-0.8245805364978481,-0.1978291351895141,-0.3619182304902186,0.08085506364094745,-0.9672243546524558,1.0971118445369046,-0.5987589744035702,-1.641967973244217,-0.7369306577205053,-0.7432804992455601,0.8532655347984248,0.08838489071526276,-0.15948141681838304,0.49106922659289814,0.7728511358894204,-0.7454020909676454,1.2597586064005772,0.7907106243177685,0.18508895365148664,-0.09457428585256968,0.613432769168478,0.2642818788086459,-0.20767935177305308,0.9327992624266184,0.6341773559846166,-0.07844266840200895,0.1220136744836219,0.054450573894593186,1.4263271005908853,0.40038753104326097,-0.14375159039622812,0.23364980739301253,-0.32435982493280907,-0.16739473005172986,-0.18244066584826185,0.036921754171729784,0.04853255579584582,0.27125641507566,1.1840323224530003,-0.27539527419993765,-0.48192440864996544,-0.13229501235988636,-0.2542999095968984,0.49503883857878195,0.9517839798338416,-0.005999215667977053,-0.6574317363488703,0.2628125723337334,0.261881820009896
2019-01-01,150060,156487,7502,4,124107000,6.2,10.2,-2.1,11.6,9,103.4021,230087.2885979269,659515.0416958928,1965270.6115832224,240926.27230925104,1140800.6001091108,27.59,11266.3,134.8,194187,13721.261008495052,595,1226,1262038.227729717,1254,205576.33855506196,250907.95729093603,124.6,125.3,252.561,260.766,102.648,102.87,15536.3,50.05455537370431,89.38887334392238,16.97,1779500,222750,NA,2.4,2.715,0.36074147403422135,0.07559794817781906,1.687782100938587,-1.314154380502581,-0.463638158317309,-0.33578510767052877,-0.2092307132263707,-0.22749064010308728,0.705288333807099,0.45986287580438245,-0.22122865189792648,0.04008799926905122,0.1062576221930755,0.3073456133537045,-0.44255809642107946,0.26967013325307687,0.22462536949559586,0.24490575421160624,-0.5962394919665068,-0.2253744456008676,-0.35001517529509546,0.3648069848733403,-0.09725524030434975,-1.291253128951536,0.1560500699166992,-0.43943374049801326,-0.14793856716745202,1.0019841107256362,-0.3895637645417734,0.21336681754913558,0.015530861371727983,0.7424655812538122,0.7636104028943164,-0.20249217041239648,0.2089090598462458,0.7975377113800074,0.9662688386069312,0.7499491091289856,0.7888568186815752,0.33381414185436087,-0.5258435281407277,-0.15801890025239707,0.46715082791900525,0.3313801058676758,1.0392588877752527,-0.22158866579940178,-0.03356510223876095,-0.025826816299490074,0.5448877123451967,-1.1779858476730625,-0.39420006906864125,0.37543364680641383,0.16939044795564523,1.772725983171752,-0.8669338034821404,0.8888956594401951,0.5365426292998366,-0.9115203999187967,0.05056347758556706,0.12094669406895177,0.3226989077537839,-0.29506507054807013,-0.4042972268267742,-0.17572235350556026,-0.24654377805621364,-0.6067582434328732,-0.6488344762393675,0.7667342577598676,-1.0185992034439713,-0.35773456731826064,-0.4040554599509336,-0.39898398642103905,-0.3237462794029218,0.5269363949886133,0.16143695146061643,0.05663808691662779,1.364256263081785,-0.1924029495011594,-0.6620998488044996,-0.6146785606211899,0.3071877177536955,-0.12243309816099057,-0.5473304412164879,-1.054714144487229,0.5243994418632285,0.15040043886477894,0.44894834823850044,-0.6279751299765047,0.2790011776321733,-0.2067875244017755,-0.8902964610929807,-0.31717940155754076,1.0377154364400325,2.0679046404295796,0.030460351559801372,-1.0465280897444662,-1.1399518664890937,-0.4393469602487282,1.0056576553264454,0.25889862991668816,-0.41087486967537673,-0.21397996065410824,0.05796558748541664,1.3916896487138697,-0.4081415995027445,-0.6842196366731155,-0.22767457138649824,-0.9635167991591987,6.437196960059896e-4,-0.6461901155574742,-0.09433031875460055,-0.14115675901216235,-0.05076254525438414,-1.1779588087852362,0.8017566195661262,-0.9771403629829566,-0.936562449592639,-0.9171910374577571,-0.6535846824981525,0.11737600919783717,0.32422839719283947,-0.4882292626578926,0.287280402337247,1.0185391338357326,0.1548185555165441,-0.4501701259892068,0.1474944104410802,0.139989991502979,-0.050379792670745785,0.2870336520101243,0.04187518629982838,-0.24209084195284916,1.2443357871382268,-0.2839864336127625,-0.2594401156713987,0.09414240429356462,0.03007432956967956,1.626072518007762,0.6304432304644431,-0.2367721861537999,-0.1827566867751966,-0.1113736022150506,-0.49209701951664614,-0.1547991894506058,0.6377419792124064,-0.06631850587486994,0.0889291720459918,0.435929581812692,-0.24039838044268289,0.35302262887471614,0.21754182152105458,-0.08417625897330062,0.15251134653090254,0.2715899980132458,-0.014927076158684206,-0.13220309458045346,0.2394160020160405,0.06133967005883858
2019-02-01,150067,156863,7066,3.8,124336000,6.2,9.1,5,0.8,11.8,102.8371,225319.92687385742,661133.2607258159,1968154.9569289712,240902.01874829826,1127608.0360963088,27.69,11326.4,134.8,194123,13728.071881442296,648,1121,1273935.197790657,1286,207277.60706367422,251479.05402777236,125.9,126.1,253.319,261.186,102.836,102.963,15560.4,53.43459488894939,93.09050233328408,16.962,1801500,222500,NA,2.4,2.6775,0.5976737919706842,0.3843378159234602,1.2399031349929386,-1.5915783249896795,-1.9464799099438077,-0.1828904932563356,-0.4162143093829126,-0.3942662367662064,0.2181193505503527,0.9365497296059662,-0.16123924508525514,-1.537498472869004,0.18290236728900083,0.4052026083337835,-0.39280414460647783,0.4022009590893033,0.3729937475028469,-0.18074466873970937,-0.42562046228021955,0.09958267653382762,-0.12124454903206465,0.5120256053212663,0.0173695628614029,-0.08233677454495997,0.023493411824630425,-0.5967817535464023,-0.16385234798541984,0.07119907465638188,-0.273250855547431,0.10624492354406782,0.04288787901925334,0.8272831115947439,1.2462024783801446,0.027469002568625403,1.245262662945392,0.2756144317626402,0.7239991140458386,0.3067012271160295,1.1975513082945168,0.3724022559534364,-0.526260274854508,0.0015506214565915973,0.4010111725736322,0.1345209627012348,1.213322274353662,-0.44985476537577146,0.8466938702407509,0.5312839202608598,0.25068218575136836,-0.5039203590061241,-0.48519969101980176,0.23792680905804292,2.740123484624247,2.2712090940049543,-0.4546623703724044,1.3766119152400074,0.21193329453290055,-0.8720417238042685,-0.13030961312296457,1.1648932711449185,0.6823692098824076,-1.0976599801173152,-0.34572192551538916,-0.468297854484883,0.05891307748862347,-0.3129348171761278,-0.5249340598350413,1.4796992857665583,-0.7152858683712147,-0.18091374628509319,-0.2857356889005428,0.5535153904097357,0.12642242591322286,0.31813907287192333,0.15762311579869678,0.06096527893976799,2.5079398754509175,0.2641181217976487,-0.8887104163386452,-0.3603675479633699,0.3760436811669898,0.1954344348926422,-0.36758750393081907,-1.0583337103161181,1.3817013316124411,0.1894879135135558,0.20481368378858367,-0.33481098963138695,-0.6221089182860556,-0.38947790487039136,-1.0658174846227826,0.7233412639759502,0.6285884003245632,1.4606388791287201,1.9591396586170635,0.08376790490562647,-0.7542833595700792,-0.35900925804040634,1.1876104997077652,0.19048963851945594,-0.5398850033395282,-0.5293732162488862,-0.03860824186090184,2.138398108148097,-0.5636742192531822,-0.6103987780858806,-0.41387207688466127,-0.7325813124376551,-0.003717347021650515,-0.06420625790308829,-0.5028796260622265,-0.03137717359676364,-0.19071885221867496,-1.1313396364867878,1.1696144210180202,-0.8158199809469205,-0.38618305587071794,-0.5929628818989061,-0.09137271586932295,0.14229905287886804,-0.024127248789226466,-0.08513817522972754,0.43152801493006765,0.5140345058856098,-0.7085680715857603,-0.3889699942707788,0.14375293848996343,0.3509091334185731,-0.19036459633711536,0.18768997708619187,-0.18736295697274225,0.4117095762150575,1.7377804475911494,-0.11999327117633597,-0.4852827544530405,0.08371153877705596,0.27464342980279566,0.7407368197282379,0.4541985460681371,-0.41622319082954035,-0.17746216244444837,-0.0943291070792325,0.23720663007033138,-0.23289129891536373,0.7552520779917817,-0.07548683349241812,-5.360659197409574e-4,0.6466384590403401,-0.20225557443605413,0.17057697586483442,0.7648134947087751,0.03152670392703053,0.4251756544583302,0.7538931587357959,-0.01767093071132604,-0.23796976050628396,0.18890951822231639,-0.060544147964226365
2019-03-01,150295,156701,7317,3.8,124438000,6.2,10.8,1.4,9.1,7,102.8757,233304.87343430126,658960.5021878547,1961045.8458616203,239193.16186244163,1123282.4612638135,27.77,11394.7,134.8,196358,13824.331273224732,718,1191,1280181.237811563,1295,208124.65435776036,252887.87123189316,126.6,127,254.277,261.567,103.069,103.058,15566.5,56.41851575158389,97.98846332619189,17.842,1780200,211800,NA,2.402,2.592,0.7968871753730584,0.6560673265298226,1.1620916053102341,-1.317996556324324,-2.0637863343407568,-0.1441542779766553,-0.006866530011133971,-0.281973718257475,0.9617322911401782,0.7518166317490537,-0.10728472304793704,0.5146134326604551,-0.5237614336004786,1.0973882575836098,-0.07983622758715621,0.15367058653474608,0.3879193946346774,0.3341513188604799,-0.311083906748276,-0.45486348282581135,0.08260962499616935,0.1725598034509017,0.17520352851093832,0.2672485764601638,-0.19197298717981265,-0.9659810335921957,0.7519466110545093,0.05096202721552859,-0.26751635832429393,0.9281866171574266,-0.1591699292280086,1.2360638595572326,0.9236203191649535,0.1235178638818949,1.8663798575419206,0.2400093125415505,0.342024214192175,0.6376970980591042,1.334322321404325,0.047652972299798535,-0.0843952796235395,0.0777618265776816,0.1825509583505468,-0.029080122260917465,0.9969779709964699,-0.4510744458350369,0.7173056906303567,0.8400550012275432,0.29855335813158235,0.6887601697252156,-0.2081219292095213,0.3743368351714719,0.6574991650419784,2.048721254910029,0.03599711769180888,1.479347688547576,0.43967829293933924,-1.162894893885886,0.2791573822817721,0.9565350744438426,0.7957373557323079,-0.9534161332199445,-0.2658754523343879,-0.3818793502225334,-0.22516228810942138,-0.12074140306788012,-0.07312166477568925,1.5297632853670478,-0.8505891873944411,-0.3162558480650115,0.5010176483693924,0.81376704047019,0.30176329789917755,0.05956120477964775,-0.009914375509436808,0.06995972788143752,1.7447680490361592,-0.10904574321617154,-1.0833902496330836,-0.7154297835936884,0.8785228566278689,0.9792675234437412,-0.6985378408597511,-0.23503414217087543,1.1359203785185683,0.06585411113149005,-0.3137789087037155,-1.0723117928310124,-0.43920366295585217,-0.11676505082390767,-0.8434632666962122,3.4146017781721705,1.1297972243227048,1.76935066512074,2.646611874072689,-0.2023980129395437,-0.16452286991555837,-0.04373088089921687,0.17815331731894488,0.2511076467855255,-0.4168205812482372,0.46236515721345733,0.09424727134312401,1.7180685608282402,-1.040631137815576,-1.696324259637513,0.19667835965766858,-1.1425080613123642,-0.00462892335266835,0.4531405291410803,-0.0413857446627146,0.020708982533679667,0.1807935704202624,-1.1587056063628745,1.5089709457745801,-1.2697826993313355,-0.08878333895292231,-0.16098312692067257,-0.605169176027361,0.1444726692290074,0.6035170172640851,0.10634801981669954,0.7923906162701454,0.4720458583375946,0.6086157870540119,0.16301960565992393,0.23341873679815192,0.6799579550994007,-0.26311208166109035,-0.4900080234125668,-0.18239576172001612,0.2747188573527194,2.0901295080114966,-0.4742213775744723,-0.6026642762457544,0.0930228276730726,0.30426075682256454,1.1582812314668067,0.7163584347195957,0.003305186905696238,0.23850981039093427,-0.1151828875598318,0.042762020304544665,-0.22409594498697732,0.8876155279056498,0.024381611608050434,0.0578074081069441,0.6408562481921366,-0.23406212229091952,0.2573712533101627,0.5751379976020586,0.037878572530110816,0.6806391537722407,0.4666427481076003,-0.0074269725433707854,0.32120404053389123,0.39483155377964413,0.5298202553498743
2019-04-01,150591,156625,7272,3.7,124533000,-2.4,5.8,7,8.9,-2.1,102.274,225178.0185758514,662988.5835913313,1964598.218976141,236655.37925696594,1112856.0371517027,27.79,11388.4,135.7,195642,13825.46439628483,702,1272,1308895.1238390093,1322,204209.55882352943,250526.31578947365,126.8,127.1,255.233,261.997,103.36,103.265,15534.2,61.784055727554176,96.95814417725572,16.968,1666500,209750,NA,2.4225,2.5375,0.6323094563813378,0.4311404110754452,1.3120008276912778,-1.870799040465777,-1.6318092330162215,-0.49074531826152057,-0.14456900652335733,-0.2591492384125558,1.3911326409154756,0.4970790946305561,-0.20011041887617292,0.3153813628681686,-0.4414402464250932,0.7521073483163306,0.03169109851024148,-0.3747024861131713,0.057394731778611124,0.3519603189206837,-0.6418415816709114,-0.8687179189521986,-0.04236800941146323,-0.31712198707457157,-0.15930663476248158,-0.18819958277070545,-0.3930397495822557,-1.3301756266402052,1.0994909629565781,0.411878002757449,-0.37656602236948994,0.41593625222363995,-0.15858311898990549,1.7315127446081129,0.5924242823042897,0.08464897589303355,1.2754314332242664,1.1908335617142245,-0.04566875794549149,0.4705584032072084,1.4586489940013738,-0.2710129361778339,0.03170025979881784,-0.30756412202141215,0.3271439753177678,-0.09513141882392795,0.6669172928840352,-0.7856236318731871,0.01813312256361664,0.950098388343828,0.004863103790871677,0.2730084617348406,-0.48615317295527594,0.07931399864880305,0.43642376792593557,2.2403366015156707,0.16127174560208002,1.7149049940670165,1.035686762109463,-1.4687546472462916,0.39238305673423585,0.4821766283051859,0.8690580374028768,-1.3465679246091096,-0.5712181757810278,-0.672115108324959,-0.5697654990966701,0.0361073183860055,-0.07268878402864122,0.9119694799870361,-1.7939327951642714,-0.7543235921542792,0.023088201427544558,0.13913627751902263,0.16809896261065138,0.03553452929009166,-0.12876475331903908,-0.03167735781925765,0.4897095190381077,-0.14379386474070113,-1.4091376059845027,-0.5517547154339099,0.9399903990762901,0.24813588056617622,-0.813493543981642,0.19942289028135704,0.7188451460755151,-0.38567616769282664,-0.8188158509164273,-1.6726712571980564,-0.4512174386099302,-1.025316348363294,-0.6996609135724218,1.6722325947523216,0.2663529182536255,0.5080584399379561,1.890867594789142,0.12618657490298793,0.17585767977897726,0.6889765268364624,0.08217594552002433,0.5534791505601164,-0.5403334891897258,0.523313625147609,0.1354895855490605,1.7132206844715032,-1.548572835708298,-2.6465313887979733,0.19808888940501573,-1.0871776968136477,-0.0037999945320991942,0.31992027955761415,-0.010282664214381875,-1.0716654476028247e-4,0.2015562481910577,-2.3920222285600636,1.741688656842345,-1.8022838339406477,-0.33286094650375364,-0.17834463297974876,-1.148848073424706,-0.2673528079296408,-0.09226180979186588,-0.416499089991587,0.4986182554356799,0.5382035006583022,-0.28638898606841606,-0.04290138775897979,0.8257335837727551,0.6423438650658746,-0.3681433831806148,-0.4596315776632039,-0.04242009109999873,-0.11660052996874554,3.1896057772339144,-1.078013292389211,-0.9536257916264551,0.05622897429612687,0.20280444197606606,1.2400186053642246,0.6412579864135624,-0.6317226907348857,-0.34854270204575505,-0.4496726348870877,-0.5231014097958486,-0.5180847914895692,0.7120202105458026,0.0369378760708578,-0.011161802380116981,0.920721880802157,-0.8633076014336879,0.04190381041946445,1.26779796347799,0.10022167289268069,0.6576217933367532,0.016055251470008247,-0.013895643149949618,0.35814653526103307,1.0348645914588221,0.6861489825514921
2019-05-01,150618,156821,7275,3.6,124672000,-2.4,20.7,0.7,17.8,1.5,102.392,217107.36211147095,663529.7529849664,1965223.8994014217,236692.6088848069,1096740.9484217141,27.88,11375.5,135.7,197708,13876.637501812733,618,1293,1319268.1394112243,1347,208085.27094310435,255728.7185188766,127,126.7,255.296,262.217,103.435,103.371,15532.4,58.809880601343835,99.86727538292948,17.967,1628000,218500,NA,2.398,2.398,0.5973418084721649,-0.030985723565492188,1.1480002433575314,-1.680835486497494,-1.1424992409067387,-0.7478388745697864,-0.46390589215094225,-1.2347047166992822,1.5500043592005708,0.6457910664084977,-0.04768458299245116,-0.21524447866623764,-0.08842713083495217,0.7102296645207767,-0.5248822059938812,-0.017870607090512403,0.6660091927665591,0.46765571665397954,-0.7427510996266209,-0.9959203405820345,0.10917922253629371,-0.49185894501783817,-0.4189648256453543,-0.617890625423328,0.23107741653909153,-1.8583251529515188,1.0828981437787795,0.5703059396098823,-0.5238726535474755,-0.3249899978821702,0.10752584548965424,1.3761540465673476,0.45739237789993104,0.05638307016783888,0.5329485684026214,0.8872953813295762,-0.4773745339874675,0.22636909099669614,1.4070443241297106,-0.5880946233490444,0.03739227950168575,-0.6225899776695626,0.9121128709437656,-0.08556824890465484,0.2907359914716094,-0.7437453206361397,-0.9631600071341054,0.7818218704120832,-0.8601028725722077,-0.6196674452145463,-0.8965759941215746,-0.040114649033200014,0.5169918359037268,2.3145068614522746,-0.10783716710249781,1.7717708909253784,0.5927712970657216,-1.2293671756200466,-0.4837961748553761,0.3390600560569541,0.610360373695872,-1.6228801855927817,-1.2274353565133769,-1.5581587086812059,-1.0265625962623361,-0.5810574239952925,-0.07970232781352633,1.4262493648218384,-2.0447780242593967,-0.2890821319878422,-0.004595667887790956,-0.3310074360644359,0.0856238762882817,0.2133558197898485,0.0733916549333298,-0.03592001800794923,-0.6168843238660913,-0.15327314319648372,-1.7452631043657159,-0.006802682673115827,0.9476525794711299,0.04269059403973926,-0.9533764719253317,-0.28114366185249434,0.6058671804762448,-0.49185522745970706,-1.0517134690261567,-1.1933312314860784,-0.5468755217820769,-1.0124669657100684,-0.8158971866445727,0.36100424424206895,0.11237378115239749,0.4918197305035545,1.665974046266391,-0.7398872326111993,-0.5820680246601516,0.14980396056898457,0.31236406332832123,0.3059092524849753,-0.40711737528178593,0.6966071926396352,-0.019256957178101598,1.9811225140490196,-1.1608635825099525,-1.9434052160135908,-0.13722137443155705,-1.3548954151566903,8.252944269306183e-4,-0.48499750387702156,-0.17967154937400248,-0.06372336884947864,-0.20261665203483603,-1.977639567713453,1.7874590725471557,-1.9553131586184203,-1.2880300335860615,-0.5164718449374366,-1.079203855427024,-0.12824644007479075,-0.37683016575607015,-0.6048289443046069,0.17972219821532134,1.1102286618614052,-0.6658903761811019,0.4965384002878207,0.19819190540180942,0.9487345594899236,-0.34020514398764323,0.06525182759279238,-0.015255522483833293,-0.27191703836912756,2.6481183332657228,-0.6659750508097217,-1.132589101162202,-0.012413353900784945,0.3137292183202082,1.6946888172346102,0.3542052830464634,-0.47956228288708547,-0.7134341640991491,-0.7262655061010718,1.9651607558923743,-0.18297233097278687,0.15700169103949185,-0.24924246094797597,-0.041147321076720915,-0.23145225644997483,-1.0258080002264887,-0.47883222271174736,0.6559936795985809,-0.34624188764376346,0.6226587333071554,0.0704603460645398,-0.019970364147624473,-0.5575655658174467,0.24691430670067888,0.8295261198005066
2019-06-01,150838,157232,7194,3.6,124764000,-2.4,-5.9,-4.5,2.5,13.1,102.4375,217318.61930346722,663653.3183873836,1963269.9594046474,236853.04008349116,1080864.6747323258,27.97,11402.8,135.7,197972,13923.601716207339,729,1243,1334870.1248502184,1299,205548.6838545089,250788.52769510262,125.6,126,255.213,262.739,103.484,103.56,15562.1,52.81975957635963,97.4619562339933,17.781,1631000,225200,NA,2.375,2.0725,0.7040886238313852,0.6789766551146779,1.6168171567293272,-1.1534358341352664,-1.0410442024564883,-0.5263048981674072,-0.003535750795230604,-1.1358148740598955,0.8910814934510216,1.4482220627546567,-0.1298363793597207,0.6107283091453443,-0.05747379439538566,0.6009252112554311,-0.8664787165572496,0.35475044269401407,0.5014811196748703,0.661954951923003,-0.5718738077327238,-0.6979304697673142,0.4124774475152657,-0.44314466272031067,-0.3647866607850537,-0.5400124015398685,0.34467400125424585,-1.2718710036703387,0.7230499551278975,0.740509255574111,-0.8007494936153295,-0.2583732091359561,0.15198947786859837,1.1917166864137807,0.7818133555106216,-0.13759617793852955,0.41002137629735164,0.7660991182100633,-0.6938161311661942,-0.12282783408085778,1.4848408596068892,-1.4670310665862598,0.08415657705713181,-0.3513083476219841,0.5641430548336965,-0.05599404549472943,0.1291102381588987,0.08698274236080233,-0.6181841106440319,0.3848368163351961,-0.2909150873460626,-0.42628283317541915,-0.42732015867472656,-0.3491373090511858,0.28984453497208146,2.6402925401378754,0.20888537456708758,1.9990110948696462,1.005744612338142,-1.562254811538681,-0.4762401048581312,0.06873928063321344,0.41287049334421255,-0.9648884398951173,-0.9867839563173978,-1.469974980114753,-0.9080511198751791,-0.11070755813015364,0.727256396466488,0.3625276822478108,-1.9382350403245925,0.0714322616972476,0.5184445019440888,-0.2386203551684599,-0.35491504784663774,0.7240642251925923,0.18017255759636877,0.03222010687749621,-0.23029714093197792,-0.2986913907223879,-1.2189044507589974,0.46148986914448387,1.141694182114996,0.2312023390055989,-0.7169277693510128,0.35121992500805516,0.38673244154069764,-0.24405198051309931,-0.8641572882224227,-0.9218730678660355,-0.605349123394932,-0.5307264668141519,-0.5516721714266234,-0.07158005044882929,0.24295333814661002,1.0391859960977834,1.5917590012187857,-0.9122377468650914,-0.7769569251473232,-0.35766269861518585,1.0895721908405969,0.7712767068000993,-0.5076275595837331,0.26690152775752723,-0.028884055719419485,2.0502272789259672,-0.9755489441375153,-1.386349981980055,-0.4271480211444551,-1.0713634029783836,-0.003282075788113187,0.2680938734229208,-0.8342156814916977,-0.10691660556847955,0.13188122539752678,-1.6632599387063827,1.7775480612765133,-1.446184197828056,-1.7867972595066652,0.257480146969833,-1.0719206579096285,1.4963128076994432,0.1336515714075985,0.1592239810451427,0.11406320303974166,0.35381170023644504,-0.5694230772531375,-1.1978850442625277,0.19967500786619818,1.9273312069091506,-0.26441560346348075,0.1477036024585896,-0.09003368841039883,0.49141523632492184,2.141330549315622,-0.49433037632126625,-0.7724211211035044,0.0642956531455974,0.3128476712701343,1.6645635900265414,0.695639794614423,-0.08998598666806543,-0.6472102222646647,-0.5527171202033504,3.9792590447846363,-0.1107058328775676,-0.046892705752490424,-0.5087342808806617,-0.08949781494225241,-0.34781543057594233,-0.9145466386174704,0.007532637997787579,0.147778369521961,-0.4744562219549435,0.3542241523582401,-0.026115277382286715,-0.01344204786685218,-0.6896604057481619,0.2552311043081373,0.6893141226497275
2019-07-01,150937,157529,7042,3.7,124842000,-4.2,-2,4.4,21.6,12.6,101.9408,220953.07946189033,662577.4449441239,1966428.7621709383,232088.74563316672,1072482.6774237133,28.03,11402.7,136.8,199018,13989.307289957731,648,1240,1363631.2752118276,1379,205438.9994402733,250213.27517322576,125.6,126.2,255.802,263.28,103.622,103.678,15581.4,55.34538997510181,98.1570157050335,17.682,1631000,208500,NA,2.4025,2.0575,1.273753740909471,-0.20424777064981953,0.9129566859601481,-1.1522617915874278,-1.003826559587136,-0.4801607361924995,-0.45846271652370346,-0.6092584726171508,0.8119028456605557,0.7266906704920412,-0.056694582514926484,0.6240210037625904,0.01466798033936724,1.3887590608914342,-0.3725154488012709,-0.005204468380186657,0.3768248589713338,0.6761683197328481,-0.6518874892427754,-1.1583399870805764,-0.4361356434877087,-0.5141301223430583,-0.15706765799813993,-0.1580262706611757,0.1629893508062601,-1.1940541399816784,0.9108678429789366,0.6186227546276729,-0.9475626953221659,-0.28383082110298286,0.10515669038365255,0.8985597073289084,0.8348787902481577,0.014826205413307248,1.3483867358325405,1.4584505484121406,-0.6530878040047746,0.46855839295538293,1.4194730212451574,-0.6214061958791036,-0.0267044569850244,-0.7009174178870045,0.3921822483678686,-0.062445613390674615,0.1916055534124115,0.012561948856388245,-0.7753555219709671,0.2609361288082904,-0.15760670449702344,-0.5471928171534184,-0.43024139195737326,-0.8655579288538886,-0.212962199828223,2.1403582902796185,0.43481995398183015,2.304171014470453,0.9701221795010636,-1.3992173536013597,-0.17539228683032934,0.1033748615576578,0.17406409181692029,-1.934197466732608,-0.8588969061892071,-1.539252835040521,-1.1190087472093817,-0.6079977032163302,-0.6581590475055368,-0.4493355520113299,-0.799198237640452,0.014408385483308648,-0.057859552406658854,-0.13562222073274488,-0.2994165805002988,0.6223827429795471,-0.007864261219192632,0.030079958326440268,0.024385124427903207,-0.3238804430981778,-1.3427780688308277,0.3161907713224661,0.7168233496072222,0.08817043194887311,-1.2001568094344925,1.5361943903292952,-0.051901602160095706,-0.32041153378105097,-0.7803642386886286,-1.6232589153616277,-0.4052501266854653,-0.7733188001036793,-0.23219779551660544,-0.1478178200948801,-0.18315654062225079,0.3505480209229329,0.7341819846572571,-0.840620052031641,-0.8532672055811935,-0.24215620512645133,0.8693021673591447,0.789404360940159,-0.25827246858225156,-0.5323403160275783,0.05722739492570804,1.9648719667641894,-0.6028812655275565,-1.6513750230580646,-0.5554263068730293,-0.5567752240421845,-9.246568643033344e-4,-0.6438827056499954,-0.40431614289460305,-0.028220199799601574,-0.021917909256040737,-1.7925596482992947,1.8531052973621842,-1.2164122806692355,-1.8351955791299233,0.12792805361828039,-1.1081988243914267,1.889814034316091,-0.37815202922082386,0.035821891083638695,0.26895310399244765,0.19492742595062132,-0.33874026190104295,-1.8399279488482427,0.4325729549768885,0.9714073779423097,-0.5342936429318559,-0.3227973210452564,-0.4104345709742712,0.3283553166627155,2.6132297662241224,-0.7174513006537164,-0.5765702646431493,-0.06587126427186014,0.465397427797609,1.8627223574031266,0.5344443196796398,-0.11223439519933218,-0.34605807398403216,-0.6027307334551623,1.3243077693204213,-0.08264467001177409,-0.21316454472197363,-0.3143493169932223,-0.07084599697097982,0.29023921723493873,-1.162717881967304,-0.4015139758181603,-0.056683655128191415,-0.38961714505521816,-0.01120349764725322,0.038014785199741497,-0.014346698863674852,-0.3985181920487414,0.23049636815072377,0.5678962606507476
2019-08-01,151169,157829,7178,3.6,124939000,-4.2,6.7,0,11.2,9.1,102.639,222200.25079579436,661741.1015722967,1963667.951782811,231787.40233433008,1066534.19504196,28.14,11463.5,136.8,200191,14042.82820488087,712,1375,1375504.9676859265,1482,205093.08382367127,250052.08835728755,124.9,125.5,256.036,263.877,103.67,103.797,15664.3,52.86968264686023,90.52177264947794,17.882,1619600,211000,NA,2.164,1.678,1.3356927672437398,0.01233402814222623,1.3142233307919835,-0.4881883507400961,-0.6973208108100741,-0.0695572410915675,-0.27533382679948176,-1.049586136358992,0.5135407954134044,1.4432864265498702,0.10517779027182433,0.49209463261857445,0.062382416610332524,5.370130914489368,-0.21226758661797665,0.010519772713659468,0.781083972177335,0.21787564501752324,-0.6027584588620643,-0.3025595769044519,0.4028923994597743,0.3467028469048052,0.02329579140446842,0.2053000989281019,0.02145565227724271,-1.0655251370548984,0.9154350677119838,0.8705558755350653,-0.8187170180428948,0.049736283896422324,0.13044046121755917,1.3587129856592792,0.5609492618796,0.18418912139687102,2.091548333559376,0.8682041393340122,-0.23620920861799066,1.0088073517387282,1.4571769998859252,-0.22748920339092837,0.5648547683062014,-0.13348347778130423,0.8941183877157369,0.28124659433309485,1.1104740667445558,0.19596646940499862,0.1285240302752,0.620640038392796,0.2164611348167751,-0.5243163046391967,-0.6374539407432042,-0.5934020532820967,-0.2628245373979225,2.2305982227981924,0.6910145342702706,2.467242309157767,0.7963154339372931,-0.7560718295915911,0.38629492807935606,0.0426359997770006,0.6824408293240489,-2.025496348434164,-0.3736473926921718,-0.9789980133087706,-0.8689887013026243,0.6248172415158495,0.5992847167427969,0.07452016080935378,-0.9861246415239318,0.7533802294140601,0.5294184860570722,0.2691013058642491,-0.17580769682004802,0.7065988857499269,0.15944906319796498,-0.03586448391838358,1.2388106243799084,-0.2525492647702448,-0.846607980579301,1.225384310672825,1.4041790421456843,0.8413243871098437,-0.626245909800964,0.5212651411757644,0.18645785855643512,0.05097661011069732,-0.602541091879228,-0.8970768619117921,-0.11110808887472397,-0.41984955881944247,0.14811487470384424,0.3215037985650605,-0.12022263435757023,-0.4231471952582772,0.713428657434508,-0.5355144211679503,-0.4454458641502601,-0.5212484838864695,1.0988784847273094,1.2862566824541029,-0.12883828475230147,0.4176108626082067,-0.3059405257476471,2.2935344190942164,-0.6820373903941134,-1.4896066758939035,-0.6925907179601825,-0.571702997483781,2.842396755107124e-4,0.2875641547803173,0.11444019007998808,-0.03960378374307446,0.1776128571523577,-1.720975210831347,2.124698662415857,-1.202572088562958,-0.6331374997229519,0.5523300331796052,-0.3256771916322179,0.07337467616944333,0.30309709008978347,0.5055734208051534,0.8940435548766036,0.44331945704518816,0.12281513820826824,-1.602887747041665,1.046875529279625,1.5868624849110538,-0.10349421826065501,1.1315650061253626,0.7185847917584491,0.21866412235047414,2.0922351959413272,-0.6710487278533208,-0.5432654566492641,-0.055077265092339636,0.4618760314512096,2.318749084157764,1.0311803045442316,-0.6340808929051818,-0.1872419334730066,-0.35607708762469836,0.45188076146012834,0.10028739444841309,0.3097972592292613,-0.21202270364380582,0.08607422056205619,0.7709165694369102,-1.2957950852922504,-0.1651089681810191,0.4357274122503958,-0.38140975267578436,0.20079803784887063,0.02501080133691825,-0.012352684640546556,-0.6696354804073386,0.3972027475858155,0.3790207274188884
2019-09-01,151365,158339,7124,3.5,124990000,-4.2,-3,0.7,13.7,13.9,102.2917,218629.55857827305,657717.4091176386,1965378.5883040084,229905.6230900485,1058681.4224981442,28.16,11492.9,136.8,198605,14065.533629606778,712,1311,1386435.3677229038,1469,204076.8125861587,244860.36266183373,125,125.1,256.43,264.388,103.733,103.873,15697.5,54.90056201980084,93.70475876058904,17.72,1581000,209500,NA,2.0675,1.695,0.830228023577008,0.43596031640258637,1.4719884395049914,3.4991271076422987,-0.44788887705818764,-0.1850264967797456,-0.3746207843715679,-0.6974452017048574,1.0770741425923753,1.336751257904434,0.09568422678292685,0.3577569002908954,-0.09481634740147339,1.0048655402385116,-0.25004452733013266,0.36067935664719514,0.7030868579891915,-0.07996023446755532,-0.5261490996119003,0.05627356941939463,0.7305183601644767,0.8120736410395015,-0.1919223778473981,0.2877465979861838,2.6390854654796576,-0.7575971260203845,0.7811904374933163,0.6438014959802428,-0.7206012955167104,0.23574201113869694,0.09859458529092706,1.4135755124966043,0.9643303339240218,0.25959092029980024,1.8234701886615357,0.7203899660555596,0.6140913692730924,1.3428625846490936,1.9113694129477263,0.01849151544356198,0.5022671410681595,-0.6272879077388699,1.047455481910746,0.30250832838525993,0.7759879855773395,0.6240172079906477,-0.21794778306190443,0.6302792593577353,0.150940517808316,-0.2816982022521892,-0.0713921691611891,0.1706814760849203,-0.39427664873108687,2.5996111261955743,1.5366476501128272,2.575677304331526,0.7083068872152576,-0.7073060101275915,-0.19422123361338137,0.3189699669999681,0.8647069945923493,-1.2944785618165267,-0.423919492526231,-0.7293702890409626,-0.831537153514555,0.37264854402510894,0.6708963773083668,1.400104993805145,-0.6764888662605716,0.6357414056273736,0.8776801956558823,0.08549398747548521,0.6378362952719681,0.6257782967850216,-0.033294641130629535,-0.05630242342685056,2.301765397813255,-0.12540691314203356,-0.5956720371182164,1.1541402266621028,1.4878300576743932,0.9458218999442977,-0.38763330566362675,0.8515566589541523,1.3463021214157564,-0.36048420844511225,-0.31066860064323,-0.3504622608996072,0.20772215869895622,0.06506145179079331,-0.05809773308663651,0.5334861798696635,0.4886185461543399,-0.011851265179789515,0.8376136217417365,-0.257976279231931,-0.43706857290867324,0.10694748034083267,0.057599242897904177,1.2427952676865068,-0.3969403721572837,-0.10389687013233793,0.15677052997160482,1.7021173697836847,-0.4476005768905279,-1.0537603729707674,-0.22397015557148223,-0.4642502490540182,-1.658328850491584e-6,0.4096737744635322,-0.17551996245607476,-0.06250161509008396,-0.01749891441630337,-1.4743058655366394,1.7552634435449548,-1.068792326932972,1.0089707266352896,0.7522257445817242,0.08836735768529998,-0.19665789952991808,0.7342226807656005,0.6037595438519463,1.3887981631010269,0.5797912269484212,1.1904243609674483,0.05928997556583877,0.8454954704631529,1.5490213769578618,0.7944909139433836,0.7645901276841928,7.666997539319235,-0.06147377579450453,1.7189397282803198,-0.8882855678313691,-0.21170334665848553,-0.12827191124290124,0.3168961008614212,1.3900378562311118,1.4532932288240077,-0.4958895944374828,-0.17808709169548498,-0.4199683022884896,1.0575621376481958,0.11490791580684914,0.8417411970004248,-0.18281766134670993,0.13731903688599081,0.31279838249548203,-0.9323034277570568,-0.020752998413862113,0.8870897376940463,-0.2935568711779547,0.37627160429416523,0.15648768141000455,-0.0139586862018154,-0.23620441027461056,0.6049422307764124,-0.12252612138975107
2019-10-01,151460,158545,7289,3.6,125029000,3.2,2.4,-2.5,5.5,11.3,101.4281,217691.04188920005,654303.9156249699,1967143.914699934,227672.0844520146,1050918.5215123608,28.24,11576.8,137.8,198576,14066.418391600988,722,1325,1390667.5519886063,1523,204294.77371363685,242232.74343947574,124.5,125.1,257.155,264.97,103.917,104.028,15718.1,51.926056371912196,96.92168584392238,17.049,1618500,212250,NA,1.8425,1.69,0.773518986784209,0.46176087557249235,1.484029449792581,2.1055612477243266,-1.0864463063999625,-0.8750316698809114,-0.3539644764623373,-0.6941531537981188,1.1606320818227347,1.4915279306572353,0.4680405940421002,0.3778785521054696,-0.05056415934641419,0.6676175416783335,-0.4966928419731589,0.9550411856280928,0.7277058655987642,-0.21674708510275847,-0.34797125717246447,0.12940774916625375,0.6405988371307948,0.555819654055431,-0.4512220991317049,0.050004804852164235,7.9626967263966995,-0.7981467896063678,0.7988934353199314,0.362019836340864,-0.910300384503323,0.19719448862379613,0.13682866426357818,1.18714694379287,0.245309063697277,0.2504161246729831,1.3889428830907786,1.3478295261334177,0.273661935391102,1.1127870774011692,1.6314835022852763,0.38486111661014255,0.05070366057340861,-0.36675148372863087,0.9710933891517703,0.40659290432580364,-0.152250942973855,0.31240593578682396,-0.39410271222996324,0.40814836180578534,0.2395705381677165,-0.8610992861821457,-0.1819326344000071,0.28036969479630125,0.1331166551046049,2.509286079348083,1.5133770791684222,1.9967591948367138,0.654492188327833,-0.8211514633940117,-0.4109173570188351,0.24717654997880958,0.7695085616668402,-1.3210133849786263,-0.42720627235373226,-0.9098954605724179,-0.8901085197671474,0.25840839303367014,-0.3641100939791666,1.9019038540285973,-1.3584924521881996,0.6259160581719991,0.49549945975522564,-0.2649545701192616,0.9918687195587891,0.12405037706592877,0.03993173481354569,-0.04215704048245958,0.9463126281354857,-0.10120835490109274,-0.8624073859217208,0.6686480030341524,0.8420320668836228,0.9908919708026863,-0.5934649733854055,0.7472966939394801,1.953131802051398,-0.586331272462755,-0.22086759758503202,-0.7312820168752739,0.35908424458357086,0.28764509603779426,-0.37883719517556613,0.3147243854392598,1.6305566887274794,-0.3494341801896503,0.6861990680647698,-0.5629223343169248,-0.5737652961416663,0.8752176166430184,2.63383292786026,0.5867246393486373,-0.7316984101606817,0.2654469124878273,0.4142519510069735,1.9938757623059535,-0.23801812372418402,-0.7823588051395042,-0.44781523663470457,-0.11037923396741689,0.003101049252785358,0.4273164584755915,-0.3908247113727073,0.009208510552361916,-0.020725637375183476,-1.425621336418229,2.167994192553776,-1.0783231086127179,0.7374608890632182,0.18911738277006146,0.4373235486808326,0.06563593663248558,0.673121737938494,0.7042451035257064,0.9688404326805061,1.0266225229334522,-0.1856947831716997,-0.18762112383674123,0.66264291284172006,1.5381046153785796,1.410600499522502,-0.5914743878432186,0.7159291075397364,-0.3431007831474871,1.2518401599793882,-0.8046423359426272,-0.2952541567871918,0.0016100186703748808,0.12175259324602153,0.8372224912450535,0.5181662479549114,-0.7160591149368641,0.17167800318215162,-0.2611824057684963,1.4092411090709558,0.0859892811750454,0.906120049878689,-0.08951073602477311,0.16152605559692543,0.18211343453731374,-1.4686128945249528,0.20266314644886915,0.4962544696998028,-0.4300767340633122,0.613872551114553,0.32593993723572107,-0.014158814393353494,-0.14897109076393594,0.8962383881969546,-0.3043144109170157
2019-11-01,151667,158629,6888,3.6,125083000,3.2,-3.2,-5.5,13.9,12.9,101.9372,210258.20964392833,653924.0944397447,1960427.7460061111,225844.03599169423,1038286.3569945397,28.34,11635.5,137.8,199402,14141.928785664844,713,1353,1408213.489194801,1535,204603.74528954856,240071.52195647158,124.7,125.2,257.879,265.548,104.024,104.092,15766.9,54.823886795354916,98.15267542725572,17.549,1685200,224400,NA,1.592,1.808,0.5517699198508085,0.4949828225413267,1.808092168912884,0.3302747923321765,-1.1052237908037983,-0.6502015725841639,-0.024883967782680205,-0.377983052979005,1.032920385076898,1.5442592560037574,0.7470187467787746,0.45446043468670694,0.022279889904313,1.786927765522665,-0.34789046398419543,1.0942797683181713,0.8376838217043975,-0.44726236668706754,-0.1996281986317732,0.25027032295955576,0.6823713799513966,0.3906895729737613,0.005587145799185415,0.23182922271198944,0.668222249762412,-0.6685577135023074,1.0169465865354297,0.33572755060260767,-0.9300862213151635,0.49656204449418734,0.3337302535387677,1.0869276241981471,0.09673965429591724,0.11288363994320669,1.6150704927997577,0.6457222825651354,0.6958350521365928,0.9050081212022517,1.8677151264548333,0.20166226139062757,-0.002231236562833965,-0.1705337545007821,1.3385335733705437,0.7005629145531649,0.3241555754463275,0.31434173887024913,-0.03979661721281229,0.7473402640913599,0.15513391011031735,-0.663771688262539,-0.19154102242840543,1.5298690987132046,0.28094192937702533,2.584149849027744,1.1151616096093981,1.5910686350382568,0.9513293046707968,0.179811711706354,0.10776824758576903,0.6744045403077513,0.8794414037199465,-1.529150100826295,-0.6213642206950388,-0.2374009395342014,-0.7867996955579778,0.7916815685691654,-0.850132987271792,1.8196885565532197,-1.1665017683771701,1.111991871092128,0.5898952561689048,-0.07486780477006381,1.0913517435129327,0.28037498720482235,0.09337083521519614,0.010664251938355978,1.1583849441600789,-0.2799396306468297,-0.723677070588972,0.8375107285228791,1.0680877388874221,1.3865418488739096,-0.3836524432938584,0.7833086817055883,1.755357898428864,-0.4519308730890307,0.038595847441973315,-0.7646019111316699,0.2876681729163853,0.14405495172721763,-0.48862462637270576,0.7513754769935643,0.5263885806245397,-0.6760390827039651,0.8412569595005485,0.2310997502357234,-0.26295401127921014,1.0021137312851902,3.1516462147903477,0.5383501774432139,-0.6250974130348596,0.4432549206417112,0.5186481832288649,1.8501387273519114,-0.48752894000388425,-0.7664029801441035,-0.7904132039203469,-0.16729859830861146,0.0056264284545711075,0.08462118831415019,0.1995521415709647,0.06934464104670698,0.6243017829914146,-1.3004111909511504,2.1342345210161415,-1.1134620516166172,0.3656178247680641,-0.21106617195957572,0.31910919021012013,0.7419183658708182,1.3278550695382036,0.769361722336775,1.0436875407210051,0.9415316408121108,0.24149846059226146,1.3941749086899249,0.5805302522140499,1.5708360254842921,1.0813723780983449,-0.6095771303016289,0.5188661097854528,-0.08864160963266438,1.7821850487132258,-1.1236818781861966,-0.6873132155781397,0.02826399269800881,0.11172181542490323,1.2593843698766203,0.9279127484697688,-0.7498179287608894,0.06283583640065717,-0.39754334813910447,1.260123510286319,0.010118537602119964,0.6074280813067969,-0.0036767796959685265,0.11249128328558908,0.24679328309957727,-0.6343280277365544,0.6475832034846122,0.6073150123136362,-0.06911212848526663,0.5463086879966188,0.8206268514625069,-4.8760504717570264e-4,-0.15782258636015042,0.7126684030067565,-0.42927278264245505
2019-12-01,151794,158845,6699,3.6,125163000,3.2,3.2,-5.8,3.3,13.6,101.7003,213087.32875070703,652028.1476794461,1951401.7803925187,223932.23848830853,1028652.918787809,28.38,11633.8,137.8,199461,14164.725282099955,700,1548,1408662.8893554604,1443,204612.34624713587,244572.2722348452,125,125,258.63,266.02,104.307,104.322,15683.8,57.407460668986744,99.5868768161446,17.491,1769500,236000,NA,1.55,1.8599999999999999,0.7387768558712685,2.2109754216801303,2.0454211200425614,-0.38837108206860954,-1.2141980648054873,-0.4613651733849453,0.14555885170187546,-0.13835299540395202,0.8093260094592121,1.0390018953329465,0.8548965726538169,0.4296660822450749,-0.011077421454609536,0.7329610201588941,-0.31687400166864743,0.8094737444788195,0.19893707836887686,0.011948757807068932,-0.20717042538445055,-0.2078187230553997,0.8631652377841684,0.6863157552774524,0.5110032263596391,0.03155616292263818,-0.18673391784046497,-0.3411104008044258,0.9871598204036445,0.30388914250098625,-0.5975342343032726,0.7203433519040272,0.49859817612871576,1.019198090228704,0.5720674176384545,0.0847522243197649,1.112955813392554,0.6170779054588211,0.9165882589890404,0.23825168467120145,1.8656488437181824,0.6471231069938742,0.3243097779165513,-0.09760649517885187,0.9380664074494343,0.5991533357628049,0.7875790672198009,0.45181201109206004,0.2859789974351623,1.314674975812162,0.3502574819747357,0.12326017259258722,-0.22379872589875324,2.2868957942588937,0.23676870718417847,2.6512157895121407,2.590759386797621,2.0662750897015814,1.2825170790402347,0.9537076381603723,0.026754231922778815,0.8271194201777955,0.8137514470007072,-2.2105781620488254,0.057620786235554194,-0.3044405633170438,-0.16141667826671774,-0.31489813616093126,-0.5115498208299177,1.2927936092755208,-0.9992998706083912,0.6856369048130302,0.021922292519390936,0.27744449262494064,1.4757139712760237,0.4227412907692888,0.3583402024762471,0.0649272753466175,1.5433676425137792,-0.48654719097320454,-0.06350417188381818,0.6579920553003558,1.3588139631565277,1.4179102371533692,-0.028395487328141365,0.5859009998273816,0.9704945564838521,-0.24727630561259836,-0.4170463670485336,-0.41216093081611765,0.23363472441880725,0.1353864297541547,-0.27673151593033735,1.0352053268752122,0.7139317094237648,-0.624224953990278,0.8077687775264895,-0.7471659414576598,0.15048583566767906,0.6215753654565126,0.4931923293360495,0.495602265688147,-0.30760348249910363,0.4144669398854492,0.3842203654653039,2.024332201266486,-0.19788350485493456,-0.9336317213643329,-0.3291972661380063,-0.7784718206555438,0.00301482400916291,0.07176030380563608,0.12300315465685556,-0.4028010480878471,0.7355314458401288,-1.3780589152117746,2.160428187924866,-0.8940873907824941,0.002694948192353565,3.679321666841589,-0.007640259731738989,0.702575793923181,1.7778106220395884,0.5644146587206933,1.3492805658205291,0.4454732223595555,0.101378830830765,1.4199923558198657,0.5589290059762344,1.2410296062831148,-0.09090552596585275,-0.553665430691088,0.24923011487634847,-0.13859239747830154,2.1559084148851504,-0.7907064818696918,-0.8473638218693393,-0.09742485150345492,0.06589093133100522,1.820402805357978,0.728389496062235,-0.2526014444192317,0.4318616565175262,-0.3074897307246624,0.6782256719050572,0.04713907242273225,-0.0875858707572084,0.1813892966018291,0.3235628523722883,0.7685360506416548,-0.01876992388032092,-0.2836090145831769,1.0602698320865136,-0.16442623956849586,0.7493407874736714,0.4206276118082372,0.005460300685925687,-0.13931116088517226,1.5874523783199201,0.2089988496225968
2020-01-01,152031,158508,7124,3.6,125098000,11.5,13,-2.7,13,-4.1,101.0338,223615.65700066995,646000.5742176285,1951611.6158273006,222456.6944205187,1031966.6953775481,28.43,11800.2,139.1,198790,14229.399942578237,689,1581,1427092.5447411237,1490,199948.3204134367,239610.48904201362,125.2,125.8,259.127,266.716,104.49,104.507,15842.8,55.048329983730504,97.98887334392238,16.85,1800250,215500,NA,1.55,1.776,0.7036053822731408,3.6630001856388588,3.0878898392001832,0.7219300874477225,-0.9025778285961363,-0.11545174664597242,0.3266674161984417,0.4609802376091837,0.8467801907359207,1.6604320911894344,0.6374687345535461,0.49767459319110396,0.4156374620888467,1.1620991270041774,-0.22111388484219188,1.0271406356247181,0.38809318348410976,-0.005558448554807509,-0.4675329570508903,0.10662913387083221,1.6764601604083353,1.3478659650822562,-0.241271347690451,1.0241425430543822,-0.22290519693791888,0.02206772311892509,1.8739921424231514,0.3854599590774576,-0.3746586458683201,0.3895800677692446,0.026304157113652447,1.1064997777876453,0.552724624276611,0.3067127278498849,1.9000958231406966,0.7568388335059317,0.8621088524095173,0.5902065029594337,1.8670609010545747,0.8584509180937329,0.3690831329443278,-0.43598726389258713,0.8246867369007397,0.20157185733911254,0.5680924210509718,0.31900114459045636,-0.5286173528687553,1.6664723330689524,0.46195067450912436,-0.3816085934649489,-0.3781608639891767,2.4043323793825495,0.47629269015888176,2.9950382364480417,2.9109674214810366,3.345099548172482,1.388729916185095,0.031506423683355905,0.976594180991152,1.2178311710598768,1.0467825293172044,-1.6760569884688878,0.2407834676708516,-0.6921386213031294,-0.7403292173545365,-0.07632728090783793,0.1338812417359166,1.3488967314768365,-2.14181309335862,0.28151236974245997,-0.1828563461380211,0.9010529950465062,0.9948421256390242,0.46264686484484,0.1457613184481391,0.08592669919705138,3.2638461217239843,-0.36673689748062566,0.19805742615823763,0.6345463707973023,1.5045635637482158,1.579382730045714,0.17628578535685097,0.9195553733284858,1.2303984726459463,-0.16367358085268102,-0.959441780735601,-0.5836087466182057,0.4514187102555262,0.17362570021386178,0.22580535522133216,0.8020807708329782,0.9159571547445731,-0.0628997942512805,1.319447569819605,-0.4907804172881886,1.5633699954368845,0.9732567851541283,-0.3254499978276139,0.2989853223454457,-0.32882885253544925,1.2826904989099286,0.4841787647956025,1.7991209036598366,-0.02917650277746777,-0.36456192418697625,0.4179054344587706,-0.49879311997184306,-0.0018480410039687849,0.1015868077358939,-0.13252781438233294,-0.12448236769742019,0.20329222107020187,-1.7864019918179217,2.0037252480799044,-0.6542595788631136,1.1255472390029957,5.876695149938623,-0.23744903084787944,0.5621243902459676,0.8701562559195631,0.3907321887749355,2.214276195302839,1.292539921610881,-0.20508713961114045,1.7987160759415863,0.3856408821889057,1.7960166041621957,0.27324398844772396,-0.7219968560531219,0.1922178843813865,0.06723602259205848,2.114163354748193,-0.7731025394006499,-0.10218714529889315,-0.06702732278410778,0.10914809702075087,2.081127308159661,0.3986175738095626,-0.018122716778684773,-0.13989432319636708,-0.31513508766760884,1.3025126356270689,0.0381567901568728,0.4603672780321198,0.2642151825208549,0.09613867384091922,-0.16634213853631957,-0.05046815317955028,0.18779635756153037,1.1892260575837723,-0.16305818210101233,0.8311112853491945,-0.14553685267749655,-0.010014059547913361,-0.01026375158064938,1.5088769788457868,0.806810353580774
2020-02-01,152293,158714,6966,3.5,124969000,11.5,10.9,8.3,36.4,3.2,101.3735,229844.22365237682,639990.2460482152,1938471.5285087707,224947.1660944986,1040159.5057997763,28.54,11898.8,139.1,198777,14179.663966798316,707,1549,1432852.6483891637,1461,200299.31244202616,236145.08525145115,124.3,124.3,259.25,267.37,104.573,104.711,15900.3,48.329874824285426,100.29050233328408,17.13,1770200,210200,100.04862068965517,1.5825,1.5025,0.5998009347853829,2.8407843743631833,2.64191520908474,-0.0508340999902848,-0.724756922055303,0.3547342961093873,-0.004045706062782265,0.009315918058906478,0.472781279064911,1.5882611887391296,0.28472656062383533,-3.5741184162767072,-0.18435200318362088,0.6180056284092724,-0.4093473861664115,1.4596238022055241,1.15518447890565,-0.5216836331926138,-0.706995619942647,0.12098116659950783,2.034205109892832,1.6019076586348096,-0.06905854242190232,0.9481834405654392,-0.2516826404161689,-0.19526058773093502,1.8813109770318357,0.21670537369598022,-0.5598176848699833,0.05740512063469078,-0.053241330955428955,0.9740886886716905,0.04696200838412754,0.05622342487695207,2.269931563657823,0.5250725128608157,0.59323646232082206,1.3647931677124927,1.4316070726539105,1.2757129290183822,0.13931026956590284,-0.3369884778812448,-0.1432115998102198,0.2660548248110381,-0.030408170273028584,0.01202392871368175,-1.1555228691962796,1.07630832140892,0.3574144126867515,-0.4979217184834197,-0.31041952694217007,1.8933885474009413,-0.11867332900531351,2.283909033264274,2.4164365393305283,2.831298643505911,0.6779684156963992,-0.49295877704247115,0.6239982855194083,1.0668698235583287,1.1722812543503816,-1.0625750763012105,0.15943981569581556,-1.1675589251526408,-0.5871453081798524,-0.176204929619681,0.18489885797677597,1.3836958609275667,-1.8093295392118538,-0.05946837521194275,0.14917523753780082,0.6511050980305444,1.2837934270271192,0.6857632661045454,-0.182298961392485,-0.03960281593276477,4.937233541236093,-0.2767005759158364,-0.13290658624364599,0.7803109277192222,1.274603341693298,1.1397882524925183,0.5796424015569398,1.0355461351827793,1.336154975604769,-0.4377213304348634,-0.05862657663530194,-0.7217758479085639,0.556340695263735,0.08990964919877453,-0.20880038710998658,0.37132068903769044,1.062044570113718,-0.10376182848786412,1.751494432092212,0.061410169554192345,1.4731794663006499,-0.2917394268344332,-1.4640818553769082,0.16860828012401405,-0.8170363424444999,0.8909587229640505,0.1586552009283079,1.212300334046347,-0.044809860264692004,-0.14353851158686234,-0.2280329905346171,-0.44827756217065873,-0.005934773282003378,0.23673142763134739,-0.1025315896903731,-0.06398466230572505,-0.03189152828069128,-1.542632198649727,1.7359620895651817,-0.1575579381872255,1.4091931936702808,5.104254354198833,-0.1740097114371793,0.45898417603540004,0.953040321300736,0.8283090021919186,1.7551987411964476,1.278621864901416,0.017443199610130525,2.413189169472168,-0.3735823276921215,1.7417186685761366,0.35581828782535563,-0.5700341383183399,-0.031360241210223204,-0.2905956732663985,1.9639898721250106,-1.0984812269679327,-0.6115269884467571,-0.1352722614047064,0.11473425215945847,1.8415288950833246,0.46159650634153376,-0.03488965339962217,-0.17207412719328335,-0.4067235650509268,0.8468261868892516,0.1673591345899246,0.9711585389652726,0.31798704925750043,0.02861047940475254,-0.39967088976478843,0.027042010161931168,0.10377394238527576,1.2269553576119947,-0.2315869759014977,0.7209984047009163,-0.1619782483832676,-0.01697851949487801,-0.3395330513203541,0.3215914840379398,0.2694354492749074
2020-03-01,150895,155353,5894,4.4,124782000,11.5,-13.4,2.2,-19.4,-11.1,97.4078,196324.96091914337,636184.5575471608,1935710.1618581517,212431.0690412483,1031107.40282533,28.73,11640.4,139.1,181467,13247.01978498336,626,1266,1440166.4892443728,1351,182051.57714033625,221762.52265730646,121.3,122.5,258.076,267.054,104.271,104.632,15702.3,28.013541636696687,88.68846332619188,11.825,3709750,2335250,94.51903225806451,0.7625000000000001,0.8875,-0.7275119295725041,-0.14416312028754882,1.3496513442527318,0.7861796108860987,5.345662706350048,-0.07150574612398757,-1.680883226862733,-2.109355026631623,-1.1172748510805233,-0.09703407278875534,0.63951067971508,-0.11534014055153251,-0.3619965471808304,0.5285864379068049,-1.815493122402664,0.8389400718288623,2.4129332867352256,-1.1985790799476046,-0.39967386464706645,0.5938002577717972,0.35089143861895006,0.042158551603858556,0.8272291942301352,-1.2774982645222588,0.9794034121304832,-0.7943465305002819,-0.4714738515393564,-0.7153169089395717,-2.004062551877148,-2.4261048270053815,1.1706446894112248,-1.1659608500821055,0.6545046401680614,-0.4055057192024646,-1.4716468739564377,1.7217415825936842,0.017009894855647318,0.3218610003994462,-1.696263290030729,3.5328206209695705,0.18178754209272252,-0.669489222311969,1.3122195306981799,0.33482572060118854,0.08573510109105485,-0.3465638500472956,-2.2451051863268887,-2.262020176410561,-1.4323228595607425,-2.8771363898146873,-0.5999842243289442,-0.5948307134207278,-1.31035616441628,0.3702704805026958,-1.0489849795271433,0.6977767276453898,-1.3399860073495775,0.6296162660960872,-2.269178310112382,1.2268319732392656,0.22851890077433767,-0.28443388738541725,-0.29100836298025873,-2.342062329278392,0.3609504434813681,-0.9590279511799115,-1.840762936668603,1.4030731039781754,0.29387825599264594,-0.19493505927702307,-0.3390160833080249,-1.5226670982461499,0.828574264169457,2.669648078245167,-0.10151846508768243,-0.10823847366808079,4.759017944657784,-0.29256295121745135,-0.7643262191959943,3.449597373655377,-0.3384385157363813,-0.5441786170751485,4.410726553514915,0.07424865899024952,1.1509600808107845,-1.398004824165128,1.169275567329222,2.141884795093356,3.014027865936402,-0.09234544302412881,-1.3969248114518216,0.6996351522873674,-1.0507213693215534,0.8330038469132119,0.1201827250286168,-1.196390528284308,-0.2103979773105137,-1.615864902292899,-1.4033226868031397,0.33177501356085753,0.45455935256321806,0.4153536952642757,0.14197835170055825,-1.2205988776869932,5.7985430290487585,6.892408341588981,0.042248925925926696,-0.8291486128295267,-0.011948314459684754,-0.42635451256688683,-0.4189132515242212,-0.11072358618720904,-1.0376895414754852,1.308149942634892,-0.754031896444794,0.48602446096066976,0.2521252121443101,2.021168548933501,0.7707918931984862,-0.9216879785479934,0.34436039942807634,0.19006786305951687,1.4726435798889548,1.3778483493664366,-1.4211461972686148,1.8915655054835359,-3.233989529921962,0.5891720520348072,1.0586907780088823,1.9155542600448563,-1.059293875653217,0.15306377955829162,-2.8473496064220325,0.37672687073149513,-0.6715517895356654,-0.37711676203251165,-0.2245568715771423,-3.4187787036414283,0.2598591934108724,-0.19640098255949026,-0.5426967128477904,-0.4942690187041754,-0.4630409959780493,1.4315158956597067,-1.0005458527627427,-0.6559467814402502,-0.5148136499417587,-1.3378869755500202,1.0823070356320754,-0.6925351000200077,-3.275335146876323,-0.5570705164484867,-1.2405022008621243,-0.44099813501957824,-0.016799571143614554,-2.527576019860002,-1.4225578828889551,-1.5207506279961234
2020-04-01,130426,133185,4606,14.8,123327000,3.9,-80,11,-58.7,6.4,84.5619,159061.22999287353,637141.5088888461,1916997.3604400505,171359.23265086,1027100.8686607985,30.04,10710.1,139.6,156632,11796.452165873767,576,936,1405030.9135383964,1079,146223.92573046478,196015.90939733046,118.2,118.2,256.032,265.746,103.838,104.293,18015.3,15.938288487836823,71.55814417725571,8.919,17032000,4663250,68.19766666666666,0.0575,0.6675,-1.8575939993108508,-5.654103766307994,-6.98238170781666,4.425463068894969,4.574400359141782,1.5646773957389803,-2.673743220745717,-4.205222935134597,-3.536204301756614,-3.087612867477237,1.153984603539976,-0.5981368552869741,0.3181758369708501,1.4271923565355047,-1.6702415987330168,2.813389880271347,3.947514681864076,-1.448098757007608,1.3504425021307667,2.4166713570510185,0.1572486817905378,-3.1173244605568446,3.4512342844079154,-3.090348995273127,1.200401769232779,2.903318272126701,-5.77344185354865,-0.6821443943482465,-3.050274057124454,-2.854244230849454,1.619645829687232,-4.299008984327053,0.9190356548622708,-0.7346817667228991,-5.126704023675674,1.619331576229965,-0.4600724308907092,-2.965843793371523,-6.509584030784828,-0.3338280856955666,-0.7513861482687479,1.0921658739156572,-0.5433987714218672,2.3783375121696655,1.2478678505579799,0.7075077903361541,2.2783010161206994,-6.60459030268903,-1.1129259564245364,0.23014053708833718,1.612897565078636,-5.403263142044788,-1.2874893974548074,-6.985861429306505,-6.623858546482618,-2.6102849256399274,-5.784532622256523,1.5219034217301854,-2.231985939702651,0.20051964942633388,-2.1491216558471065,-0.03465429113260722,1.369618347174909,0.42118300944698905,2.3797405680610635,0.33441504855888515,-3.6976833942477905,0.42908225061342786,3.856951202378933,5.026398257057328,-0.8916249132671737,-3.5599016674957946,1.3430029339344083,1.2716157393400809,0.5856036997995436,0.22789108992656967,5.3400808629480885,0.3276878195416591,4.017264465434393,2.741907317894917,-1.759959446519315,-2.0777275678048572,5.492790416551298,1.496589192717549,1.1373980647573125,-0.47608145556326525,2.551763343450851,8.422861101576185,3.205074481905554,4.941209482807471,-0.9916645506369934,3.702522665305355,-4.808856988546678,1.9759095182325528,-5.914572022566869,-0.21331303553743683,-2.255258237863162,-1.464919408634283,-0.3900444552457404,-0.08775853586077001,2.5687732862893284,-0.17148769811800577,0.09473653806266906,-5.08720665436807,8.813242417924192,12.731941340179652,2.996581371406391,1.585214439176816,-0.006819019264668236,0.019256621880869497,-0.43953545229523977,-0.1224875028624169,-1.4680172223914087,10.83060327452334,-4.798505048406525,2.2868787292647053,0.3705107482723249,-2.9104850649761764,2.2270267621361945,-0.25454911188549245,1.6567283402705344,3.6701788686053836,0.90207516124677,1.3078237681671356,-1.9579316931456947,2.3357691087537114,-5.744751135456033,0.7610410940139523,0.7613657829003546,1.4253256247590782,-2.0550928321169377,1.3650178459358462,-7.404392869655993,3.6643103504304,2.1669023924335975,0.13465190023252374,0.12717417458388763,-9.032728886034153,0.9137589032589868,1.222525378191033,0.42052653777306537,1.0373647758243625,-0.4674346182816472,2.6096733146664954,-2.880024519943695,-0.6917447079674265,-0.2494830079192151,-0.21933519076902222,6.244006435274086,-0.3396753739807755,-8.249471855187132,0.8942452742116945,-3.579232834834373,-0.6343626804093383,0.018666860215838108,-3.087397074804828,-4.377764995518806,-2.033399456273881
2020-05-01,133040,137173,5612,13.2,121499000,3.9,-43.3,-4.1,-42.9,-9.8,85.9604,177422.98589598047,629121.0482769237,1864843.2205901952,178173.40439860694,1029375.0360778128,29.72,11070.8,139.6,187039,12777.799157222298,707,1039,1393869.6580785438,1251,141489.4845202132,193235.6506513248,119,118.2,255.802,265.412,103.942,104.402,17110,27.476862096169018,72.16727538292947,12.543,20326400,2173400,62.898709677419355,0.05,0.67,-1.6701409764736088,-4.203065749887465,-5.7330372290214635,2.276952877058165,3.074164349470566,3.685615457968159,0.8977243693083502,2.0936949918898238,-3.5052930115313137,-1.9013199552264446,0.9693503288865604,0.20587619528466186,0.7805534010611243,1.5934156993304691,3.5564586039081068,2.8771692346087785,3.1409176865864423,-0.39347257653335294,3.1926353382934827,0.6998771438722391,0.7237034358549308,-1.10063996287064,2.8820306231469317,-0.7450906914222765,0.9323208151635196,6.699307272973123,-4.552306612550702,0.8355567295220875,1.081817264340008,1.397445331221689,1.0954162607457492,-3.1322085051636375,0.592225797932149,-0.33261053083340386,-0.7340305924158629,-0.7433771165616976,-0.613582944396367,-3.4042972111624374,-6.202339200674845,-1.8448856270618341,-0.030040408434792425,2.739496929748629,-1.134372049684568,2.261620600497178,1.7700342386850998,2.8258116517969105,5.302794007792636,-3.5787002114859146,1.6313600671351196,6.2007535062598045,4.042708101123523,-4.217899109079003,-0.4510813888344192,-6.313953427475736,-3.6356261103321157,-3.3797478826799154,-3.1781685658672516,1.8106876954573028,0.9208453742113111,-1.488752525951688,-1.71828550575072,-0.32650963243825504,3.459060925579268,5.665506703476652,3.467090982494369,1.93746394018048,-1.0492047541841056,-1.317785564457225,3.866966563219996,7.021605046537617,1.1905514893073756,-0.4693189437693449,2.006877890712059,0.15027814218641963,0.42318216132212033,0.44545082965881533,9.871372920370238,0.6702455906855542,8.10101093059237,2.113144702158362,-0.6695059561932728,0.463386947500957,3.661892892851648,3.34213196494219,0.7595259660847239,0.7383535327654215,2.647814934642682,4.186914831052053,3.1813461183634995,4.7128181863212,0.5687513337533623,3.0492464445731633,-4.221746728107098,2.340012102289362,-4.303053132799651,4.240280567590348,-0.004637508802019938,0.6126270386058421,-0.41212319994622304,-1.0553997296425381,1.7503181608276845,-0.27245721181909094,-0.18930887984802816,-5.247070293851084,5.907193411745281,7.3844165884379676,5.397382422817156,2.9742462647526833,0.00045605693464883233,2.1187181317132815,1.4471142523631573,-0.1367688919844164,0.0294702604197037,8.693727865796497,-4.866474847592228,2.664216855744104,0.5133262045805829,-0.7545933128966863,3.162655154274046,2.2379817983094847,2.310755802211251,4.568672637259087,1.3021553233212768,-1.6151397498130156,-0.13647151676820257,-0.304435820148758,-3.556571150335707,0.5497959998982911,0.6255564672993419,0.04808786579425216,-0.5841321620011064,2.8791190517859055,-6.856491699341458,2.9100553189591065,4.069004630939941,0.5890836357533726,0.4189407672942964,-6.864645388359624,2.3776654938978248,1.122378817163113,2.3733233452523503,2.4682593422370447,-0.8883148387388807,0.788376146240576,-2.2151526102608274,1.1777410210493104,0.5016261087457309,2.0186943837930724,4.904519856523932,1.413845829132188,-5.979525341779091,0.4165579035023712,-2.6736453283188157,-0.11505154736188594,0.0325062162390996,0.5962379910401376,-2.7724016494370427,-0.5497679635085568
2020-06-01,137671,142342,6129,11,119957000,3.9,-0.3,1.3,28.3,0.1,91.5934,194473.002781241,619294.1402129089,1838314.2656471708,205860.74613982928,1018912.4388606502,29.38,11375.2,139.6,201538,13473.8659250024,901,1266,1401221.8279466769,1333,154133.49956842812,201036.73156229022,120.6,120.3,257.042,265.849,104.27,104.565,17050.2,36.741152776445766,77.3619562339933,13.532,17678500,1490250,70.05166666666666,0.075,0.7375,-1.3664304725164982,-3.3007084703252807,-2.549893231536247,1.2707401704910206,3.4075743209388905,3.8984006350244083,2.105140135114089,3.139540896891133,-4.411332908779807,-1.0292574524926439,0.9813658273321766,0.885169015517195,0.553564840215161,4.818706872588106,6.31899559458114,1.6557627986108272,1.9797403039569046,-0.28618576714099186,2.6618882371184083,1.2688089539331748,0.9511695170317264,0.6114611134736821,2.2664633807976964,0.8535680146408052,0.6160310069349647,6.5592473674633505,-0.9546108358344724,0.9547352356009069,3.3807629352490944,2.4095861796937745,0.7538245331273598,-2.1262335684484466,0.40923951446716955,0.15289753536250478,1.298226668895659,-1.1943156459795103,-0.859920529024039,-2.4653716376082637,-5.225419382355497,-2.1832947758761074,0.4835896008990112,2.49439218875213,-0.8076235400370868,1.7097563786827301,1.2919004421523974,2.3365897559302695,2.5360510677725996,-0.3388293431642538,2.5886726818283567,5.718765693080406,3.5847383872806278,-2.701481593969099,0.5903461309410916,-5.596749425180871,-0.07827998786925423,-3.942719487985726,-2.954983563712512,1.2685866602321132,1.1137002575787385,-0.493607859029584,-0.5879802715102607,-0.7851584918020971,3.0290445505760233,5.44130445214195,2.6042123581096948,2.5150559413720406,0.058746396696011505,-0.7402828727584583,2.698545520501759,2.9105033325806984,1.159018297773596,0.900074389069177,1.197755905464158,0.2253256540109883,0.12103608479927512,0.15542894428362766,6.154980904345773,0.3514543030677212,7.969106137855937,2.0320354098707085,0.0873051878568398,1.821831146414705,2.698121573163961,2.612581811810433,0.16406547440352784,0.7020458185554533,1.8632716975763801,3.3896644994027842,2.534570115656257,2.9347804976780676,0.5520561757134322,2.2161772712260888,-4.338025061586714,1.863928010751971,-1.4559535790573628,4.0187730968731,2.105317857091368,0.8226420410827823,0.1303794564560101,-0.09936931444211823,1.7026428437153358,-0.12836881664566038,-0.0699342528711061,-5.189354262223905,3.4883420256655007,4.838635776882057,4.829568019312437,3.335478026749222,-0.0043770304443547375,2.6313978257083694,2.900648668916029,0.005897181145976158,0.2632781155117906,6.443462677720722,-4.7003267621829385,2.1158699138659096,0.902315900285277,-0.030087110490939026,1.8617108935787325,1.7167903842177625,2.122942000887252,2.1385072851082625,1.7161947012595158,0.2590712952461454,0.4596448932131402,0.26184410186042734,-1.6769097765874348,-0.03275641658650011,-0.6049601712331558,-1.1421687261766695,0.2825395283398583,2.4078723272052573,-8.288536474423012,1.7718205131449427,3.6953369919823422,0.2109777128421636,0.6606558488044959,-2.569982970585823,1.5525298023925056,-0.5215584596394176,1.5895050731085356,1.723862944686985,-1.2475788240371781,0.611061320744402,-0.8957401944507288,1.394373242024228,0.6180142038711851,2.185369613423321,4.2680209878247455,1.1279808830104345,-2.3663894095635434,0.37869335214724686,-1.1583360185816898,0.1582789019261462,0.021580672180208486,2.2517050023317795,-0.9148877376490069,-0.9380269665309692
2020-07-01,139255,143779,6530,10.2,119115000,-11.4,9.5,2.6,29.5,-7.5,95.0256,213955.13396699115,618176.8632025856,1836378.408400208,219392.2239859244,1014696.2076153684,29.39,11466.1,140.2,203716,13680.888905888429,981,1526,1410061.3895848074,1539,165148.50159689417,221184.1878789038,122.1,121.5,258.352,267.389,104.578,104.937,17202.9,38.92788158121211,72.2570157050335,15.182,16563000,1383500,78.2583870967742,0.09,0.628,-2.2998539698960134,-3.5044257996242045,-2.8002067246637625,1.11075445743297,2.6447320264035423,3.821620604812999,2.2432039525147434,2.289390392305833,-5.378980135113121,-1.005814975962078,0.9830154931551176,0.7219317101909697,0.31496427072310557,3.6927641548561567,5.894465171916555,1.4012215876490608,1.9329358459417494,-0.059576099828342256,2.338057298296915,2.5983418561747422,1.2069504925994268,1.4299225963919218,2.5535144862103603,1.0078304429155294,0.18079947810683622,4.814482423294817,-1.6788973521147743,1.039195608625161,3.513333909764109,2.4829170339501956,0.600196081438093,-1.314126171652324,0.1742626037152621,0.26409462044614235,1.8908600045680903,-1.1100455529161906,-0.9452579281226505,-1.3234577790996567,-5.347788081715949,-1.6166936592649475,0.8986178967891292,2.753413530219219,-0.4878665622337335,1.383257717040284,1.407733146500039,2.3304052304972718,2.6683347814432645,-0.11603216858589233,0.8372263585600166,4.875902428799463,2.8164504688241148,-3.0250806731984756,0.24427248830790388,-6.155833936302619,-0.900166057617978,-4.980713461980572,-2.9469833984533826,1.3914719864240999,0.8435106958892749,0.08757983587466459,0.15260937352090673,0.7529120365358554,2.16818071634492,5.523644281505413,2.7171205743654716,2.114411368788265,1.2332599377046494,0.10164395153574099,2.413536915191657,2.643257695150458,0.893049893997175,0.9027460274560647,1.1925100087281117,-0.19632847774015486,0.1501678526270298,0.12765701111579023,5.632886838478038,0.1311853429724881,4.036281567384044,2.6372659305150057,0.1540595875594744,1.9062548091574498,2.8437670721513424,1.4230129229940964,0.7018942014249443,0.8359683437699196,1.196351233138186,4.532345856489524,2.0787985996160847,2.881330232067066,1.0012425494265542,1.5422715485753553,-3.657160813768365,1.0371977260597198,0.9491332255003603,2.8989248823144376,2.9594220684778616,0.9327238940036185,-0.1888553092268141,0.27413746362280333,1.6671356862725188,0.41324730976560964,0.019180493927389436,-5.3272692602812075,3.359896176197377,5.695404037018056,3.0845645524801735,3.3674063755642756,-0.0031950145613548627,2.4210011252841803,3.2343963507016453,0.3655740661342308,0.029618896051124076,6.106937081146783,-5.024974902834582,2.6706796577116596,1.519396202408708,1.0655749269881578,1.3822966467013642,1.5084847905424152,2.076715773338868,1.8012047563765272,1.7166982669773734,2.588630315425036,1.09551639037992,0.6306340505970253,-0.31620704199516453,-0.24302999982873041,-0.11900124972514305,-1.1218097202356103,0.2115013893599274,2.087326431265488,-9.573959211061988,0.9787987438654377,2.836735579136234,0.21964371744879638,0.30522885530385324,-4.540042086982385,1.5092019889212347,0.7973601510648851,1.8833583936897507,1.722793551845055,-0.346622897723566,0.4324216588564746,-0.26105695734222706,1.2129083743017985,0.3489768880151085,0.8599894732845875,7.2150417090355505,1.4152997586873437,-1.4444911860725664,0.8842142485209528,-0.6610138052400477,0.10088404241353024,0.018824269398520433,1.1836761482766733,-0.7747794616916018,-0.7067251610192877
2020-08-01,140821,147245,6429,8.4,118758000,-11.4,6.9,1.3,15.4,6.2,95.9549,216336.41651568608,619942.7863068561,1837597.564234996,220043.86383141033,1012473.5386669209,29.49,11579.4,140.2,204667,13790.597883093355,1016,1396,1420832.4592352435,1534,168587.77534089825,227190.80766663488,123.2,122.1,259.316,268.422,104.87,105.243,16542,40.3737961285401,74.82177264947794,16.09,14013400,922400,82.9558064516129,0.095,0.6475,-3.569778506347378,-2.4680733504359034,-3.3408627330884593,1.404578414762763,2.5392252400665725,3.9130333099052708,2.5819384782882406,2.223354751970571,-3.9299182744641272,-0.9130180637700872,0.6411398253168912,0.6595312570774214,0.3912845589068508,2.5648193363082594,4.658818746630124,1.956556101129882,1.7495987321016626,0.18531268256893071,1.9542047778816778,1.829439058322987,1.0072576066244037,1.297305062987818,1.8801013496817425,1.3325938686503807,0.31463409936646225,3.630067665581598,-1.4281790153897773,0.4813870812499256,3.1342826825638364,1.9321824953418487,0.22853773079180495,-1.8797754285543877,0.39541339304993767,0.0946572268394296,0.21575694289920538,-1.1106163251929693,-0.5030485309406301,-2.441482391427938,-5.557354974889424,-1.6272257288558072,1.0116051303034281,2.0533142567063654,-0.3660163047783891,0.8233719046823669,0.854895032026474,1.9230210150791218,3.796170087474113,-0.27368042717601454,-0.550958315926282,4.19865397270237,2.4247940109889385,-2.0602052226093237,0.029564109415867557,-5.697412876398341,-0.7064726526487856,-4.4395339513235745,-2.0289514710926118,1.404342055219935,0.6964287140264246,-0.3003784501878634,0.07026607030539599,0.07758983277889465,1.6907348646111582,5.328492291031093,2.0972925211493028,2.26578326295605,2.1269304745774265,0.4627250204999129,3.1761910043101484,1.0736236498219343,0.3555993193509702,0.21781593774640587,1.1298521884098343,-0.4745788513033339,0.3462015351338096,0.05744126128281282,3.119116155582964,0.25179592133637574,4.718666015725212,1.8742968627971954,0.11367250039334853,0.9610089365835095,1.8241331378137504,1.8141061655517672,1.28694816338522,0.506211878385723,0.7241671113357235,2.4622788515444367,1.7089885918722254,2.3291752871620566,0.8903814254443865,0.92350558641917,-2.969206191515487,0.890929650784289,0.07825989584020217,3.251054725043046,2.7696117701462906,1.7504568675634093,3.4762024202829496,-0.11397322908861446,0.6108821017263659,-0.5152825377266492,-0.26689457640656683,-5.42391046929429,2.689056901472974,4.336859727798261,2.7197617518591124,2.5174596874526354,-0.0022951332544801644,2.5320393762295197,2.700756158214644,0.1421016073768324,-0.7520593671644444,5.810095271834036,-5.216069549946248,2.727105823055672,2.3524052383277776,0.3719207981557974,1.7437473156814456,1.1614468330520673,1.6746060392430133,1.2283444768083662,1.6592905811939453,2.865925312684514,0.2267364001296576,3.929797634610322,-0.40016077847049636,-1.2438938056516466,0.11076957518914592,-1.5706461148095914,-0.34147059471525587,1.167850497518409,-9.272182781964574,0.8494140696280917,2.1826297258615677,0.32910369810418577,0.26994627506838964,-3.7016707968551423,1.1892228653724075,1.2171595287984656,2.1111086379744224,1.4250888052303405,-0.0018839410476770978,0.40538421526971374,-0.548266914522465,0.42370600507389883,0.048759050418007197,-0.0944847993739077,3.942206511649584,0.9071918555912544,-2.49683215510268,0.83869890362549,-0.9830442229891492,-0.060218386566241164,0.020818483244254463,1.5818395162099437,-1.1566025205633643,-0.5088095166815193
2020-09-01,141770,147620,6511,7.8,118978000,-11.4,10.5,5,16.4,15.3,95.9669,219386.6186927097,622632.4757036656,1852680.136502467,221466.44202670932,1013231.8646068325,29.51,11665.6,140.2,208195,13962.039654663658,979,1473,1439727.9572041843,1650,173822.78191838716,227626.90729794302,123.4,122.8,259.997,268.933,105.057,105.41,16633.7,37.72237927981953,80.90475876058905,16.713,11824250,851750,86.307,0.09,0.6825,-1.3012735445494663,-1.844831100563762,-1.8542120007595793,0.17268754985569942,1.8190971500719995,4.501140761458477,2.451901739213642,1.9084310653583108,-2.256087701437157,-1.0537672371172575,1.066465167244013,0.23589920537052314,0.3769693421827387,1.4425001374293347,2.268298800952225,4.255376469067477,2.226809946355616,0.03390509837874623,0.9005403006140367,0.8814740846734659,0.6784593423561873,0.17686488570752948,1.3970714474359727,1.002349653583909,-0.36428391493795903,2.517664958104271,-0.4742398196465156,0.4376456842841224,2.203441444508706,0.8527941990680962,0.18708586180652376,-2.0631329239841043,0.36822933515911344,0.1816590825553769,0.7709266557953188,-1.3596066856982163,-0.5473005508193647,-2.7468151369307736,-4.900380241922115,-1.1996752433109,0.6067142554023104,2.2309462180679036,-0.7610097983375704,1.030575946607797,0.5681606468458541,1.8308036598804827,2.6489721869630976,-0.3056880013545982,0.00969486856241542,2.841199823642763,1.8489030186134998,-1.1608566515016774,-0.6581616198888449,-4.426095995073328,-0.571882393524719,-3.505226780452699,-0.5785901129988328,1.011364209888768,0.46790592584427715,-1.4381167029882072,-0.2344291486005627,-0.8866778361021714,1.1691892176344076,4.678251136420568,1.953483699970493,1.2327334983317844,2.9988271276468863,1.4517059458553527,3.0350486450721372,0.28129478842899025,0.07778305881836278,0.4800437503524546,-0.14321163670891748,-0.25993487883960376,0.49816595631256405,0.05276172450846864,1.2917338066967459,0.3428699895451156,4.211082589457835,1.2712802493829956,-0.40215211971024484,0.4217965323093043,1.5769643687133854,1.5535049367403022,2.7445772172247795,0.09706127949530806,0.43792588429761387,1.338728828130559,1.4251383335694006,1.4697556180990157,0.18283998385025213,1.226988757802228,-2.827753923366079,0.8194671964121222,-0.8103750592191292,2.650034822461611,2.4068076097318905,1.8969420847812541,1.0108276257499758,-0.7490450598756483,0.5476145612250104,-0.29452050941630853,0.07580038182503333,-4.753482147536927,1.4130859604364288,2.052653305376627,2.4446885330694297,1.0617963776414494,-0.0035527979968885412,2.319504904590709,2.282402914325934,0.1774018450716926,-0.30758120725360966,4.950642275197831,-4.611909682308322,2.5510894412414657,2.486854738220973,-0.04159842404865586,2.370771959380123,2.085066158820993,1.2518710363359071,0.8405100676114785,1.71621890224383,1.922246710622187,-0.4107826167043038,5.101275000134413,-0.9053094881680165,-1.1780468836365152,-0.9393905596734293,-1.8449505760031184,-0.930867328846,1.2072144147667274,-6.6847032387501475,1.5505584129291319,2.2592575050614925,0.2667233699539456,0.22939016428819187,-2.4284625783829172,1.2097201003573714,0.036967898548363,1.7169967069997853,1.0924004437155006,0.16719490532034614,0.2814170012845648,-0.3372148731614991,0.41603538788780986,0.045369802179747315,0.8191816966384357,-0.15695128921321658,1.0966291562002133,-4.398718914101364,1.2739610177777743,-1.1659923397722012,0.04268155292917211,0.02546709043752805,0.9154129094787392,-1.598049034511159,-0.2934380492559528
2020-10-01,142460,149931,6798,6.9,119197000,14.2,9,2,30.5,21.9,96.7394,224760.5824005478,629237.0020256584,1870169.5103600826,224649.3138439007,1016622.7615524342,29.54,11886.1,141.4,207097,14004.43172199979,1031,1543,1462926.6483438103,1612,176872.30744358114,234484.69344086124,123.3,123,260.319,269.306,105.151,105.507,16573.6,37.46992420423962,83.22168584392237,16.564,7871400,795400,90.46225806451613,0.09,0.77,-1.1794288379884743,-1.6691524382774856,-1.7149026962358116,-0.9080785538723214,0.5904986489353241,3.897655507773324,1.4143805145416344,0.6658870942871978,-2.298372352291317,-2.9367519353004217,0.2116283804185295,-0.18068932883725555,-0.06298535684786175,0.01703047185947865,-0.023366319907305776,-0.7485771828065927,1.4327682650458957,-0.8048343129043813,0.5136069180569343,0.38746855805870634,-0.49492330425689296,-1.4280841419233299,0.5223893486701388,0.24389637642694792,-1.3033162320476201,1.365793389945726,-0.4463869807126129,0.07331579733758209,1.5423109890413043,-0.06002981093194266,0.0526591095207324,-2.6263518498325382,-0.2457670358835102,-0.005348658911641878,-0.39940385378983895,-1.4603715266957982,-0.06825206981354721,-2.4074623062809537,-4.565860222437043,-1.4491142690556635,0.42642017933151405,1.5102122015108173,-1.4136727129618782,0.09285076596680979,-0.14090809440156993,1.0507590924940948,0.28285811702394636,-0.40504631280741077,-1.0818693962440122,2.521125232010907,1.3586206712585407,-0.9391793726669153,-1.0963081934052092,-4.353857081617899,0.12050375032494326,-3.312251214741614,-1.2342432826682455,0.30314047979982345,0.20687339030811844,-1.3453309304327472,-0.5366417953201073,-1.1830833654684683,0.6835128425004078,2.6724289278975224,1.3921549165135556,0.0695939636612441,2.4182040882483666,-0.7628386429251912,0.7976238216661528,-0.033179719557804375,0.021227514140281404,0.5554855023694528,-0.43776963947224634,-0.8921179618300082,0.02236219394170731,-0.09361500249864188,0.045904434496779736,0.041529724374038346,2.1757192089982165,0.6392400777729508,-0.7935374278580034,-0.392052889183396,0.8698126939544345,-0.49274741715168746,-0.9718293163575051,-0.6104568914808641,0.21968859493085532,0.09378438216251443,-0.01793252712538802,0.3836289845237148,-0.5784242656008812,-0.21790167239097974,-3.5178842026144674,-0.7151811007464578,-0.33444900011210243,1.3505236020167553,2.023089680249841,0.4430165144837646,-0.9781971273374231,-0.508713212419057,0.5510499976408175,-1.6036963349101327,0.1281128447513037,-4.3392854622957575,0.4807797909682336,1.3138656995690847,1.689395171060688,-0.5848399127399504,-0.007346325829179215,0.7011460216172006,1.2644203050315617,0.07730583523957738,-0.38419231008232263,3.336266889435973,-4.3409376804351405,1.3937490104392019,1.0300356868545686,-1.4512684875275819,0.8000014755959605,0.3981367024853429,-0.04695315291216599,-0.7406295260084118,-0.3272499188464747,-2.2419536178790347,-0.6336806091334425,-4.514990805907253,-1.3703433926874475,-1.6954005315490492,-2.0531707728476847,-2.1260936047428283,-0.3206920289432094,0.6499693188049093,-5.668248738318189,0.6803231873833094,0.37345244672886163,0.04987270482663593,0.11366237021096369,-2.4982042531424313,0.5351584946741476,-0.3959522069208697,0.9780277080853422,0.7108748254783563,-1.0841083492145418,0.18927323522562664,-1.5855909788833267,0.3082763041257663,-0.1503634467926466,-0.3237194464472551,-6.061349565651608,0.8324126113854872,-3.2408188535092477,2.4780022733126676,-1.342517423701531,-0.19773322625137896,0.021864350584369658,0.261710708822299,-1.7184862133541994,-1.2153568846839409
2020-11-01,142733,149934,6820,6.7,119424000,14.2,-1.9,0.7,32.4,21.4,97.0816,225270.28824412395,630004.3702141405,1877168.821852398,224724.96152311465,1020550.4569723917,29.64,12013.7,141.4,204645,13967.20439301526,877,1543,1474906.4204146003,1692,180757.7571300994,241343.175815615,123.4,124,260.911,269.981,105.258,105.605,16381.8,38.89490585038667,78.25267542725572,16.298,5948250,751250,93.53833333333334,0.0875,0.875,-1.7676371173444245,-2.60109458603832,-2.263212345065745,-1.79748644120015,0.7517626468743537,1.1958554627531115,0.9619294378232847,0.22991923158540986,-2.8845910384757514,-3.3519364612285654,0.08771213371016494,-0.3080175647860638,-0.4659385459816792,-0.792636569807871,-0.3133312402257618,-2.571555711427762,1.2553064821590088,-1.0362054393442706,0.5605802862537409,-0.14477346619748774,-1.5607525693358772,-1.4115884761989586,0.7105941954386253,-0.264262555760607,-0.772510293325737,1.0957550655792054,-1.7984930407956004,-0.48386717833405135,0.675657542604653,-0.6876198026674317,0.1375954093033946,-2.3715267801966613,-0.29905664062169535,-0.29295538323373954,-0.9114886275164864,-1.468389885191708,0.2280281358852227,-1.747280152193873,-4.217044584624192,-1.715826864341888,0.2716502008453236,0.7678896033680014,-1.6549290798726606,0.01911859393161297,-0.6065765750195299,0.36788204989789397,-0.39996463661413656,-0.6739032137870252,-1.2845618517817345,1.7603755570543353,1.1718754299103584,-0.5903564646883884,-1.3901643486428894,-4.254383080468833,-0.5554302987237578,-3.5260933454507124,-1.8834041555968848,-0.18368262314290132,-0.2506081798643678,-1.312371449581357,-0.955524333110256,0.6432777991419143,0.17226806510905157,1.541982018493825,1.43446506259593,-0.4804717171667104,1.9784773866537866,-1.643126025824968,-0.6926813208087635,-0.7881308292047446,-0.24105840481398635,0.16573817432216068,0.9347277435651183,-1.1059429097764655,-0.13769531323360706,-0.09609121450796737,-0.2467029358195739,-0.26347137619849154,1.2813854161738631,0.5525005351588462,-0.530244866961165,-0.6002402235106008,0.865860087959395,-0.36239042543568967,-2.615995449846802,-0.5324590963147431,-0.12125187147672457,-0.7599982891507912,-0.19742286665044184,0.11968301727107977,-1.8664512241146074,-1.2374718526299866,-2.686916303640472,-1.0610144631753031,0.25517903642516465,0.7350986915589227,1.9632116670023918,-0.7060539322430066,-0.6756223375725261,-0.6678018786765212,0.6831135167986103,-1.2933726325661066,0.09971553215467607,-4.3596981253289036,0.5312805341385776,1.1477042163709628,0.852886964945246,-1.8542249664194839,-0.005123892103749057,0.43612904609340536,0.24409460691495155,0.008936937090276854,-0.48729247446960644,2.484134923632927,-4.237211494149295,1.2627009322079503,0.37742610012649597,-2.030751814201129,0.3680797718408331,-0.06946830421777198,-0.3405110178410849,-1.2967945191490913,-1.4169352279358205,-3.9929873469452497,-1.712865454126052,-6.588792242908841,-1.4083578042021807,-1.99177667016989,-2.719982769954738,-1.8869917830788387,-0.1464189619032802,0.149293560033965,-5.152907494557574,1.600310403088781,-1.657091865274132,-0.27557268822945163,-0.273853814024456,-3.781724780889997,0.541794189747042,-0.8375708274768134,0.7478553824246682,0.815470913208637,-2.4116279177135103,-0.023033530750414744,-2.2038570117920044,-0.14320290663023835,-0.14955425853178295,-0.9911344061474243,-1.0564539357971812,1.2454407279626347,-2.546399851542937,0.11138853469482415,-1.3552423665092084,-1.3085685174764974,0.04920024187819912,-0.1585102237783808,-1.9554529441666029,-1.8016612832567587
2020-12-01,142548,149975,6773,6.7,119612000,14.2,5.7,4.3,12.3,19.4,98.363,228776.0527535738,630295.4616410751,1885116.84601938,229075.01490080322,1020407.9508793838,29.91,12071.4,141.4,205517,14022.83843744974,874,1614,1492450.2596997134,1755,185826.73440619116,243904.86191922345,124.6,125.5,262.045,270.341,105.699,105.896,16397.7,44.484810641538715,80.9868768161446,16.906,5384500,836750,94.83870967741936,0.09,0.9325,-2.2377108389405693,-2.855224389675014,-3.016724119641067,-1.1842184562488192,1.4563723714617138,0.8206932434047194,0.9652077595788392,-0.03500226673574938,-3.6010126518022014,-3.132183124450502,0.16217931044874861,-0.22184145005998684,-0.6121359129845281,0.32214770113233526,-0.49736905175926444,-2.1471786146573635,0.49981590937714254,-0.3541395127352051,2.3043343162223895,-0.07776240821539916,-0.66177157950033,-1.386957027138236,0.52353855497329,-0.0529371716648148,-0.2912402893623324,1.2643392600268542,-2.571106265239021,0.1053677492795501,0.9261341973797083,-0.2682985107003389,0.034072234283420606,-2.5764473448811147,-0.32340659676078165,-0.7278948858792955,-0.929558894696424,-1.4074327915761429,0.5683621853806934,-0.015044841607603084,-4.355222291142916,-1.2838499648908133,0.13842292960607958,0.8499716280080881,-1.2323163576650866,0.5519517438151,-0.8442866959139097,0.7483626354144238,-0.14126265310751324,-0.759514004268206,-1.3494056349200756,1.3263117923289596,1.224146938293997,-0.6355618246482284,-1.267959522817512,-4.7198348887069335,-0.8578852884383962,-3.6475111211477915,-1.6023813275040835,-0.06738925867984594,-0.6903345683638262,-1.722970078315314,-1.2589638775629843,4.290290441917684,0.5394987392437315,2.2396944400019723,1.202491581337686,-0.6617010917629427,1.865958743079344,-1.3458722487492212,-0.7462550145895065,-0.4813003436316773,-1.0693657642030792,-0.004021054413727831,-0.025043038643108213,-1.1508777020832668,-0.1536868526901996,-0.001183148980058616,0.07273570310360428,-0.4588693556676285,1.516256997044729,0.4881620963883909,-0.7350610301899098,-0.5861265118058749,0.8409620132434988,-0.6651229373457208,-2.512024139540707,-0.40566216898065066,-0.31321608858415256,0.2470777953585768,0.2745055740950748,0.12260803236581927,-2.1979248459733727,-0.998628607925024,-1.8708707956077575,-0.9280909862684841,-0.22907033197902235,0.9498320098770883,1.670948336582773,-0.34897384725172786,-0.33353770432198254,-0.8001940198463136,1.4770027602002114,0.05334564016957931,-0.06258944254229191,-4.333848123865131,0.7031821246035641,1.3348983872943905,1.2979457112198798,-1.6419917893691198,-0.004586648970825274,0.84870000625965,0.07313346574774934,-0.18315924867634356,-0.7980517904465579,2.923102509267188,-4.510108414402579,1.2918408087246318,-0.5400355573579226,-2.0284062825076905,0.5909069583081542,1.4496575382592243,0.14925584800077896,-0.5431045530079863,-1.9432109164173175,-4.277941862929339,-1.2113596167675427,-6.249057800876566,-1.4243781466465708,-1.880579374447512,-2.1465395541425285,-1.800806874661959,-0.1928023610050372,0.19279763937333186,-3.6207741206190063,1.808543268193551,-0.7532539144378692,0.14829110084377561,-0.1026373761605313,-4.757466886285488,0.9394721516609489,-0.2957159319266699,0.6620110227477274,0.8150305785000634,-2.354658760257366,0.1754643775363562,-1.8742195041562228,-0.2938579006486967,-0.09439698393745866,-0.5830498899380704,1.3818478379181838,4.1955411932353925,-2.2929250556361853,-0.27626550296211244,-1.6056940326968592,-1.1142568183378192,0.055637050399164396,-0.18218628145387264,-2.204994178527477,-0.5835784960580181
2021-01-01,142863,149821,7162,6.4,119529000,-2.5,14,5.5,25.5,25.3,98.8822,235463.08421340212,636381.6217132844,1897212.3351370704,233721.16027772805,1022229.5495868935,29.93,12104,142.9,212888,14200.118703307677,899,1624,1506116.0466146003,1856,187569.12583492702,245430.3936993038,126.5,128.9,262.687,270.387,106.147,106.281,18194,48.988666660386066,77.18887334392238,16.719,4944600,827800,97.68225806451613,0.088,1.054,-1.539326523805638,-3.352807058369896,-3.0002310246075354,-0.3055154683123758,2.6382165932521993,1.4644295459304237,0.8945484151076947,0.5061594871037053,-3.8705251451403604,-2.9820221966753326,0.37081428562210006,-0.2729702230917417,-1.8836746290194364,0.33954099725981896,-0.21762684116177788,-1.9018001616495204,-0.38420320733316904,-0.04610855239520331,1.6483005210724484,1.1546196696649114,-0.6879029467269727,-0.9513031584924171,-0.15195598653320902,0.4945568676396532,0.73871453810719645,1.002762069093327,-1.1835537962426206,-0.33060987977740947,0.8738784386063067,0.7676325093871906,0.047792738629395135,-2.084538367796149,-0.05697190165661211,-0.2464606826926984,-0.7819472325080142,-0.8069779838391165,0.14843268261943757,-1.5064852291345627,-4.069966298424066,-1.6244912567761784,0.7518693054169969,1.3211286921617884,-1.443853418039872,0.1429050465982578,-0.09159273371454793,1.0845529886655025,0.6031947742425082,-0.8172617904562597,-0.4274658338669506,1.7553386600284266,1.2784466651906972,-1.2470469427256614,0.13362014167620828,-5.415859775503163,0.003041489524234868,-5.551888163078129,-2.1955656884859844,0.06362912305628872,-0.714312436793793,-1.4796002857011803,-1.1848208981843338,2.1439156823181134,0.9145637400129275,2.561873746751868,1.347130752197958,0.8475675303291549,2.0775880673871385,-1.629340589336364,0.6854613782996486,3.1826476540225803,-1.5873796398858817,0.7588760005811235,-0.35832689090483194,-1.1224542319797768,-0.11814794938039992,1.8112340333924944e-4,0.43400823599978144,-0.19759359300846635,1.4126050826360106,1.097952967196663,-0.7979644880492323,0.037959313331786135,0.06839939294489895,-0.6695382977600709,-2.1548642649026877,0.5578495723291527,-0.3433107861476463,0.6940463593968685,0.04142524650698219,0.03796737945293197,-0.1821003963404587,-2.30365816333489,-1.9894163649981602,-0.6718442815967631,0.43155880774189875,1.3426860526876034,1.6565154851372375,0.9852980842144999,-0.7919896783684741,-0.3039347074828346,0.4880002784129544,-0.09374203294758478,-0.6152878880958321,-4.470185665072655,0.37943021100774615,0.5886075356069421,1.7339648821120586,0.35611021859931896,-0.010229413705576914,1.0364356459971995,-0.19592328751852564,-0.15629655561950245,-0.5808057873217832,4.2523262859215585,-3.780521181514747,0.7105299737068834,0.4153399095355673,-2.2513312508642125,0.640199070501894,1.096645267206563,0.47315752803994043,1.572064175929495,-2.087846136203663,-4.3786346643399625,-0.9882559960865814,-4.160392491382344,-0.8757302675225458,-1.408679015666814,-1.7086437627412916,-1.6708386169155085,0.10302696789209853,1.3796209859211597,-4.7425801783646415,0.8933825432899503,1.3793739444061497,0.21373768026942028,0.057667457166513815,-4.837723877963417,1.424535993431467,0.003305534072549098,1.1996628346291738,0.6241733004101753,-2.05126638715382,0.1967657987894771,-1.7932365421048804,-0.3416863275206647,-0.08022869191828189,-0.20590181445362682,0.5713657731434376,3.0622655821893248,-3.507594613888281,-0.16048019596460691,-1.1553514466230141,-0.8391601649669307,0.015911429039973397,-0.5005968280252231,-1.684050135568565,-0.08321787795934633
2021-02-01,143380,150234,7827,6.2,119330000,-2.5,9.5,9.1,29.3,16.6,95.6149,236080.7511737089,639673.2394366197,1905160.4051713394,226013.1455399061,1033339.9061032864,30.05,12046.9,142.9,206728,14069.014084507044,772,1398,1478569.9530516432,1703,183901.40845070424,244057.27699530518,128,131,263.579,270.793,106.5,106.501,16697.3,55.436619718309856,76.09050233328408,16.146,4431750,755000,103.21785714285714,0.0775,1.2625,-1.4707001825100514,-3.008776214265529,-2.778076358290252,-0.7120746542609934,5.598258390570639,-0.07328614352576199,1.8086957622037467,0.8550200932136898,-2.7049789588238173,-3.2173331786715256,0.18061594977352327,-5.190885640684873,-2.25880721129022,-0.30536830031272333,-0.3908222668663764,-2.9093216954894197,-0.7921283301822002,-0.02451758234204484,0.9206008931313672,0.6497328247850879,-1.4082236410073827,-0.8217755726983362,-0.5527683743266707,0.3522082283322866,1.1425038071745002,0.8363704841316006,-1.649811206436098,-0.6716763743397406,1.0074092266759351,0.7863629523580109,-0.04316254108399754,-2.2530956003810974,-0.12142038314185212,-0.021539730899487165,-0.5957747590828392,-0.40785224462229036,-0.30214714956521377,-1.235056614593864,-3.5494116735002876,-2.1515012563778337,0.6361655892782013,0.9476507440510306,-1.1667926608213253,0.06779038500312592,0.05953296877499089,0.8111263715126529,1.066240378955797,-0.30857048324712516,0.39029131635623326,3.697363897091749,1.4642537370899704,-1.1214942507127212,-0.8572638860733458,-4.5377989858635335,0.4086785805014798,-5.218482756777854,-2.0287655524294954,0.09266169146982124,0.22370326500499396,-0.7268056157796101,-1.0400516075089206,2.115164787252463,0.2845258870993392,1.8797427342761486,1.2158688566209195,0.8388885162197323,2.1902793805594327,-1.819942226282595,-0.45782920957057405,0.9716689919483389,-0.5167692163890101,0.6594373153849182,-1.4122252467667646,-1.5275941334931915,-0.15815076504807135,-0.06027541996719075,-1.120541031792467,-0.17482877466277227,0.42195831211328017,0.5437520004904216,-0.5217874442320776,-0.6062910628124599,0.17283596544383809,-1.682717657275316,-2.812768591935763,0.36542157351102683,0.027508719953787005,0.17458550813851806,-0.06001757133884837,-0.06919315751801361,0.8938052330530029,-2.358736138510404,-2.1958518340809965,-1.1801321527263444,-0.369711497543487,1.559145400403709,1.8559001822440275,1.3039886485620944,0.047014595301030936,-0.09465922544858742,0.49745538158276276,0.590721012403275,-1.0182488573876576,-4.062569922280161,0.06069634513115493,0.14124823168552136,2.0614632335505663,0.13382443509851039,-0.009592432231906851,0.5416562854048321,-0.09165747450732134,-0.04867769020983089,-0.48222507468311715,3.414857947204628,-3.0252456812201665,-0.31430976029435775,0.417576455784326,-3.572120052556078,0.3668807819083314,0.5400136458838964,-1.2122063342398297,-0.23787086585337006,-2.800035945056166,-5.194332418986521,-1.3529245302633122,-3.636215923906426,0.08166000450981711,-2.078705672770773,-1.498665246612431,-1.6678362169374077,-0.19673137256667872,0.7743808440756987,-5.417412448721264,0.9368283250530032,1.0849564471885293,0.09964546797809788,0.030710902949784454,-4.566611926785939,1.1796034145574423,0.3875057878734766,1.566879969507397,0.5540419496092068,-1.8679228777389407,0.14773262018640196,-2.3370203963942138,-0.8833146775559231,-0.18146105914756896,-0.28648429943963155,0.19976388631280922,0.5255521539103648,-4.275753422107144,-0.33606996017392454,-1.3021832592170692,-0.17370013823009875,0.009024335640895489,-0.44736653506683605,-1.8365052548509075,-0.3808445763483375
2021-03-01,144232,150666,8499,6.1,119262000,-2.5,25,11.4,37.9,26.3,98.3856,237081.28607992225,643253.871877744,1901123.1181189988,228296.93425747755,1041298.7837913575,30.03,12117.7,142.9,227800,14674.55676574439,852,1688,1503770.0599697349,1756,195346.27384310722,255405.6831131952,129.9,134.3,264.961,271.459,107.054,106.933,20520,58.22295290227362,84.48846332619189,18.451,3975250,669250,110.58645161290323,0.07,1.5925,-1.377305239213019,-1.3556504411457886,-1.816058204553969,-1.3780515692328599,2.2661213628192525,-0.004973076378182603,1.89342852170453,1.8888453589609147,-2.2098310947835516,-2.3197636760241482,0.19175138673605777,1.268370868710375,-1.678967788761667,-0.7928284462701289,0.6340351345238052,-2.9690926123684354,-1.9528030264987202,0.05854022880405344,0.8581565244502507,0.6283738433872491,-0.8654881629047477,-0.9310661375561401,-0.4217315833252003,0.31226090001615864,0.33986473038936,1.3710200116775348,-0.3572909373643799,-0.16947898645002643,1.9405218653785938,1.487045985621081,0.022926244800230453,-2.112312695739958,-0.27977931919763116,-0.07710567784375941,0.9453419417151419,-1.1549488392047187,-0.3971609078189798,-1.2407982555129318,-2.879867323915605,-2.5376452027570577,0.9975632845645581,0.9008471070886692,-1.1864857636927884,-0.0665603096955723,0.12159497516320253,0.8289984413676007,0.9647009711074556,0.9608587887996008,0.2873345747719575,4.72654988171266,1.7734513506709075,1.934125585263078,-1.3567035182225151,-3.4167337681382994,3.2984335677830074,-4.44300890192296,-0.9633298259743414,0.21398182605742472,0.056207478118472,0.04666348289141463,-0.07662326611274596,5.448179698027628,0.6287990884035543,3.237591309399347,0.5148723931550772,0.25209153726611716,2.303306617726233,-1.9106506086156385,-0.7036379300705411,3.5417572939166297,-0.7538112111491777,1.6961209760843314,-1.653700894443345,-1.3422469534072272,-0.1453797105516967,-0.05322884888689008,-1.069513247735878,-0.07760476952001548,1.8592236835700129,0.6325225949808868,0.4113403799725658,-0.26605022024930886,-0.01393196060600851,-1.7494877348724878,-2.3392388556498713,0.27450038244128866,0.13372827282223765,-0.39459958056363786,-0.5374256579191321,-0.3202065443171228,0.5234268398134432,-3.3827106281118398,-1.2805749254258811,-0.9166401187750661,0.35660391471403313,1.785415089248305,2.733281124009413,0.4638887547249585,-0.5654421654164797,-0.6480046077340262,0.24013351265113925,-0.11746159690049342,-1.1518567903037937,-3.8675636938227007,-1.0556081519563891,-1.1198490830577916,1.1008882672232054,0.11161617118301384,-0.007412295906733127,0.5209409582035697,-0.03328738653154461,0.08053553253676775,-0.09203285028120198,2.8248196955402394,-2.9413916830980558,-0.3616348674687492,0.34426425620789386,-2.7179467584941683,0.22208926122856165,0.3074796131627904,-1.1342270686249374,1.4867007221389408,-2.3430592096935388,-4.966927000934307,-0.06420231062339567,-3.5395393237883996,0.027469313199193855,-1.6254187330971077,-1.18885100356136,-2.518665016302022,0.7314532185751796,0.7676840592352919,-6.88201450245879,0.6675621755289743,0.19129399797733213,-0.009554313467672892,0.1286018451118022,-3.0160877536887627,1.284779390748945,-0.0901057693817111,0.96821173701888,0.3306315410598374,-1.4561640360067756,-0.1311538556031451,-1.3939509208912224,-0.07169522835468149,-0.09485116917863341,0.5939290603519282,0.07244309379480744,0.4032475990372873,-3.440432290606365,0.015297140713291487,-1.0586026294578859,-0.19224042939253647,0.0044915369461349915,1.1150836612802226,-1.6317919265870002,-0.06384189555001535
2021-04-01,144587,151045,9346,6.1,119308000,5.8,22.6,28.1,48.8,30.7,98.5587,234731.17879908567,643971.2687468639,1892868.961636287,229042.53935215302,1046165.1396606516,30.22,12284.2,144.1,228405,14790.741325800516,817,1489,1500081.7707075027,1710,194139.4562247951,253379.54617257338,131.1,135.9,266.614,273.66,107.618,107.558,17420.7,57.35100076195432,88.05814417725571,18.574,3788000,589000,121.96366666666667,0.07,1.646,-0.8007467755406106,0.8199140921955104,0.5422203348210984,-1.6956146816668498,0.9454561573195823,-0.01675719521468893,2.554516203680984,3.1629471742761845,-1.6702224613015955,-1.9954652236142807,-0.013777553282064713,0.2979434964486789,0.2764785792373447,-0.5005177380856652,1.0746511363926705,-3.1605853692311934,-2.8011281656551055,-0.16436283521973133,0.6634969492544464,0.8856298615614072,-0.7926172718243568,-0.3238062846083598,-0.397907012523847,1.631950113308481,-0.032036892213994916,1.1410918675449515,1.3692797165889403,0.3577406299329128,2.341037750895194,2.7175696771227598,0.05311241444739683,-0.8743511491176198,-0.3758815007412159,0.33518414302998933,2.1318832923000475,-1.3560280166324457,-0.2635046892214754,-0.376390478873671,-1.529208908520862,0.33171873824835485,1.5532813648507622,0.7969761842656525,-1.42895070065041,-0.497761662743985,-0.031006636629173093,1.0018210421888174,0.74584679627261,2.9981275471047657,0.11872766226128026,3.951453515543217,1.9076850101984835,6.273987791228499,-0.06812347427875647,-1.1849824208023088,6.418668207931172,-2.8249612068853986,0.6424885756337259,1.1113280337380453,-0.07629439213557625,0.543439909022265,0.4763751205366553,7.265489361499021,0.4490298446322918,3.170872242171832,0.42024083957404523,0.6363890687783195,3.9152545287884917,-1.8973181756599924,-1.3023928595825718,2.742895926562565,-0.40471043438852716,1.9059292051196848,-1.3686986846930265,-1.5153930428916906,-0.2956687266508475,-0.05343295465717561,-3.49283771234135,-0.09059573818814318,1.1567600981453388,0.3554942530266377,1.2471936820228844,0.5308325464079222,0.511751844386552,-1.1102864102103904,-2.50863405954271,0.4385729089898197,0.02076665852867513,-1.1577377279677632,-0.20707819823926418,-0.7774935975665952,1.3280407296879144,-3.384355799392492,0.7067905348800447,-0.9407788616634567,1.5977861894029408,1.7414421904829134,3.6320296719073344,-0.5718877303966803,-0.24750076833711102,-0.6401979814502256,-0.1811950353863487,0.9224836081301987,-1.0470224391561263,-2.7121363822587403,-1.6907539841086288,-1.681908948032144,0.35321527280836623,-0.24107262780914251,-0.004748977678649874,-1.031440146875507,0.8029576052277267,-0.008971949798017992,0.4952720623830726,1.4512401960038865,-1.9790588097985284,0.002782729722892364,0.700805960696266,-1.7941395818880117,-0.15501294714085156,0.6573918064818035,-0.8229167211640903,1.0603991791201774,-2.4602220475716656,-5.088138029120803,0.051099408978627865,-3.423438304799242,0.5131324489471183,-1.756184075243644,-1.0863978467854216,-2.156409064056133,1.4889629046260966,0.4699379183020086,-7.07393152342036,-0.10139997222785052,-0.5024523806349758,-0.19703493182530368,0.05590652161556303,-1.0051296159182226,1.5247412263186493,-0.0645298010528793,1.2440892266018124,0.1538802666140924,-1.4593185304007668,-0.2568526510862628,-1.1604317708475336,0.5444685823582739,0.08212209771394448,0.13221811401216982,-0.6628388947608023,0.5598848726228105,-1.1138801199990465,-0.07458135789269194,-0.7215420304947953,-0.018464711215747165,-0.0017039931423392832,2.8211152688866235,0.5157921439804036,-0.06583845566100156
2021-05-01,145065,151546,9954,5.8,119380000,5.8,31.9,23.6,33.7,38.1,99.4333,233888.60642477465,649337.6473307142,1892880.3700909272,226868.50011555353,1052431.7078807487,30.41,12405.3,144.1,225529,14766.350820429858,717,1600,1503634.8509359835,1705,195734.6891610816,255671.82805639014,132.8,139,268.383,275.465,108.175,108.099,16922.4,60.24497342269471,82.76727538292948,17.519,3621600,469200,128.69193548387096,0.06,1.62,-0.5719940149706509,1.064832802925262,0.711472233569582,-0.7329699786420849,1.8827287443603875,0.014190018110749998,2.274466252042352,3.2789022729414894,-1.5448610508477143,-1.6394346916792064,0.06756606844202233,0.8414826920625071,0.4739469964659737,-0.5999999341227429,0.16757749500919986,-2.7780155424905355,-2.9861992016541317,-0.6276629959099242,0.30231094311582474,1.3076599231037083,-0.22817115539146807,0.2601294011411996,-0.42627839391741873,2.5679612980536444,-0.07040550371780505,-0.5608940959380998,1.5598368937341835,-0.1782104413316388,1.7621720323407284,1.4597793274473156,0.07175285499085118,-0.4415070699212177,0.4073273520784923,0.33099770323914535,1.591053622128018,-1.148036557531424,0.6236125782650354,-0.27341411317892217,-0.5147268086834433,7.698206735048305,1.5450415723898145,0.20968452647564406,-1.00405823808858,-0.7995757609511556,-0.0015244946881351191,0.34372542683032253,0.18238285016584002,2.0441744991831814,0.44919430854130477,1.707251633607337,1.0789595291964993,6.360707979103484,-0.26278207148589827,-0.5801637882646942,5.764967850618438,-2.2835677391923705,1.3436512755795924,0.27724877238792744,0.12057865485048914,0.21285888217274665,0.9739670776776211,4.601992634832373,-0.5472210278709343,1.3376134041601369,0.2698771761586919,2.0798977843954263,3.593550450203977,-2.004589444798166,-0.8099863774619281,0.3390850705986182,-0.21201826335968724,2.4314536540651255,-0.9076402898389513,-0.4298650005390214,0.041377665184806005,-0.07997926312427045,-2.1995920292963147,-0.0681759863569517,-0.5681213136766825,0.24700381260065954,1.1553924076451174,1.2296177439924256,0.47301124631103464,-0.8782025073270392,-2.081501141342703,0.48096163099190137,-0.14454987623138943,0.5826625450203285,-0.15900744487828528,-0.4392226005651225,3.604444240908633,-2.5815923677547716,1.4211520409592495,-1.3201434987802318,1.6719878552714844,1.7812359196261995,3.244757812046282,-0.7733140979692996,-0.28659864003913027,-0.14705580162221846,0.20221034682280423,0.7695939657884755,1.0891858881759429,-1.9980143690272834,-1.4011662789800161,-1.0385164276966499,-0.18586037793204985,-0.17149569381869884,-0.005113426435139724,-0.4443748875111102,0.5224398961883879,0.14568965524554311,0.03248970153630833,1.4042317086230447,-1.7583626714899319,-0.16541733500933237,2.2024188268803626,-0.3201701220578092,-0.10891796047221704,1.0698064031156511,0.19702019355302194,0.03644255285266649,-1.9226458301381653,-6.247263139646885,-0.25340687595974765,-3.2792847231031916,1.1469442283126203,-1.5157877456615765,-0.5265046186821061,-1.738718013347607,1.2590717259727318,0.6213580683068539,-3.7589306261779036,-0.42605560432465617,-0.5762906609459596,-0.17530069243728164,0.07200138720488033,0.5237379652750782,1.0779549799815507,0.6341696036860844,0.9367785062235686,0.13232759828786347,-2.2094125614744464,-0.04624140266728766,-0.6835342278623874,-0.02714773851780392,0.005877157312427897,-0.06782379114306093,0.48843245487906917,-0.10208769060939335,0.6034580979395555,0.26361093904387306,-0.07780936824389616,0.2639471228774365,-0.0024482876926390663,1.712520932699046,0.9903256196730116,-0.592615896496856
2021-06-01,145820,151721,10319,5.9,119592000,5.8,16.7,29.8,32,28.8,99.7987,237480.69143067306,652979.036410445,1901442.8878174925,228719.1982346451,1060144.354542111,30.54,12522.2,144.1,226100,14887.550570062524,714,1664,1508161.0886355275,1662,196884.88414858404,261320.33835969106,134.2,140.6,270.654,277.651,108.76,108.603,16838.1,65.63074659801397,84.7619562339933,16.056,3298500,409500,133.375,0.07250000000000001,1.5275,-0.4135055938162116,0.5873738419479146,0.834949627599178,-0.15532354406803223,1.8611750354278507,-0.11248515645288193,1.6902265448105063,2.550428790017698,-0.8953986739165443,-0.7981540541609,0.1537541988014635,0.8355374865136006,0.30087877664454477,-0.4546787377703449,0.02519818282880799,-2.254191480590516,-2.667601991718812,-0.7690185027273039,-0.055130067356864314,0.6961459182661368,-0.024046189233029893,-0.3283494585131091,-0.6335963688986386,1.9479019580967292,0.22143393963085423,-1.0990767486177633,1.4025890696847163,-0.08278820485412695,1.3745594848517342,1.2665097116431072,0.12919256768528287,0.2493025636348846,0.2795764863653115,0.2773213168443742,0.5362710189004075,-0.6615482623402433,0.75621628345511,-0.15622494730597744,0.4361767986583409,7.1303263603129805,1.4937667352956319,0.2372502094668713,-0.39731034557918843,-0.5623423584323312,0.33640856803576796,-0.027994219346742174,-0.12435135993970772,2.34552729184172,0.9146329090971242,1.4133641104182038,0.7370633949271304,5.926973532922128,0.222084420199874,0.02081259173695722,4.244717592874021,-1.7985023189548173,1.9443235742821943,0.44862687121312983,1.3420701551488297,0.20843810428905216,0.8935977004237258,3.324490289512785,-0.36590247296880923,1.231165922949886,0.40941113221159287,1.7585445160591104,3.0417429636473976,-1.0706924470899413,-0.7387175941617449,-0.031195805131141223,-0.008217955817018964,2.4314893316192907,-0.4243925718887371,-0.21129207239485814,0.04220379145494663,-0.001452233433062386,-2.5995619199585756,-0.022790344922239615,-1.0792962081578208,-0.12102863150800225,1.2355382196513747,1.671698320959908,0.6185024774043869,-1.0097999268568139,-1.233441159673973,-0.008337513972287963,0.2673770422899816,0.4246814029120557,-0.03278949455429087,-0.15497095101786434,3.845335382678338,-1.9585871194326316,2.209042929147159,-0.9184859101047598,1.1070940277942205,2.5661852396499243,3.015182605717664,0.8852243820065011,-0.12284742875294286,0.22641333398833785,0.2492044871907942,0.5111898030314016,0.7292165956389661,-0.4743462561924141,-0.7981784024374438,-0.8280039948306089,0.12324854675890515,0.386773409478776,7.922465071163698e-4,-0.3520200555608035,0.6366548186663088,0.10976978462281047,0.20143525619908773,1.2982692897117323,-1.064032680026974,-0.18345165561016635,3.173857816158744,-0.1595464770729669,-0.36667831724629457,1.01708055778769,0.04622972017502908,-1.0037199817268263,-2.1676763105328885,-2.630924183103641,1.0753852340995476,-2.055164982140025,1.4127626917302982,-0.9222754149467832,0.18143457099377353,-1.8227053233653017,1.1715218424879943,0.9859992005346507,-2.3172891154076036,-0.5432561703769935,0.17293284401412445,0.07532334319481128,0.381326099083412,0.11304180242464705,1.4375612137996188,0.4037889834168567,0.6103111885980803,0.18780215225348337,-0.5118443403535603,-0.0019489450325717126,-0.012619557172375343,0.015638626091958877,0.004258687646620874,-0.24852750887763744,0.13446723809089622,-0.34448247267510457,1.5988383747785702,0.9767862866213907,0.23423263932499871,0.23731808024373902,-0.0032673555625378466,2.0860057153614164,1.2138118617545857,-0.5923849487506202
2021-07-01,146762,152812,10983,5.4,120165000,8,35.8,20.2,26.7,31.7,100.2519,237438.67613677966,657285.641063191,1912147.444476065,234447.5360620927,1062942.0809841107,30.66,12639.6,146.1,221335,14863.897634912499,745,1600,1520762.2464670131,1666,198143.80903565936,259866.73500768837,134.6,142.1,271.903,278.648,109.256,109.058,16949.3,66.34875887823094,80.9570157050335,15.187,3006800,370000,137.35838709677418,0.1,1.338,-0.4308339003360559,0.8313801285813708,1.288941982641295,-0.30110075033663003,0.816607519777413,-7.087602966969359e-4,2.1310275898453797,2.7849958278977165,-0.8780072736850852,1.3312582796432753,-0.03845082639970235,0.25067605718550556,0.4109809480216152,-0.6086669575597933,-0.6085450408902212,-1.586100190268763,-1.8781188244296794,-0.6999482980095109,-0.20089269972690543,1.0767939155798414,-0.359993232809191,-0.2716587059154379,-0.13226351056327537,1.208291888375509,0.05793460571888378,-1.3350910250268382,1.8442669613421447,-0.054431861274573654,0.6772282897561411,0.8152984083672947,0.21441325134133288,0.6023360034412276,0.27847905559657676,0.3174364550489564,-0.035164823168921125,-0.4952405112327872,0.06430675403718546,-0.6567629959733936,0.7985444304065886,1.0571426177712948,1.2907824938026164,0.06340445901973754,0.0585061790109871,-0.6959936432776502,0.120668649040149,-0.041888122105464914,-0.5086147796035334,1.932555623488916,1.5625834302829638,1.6845053101874101,-0.05292507291663983,5.892409945290226,1.4468433735810742,0.65634665765666,3.1715317389567845,-1.973490178121552,2.541058180348985,0.25851120289668617,0.8545351103455054,0.6105902327162643,0.5462716056949241,3.6569497257131065,-0.3701949453367879,1.0718007933542029,0.15588889234927328,1.3545983456445252,3.613583666583899,-0.7443147321456234,-1.6041095329942416,-0.026203403141298744,0.8246889970088738,2.692760023401664,-0.8454989678661914,-0.25944375456603114,0.04290227089849981,0.025878876279523507,-3.2269338921156594,-0.1716022171372688,-1.7330333210191617,-0.2531011671880639,0.23810862238688033,0.4781096536460063,0.6752991832214857,-1.1496441579726653,-0.6916445273958718,0.41515807369620666,0.285937099334211,0.14146392920087178,0.017957301823367543,-0.1937492341154185,3.136248414451873,-1.84001489580413,1.705700109895219,-0.6470783508670407,1.608064583934345,0.6111038197199654,2.597711094213732,1.2502892028709023,-0.36309189905871325,0.18033342085017587,0.6425116980836163,-0.3039405772190593,0.3078538005411173,-0.3071477140522721,-0.8622877835093823,-0.9546333106219953,-0.22665736238596412,0.5167654974147275,-0.0033160140091515605,-0.8723611832978992,0.2505666733886649,0.06178235616369434,0.40889554985452936,0.9575314712351806,-0.7241829859449466,0.0023148954212146005,3.9649611083732026,0.13160504947890447,-0.6816204303295463,0.8901790718728395,0.6134877261956596,-1.1636516124350897,-1.9459934429528596,-0.794756140773821,1.0769079123183865,-1.02829535130587,0.6193139411369747,-1.2974141573053337,-0.5855789336740023,-1.9245989676474613,1.0849639230385097,0.6682804251792707,-1.834590765576323,-0.38697807810288176,0.1132041797787303,0.1497653220469681,0.3000555860568232,0.04734072165381768,0.8703482577298757,-1.2201830971489105,0.02622503779231416,0.15540044356135688,0.2385405401096299,0.21145733347133075,0.14955271115064878,0.2561587051950592,-0.03646958496813832,-0.0016490622973409103,0.11352509993745548,-1.1505129230293925,1.8444194684950261,0.9184771084924402,0.44747911548141606,0.3144747728394398,-0.003766119661042087,1.6243846436425047,1.2140897792449388,-0.8174113051476231
2021-08-01,147314,153258,10872,5.1,120762000,8,20.7,28.3,17.5,25.3,100.0437,240975.07157576087,663169.0282108795,1920582.4220993493,231784.1968014297,1072736.473548881,30.78,12692,146.1,222071,14965.16950234331,688,1596,1518512.1359665918,1740,198831.08120429635,264866.78702336014,134.3,142.4,272.676,278.997,109.674,109.409,16917.1,61.75574885569962,71.02177264947794,13.874,2782500,359750,139.12935483870967,0.095,1.2825,-0.17504333380314746,-0.04006815122937736,1.5944431529093328,-1.6320315191957764,0.47770651676318404,0.4038111590087977,0.8003871606045981,3.3656609535996385,-0.5499982919270332,-0.5488165782168407,0.0017873379911946012,0.609776393054654,0.23100230373430855,-1.6095780010938667,-0.742135939263468,-2.559711771479468,-2.1307944195780952,-0.6905787582257855,-0.2868742281716944,0.9466470768604165,-0.9352048340036119,-0.30480591652569367,0.5640156814595646,0.829751882946993,0.045377377325887674,-0.8079093102486802,1.0041987241491563,-0.07528912663786665,0.7168786984581652,0.07064712376581248,0.25773024444792786,0.6615929491419895,0.3448285045442318,0.2785490216226128,-0.7928815641440579,-0.33757948256346426,0.13753512210913674,-0.38198913864285217,1.0155103044460552,0.2097896051181819,1.0122013853223104,0.10283062587452754,0.40459639171337497,-0.6859300022526004,0.769098776854117,0.11330499842428865,-0.5076958068215618,1.2278094675670619,1.5513869405831706,1.0283014797176029,0.2995609451066086,3.9942685208306647,-0.08487149999386963,-0.266384501939365,2.4708513561101535,-2.272047235287847,1.106362781749016,-0.10089723811445588,-0.18732211099772447,1.278075849207534,0.28283062472429177,6.795576485526734,-0.3254782946746385,0.4518342228484174,0.3869785700242273,1.4577788842267667,2.9168589545784327,-1.1759657730921753,-2.2158043127340923,-0.63684935487855,0.6590852659476425,2.4696546620562465,-0.9045494637252545,-0.2516964786388692,-0.08835190938650864,-2.1314919866526107e-4,-3.3179823836092477,-0.21545252076406526,-1.5177843513540943,-0.620944816060125,0.026638896100176356,-0.06268880454595606,0.8454009060807487,-1.1012456912321957,-1.4637877850904135,0.2530935995668802,-0.0016963176190485016,0.31164148786172896,-0.008032165472647592,-0.25532109811550535,1.4330099895606445,-1.4998792402503585,1.0403148676122826,-0.5851118579749911,3.8685617059961497,0.7844960175398581,1.842586033890913,1.4100624077635802,-0.29746143457495894,-0.10994477159104948,0.8934107526713596,-0.24524860388746464,0.56877796978002515,0.028647520142792957,-0.4365517183832284,-0.6525844355643532,0.6065945542414051,0.4305915424395405,-0.0017280192713083867,-0.39953274799195165,-0.6882289441559448,-0.06838301442799587,0.7182546579018261,0.8435316040493115,-0.28677934896754936,0.013199446987935737,2.682385692357748,-0.024284515800017618,-1.05902341667315,1.1663475784123765,0.8994999758267368,-1.1898569179051426,-2.292907671009501,-2.2483723586133895,0.8014920967571271,-2.6156734791686715,0.21815111667994608,-1.83248863244516,-1.5758890473397007,-2.930134742879519,0.8873404987278243,0.4909843643324317,1.1698827148267252,-0.4268171409918598,0.12184005998768009,0.3551763796706784,0.25054798293472896,-0.19464747868030413,0.9252246087014327,0.32228922694252055,0.06770076015952872,0.1471694737404722,0.046788406530689886,0.24868978926247887,-0.06436539173047799,0.26670790882114337,-0.1257776486006432,0.7156286195123294,2.508719104413853,-1.0098229998518888,1.5277568778487038,0.7829954450140961,0.4805213076017232,0.12951693444823778,-0.003974462509911202,1.0594683859029856,1.1151238449400083,-0.8178500160963417
2021-09-01,147771,153844,10834,4.7,121476000,8,28.4,36.5,32.2,23.7,98.8579,235556.28260355888,670384.6083937691,1945506.9987507472,233262.44615300724,1076073.7590199392,30.98,12779.7,146.1,222581,14985.913444935199,733,1576,1520923.5327262483,1649,194579.85713506732,262214.40645618626,134.9,142.8,273.91,279.698,110.034,109.641,16728.5,65.11623679953469,73.30475876058904,12.731,2722250,354750,143.12333333333333,0.08,1.3375000000000001,-0.11207436480183532,0.7967130779621033,1.1168252243403145,-2.647395968091488,0.6667812309792284,-0.3755618944101702,1.8175746363854524,2.6310117117444545,0.44902275566085853,-0.5485468622268418,0.11794253259285048,0.12264182520401794,0.09914101336501184,0.01282777549810444,0.053039676823335005,-3.769647360333823,-1.199824142894668,-0.2999905615033273,0.18870562552741132,1.1267603545159568,-0.42598172660638195,1.0421328745085143,0.1933075837402093,2.684403018081829,-0.4234041454132986,-0.4023003516739895,1.3863889104264067,-0.18285700789032006,1.0368662810804365,1.0238543704124148,0.3479099635306231,0.9054896356445191,0.2974610204127519,0.47381630456069646,-0.2760029847612757,-0.5095076697414636,-0.11370569599080368,0.7011930094659713,1.3550523512303765,0.14592930201758095,0.9869004382636365,0.5872416745099995,0.19735300699977554,0.2908455944854737,1.376017975837227,0.747815211137035,1.0234045218555665,2.2526279674834613,1.5361267333994153,0.839473825671297,0.670712421082559,4.335719384203259,0.6054309322232337,-0.5044280967716201,2.7215494156670728,-1.6375656775655674,1.1163587923826341,0.21017546830060008,0.8894158476846388,1.7903608939863376,0.797351212840709,5.627166102946424,0.14485720708219113,1.2649148630046236,0.6019863356354558,1.686510125296861,3.1409037074764443,-2.1081039352527906,-2.22967106986109,-0.5776561414729282,0.4516356985380049,3.106089980463643,1.07346806594454,0.026417323972512365,0.20721326333289164,0.08726696968922967,-2.5694667294455047,-0.08539985506698779,-0.3060519885303241,0.035034298550770095,0.8856673110159203,0.8557670643551012,1.55630497540791,-0.04741175005260565,-2.3348170077669725,1.3509933687065863,-0.41138223491672526,0.7914083168832966,-0.2665760041434266,0.21557237718489994,2.3985344347081092,-0.7198674805431896,0.9760531778430606,-0.4204708483084314,5.142829633178813,1.548364451938223,3.3967170467409447,1.020717172852783,0.14485579470921517,0.05785362505773047,1.8930739023297838,0.17181605518990375,0.2715360798961475,0.6484118366237585,-0.11613888206273805,-0.2802183158107475,0.3457501917049576,0.0727432985392805,-0.0016662278880297998,0.4184746226382265,0.08327174913693382,-0.13490260814699767,0.6855333113142636,0.7335130270002238,0.08952089828478167,-0.7263717265692387,0.8960934132078299,0.1865061111834107,-1.2172904384639895,1.1030566417504064,0.662598243759185,-1.0851990081906002,-2.398373865818836,-4.807135285286772,-0.20278216744879676,-2.947509945859842,-0.050359031508507054,-1.2460890346218416,-0.24588007800205924,-1.9415372087790719,0.5653844208522064,1.1611466832847437,2.1345119081724255,-0.23173470124569148,-0.06741175746608177,0.3748920023236671,0.3153700418272393,1.9766068325072743,1.1059968976754204,1.5237780223967934,0.6298397212768575,0.4075136442966018,-1.0593310284795292,0.2732310074541086,0.06991698846613148,0.18625870723588683,0.1395997158423336,0.9262382682864737,1.4125288558828446,-0.05758136257106197,3.5923893115057215,0.5413378221433545,0.8838593967623254,0.11778043670277519,0.004466455174153059,0.826198999612726,1.2823932667926292,-0.5873247090376249
2021-10-01,148572,154468,11238,4.5,122155000,3.5,18.1,38,21.5,33.2,100.1861,237928.17031111754,681105.4332713386,1964165.455516089,235837.20048392046,1075562.0158538127,31.14,12934.8,147.8,223675,15081.165020494393,689,1587,1524662.7904877122,1699,206561.81722973584,266193.2792835088,136.9,145.5,276.55,281.668,110.762,110.188,16733.5,73.56313537133674,73.12168584392238,13.156,2357800,284400,146.98290322580644,0.08,1.574,0.09543145398530216,1.1215419686386185,1.5549983259106321,-2.0520893304588155,0.8763025477916234,-0.39328630680317944,2.132085893500658,2.4891580571408247,1.3204057170940902,-0.46690673037657643,0.21608426800431707,0.6842474468226472,-0.029947702723549182,-0.1282879126471701,0.3031147636184532,-3.2366026283906564,-0.33992243292060803,-0.025669935733104533,0.09689927665139668,1.5618980031031573,-0.30979399716442557,1.9065858339243758,-0.3433979184329686,3.676390347452384,-1.1593318261172099,0.21584978695749482,1.9273067754598756,-0.10565863858043856,1.1883977591851809,0.8727952916641599,0.33153007808792345,1.4665547048727516,0.4128577252733961,0.5580534425749228,-0.2797339443769002,0.07178361826598238,-0.07871573304777683,1.0550374505353526,1.4625224916868949,0.2527461507710767,1.2335695166392708,0.5993917389171347,-0.20006689835410846,-0.0958145573968033,2.383269457892586,0.6938618810899029,1.5930916319399477,2.2599397757939834,2.181206543946107,1.5323972578288025,0.7924095104587955,2.8710990313194684,0.5331190011230078,0.3531166814464134,3.059167738855979,-0.44128336579505817,1.5487514919029388,0.5642660567164962,1.1243544192178214,1.75870251252239,0.35613923515409474,3.8763507763237124,0.42478213768928863,1.6050504687942946,0.8598778223753841,1.2792128043705708,2.722275910760431,-1.738866666242696,-1.6633595445183884,-0.29415935202240817,0.4150132054407345,3.3235073687395795,0.8160510824862424,0.10938544312834564,0.07136049961861884,0.07716402371740336,-1.8156003705606234,0.008073912284573959,0.3598239492134524,0.2639710721796353,1.0640711582786802,0.9870232066074035,2.347197636993868,-0.7168224036733014,-2.126573960709432,5.35687395754199,0.10332515493285584,1.1147757548306099,0.1148714177595074,0.2964323821769492,2.6787598770520265,-1.324810577745604,2.381391529326066,-0.26151332824186835,3.4077550872217883,1.5994546400115752,3.4823250134230994,0.29657576017384907,-0.6638168100210742,0.5733393680039016,1.6625006347414817,1.7205086793856177,-0.1457588647626284,0.5599362048670948,-0.32452834805193675,-0.02047656208102624,0.7519460604807314,0.135866732618865,0.001413728761077046,0.730882616253371,0.31754963440806017,0.010304824161110542,0.6943148963699942,-0.38164089066264845,0.44887850625705655,-0.2500978002870558,0.591596457892753,0.5263252312088406,-1.0476659137108872,1.4985860634712482,0.4919459948909345,-0.7625876255092403,-2.007718421179693,-4.4209867739887985,0.2581368196613059,9.424049581234492,0.7044258528799392,-0.47627688362162557,-0.19960187901139198,0.5911483132188405,0.9961366063767264,1.1578316386633414,2.0993743577647215,-0.07047745352046014,-0.26074911539294016,0.49747666089757225,0.4037024970099804,2.074117033310238,0.5762674597814708,1.8510871991935938,1.1877822634189954,0.4116993906901223,-1.6122057204340643,0.3164287228187396,0.14288121630214876,0.49253068730342847,0.2687714257335093,1.4351930348862183,2.756394509587379,-0.2544303967460261,3.535131121808095,0.2919009276106096,1.0897301652160096,0.12486363038760157,0.013605398141410414,0.9856226874260833,1.661167998354864,-0.5514620741887051
2021-11-01,149230,155513,11199,4.1,123013000,3.5,21.3,32.2,44,39,100.8654,240941.70403587446,686959.6412556054,1981020.9493321949,236668.16143497758,1076966.8161434978,31.23,13042.9,147.8,224034,15111.928251121077,782,1707,1553245.7399103139,1770,207325.56053811658,279469.9551569507,137.9,146.5,278.919,283.406,111.5,110.77,16686.4,70.9865470852018,68.75267542725572,13.37,1920250,236500,152.915,0.08,1.57,0.4498750852563531,1.1656501453625965,1.747339694269653,-2.145771000053779,1.6095191644699058,0.06179671577138093,2.2375951452594416,2.1423196554952533,0.7700067853181636,0.10608341017466508,0.4535600696528211,0.5754322882316363,0.5650229028970213,1.1313918792290905,0.5499481472536369,-2.581694516620391,-0.8153413618472307,-0.1367356216976024,0.008380735425091265,1.5961654641676954,-0.05303402717633168,1.4138478497949472,-0.12544391402191302,3.300055461167119,-0.2147746443713534,0.7808051346607886,1.2518875013549473,-0.0871807575051454,0.7812948528904501,1.0016110381385555,0.39070320030276484,1.1315346199583698,0.6066028152674063,0.8519605865547009,0.023057765312954764,0.3261424445433252,0.3119834978941108,0.4529702143121561,1.696763693146656,-0.020593662062634525,1.3737629020209439,0.7764910933581193,-0.4159053637580026,-0.10956147909257262,2.329857263561448,0.9043147865857419,2.083071768179634,2.117980754181838,2.683537351937538,1.9160336277173289,1.0446092968082752,2.287739408439842,0.7812483416105127,0.6176208292814717,2.5941779373666884,-0.19706253379362298,1.4368935611914342,-0.3030529137252958,0.8535048096131334,1.9860877809862885,0.049666386498959415,2.6517687970622004,0.8625165960800634,1.8567900014400869,1.1462566555874047,1.5883051909500976,2.3374805398446776,-1.3188470949847964,-1.298326231432187,-0.1486735080612955,0.5210320520248956,3.264099559976235,0.719537162323092,0.30019966251514196,0.23045387151168445,0.11563497414871843,-1.911002171543344,0.11258138335604176,0.6929908291857931,0.4720177809272791,0.6930462573018926,0.9092217537124293,1.6799771011845916,-0.4389396829984389,-1.742263466607335,1.2679688305843377,0.05211020305469516,0.9666267698874098,0.7550864564621383,0.4042199007662761,3.804207584454505,-1.4634704793819109,1.070367214296041,0.020092108690309054,2.6989354974718127,1.6324418678723682,3.5737629958603647,0.47838357479879895,-0.3569623788078275,0.671728013816285,1.7970104516541856,1.425208776314211,-0.4123572146263107,0.14127171610522446,-0.20259632418483653,-0.10391613969746924,0.9744284366189232,0.5910101494616729,0.005955529416077533,0.11809923367436644,0.29523659865873214,0.039687920603656196,0.9344582843052579,-0.8128580519535887,0.836159849952805,0.10896647091535716,0.12668247666205634,0.41358691487667626,-0.6715418167141951,1.5428227544950197,0.8572119628757201,-0.373935248000943,-2.0132176656039706,-4.305543507603225,0.8287725222614564,1.7332710937432716,1.3851797678434241,0.3918251084770547,0.34490052384497893,-1.3800713116237624,1.1000699378096397,0.9923512233318798,3.2465358499807038,-0.38368974385686566,4.264285274998209,0.4337581188478944,0.5959760198376483,2.245394487983725,0.9715547209973232,2.076191816254571,1.281284425273729,0.6036139487111637,-1.111988864931778,0.4079159152074433,0.21872644836874244,1.018101655385752,0.2703733652956986,1.8563680511690686,1.4197404830372036,0.3995711008245039,2.2018470871961187,0.7757008129746278,1.1068486214703515,0.6041231620161472,0.03360825799079362,1.277863443122932,1.5847258794949066,-0.24607020621609604
2021-12-01,149816,156053,11520,3.9,123960000,3.5,34.4,23.1,17.1,32.4,100.5726,247334.45641807275,700517.8668520648,2015065.072130585,239453.25382606447,1082559.2070665206,31.39,13131.3,147.8,220740,15055.574867859275,816,1711,1570848.820315355,1886,210704.06717116348,280127.6394719719,137.4,144.2,280.845,285.18,112.191,111.418,16610.8,63.917783066377865,70.88687681614459,13.123,1716250,216250,157.17225806451614,0.08,1.466,0.10524168153128535,2.4880048803889974,1.1000797045446646,-1.9457943431724853,0.6719541493556899,0.8500244283745202,2.133186790135649,1.8163174658039813,1.6029012342856814,0.2609615605807941,0.4713647383341068,0.18303687312965003,0.8606229109104419,0.7989825814040737,0.733915614256862,-2.0009520534270666,-0.7482315822601253,0.2881076484855645,-0.32852301742044815,1.8955324013872106,-0.06728424828085629,0.7676925258318882,-0.026167776459860636,2.5768958083784947,0.03449706123364914,0.47877597664948063,1.0560979923473186,-0.08085122801690825,0.7563487963847095,1.3513582984921304,0.36838806936936797,0.5069214122327973,1.011412343502404,0.9557826434991185,0.5504739331687927,0.12765069628535902,0.19116399370619908,-0.5854529267997152,1.5297084038284032,0.26796847203446034,1.1249794084157458,0.5850058034671226,0.4788805055015298,-0.4478733810820632,1.2649328515072273,0.2514776422335908,0.6036094133298621,2.2528637468757733,2.3282841561392518,1.3452860704326517,0.8693664914622098,1.9841291401818326,1.8382322939610871,0.7524799966639667,1.5614175156476195,-0.39165068802649367,1.5356636535937829,-0.8712940900091495,0.4735452040505612,2.8761576751021054,0.2545881435361089,2.3241496911256743,0.27827511952689377,1.1063321762795402,0.7933168236640418,1.4510635546706854,1.876710402156882,-1.2959918263066765,-1.7975083893438377,-0.15460129470200076,0.09358375929051375,2.5377268962966864,1.3439338685231021,0.018058409913048492,0.5543795051272933,0.24691954407713354,-2.72008227839114,-0.1283833364784074,-0.04653255306789887,0.5627868910790461,0.9108816365164025,0.3813799323137046,1.391567307809425,-0.6951560011147363,-1.4097682252567103,-0.03933533298376831,-0.8510535896149369,1.077804182051914,-0.030807095153597086,0.38475697092908473,3.0320171544108065,-0.7827238777272691,0.8500271537786188,0.0031132674511518354,4.574098365088633,1.0238726322095952,2.347841899974041,0.45481776490885917,0.4062924188251131,0.5650622540924473,1.986346608066822,0.6971745121699627,-0.43115438491484953,0.26469346211275024,0.00536755669812752,0.0935145530772325,0.6525964771353766,1.1239693571685878,0.00542128295802162,-0.1578427574509992,0.048152242404609115,-0.17530614940145295,1.1356769610666668,-0.8406507896575851,0.28734051210108613,0.21673530092407775,0.27251495000270853,-0.1987865850013754,-0.553124009948406,1.2565734822617045,0.06726599534234894,-0.29151342462646623,-1.345526424384513,-3.893843872018596,0.5919098583033363,-1.4214549007418347,0.6283504746061411,0.2895822027578202,0.715090794785832,-0.8129037399114477,1.4361312993376445,1.1635219090945268,1.332871731199102,-0.14576264929777996,2.0374288502616777,0.40144363204549915,0.32949671212964077,2.0608780089247465,1.4159338477134138,1.1129517569270058,1.056751264468091,0.2549737112467217,-1.144117533550568,0.42179740699162566,-0.28406221893693395,0.9732686087530728,0.12689623502692726,1.1897722987269852,1.0866385164353105,-0.5746360385356922,1.7049541841746252,0.8269129654769539,1.0909924095109385,-0.14803292973349874,0.028703154398275244,0.5796887562494807,1.5514517987814929,0.1922607336361164
2022-01-01,150006,157081,11210,4,124431000,7.2,10.9,21.6,18.3,21.1,100.1856,249035.9469881654,707037.8086077744,2045895.9951934274,241288.0634723638,1088805.4607508532,31.6,13116.2,149.5,223509,15064.75776782944,809,1693,1602555.7377775807,1923,205933.2476397323,278852.0012410797,140.1,148.2,282.543,286.757,112.805,111.976,16206.1,73.77332565045876,65.38887334392238,14.886,1703000,239200,156.49806451612903,0.08,1.7650000000000001,-0.7163117619569714,-2.0236204088420857,-2.4105771097911095,-2.0465839891989765,-0.380327838532792,-0.35091773973785295,0.31597491381803744,-0.1946168527777961,-0.29660233519154794,-1.3878099309611664,-0.6099505447454626,-0.3779065565853721,-0.6101401185356465,-1.3801941449991804,-0.6451981650183262,-2.1490373041850606,-1.2708054595430993,-0.04362646446644414,-0.5734418294198093,0.30264107210986657,-1.2478201610232347,-0.6828976293677188,-0.03387384228616592,0.5508561299291493,-0.2881736686814831,-0.3358988133766659,-0.7711781405949153,-1.4194779384289862,-0.28065548862484413,-0.6692664454568764,-0.44255112572563654,-1.4084153488649347,-0.98627325642603,-0.0065404641882304175,-1.4527078124446235,-0.3185927218848071,-0.47894136062365483,0.048567238918575985,-0.7905085911774549,-0.5595987466509437,0.04241001147472804,0.001903667387311797,-0.9411453811731557,-0.7859479964446013,-0.22847218105436448,-1.0008421064565205,-1.046339469204788,-0.7227901294400643,-1.0940071973929018,-0.3230626805758115,-0.2005446238024719,-1.741377766142841,-1.0688858186460164,-1.1277608267312158,-2.113764610850204,-2.718632995339741,-0.6693540999653731,-0.6116749716077753,-2.0419414305616645,2.5121864616024197,-0.6606684834158602,1.7553388054692414,-0.6504034446653005,-0.27628026391876936,0.010727863914995665,-1.1136214407926635,0.09300068411426154,-1.6065337661739583,-2.5666818889392045,-1.3345644482934491,0.17270530097009418,-0.1274815648033873,-1.4893618652150078,-0.6887835237184118,-0.14222891240901855,-0.1374101087494033,-4.660764467571003,-0.35442385053266734,-0.6140278175142825,-0.38590050421969924,-1.9162702313061981,-0.7314697570411233,-0.03551713178376129,-1.9421638958150913,-1.0841938766292878,-0.6324598871072573,-1.0461092000905408,-0.33554168982123445,-1.2249147694172406,-0.6754172245427933,0.5535448489432422,-1.2668911732895538,-0.12439381835184066,-0.17852740642737167,3.0694154422832334,-0.1945274174473325,-0.8748285820114732,-1.9413150664757275,-0.5638910078340469,-0.7277650323937616,-0.007823467250941385,-0.6770377262092536,-1.3035829395769662,-1.2564992060357536,-0.17972362905029898,-0.1086137456434874,-0.3389305131873802,0.2758469056536789,-0.009905439259769045,-0.8434437947683605,-0.6583788529334039,-0.20717262542542778,-0.09158232273816509,-1.3621197678571975,-1.4127918457118507,0.5048058093744705,-2.046281717094747,-2.122674872050043,-0.5837854085503829,-1.339358687783264,-1.0111995276236807,-1.795876806020366,-1.8399209351143078,-3.729881546437686,-1.659161875648062,-3.4333419171081347,0.08126630436755582,-1.3859475239130694,-1.5744802992942812,-2.4998491604798687,-0.36947693841339935,-0.4983518278899549,-0.4748562788472258,-0.570555976605525,0.09230589278097101,-0.325936225476299,-0.12637346587943615,-1.9989664925245225,-0.33695895658084307,-0.4964950846409649,-0.7670930548950667,-0.4977798755962023,-0.4409901180169572,-0.1520816290891856,-0.8511035713997204,-0.38679133727748694,-0.2149546663719891,-0.7814121833722699,1.3835593723511561,-1.0011207168158565,-0.6437254789503004,-0.10221315411167435,-0.4709871877825203,0.05386083093106089,-0.003929700008303826,-0.7381506539359342,-0.8512245948582284,-0.24177366680197276
2022-02-01,150825,157654,11698,3.9,125015000,7.2,-0.8,21.6,15.9,22.9,100.8064,244146.9626600629,721712.1555287254,2072883.6720461408,240362.73585321358,1090588.7847996405,31.64,13187.2,149.5,224289,15075.217456442615,784,1730,1623385.7108864821,1846,208709.7143763605,281083.2723779644,142.6,153,284.5,288.273,113.471,112.468,16207.6,80.76072300411559,62.09050233328408,14.198,1634000,219000,159.195,0.08,1.935,-0.5130444333444422,-2.134725191706193,-2.1840541787291086,-1.2688581392684102,-0.6006741746111691,-1.4952245435780607,-0.2790191578994864,-0.8278389726355491,-0.28189126679417814,-3.213909292469584,-0.7995999653281732,-6.039132265230067,-0.9000765188807183,-2.3488527229160043,-0.9652054761018952,-2.5713322581950417,-2.524611411992267,-0.033499057631376096,-0.674610062173131,-0.7252515387579563,-0.9711283302286399,-1.2281912054299255,-0.995566271799959,-1.1960716050006457,-0.6885145747000897,-0.5605781656525782,-1.0702156906533924,-1.268801171502661,0.1552270443242663,-1.3470964538282182,-0.5286400545224572,-1.3288620008953163,-0.9755207092841489,-0.37992988728919813,-2.0162648936437195,0.2916422016548962,-0.5951502330086724,-0.7513149579855098,-0.10843024764518217,-0.9795964809993546,-0.31470795046591993,-0.37186633223679627,-2.3840948654073895,-0.9633359859500527,-0.7479325322705086,-1.1044043229851077,-0.9869899549395847,-1.5464148403519409,-1.1784987770692712,-0.5694656881986848,-0.8669682052096686,-1.8022768014679122,-1.2755787823913916,-0.5163693102424429,-1.7926736328810149,-2.050273657615429,-1.0946556918336667,-0.5627163558248968,-1.8132061746105417,-1.5000898576568176,-1.3727723518310464,-0.7044706161943379,-0.6814110940049516,-1.3387193590309059,-0.44226091022652037,-1.5815749935197492,-0.7787153933932247,-1.8299358855593915,-2.2021139692410565,-1.182888104294054,-0.6908633772959287,-0.0845388379138087,-1.8546385006291382,-1.1741564551313737,-0.3809509588157479,-0.06238289864224637,-4.307675822927591,-0.40855131554322077,-0.7112815915022788,-0.6368635752896015,-2.951338264358113,-1.0754441461277817,-1.0372738455401576,-1.689388263657729,-1.609831698253436,-0.6691748836629275,-0.8312685834965001,-1.0626388417940569,-1.943721293864633,-0.8611422686223771,-1.6627438737622018,-1.4355204899023373,-0.45896714817590545,-0.6097835145134695,-2.506561164498817,-1.5182488775962224,-1.8270583062488877,-2.734911353237193,-1.7969320877172203,-0.3672566148832516,-0.450615551864368,-0.7282741608013807,-2.036581623204655,-0.8527677473429878,-1.1853707645862983,-0.9381053148857825,-0.6878862388061809,-0.36847121392036175,-0.012988791099885783,-2.1365810730822754,-0.68450651428816,-0.08919520440787684,-0.17271017798192284,-1.2040260312274322,-1.136089200049826,-0.3498680791004138,-2.6525466995416034,-1.8761350570682398,-0.5932222295163749,-1.3879810076134782,-1.8052845444538033,-1.321910982245864,-1.3268784970879268,-5.154744504643003,-1.8147298761313635,-3.6704534039157295,-0.1565441511940015,-0.9432713669830411,-1.6125799812651334,-2.7166450678565672,-0.6099406009993468,-1.397267743161518,-0.11264795800680424,-0.8964820035747981,-1.6983830347460833,-0.5995095553347665,-0.4609889734749989,-1.3391615376760944,-1.428477496752118,-0.8745171901405578,-0.9235081513177458,-0.4042812086129204,-0.2053378791856467,-0.5289592507798987,-0.7906081033848944,-0.7641440476322684,-0.2789304637907809,-0.9346397012852251,1.188685259927189,-0.375663310965256,0.1513974238897587,-0.4235661975378016,-0.4206004706550579,-0.191658722672228,-0.01976309255394704,-0.9871406100489084,-0.9931638856467444,-0.5469643144345485
2022-03-01,151315,158238,12301,3.7,125613000,7.2,0.1,32.7,20.8,37.9,101.3907,242470.88731446944,734287.0122041776,2108983.51769572,241381.50940429285,1086597.2446688623,31.8,13233.4,149.5,226307,15154.495977076764,710,1700,1640096.445325809,1899,217167.9668731272,300628.11765630875,146.8,159,287.674,289.056,114.469,112.914,16127.2,94.78548777398248,58.988463326191884,14.221,1543500,215000,160.3758064516129,0.16,2.06,-0.033559870626789716,-1.679538191776984,-2.2288689122581498,-0.7940539694695399,-0.5607232896816409,-1.4996620231782243,-0.3227489768532363,-0.8055552165022715,0.32696233053380863,-1.2485479614029493,-0.7164596377201499,-1.4385185543488612,-2.133244653855044,-1.6944308269421224,-0.8142183771753817,-2.3573736006273296,-2.571515027475561,-0.058534858887126576,-0.7855639741467365,-0.6518131118091016,-1.0596664779872336,-0.7113538727541641,-0.977959955835321,-0.9567530736149661,-0.8063018665692747,-0.29699313928912235,-0.848612179396516,-0.46568736104462016,-0.2259523172217284,-0.9578840882909239,-0.6785790879428122,-0.028323365377324668,-0.9712099169531756,-0.36996314171686195,-1.8894075350782822,2.241906896980375,-0.3895053984660291,-0.4261602482481574,0.45432460092270643,-1.0580266269856065,-0.1861462789750651,-0.26357194672488227,-2.2263319200688043,-0.8687804783756778,-1.0410993043508276,-0.8479346495727773,-0.9638526668569046,-1.19981914332776,-0.9799426049061134,-2.1054322613250784,-0.7733192774688638,-1.6865308620204464,-0.11615890509608459,0.3406506094945321,-1.3507002600239082,-1.078076754120666,-0.7406545468292449,-0.3612696320482455,-1.78600566186407,-2.2712181055879777,-1.1716985634767154,-1.7416206979197473,-0.6190971961987766,-1.7170453033417195,-0.6123033873794733,-0.4335239242375188,0.09993079557450098,-1.7774574802668914,-2.4569038505321554,-1.3172373482406972,0.31269467760598546,0.6542848846379021,-1.052560388884212,-1.3223707682214358,-0.3465985877283307,-0.07431366956229944,-4.593612170659949,-0.4208889955045924,-0.6282375921035224,-1.3727182295903135,-2.614234845741786,-0.736931357023977,-1.806123815067202,-1.2393267764232903,-1.5400983768202894,-0.436148013234183,-0.8323092529462014,-1.3193474438212869,-1.9321743935425146,-0.7287485172378554,-0.9912029354658615,0.7521457633415235,-0.22048491333397474,-1.0318930655433907,-2.8685933743870002,-1.0901109077307094,-2.1560623432982533,-2.0507677695663435,-1.3325681670821161,0.8083278850962773,-0.637676234233774,-0.7684412464244589,-1.5965049675842269,0.2156611670721211,-1.417466360576393,-1.633108039384472,-0.38162159686076014,-0.445662514597039,-0.01246799445687579,-2.3379668556987547,-0.7945641105712089,-0.1033566868929588,0.014677732811976926,-1.3754051968278307,-0.11496834082799749,-0.06266146421098705,-2.410292970530458,-1.3162620016794668,-0.8570211154396801,-1.2626177970658266,-1.7399706505080348,-1.5290159540704946,-0.49385966287092176,-5.2167402624646595,-1.5851958212380861,-3.0105260678246024,3.1636545847390303,-0.8381262084733112,-0.8835509100448112,-0.09064999321864851,-0.7968678066864219,-1.1443604372895677,0.6775800936475417,-1.0240071586842185,-1.1271199968558667,-0.5424126691751474,-0.5341074924367575,-0.2869353463902809,-1.829835560388382,-0.8282387931130241,-0.937227405872741,-0.3972577726482914,0.65678640501189,-0.6505086540953318,-0.36657927797351214,-0.5134024474080461,-0.2160740020823839,-0.8079665159556277,0.5842696585213418,-0.49702355938133647,1.3800171487187112,-0.4229172587483467,0.22141103691661812,-0.13075108320255974,-0.018937522953857647,-1.162508779075545,0.07355904371255738,-0.47456958798357785
2022-04-01,151623,157852,11861,3.7,126298000,3.5,20.3,21.8,16.8,21.3,101.44,243142.7028533603,748551.545134655,2125625.9965280103,242564.3660941365,1088383.6184370972,31.96,13252.7,151.6,228788,15233.599275337074,612,1807,1666330.1745462148,1849,223398.25105389682,293430.12925478176,147.5,160.6,288.561,290.514,114.812,113.307,16125.5,88.64927011113821,64.95814417725572,14.615,1432400,213000,159.81633333333335,0.33,2.692,0.24809495568186052,-0.7693287697675064,-0.18084823646743997,0.25408161805674706,-0.8509779756830489,-1.0796653073364197,-0.140402913304102,-0.31638705728874106,0.3297716374597151,1.2324705738404362,-0.541919988801001,-0.0026347075439486427,0.6951770432621723,-1.0885512445336423,-0.830727058784511,2.2709415225233958,-1.7652165749671223,-0.05705089889888216,-0.7514169493541784,-0.42799888048504525,-0.3672856266722591,-0.40857533148325503,-0.9267041084284567,0.2757234479594912,-0.28280047643247624,-1.4580160196367968,-0.4576376363101885,-0.1907157234457974,-0.30825353160830743,-0.9859142641959115,-0.6950957108706931,0.5527679360292106,-1.017143903189119,-0.08313553064492342,-1.0570985977132392,0.2322797512761827,-0.46202530362033584,-0.21510564504699095,1.4737664299260118,-0.7189598397551257,-0.16146542055952845,-0.20781728578843114,-0.43918326495025517,-0.8113078972939127,-0.6349756963255795,-0.6768044234477799,-1.399610259024593,-0.865563103277734,-1.0793352474982654,-1.6677207467846027,-0.8519543246717844,-1.5050889916728238,-0.12723606601824633,1.449184484432307,-1.4411407827227993,0.49797096402621277,0.25840885297988914,-0.7199879881225557,-1.558499686634493,-1.5869994054161611,-0.5614129087688743,-1.8481100616996786,-0.7800137639285812,-1.00842673279651,-0.5205380677660032,-0.9357947983623854,-0.22737286499305132,0.6254024138697618,-2.1895231930637262,-1.6007074145757183,0.8654297055029805,0.646637917704254,-0.7829900729900727,-1.0775881355561396,-0.26966111216097977,-0.12554708354268454,-3.512283673175721,-0.21838080237426702,-1.767809179830043,-0.5403928908810076,-1.9503474129472735,-1.4254768343129316,-2.066315972057997,-0.965356334960415,0.7719182108579785,-0.5754881582182986,-0.6019103021854264,-1.0531873142838195,-0.9099993817928985,-1.0951545677511627,0.012760117855161417,0.9153645013001339,0.83931219476551,-0.6999345742228988,-1.2800199365195073,-1.4616770985998726,-1.5112318705447323,0.12452993553170978,-0.2557661122518843,-0.16173356806126984,-0.650797164546051,-0.777952393574226,-0.26941044796743313,1.2736024592256396,-1.7675283696063044,-2.131531245676187,-0.71638042179597194,-0.9937006808909743,-0.007170120610969365,-1.3882135546438854,-0.644859947154576,-0.09255490581937198,-0.11984337027127849,-2.2173178517499754,0.7209163729168335,-0.049279568779566775,-1.5506495422706272,-0.18424783497743366,-0.20626046133853168,-0.8034890954433384,-1.5245830665044584,-1.5263561672227994,1.1691030727411649,-0.15067793927660328,-1.005560254020893,0.9347182538254599,2.6462718900647424,-0.5503938249106122,-0.0541247081423357,-0.8680483711770816,-0.24556187898985646,-0.7792455769704428,2.3471410787507754,-1.107268019214057,-0.8022876192442068,-0.23506217618156589,-0.472584874732768,1.538805778520079,-1.9110690467632585,-0.47897827159998685,-1.0626675205188327,-0.24348267931712989,0.48067913844587046,-0.5502895979992682,1.0400075992621842,-0.47668288733918723,-0.17598213637191715,-0.8106929917309369,-0.39491413148346005,-0.9970628102443294,2.8748970424242444,-0.27902810302118747,0.69970727760314,0.08096573807853406,-0.01888168845611997,-0.8098021863024235,0.3887338613021887,-0.32665302137895974
2022-05-01,151924,158393,11535,3.6,126601000,3.5,-4.8,20.2,4.7,13.8,101.3335,241281.10798528456,759580.1774507682,2142154.80661836,242052.369616966,1085363.3412681238,32.1,13289.7,151.6,226520,15212.72451850249,639,1546,1665409.218783813,1711,224447.52218134605,293546.8513308807,148.2,164.9,291.298,292.063,115.525,113.703,16103,94.82795931616532,58.26727538292947,13.291,1367000,209750,160.41806451612902,0.74,2.8975,0.19035654183220033,-0.8130234890073714,-0.407573197369787,0.46556678632266124,0.15779571506604026,-0.8413267688986805,-1.2341100668174954,-0.918349203339535,0.7473304951599564,0.08242308890896388,-0.30831369868751746,-0.07742864888862323,-0.19019899273633264,-1.2483119193144208,-1.6039089297873188,1.8732803044441835,-1.485176902113805,-0.34789990898881,-0.7572151754141077,-0.813683709059277,-0.3932074403819356,-0.10670122480349455,-0.8221426963561634,-0.694303602062308,-0.07530435395301212,-1.9292456919389833,-0.7940071862618934,-0.18466449145877945,-0.721543970748847,-1.3874435761161799,-0.50004003527083285,0.295772184232101,-0.5026651324713406,-0.352860266374779,-1.7481744151772547,1.1314991534947514,-0.2609178988354501,-0.03839325496089761,1.1991605028082128,-1.1487965230684916,-0.08206244617092416,-0.6032792569985735,0.15166693599876477,-0.8875798937899442,-0.9716738990215421,-1.1157336649213505,-2.2183450897094645,-1.4392616879855042,-1.2379051657379767,-2.287027383215755,-1.016799668748892,-2.3094996386104603,-0.06958940794852839,1.2705274221662668,-1.828380181884083,0.48937415861137795,-0.9618116721980928,-0.0741544326236764,-1.1731417430146653,-0.6213803538432343,-0.3464379129137459,-1.2157016643619059,-0.9671302858313804,-1.6563140167520263,-0.7872085947505807,-1.6502373617202448,-0.759344550005114,1.6650860311199995,-1.2958953923501335,-1.589180064165657,-0.515782165106088,-0.5482494403826453,-0.9328679951981097,-0.8552904366714918,-0.42385001140496337,-0.23345701812869019,-3.295276866115776,-0.19774562311211208,-2.385152066479061,-0.5452207787371066,-1.7570790466057056,-1.859738966878,-1.4369068915555052,-1.614620903365869,0.9269088433669632,-0.4547614983496075,-0.28903749537167517,-0.8684605341873427,-0.9025634478121337,-0.8208731608383566,-0.3323127860724649,0.7659091017895631,0.650561127394534,-0.6001909300307781,-0.3589507778835284,-1.4161314905600009,-1.7152043147907703,-0.39882074508397053,-0.26528233743918617,-0.03395712031885406,-0.23053947704427588,-0.612086838563663,-1.0380715074870566,1.077705563650228,-1.161282169331706,-1.6311962962999134,-1.5178233455874637,-0.6502513300798859,-0.0053481848301485885,-1.792608671229245,-1.4227823038597704,-0.09912402403524215,0.010188294896296506,-1.9195809249466245,0.8113157428820852,-0.4639939402929701,-1.592260591200283,-0.40174592782107743,-0.19043614066917958,-1.515539030348038,-1.673686349682192,-1.534111060723235,0.4542755742535121,0.6862696943609057,-1.2723049938355349,1.6022088309425588,1.7533523322397977,-0.39321996986079366,0.07187948744680674,-0.37568885346150005,-0.7189608544756378,-1.02028621137597,1.8866558082354847,-0.9075670876382511,-1.2441982849729971,-0.1900860552469777,-0.6110015854786934,0.7473712394794203,-1.32114795756524,-0.5567304728755003,-1.491056494652288,-0.46079280820676316,0.6757967383147123,-0.27893636626592905,0.7483288347781231,-0.4379464523125463,-0.31919749228401506,-1.2463962003873483,-1.311757714731874,-0.7605700181431317,2.23344788143665,-0.3402476456012081,0.6889378308792538,-0.008154956794595191,-0.020706030148611637,-0.9750307472413616,0.15199691226726117,-0.4121473149745328
2022-06-01,152358,158085,11283,3.6,127139000,3.5,-1.1,14.5,-1.9,9.2,101.018,244142.56074349696,765323.4794835302,2154459.3398294766,241019.22186594422,1082632.589722046,32.19,13339,151.6,225834,15222.483238738661,564,1556,1646349.3887069395,1726,225131.60376549666,291585.0751899038,148.5,166.7,294.957,294.05,116.638,114.376,16062.9,98.45847836897066,49.2619562339933,13.821,1365250,212500,158.609,1.07,3.125,0.0969425765484941,-0.9768198913900328,-1.6832887904339302,-0.2365741789742387,-0.10286929120599997,-0.9396291889786572,-1.7333029912551097,-1.6183284134415532,1.5929780230154285,-0.07793090281325375,-0.27978316528518,-0.21401654469607798,0.3012568826142758,-1.5623008391491082,-2.541738040680968,0.8543899607182469,-1.4073047243445893,-0.8272233357593529,-0.5166322567582767,-0.9276506016528637,-0.7390494513869752,-0.9839809047988384,-0.7732443544727049,-1.3641839078055606,-0.3105857982396246,-1.7392447941425988,-0.3829784765871267,-0.02577040650982532,-1.972015854877328,-1.564054470855514,-0.2842676208661304,-0.3834560793117557,-0.5270201751050505,-0.4735392207350748,-1.9427009275736133,3.0099447440587945,-0.16225292625397236,-0.6288853564334572,1.3478216860397976,-1.97399164273411,-0.1512803504494675,-0.9843200762026969,0.44739035544331557,-0.7736222308266699,-0.8856976195010736,-1.1161465402892894,-1.947447634547147,-1.4445039544884328,-0.6209707713712461,-1.8929273504137534,-1.3462566575657249,-2.7395479745711566,-0.7419327576570033,0.9727675322597009,-2.577713593963406,0.5118908268960135,-1.420867502449853,-0.23148558952762419,-1.2752786659951063,0.08160296201109689,-0.3228769278850963,-0.18506377189924808,-0.9590512327169347,-1.9172177982033531,-0.7352051405003743,-1.6385541762212283,-0.8611931527707902,0.1387729011515019,-1.1184503729226862,-1.2098230844272109,-0.7512155407861392,-1.0698945458468874,-0.7096901163643347,-0.5045786938811384,-0.3932191678742104,-0.13692353553713985,-2.2203596113516744,-0.30435414375955133,-2.3884155798332074,-0.8045010011468299,-1.9787761929530152,-2.1839455314570086,-1.3889829918712395,-1.939123713178014,0.3248890584363421,-0.5840854150389458,-0.1692853938690696,-1.199193627788663,-0.7336488615366656,-0.8814438835498568,0.34777527602709,0.48471226823521524,0.6309874241615301,-1.297299559700385,-0.44154449356721787,-1.7164598382637928,-2.3952982315635953,0.3928856174898055,-0.3777468893488927,0.7708973226989219,-0.547524383915177,-0.9807161193852293,-1.6448701136644335,1.1864859452628236,-1.0386520410762188,-0.929847694229748,-2.0694199107396023,-0.29990552718418767,-0.0024446864339071157,-2.496706530332418,-1.1972993392006754,-0.28026701607243704,-0.18003375201596494,-1.5970958601541663,0.9073050105413866,-1.0197463320585756,-2.1049363592755364,-0.7314113650643222,-0.5847738708651606,-1.8994717269036026,-0.98924164002505,-1.019561552878932,0.26746946433939395,0.16200940813573708,-1.4089123479255081,0.18354144608126513,3.0871742198554357,-0.14122786444193305,0.6877863533913663,0.3000334558824353,-1.1039259773682932,-0.44007576737798154,1.8731899355591728,-0.7569788576301058,-0.8254609087443551,-0.12664557140264238,-0.24914619594434034,-0.5157735876615325,-0.9119725053160841,-0.7122804763209245,-1.5070567703404103,-0.4026516423640743,0.3404077823031367,-0.2897900336082711,0.521779856610679,-0.7102350057064895,-0.3394404244427426,-1.0620953626565934,-1.2462350254465777,-1.2954420109307418,0.50207229935823,-0.16409317945730462,0.06577021163411363,-0.11954409022469474,-0.01779622108325135,-1.7372388660665061,-0.4538340999347016,-0.7419425121350189
2022-07-01,153072,158307,11576,3.5,127548000,7,2.1,8.7,-8.1,-11.7,101.223,243897.42006842094,770296.0619389357,2161468.916443115,241675.02636520308,1089381.8967512925,32.34,13517.9,153.5,223642,15236.172201215799,535,1382,1649523.7115346692,1707,227348.64658624204,283795.9033190147,146.4,160.5,294.913,295.088,116.631,114.628,16270.4,87.12949387384144,51.25701570503349,13.87,1392600,218200,155.66870967741934,1.622,2.934,0.44482895640264647,-1.2208828064439958,-2.0360278465080155,-0.5594423511381684,-0.44792734949524243,-1.0257156784486792,-1.552328792299704,-1.0774500459621157,1.1015279201146506,-0.7588449887216439,-0.31350559840615966,0.26759457875934495,0.3573309712184453,-1.5539923348632163,-2.4650357921335098,0.6082868915264986,-0.9843063661194348,-0.831467339191953,-0.3986600542151578,-1.1016087302096644,-0.762551388759838,-0.571290296749878,-0.8693013498377365,-0.8063352792045497,-0.4155643296070093,-1.4670495403667294,-0.4678629144008683,-0.1999988837609232,-1.8255353931959843,-1.5437216860569973,-0.4437751477253105,-0.6958446709301289,0.12702793485036937,-0.34235406892374404,-1.947095169428498,1.902071365492882,0.11036668823599627,-0.20910583309617506,0.49797092834332524,-0.9983446357410425,-0.32902140443387035,-0.5819973072454782,0.27598914575899564,-0.5913725653955276,-0.8704521688574535,-0.8074362249880176,-1.506930442986682,-1.3257269343509748,-0.5287269024103134,-1.7195331592314833,-1.4117349456552657,-1.7061376022175743,-0.6245415771238673,0.27655870206755295,-2.7006132490228762,0.6120503774814446,-1.2971254784848445,-0.04566974860118165,-1.1629060383614143,0.0029590746665679674,-0.545586063831095,-0.527065317761239,-0.7769012581592514,-1.9935257380346976,-0.3971012194672167,-1.1362345721683595,-1.2074244056841876,-0.4178912444585038,-0.8738330152400535,-0.8791024976934945,-0.42014610908872224,-1.0830477183152705,-0.9741284302545136,-0.3545506151962441,-0.2298486963018702,-0.0932591512170133,-2.1738697758492385,-0.22911988008408515,-1.9634191195786812,-0.577642181445043,-2.7837305097617873,-2.8734526513243894,-0.7687428528207608,-2.0883350185690475,0.5332796897349783,-0.28975545742543374,0.037557720262398994,-1.0579055899358853,-0.5391871932486041,-0.732183032637952,0.24291272702036704,0.8830652791815885,0.6998529015620885,-0.6743786513239799,-0.6875356854111611,-1.9046269480013118,-2.17754741854054,0.7013834352054367,-0.5654292492189306,0.58565815688339,-0.5981764229262018,-0.3685987545532598,-1.1159957102049354,0.9008698132276313,-0.5173596322409734,-1.089796283332599,-1.0199724573585254,-0.24410211473242635,-0.0022233110641254423,-1.843739388407323,-1.2719921498207074,-0.09541249753262367,0.009619757689208799,-1.5840864029953765,0.997301799357904,-1.0981331132823666,-1.9584687736661077,-0.3755732786396855,-0.2798924859856521,-1.5999951220296273,-1.2499654888436529,-0.7310228253277187,0.30444188247007636,0.6101848012454164,-1.1437231706984503,-0.26267082389620217,1.4654169022202868,0.5643598533941678,0.22054202470701167,1.220482969093445,-0.8133699128385393,-0.34053367752953495,2.126750201720486,-0.592883706345339,-0.10505178416462359,-0.07267751210957209,-0.298006732648062,-1.0006940043260497,-1.0859360860085374,-0.7745660740654523,-1.5189651215597018,-0.36562622912263754,0.6046183160708055,-0.24391052559014073,0.2508299495353262,-0.5910588305496534,-0.3302417006723013,-0.45558651617509904,-1.1963621980614234,-1.3107181088270476,0.10842394111315178,0.2136103133114167,0.10873695136950837,-0.053411480777136054,-0.01584005397197236,-1.2868759033436805,-0.7383041811212238,-0.8896477093466075
2022-08-01,153362,158744,10092,3.6,127913000,7,-28.4,-0.9,4.1,1.7,101.0963,241430.96549129585,777624.0637504702,2174638.8091361197,242504.01860528745,1089759.3966961934,32.44,13608.2,153.5,224864,15319.00885803208,634,1532,1639985.1226102123,1565,227049.48869660383,283914.4635589452,144.6,158.3,295.097,296.535,116.956,115.276,16367.3,80.08994835664694,58.92177264947794,14.184,1417250,216500,153.44774193548386,2.33,2.8625,0.2929106382229707,-1.0898842919368934,-1.4651306673422035,-0.4282364692824105,-0.4847200052951109,-1.3097964846381818,-1.4703461655780474,-1.0221392835463434,-0.37794797288577514,-0.22375786560974426,-0.2942749479151418,-0.3819988715994585,0.16876655573828092,-0.9947951372004527,-2.1112250947423306,0.7632567395848501,-0.8701049018631295,-0.7162524295081891,-0.4899713056879077,-0.6922385082381135,-0.6106805449607406,-0.8665569270245467,-1.1719744271612365,-0.7466241304932355,0.0029592400211550696,-1.357164464858743,-0.589140792481596,-0.6735433332547719,-1.420816714804837,-1.3216101316530422,-0.6112854989376968,-0.7248953242129167,-0.04718095574936251,-0.2022779326438705,-1.8752765341824673,1.1904951753252575,-0.24340328386887575,0.47168531702545796,0.6702459332492486,-0.8117683456234865,-0.5906829963170062,-0.51047487145727,0.37314399325402686,-0.44215154193632555,-0.48775360587854216,-0.572603104298528,-1.9074181355924589,-0.7788978429223838,-0.3051695840750497,-1.885066953680449,-1.1039833040630376,-1.356225698308478,-0.6596194753575382,0.26102598311240577,-1.7749918742438504,0.703613584582754,-1.164445673676702,-0.26059445250691976,-0.6808475262533941,-0.32063505351409033,-0.8108821349264902,-1.3494288030479897,-0.6860378858780446,-2.0938842808376443,-0.8089999493321424,-1.3839414833037365,-1.7308180883849942,-0.20547376633675152,-1.1151354936224847,-1.0068435566564429,-0.5160140790354182,-1.1369884530314902,-0.8992738887652328,-0.6724629482664529,-0.30745721865128345,-0.007899302025699112,-1.5206852840476652,-0.33335884557492756,-1.5552764637962295,-1.0718340106704103,-2.2643089765366233,-3.0082404534713856,-0.8379621073953648,-1.494081062422891,0.6711004142679501,-0.22284928371784313,-0.806606581012329,-0.7457705843702163,-0.5619505781012324,-0.624426977097759,-0.7278255680309502,0.9372240389300308,0.6583324677883928,0.06417523532859809,-1.7249439162505444,-0.8520277068788655,-2.787567688551541,1.101248602755058,-0.7900265637550912,0.3094463352609277,-0.46508649268934626,-1.1135489446284574,-1.3313849615075695,1.9817387533097313,-0.43643888532831887,-1.0842241385289548,-1.6274769114738374,-0.15446533091276918,-0.0030634126238319914,-1.0407985421940333,-1.3323475556950384,-0.10896256872612907,0.2196888068126594,-1.457366615344829,0.7080034041800642,-1.344411220623882,-1.1502384403745678,0.24511042124498705,-0.24021366919751544,-1.505045384144505,-1.3000500132808162,-0.8757569689838893,0.5338468863256736,0.9777745726885148,-0.48464214477692075,-0.38711951888898744,0.9235061181996072,-0.17026174783140716,1.1242975011061727,0.5381881829213939,-0.9264835166987639,-0.40984091461216926,2.559337996720628,-0.5559665449666186,-0.21726475228480427,-0.15784846381794443,-0.24558815680591214,-1.1509125142546943,-1.2252570096352857,-0.665655481304385,-1.1328424853797745,-0.5008219610051501,1.0488502424661128,-0.2584788257282895,0.5617194867708439,-0.19531547249205494,-0.3180047898644198,-0.8726543002319912,-1.2974862356800008,-1.2196379913349977,0.6434670391485906,-0.14533879629552013,-0.06002433223017259,-0.16315248284376596,-0.015658117410254843,-0.527429032774502,-0.2796296486938696,-0.9830361890295134
2022-09-01,153582,158814,10800,3.5,128252000,7,-8.9,1.9,-8.3,-14.7,101.2918,240630.13862027245,777511.4806894377,2182940.5653912784,242815.51660972473,1088285.8627770063,32.57,13708.8,153.5,223336,15329.851496536623,552,1481,1634040.7766824856,1586,223550.1103338985,280555.67388878,143.1,156.8,296.349,298.226,117.371,115.788,16423.8,71.78945395370236,59.10475876058905,14.12,1394500,197500,150.59633333333335,2.5220000000000002,3.464,0.021862602290025547,-1.0565444335963972,-1.2122122235631785,0.38261572072325983,-0.4114709672044738,-1.8076477444739665,-1.4890255301801643,-1.0578206786175925,0.2329666958390815,-0.3285740209084318,-0.4103436772454649,-1.1416356963093939,-0.006605035488915327,-0.9091646014218827,-1.3226851929357106,0.865355809455833,-1.1013497598912283,0.01823443361994716,-0.4460512517816524,-0.3121428573216522,-0.6715234644161368,-0.54076636251861,-1.0805330019091117,-1.0739779120411637,-1.1710590587634868,-1.2258585848583743,-0.67143343886448,-0.8661535740546215,-1.2502136459907367,-1.3672108354571093,-0.4581577144896844,-0.6407323299069222,-0.3613406292515677,-0.3088353734856576,-1.584224333514279,0.36241906160109066,-0.6371527214226631,0.6712757024697846,0.646970003092809,-0.7334889291898767,-0.6188435830158737,-0.7913590400166313,0.42489428747905283,-0.8020255657111537,-0.7933811452929035,-0.8554225711949102,-2.383977829490145,-1.3956223456687387,0.014363371398745278,-1.947988273229144,-1.131467115583422,-2.386908988537487,-0.657961796441854,0.3446771188591422,-1.295115228475242,1.0576096461752542,-0.9017857390645398,-0.2795110359727796,-0.7309389563585094,-0.4354394873473811,-0.9655183306477327,-1.435716012376059,-0.6094267006839735,-2.1278331601433575,-0.7549267005647964,-2.5868847978279845,-1.7062647533284006,0.6551793587239636,-1.2583806399698787,-1.109454783260186,-0.48816314455215093,-1.128998750718993,-1.0002017079819914,-1.0221265541015463,-0.2780348769723278,-0.023709704190369326,-0.4226831716363604,-0.3369812941368789,-1.61050860961716,-0.6810457015877233,-2.4031544742980993,-2.285190918635186,-1.0589266111737707,-1.3020624128071356,0.27356251528456044,-0.36583909870184256,-0.699983006318708,-0.8674993637241152,-0.7756341058792829,-0.7793749207453371,-1.0672960688325972,-0.38692781155983136,0.4688437322724488,-0.44788091240530326,-2.072488130038923,-0.9803498762400459,-2.4493713384675417,0.7672073984543831,-0.08303849575593741,-0.4439108159667786,-0.8015383179820468,-1.162983402284885,-1.2659529410781556,0.5820015901765256,-0.5741068312736303,-0.9737812584574372,-1.3618088106848127,-0.4116008304750198,-0.002404663860061762,-1.8983340200346615,-0.9981368211124476,-0.0951278373528678,0.20447950138969936,-1.1896689683630592,0.8045376724231378,-1.3485921311107363,-1.383790426808576,-0.14551023236101276,-0.3129011998637057,-1.9216255574242143,-1.102095806396533,-0.9516537716809021,-0.25293241307123204,0.027995018102455815,-0.8231417347376885,-0.24374899555869284,0.5502855122567294,-0.19123050473808315,1.88883420373437,0.7136284177068979,-1.8973742037619663,-0.8924395742340616,1.7592597171195994,-0.5870277032419153,-0.7272074013531868,-0.23263755609477493,-0.25662280929511705,-0.41804708643879085,-1.2670305398807473,-0.8223175819436314,-0.9635692915445112,-0.6848946021209907,0.15255843348433742,-0.22655603858349146,-0.028129273631898804,-0.18455379945970743,-0.18520208789141673,-0.7803024144372386,-1.3890729306723864,-0.1846576462125279,0.74565663446062,-0.374892583418972,0.12498600415135688,-0.19806188556166704,-0.012924332107134468,-0.41251218932091255,-0.0011419184315917172,-0.3552293608162403
2022-10-01,153939,158671,10447,3.6,128503000,-1.7,-11,-0.9,-11.5,-11.6,101.2529,243447.62082446428,777984.0398917901,2186784.0991178104,242556.3310407992,1088594.7133201605,32.7,13686.5,155.3,224381,15357.660767136762,586,1446,1623459.3237730986,1583,220502.20914356463,284103.4947718349,142.7,156,298.007,299.399,117.919,116.204,16476.3,74.24588064688471,61.32168584392238,15.099,1411400,202600,148.51580645161292,3.08,3.9725,0.203630751793938,-1.225966500682082,-0.59220346001156,1.3397787697226602,-0.5805286040527107,-1.7903926469110403,-1.555955457832647,-1.2944329635264014,0.40738364729690546,-0.6101286643146584,-0.3816656690460715,-0.4548344217875426,0.07725084969115306,-0.7630027348219354,-0.7692097743095287,0.9709625165376803,-0.4196476426284576,0.12614304618550184,-0.31102060168044376,-0.6189526530695132,-0.46879949403377336,-0.5432383048935345,-0.9036896957338646,-1.6974446547379554,-1.610744191755846,-0.8086152388248485,-0.4196260800016941,-0.7664686862054901,-0.7317862214013379,-1.0435945004157685,-0.2823895459031082,-0.16627252835677356,-0.3004356814063206,-0.4057812557974403,-1.7521810195730885,0.8099983934636698,-0.5920564881707452,0.6753909742054149,0.4873622177367932,-0.46192684461402905,-0.318839151188844,-0.3270028041562808,-0.13995642171489614,-0.7412582248537901,-0.3573850618067145,-0.9254638367843885,-1.5424819265817784,-0.9365188027577205,0.14192975428490423,-2.090804567047689,-0.9559621922900285,-2.38239176695372,-0.5396479488279406,0.15972098046864977,-1.4397529149605077,0.9156563326150075,-1.0291150239646916,-0.06875136448481153,-0.7826415735261345,-0.535767566889849,-1.011202693266987,-1.1262651375085868,-0.5065272027428617,-1.4915691105653326,-0.5640667069302522,-1.2525660332150248,-1.513984261960533,0.5770279509532086,-0.6758792784166723,-0.5511875609334085,-0.5888132986735902,-1.2790341442603679,-1.4325729482473022,-0.6260453398782048,-0.15683940328897455,-0.039538451177338556,-0.7147059312711836,-0.31406107384801346,-0.9988838035573049,-0.4026740114152693,-1.6977158669372294,-2.044719276448715,-0.9775526060727859,-1.1002799947494981,0.44648362196940655,-1.0923541195773316,-0.27283758966757765,-0.9085067052031828,-0.644830128473548,-0.6995547960948717,-1.8327511663749116,-0.08558517993028178,0.9218781986515483,-0.9300677259343189,-1.1898275697627025,-0.921277494320423,-2.064508070300889,-0.4686163944050765,-0.703252354499468,0.16184161044287942,-0.5196679961619328,-2.1966704536362993,-0.8085042974296515,0.057313159920209765,-0.3599235845887091,-0.6854454572742268,-1.1859649568454147,-0.39520944228429056,-5.075649385852215e-4,-2.1333024193085395,-0.5794220689215478,0.008347853478692836,3.7400821202828675e-4,-0.9142193377752145,0.7417480398479543,-0.8104467091957412,-1.341627399314264,-0.4268117965617877,-0.6258054229309795,-1.542309478431345,-1.4501152226745824,-0.8045515909253202,0.009717840748712887,-0.41092311230130407,-1.0164469787654082,-0.14669330630335972,-0.4169453788634614,-0.12034000457712636,3.0758114151777507,1.5952998396873643,-1.2801646424739102,-0.9838216393118252,0.8621966201667225,-0.45290993668651647,-0.9059836960260459,-0.14607308469213862,-0.34835276299792894,-0.12439962206018068,-0.9703202743061308,-0.5413783420325295,-0.9065651051875864,-0.3830929059891529,-0.5698523725793897,-0.18083149921156835,-0.1703109160175989,-0.16957040968677872,-0.17485254629612573,-0.23875286433033296,-1.3567271306645132,1.0561855294795643,0.39872586170067026,-0.7109066454249741,0.13657165815787214,0.03408114644459855,-0.008992478451855608,-0.3519583840200112,-0.04788255486106023,-0.12041746757422388
2022-11-01,154242,158484,10632,3.6,128772000,-1.7,-9.6,2.9,-13.4,-4.5,100.9552,236073.0477737177,780923.5011503586,2187113.7489049574,242961.6659899851,1083419.6102314251,32.82,13681.9,155.3,220712,15316.686967113275,592,1434,1623644.9451887943,1424,216456.8953850318,269413.9937745297,141.6,155.4,298.786,300.325,118.224,116.539,16502.7,71.36452835295711,58.052675427255714,14.583,1458000,210750,147.735,3.6950000000000003,3.935,0.08824292483769154,-1.3233029848972668,-1.0160198306999055,0.614030575436363,-0.7631968159464704,-1.3297070934673554,-1.253464604217003,-1.4406146566828122,0.2695869957827878,-0.6445931560249578,-0.6600375631612099,-0.17562349452573522,0.3531420777025892,-1.8318570248863875,-0.14545377125688916,1.635634485511988,-0.06421207481272703,0.855929297741125,-0.36852279970131446,-0.9197203364816497,-0.3117896824348247,-1.2254681030434438,-1.2218287580768927,-1.6342046142252036,-1.148116250635366,-0.8280086113576749,-0.641027633304068,-0.870499572891071,-0.7196913691431592,-1.1830586044224936,-0.32735312162209457,-0.7933916345425354,-0.5131731105774092,-0.3756294077529498,-2.156240952311456,0.653428156581743,-1.0391528399236851,0.2227456251653013,0.31312076600076955,-0.5607791402698642,-0.3981620536926838,-0.5602647809740358,-0.4762038766557699,-0.7063656458036938,-0.6353617601300753,-1.289852056389413,-1.7198058166732717,-1.0962356346205657,-0.25515640191925,-2.1971393215022865,-1.1507449779033376,-2.2833951545184115,-0.41087275433875725,0.5607449243282896,-1.192920393966563,0.842076776899118,-0.4713295757046594,-0.43332781608728865,-0.8294067430047553,-0.02291935588127543,-1.1486164048665017,-0.9985807243877494,-0.7748690085669587,-2.250771152610318,-0.6224559995581561,-1.613722761967085,-2.022183301145632,0.37414981824514437,-0.6254349664436447,-0.5027168856392396,-1.0265667734688184,-1.914120031093819,-1.8590081800821374,-0.14288059085905075,-0.2099499633259285,-0.09780133657699831,0.3517060751095358,-0.47023644544517096,-0.9931947099761379,-0.5474855042215726,-1.7119755655718285,-2.1764404384455966,-1.0174453419501899,-1.156223898988204,0.3675787798140075,-0.9347810923903117,-0.5169134791072287,-0.5506420524947773,-1.0350030707594435,-0.6495365095830342,-1.9961783368600234,0.3598641549132684,2.43875980157203,-0.8640576309694267,-0.45761844264715706,-1.180069001304652,-1.9478951015477044,-0.9878280036766764,-0.08190038949738085,0.07306362258384144,-0.46765668632506485,-1.2626527550403606,-0.7650819939382593,-0.07974624344412863,-0.4466196213532748,-0.5492855163626987,-0.8309827613104495,0.1279219341727071,-8.981437784088797e-4,-2.536005964176602,-0.5553522607165223,0.009393135718133858,-0.0764310622358353,-0.9822122555782271,0.17991512645409588,-1.3151187269975924,-1.9008881121927568,-0.4414588413130239,-0.5538465410344369,-1.2242935138656261,-1.965389947892261,-0.782040415605892,0.3049010877602043,0.01957941745991825,-0.8867303686910623,0.8173584738101575,-0.8060950016783367,-0.45750510560190544,2.542894817004016,1.2849869195175518,-1.49956585089398,-1.1717841870137828,0.23287183340404255,-1.2060376483002018,-1.3956693430841651,-0.19001223738635709,-0.38091033288913473,0.19197283540336837,-1.0288021767131166,-1.0876810773300962,-0.9105946152813726,-0.35071396077657496,-0.41456118137780146,-0.27784769378129104,-0.43862036169905233,-0.14798113252243691,-0.2696422447141953,-0.5094643710758987,-0.9043350559695276,-0.0653267745653622,-0.3412263720252556,-0.766266273313607,-0.11106076256958237,-0.7312449212304416,-0.020154736946088755,0.007214148009046531,-0.361515197142667,0.8568153144476096
2022-12-01,154342,159202,10902,3.5,128963000,-1.7,-9.8,1.9,-11.4,-11.1,99.7664,247802.06784700634,780738.1065008786,2181380.638493398,243205.1628598459,1091141.539397216,32.94,13699.1,155.3,218103,15303.165968374105,615,1296,1627649.0066225166,1398,214189.41748884987,271945.53318015946,141.8,150.8,298.832,301.394,118.384,116.952,16578.2,64.56953642384106,60.086876816144596,13.874,1566000,208200,144.4206451612903,4.058,3.638,-0.19227420548088037,-1.8281842793249172,-0.9910150441791223,0.11409550625313508,-1.4465343157586743,-1.1640185992237493,-1.6226670311775835,-1.2355236056474517,-0.628908085693419,-0.831895708088347,-0.8622150920664492,-0.39616384970803203,0.5080685163714681,-2.244419632589976,-0.21990170814514284,1.3007006020141352,-0.9593485144969902,0.14786359751305225,-0.8788176226789965,-1.107044724771296,-0.5671263214483578,-1.165548181135062,-2.005680404084474,-1.4210420141484692,-0.7989928798863455,-0.9902336142681732,-1.1703656957158728,-1.163673310076876,-0.6867427640041671,-1.8894283276958108,-0.6138356023481534,-0.9724983556732723,-0.825609114183977,-0.42345631615466517,-2.031734724189077,0.47917377975545017,-1.2760410407377798,-1.6083434782249735,-0.10110899922786867,-0.36299264064036696,-0.4605837416344837,-0.9738876288293687,-0.36750996092520605,-1.030405920178493,-0.9896063002069193,-1.5137349605781576,-2.162457292288875,-1.7173696214580614,-0.7497663535842303,-2.4928311350652472,-1.2543627935113437,-2.9256358331692582,-0.6088930094937609,0.10173419888410883,-1.6655434345056044,1.211704658707234,-0.33716407668793286,-1.6332011377203344,-0.5565880966871735,-0.28601335160510005,-1.2135369453649745,-0.9855506549734007,-1.1142565132743094,-2.6426314989830164,-1.0092859575746305,-0.9981894429002246,-2.091742051965698,0.26061780379732,0.23555098573366817,-0.9182849015745749,-1.7990537957591488,-1.9284879507317039,-2.4567393933156874,-0.7102399034013908,-0.2963319155173577,-0.172810233792747,-2.275303692713673,-0.7117171285382221,-1.491904201286851,-0.7565041019954765,-2.020879765884563,-2.3238550955380703,-1.1862949257000208,-0.4532448081344403,0.2558875980349515,-1.5281675873072471,-1.088157130395765,-0.5751498881727032,-1.1444649114803538,-0.8562861150872035,-2.1811212792752204,-0.18165363038518134,0.17339697817275634,-0.533388425109551,-0.9036653930198073,-1.8105330761599288,-1.7388296560521768,-0.3036157252406128,0.3168687335629755,-0.18304998415235693,-1.0234676093862696,-1.0679773712944558,-0.38588946183187817,-1.0293193624269024,-0.6296463685928072,-0.6660721389292181,-1.1959780287757955,0.46204606878264226,-0.008485011330992389,-2.631134256267783,-0.8434910537153496,-0.3121609874403127,-0.3331082471923867,-0.7820537213280543,0.3045560604169687,-1.6596011632136358,-1.648471300472362,-0.26501486460312185,-0.7593090038270944,-1.1098859183713876,-1.6486673547417705,-0.4819458291744001,-0.39401650343960554,0.06601787919787122,-1.2118634879495704,0.14192031624237234,-0.41704816709789505,-0.7315497778632198,0.9138973301302769,0.20734390705620936,-1.7771174080173426,-1.4016302682739095,-0.5121551915511425,-1.5231959842834781,-1.4096930570436628,-0.38157650521433595,-0.6555202548606937,0.1976099462639381,-1.801636191064171,-0.5853876453452213,-1.5479148283015876,-1.002909411686479,1.4144586683777398,-0.39823918967302874,-0.6121947781185108,-0.3654642125762481,-0.633048780469367,-0.4736721158399379,-0.6585694299142112,-1.1364152939567023,-0.4370161863641461,-0.6411570805976281,-0.6329597969851203,-0.6134961072573579,-0.03916482815060662,-0.12566643488035062,-1.2872995424954188,0.3088887978772885
2023-01-01,154776,160173,10318,3.5,129150000,2.2,-20.9,0.9,-12.4,-4.7,100.505,242714.54737938798,770509.5027642878,2176579.9941000068,244024.43327899982,1088651.2964425548,33.02,13839.4,157,226434,15501.100673847652,653,1358,1644808.3483170613,1418,218015.76232166562,273643.4824984456,141.3,151.1,300.42,302.642,119.018,117.505,16906.9,65.6371305180729,63.08887334392239,15.657,1604000,204500,140.58225806451614,4.33,3.535,0.31951546873412207,-1.1416282143784124,-0.4950331521488932,0.504772803071586,-1.3919385916379026,-0.9833877980200375,-1.4589001467476672,-0.7110400403536643,0.30205397486742525,-0.061026741345823275,-0.49523245524703663,-0.6553219831425595,0.7314378786714847,-1.370655743913183,0.1543927170224757,2.1620734790489395,-0.9694277166966009,0.01512531782400606,-0.6864683446209876,-0.2014154962377889,-0.405268378165437,-0.4623973347606656,-0.4564687699795922,-0.3886214223766297,-0.7636725824515529,-0.2768538957486474,-0.5683533412711612,-0.662478099318755,-0.23928897342737973,-0.4803934768320296,-0.2602918487950889,-0.43475574716779064,-0.4275068758989805,-0.3642946754452137,-0.9051686425940952,0.2878821426309549,-0.57564987606858,-0.33890038274940026,0.3775894851258235,0.07061740589112188,-0.35013150090390693,-0.66256151738055,0.31544198623240904,-0.45216079967883427,-0.39671303926637014,-1.1700569268417402,-1.0447573363047062,-0.6599920768942393,-0.15878636890712827,-2.058364517228081,-0.9989015742902365,-1.1342527962450935,-0.573238167512187,0.9806402347635637,-0.8913943288494924,1.4060796001495277,0.14839801965761426,-1.1421082835259588,-0.1047071608984259,-0.6525103674626807,-0.19154994253501767,-0.4691862486957543,-0.5941112683900578,-1.5754036129850277,-0.23352564194820213,-0.7919580107879169,-1.3603768765456057,0.2895127729697519,4.249075219500815,-0.9454334351765376,-0.7225657842259537,-1.6592517153117945,-0.9540990031707276,-0.323617991716836,-0.23596748236007634,-0.1278736983015699,-2.225652025798814,-0.1732676187747533,-0.826535113010005,-0.6549763741259572,-0.8729049696530468,-1.0821954039305703,-0.8531083878746178,-1.008303495909913,0.8187058671964745,-0.7253259323611508,-0.7039229112444796,-0.35133222434925654,-0.19181715221070322,-0.640465732392162,-1.9892366793886516,0.6504904419591654,0.26698143324411333,-0.49664519152708914,-1.629334636647757,-1.4004019554366827,-0.9469250534402648,0.0654699603360035,0.7479365059058751,-0.10529512547597338,-0.9159600572499449,-0.9634554343446435,-0.261750704433401,0.4479155624463143,-0.5369887511995177,-0.36167066490748623,-0.7978144976050696,0.011985588284672725,-5.822806552308617e-4,-2.0816629861275406,-0.41968243602501837,-0.17742105736116903,-0.02592986635723498,-1.254107167947411,0.9092568535776057,-1.591854185249691,-1.1665017804579263,-0.3617886461593152,-0.569033930331666,-0.8091237826840264,-0.9884206258851287,-0.6591274247073013,-0.14674334999296862,0.7366098671282209,-0.6685904929751127,0.4402451632632016,-0.020563994985439635,-0.04772029031388263,-1.3016124444024546,0.832261189022231,-0.8671589181647957,-0.24695228381209708,-0.3045715325347601,-0.6039223462537943,-1.0015936701220116,-0.2205928938620842,-0.43059904453399733,1.0471928305002522,-0.990757272345748,-0.9933359382513366,-0.9712372494803782,-0.6165862178513919,0.49771860461374456,-0.3179640090526944,-0.0497787286147689,0.15502168736567512,-0.1528073027621098,-0.7409317083961476,-0.6680122405165695,-0.3780893721121913,0.39073095064755614,-0.36613591062998996,0.019163819675249858,-0.41062631243989506,-0.022798597611668296,-0.19708466118140294,-0.17500565799233608,-0.024450107904847765
2023-02-01,155066,160457,9857,3.6,129300000,2.2,-9.8,-9.2,-22.2,-13.3,100.6416,235147.31630490327,765515.3348021681,2168808.3434622693,239568.89979810503,1085425.8643366368,33.15,13889.9,157,222973,15491.124161214384,633,1395,1651331.5852524524,1605,212762.10741482297,268000.90475751663,141,151.7,301.45,304.123,119.369,117.929,16998.2,64.363444445375265,66.19050233328409,15.47,1646500,214750,136.57357142857143,4.535,3.7199999999999998,0.24087495798462927,-1.349265624924722,0.16504435853566773,0.8023289521524859,-1.9252244833785421,-0.666818110305638,-1.4004431723494535,-0.3877204895914547,0.6475464074570225,-0.03673210986133733,-0.5947660777699398,-1.1488992129422828,0.09180965121691174,-0.7009920904621955,-0.05433339025291316,2.035943181757648,-1.20234670523868,0.06918046906410937,-0.3031890098283744,-0.23430126424937717,0.18647991482978488,-0.7468061009825899,-0.851017467457023,-1.2437641637293602,-0.7924906021508007,-0.10503562697941196,-0.36609729908897937,-0.299898447884581,-0.4428798636359265,-0.7912909853507829,-0.24033191244873314,-0.2011297362342189,-0.20494615689421825,-0.3806679546370761,-1.341792389617453,0.0811937664000889,-0.7246492018139881,-0.4659226962441709,0.5244461840839895,-0.055239064296425486,-0.335146186175749,-0.602513981043012,-0.16557446544394475,-0.3646736122667712,-0.6136017147296251,-0.8890471071474132,-1.1689079261531168,-0.7769818704872667,-0.3612783257591824,-2.277550990535675,-0.8617500867605012,-1.8262005374671484,-1.2439355750648342,0.45534595048799903,-1.638419984366813,1.3688601546646413,0.13428215388253956,-0.504257749626605,0.41532728452704815,-0.18377943249320408,-0.5677762174944115,-1.153360183271283,-0.37531945314186976,-1.3441774080448097,-0.5716167563876466,-1.5573519170863173,-1.255515845170967,0.4344766315585825,3.6670466282144387,-0.8594494201864893,-5.370110367207295e-4,-1.6509073932886966,-1.2233769286534688,-0.6935442546779558,-0.119935749776477,-0.016476245317100624,-2.5138138169352455,-0.2727280235514588,-0.27300347356478155,-0.5920696100204021,-1.6026212069856032,-1.259860525933171,-1.081910880188543,-0.6890222069656304,0.8147933108487438,-0.3831189489203198,-0.3494264304920593,-0.6096914938704379,-0.38661982251836935,-0.7572542720650801,-2.132857481496013,0.18953181749116116,0.19876449465578397,-0.8871234593753116,-1.0016012912266767,-0.5355815416224361,-1.3762445193219526,-0.34870577832788474,0.6239794166597933,-0.19293028238881027,-0.830093882407662,-1.2642877475560583,1.1744986860868187,0.02658936249559447,-0.44075372884074404,-0.626475685585677,-1.2184896461444419,-0.5773760730961912,-0.0036186502723411043,-1.9954515008178513,-0.25716305653997273,-0.0951683302319482,-0.23373780983767253,-1.00144585109574,0.6514021012008987,-1.6910123534115338,-1.3402817401534317,-1.089632918527434,-0.551961309351339,-1.390231343315049,-1.3035873633220627,-0.8249080551639669,-0.4053429812948425,0.5746185609197872,-0.7879614362273295,1.3027042816257097,-0.0754424337747858,0.45248545450386807,-1.1278680372547647,1.2947963423999098,-1.078502836826011,-0.300696227125705,0.16942856560907382,-0.5304648434089654,-0.9706486625460337,-0.09642066031120045,-0.2926868613856862,0.41795903004320123,-0.6057961859273769,-0.6848995297759392,-0.8276944926009011,-0.41752457859763353,-0.39513213494357424,-0.22827846155256393,-0.2282130433863516,-0.28628522393852035,-0.158296687664695,-0.726007017191456,-0.678396162351724,-0.6335931111388677,-0.10160033629439771,-0.48225576073449694,-0.24406220374300813,-0.28268523961281566,-0.019096855571652582,-0.6182563556409405,-0.26945426062112865,0.04330685823569825
2023-03-01,155134,160848,9655,3.5,129376000,2.2,-10.3,-7.6,-25,-23.2,101.0205,241989.99481336478,764286.6703475046,2169870.119017478,240741.85614616273,1089368.2343689871,33.27,13935.7,157,220353,15493.315933008753,639,1366,1673469.5243353578,1472,217099.16511904166,262373.4711974435,139.9,151.1,301.821,305.147,119.538,118.315,17098.8,61.30268199233717,61.588463326191885,15.621,1683250,229000,134.95225806451612,4.640000000000001,3.684,0.1998407214030557,-2.0395812334703756,-0.1910838742582081,-0.2235489426456736,-2.0367101556620346,-1.382279319078082,-1.7188202172307465,-0.7704248349193061,1.1723663925726342,-0.31314500791796057,-0.7520714039377988,-0.7665895144532054,-0.4640658353154338,-0.8310616850575351,-0.746276701665269,1.643416143952544,-1.4063598015318854,-0.06321088276920378,-0.41495599917972437,-0.29500340092280736,0.1210059875439506,-0.8828183309176069,-1.4004784973269297,-1.2248687313342148,-0.8939301649551968,-0.9675329065372388,-0.8762228979305805,-0.41941008709787486,-1.048130571777707,-1.5595984007547035,-0.4330513318855498,-0.2828226231188685,-0.7751050283252165,-0.4672334273357491,-1.6804555258251672,-1.372700801184021,-0.7930944394999838,-0.5554426461999262,0.35443289711142245,-0.11007952285444915,-0.8043458691180886,-0.893579029398041,-0.9112826346353348,-0.6308592809086405,-0.9031966484803818,-0.8774285856915595,-1.5356415081896642,-1.4664587765586419,-0.7150335842864874,-1.9343077031464186,-1.2959896436954286,-2.8932684515084834,-0.9252580345435027,-0.27492345291973663,-2.385683138211855,0.7950111009623799,-0.23896990754778338,-0.46484088672129936,-0.06661789998426369,-0.5388625740208333,-0.4016449487765857,-2.197931086698314,-0.7267342473874443,-2.1753360651330005,-0.9606510379749637,-1.8474792842648027,-1.9723280491301038,0.02255512746722344,3.7482463828889854,-1.4324264443430237,-0.3496796832016048,-1.8932381395018982,-1.4231107381033994,-1.3615307002149235,-0.3866300705924568,-0.07779977209230704,-2.5136644109471242,-0.34381523281516035,-1.5471833285571421,-1.0540369230738544,-2.0362366117978494,-1.791868147688824,-1.5199939081008071,-1.0423795637387239,0.14418085874766418,-0.25719307119478757,-0.23688143636047687,-0.7825797316432382,-0.8269846898803347,-0.8423420375971441,-2.547351265529301,-0.520999440360775,0.06569700825994913,-1.1256653401866985,-1.038215913983055,-1.884156973636641,-1.9411320138280073,-1.0131128347156844,1.1931999367206196,-0.8701129947879065,-0.758502550237365,-1.9018700670401396,0.9428796710549028,0.4347187536871866,-1.4363126801084503,-1.4471104672868105,-1.5597900661438941,-0.43993152147311193,-0.00250221210150267,-1.6668769797321903,-1.0511091297576496,-0.04382833826006272,-0.17196613124002783,-0.8522954343637151,0.4823948777202825,-1.597487290494231,-2.470887552394259,-0.8513054520275889,-0.6361228530867806,-0.9559604539048346,-0.9649776321643525,-1.3849064468874674,-0.7089992475727079,-0.3229683470864678,-0.98590673675999,0.3999981229344219,-1.023977847602275,-0.4429040089903689,-0.847553053885666,1.5420745995240366,-1.084954006991491,-0.6747569557339707,1.0485097208523195,-0.8360039691725405,-1.5268651793057764,-0.1474713838820014,-0.3344580002902262,-0.1856238662104335,-1.0599967674131328,-0.4899256068159926,-1.0734826654237308,-0.7482464488677347,-0.5299346899875347,-0.41789833319840625,-0.5383381303129426,-0.7727561805060539,-0.19887971683068467,-1.0134885333115211,-0.9598779782783656,-0.9656903939784841,-0.03789538750597994,-0.42278319182365687,-0.2992433923509744,0.008150119379975203,-0.016241951369257566,-1.1601849353308842,-1.010313787230654,-0.1489574553678948
2023-04-01,155375,160927,9966,3.4,129467000,2.4,5.6,0,-25.5,-19.5,101.253,241905.44472326202,758306.3084092671,2157587.4474858395,238419.02110028264,1093349.7844953358,33.43,14016,158.7,221398,15541.179314886913,656,1343,1691454.8440613253,1482,211396.320164067,268926.4783119774,140.3,151,302.845,306.534,119.951,118.734,17135.3,66.23537944660737,63.45814417725572,16.41,1716000,216400,136.025,4.83,3.4575,-0.12887895689003898,-1.3492646714915515,-0.25075663407525245,-1.5352667104425324,-1.76363983105673,-1.8979915708834907,-1.7608635770697967,-1.7697121885200964,1.4169404083338963,-0.9682050683574349,-0.7217825215288991,-0.6787265395503258,-0.4058622203203978,-2.069992820164779,-1.4636533487842238,0.9909755524705635,-1.736495502390151,-0.30692319784259164,-0.5808879255061647,-0.7086793499555919,-0.766090637309202,-0.4142875484148679,-1.851110947461236,-0.844858776820122,-1.0038992798197761,-1.5777516771272946,-0.3872660620609629,-0.6827131821335034,-1.122382495408107,-1.8823667927091874,-0.46634913976900827,-0.2772154699657418,-1.0166617413716765,-0.5496639086117467,-1.5185785182319138,-0.7824317855989287,-0.8654136428485611,-0.3233597965158039,0.6989393750770616,-0.30971059631757125,-0.8204426195838915,-1.3536326155178309,-0.3462792930104768,-0.863986756931765,-1.3227011356061882,-1.0971518659303543,-2.559405997596285,-1.475289199709005,-1.2083648800113846,-2.244120284847714,-1.9319742172979892,-2.9431308926819266,-0.890652364276632,-0.24165640434686242,-1.691502019163096,0.6838350573578736,-0.9332271225604264,-0.9669671755048295,-0.18963208331317957,-0.7127476971380995,-0.2152284847024771,-2.489788456715684,-0.802333782715225,-2.5901448385050223,-1.5491759198503945,-1.8294785504720548,-2.139578226827767,-0.00808589290188038,3.3682147304875674,-1.9052761923354335,-0.7535742228338019,-1.4538816440162228,-1.8318343732245201,3.3460628014293023,-0.5451060313668157,-0.07242269198856836,-2.5190239637134018,-0.3720080734273027,-1.623289199160304,-1.1971242844091656,-1.3824446274440374,-1.5846149746843918,-1.6776770386348523,-1.9764851600676392,-0.092949800755401,-0.385156847555608,-0.3065145124942044,-1.6420358099422927,-0.8889569206511561,-1.3203179788128139,-2.5613484343712947,-1.1067969159892936,-0.5389611364216438,-1.453764490401728,-0.4992032504743324,-2.1184043171141655,-1.2923718628473744,-1.8966909089968214,0.26205506375136717,-0.7562603890450815,-0.7826144137925958,-2.376103507190032,-0.43875354747022177,0.3073599682265569,-1.952690126709648,-2.184590857731325,-1.9761240991531657,-0.9965380707990766,-0.0035489420076621155,-2.2845426104048796,-1.2245284936858818,-0.03685851954386056,-0.2831189195572322,-1.6671205092986574,0.5888046093919487,-2.5736744330697805,-1.9712517348383556,-0.7714385403722281,-0.7650834646322949,-2.2590057163993196,-1.2792675952671155,-1.8632800524672677,-1.0841666286255083,-0.9160841322443444,-0.5873895125131035,-0.15691845046936237,-0.5898021565674404,-0.3783275196687145,-0.8788868285181987,1.6572643008724641,-1.197962997728366,-1.3713785338058053,1.0347144817831475,-1.0243970656197308,-2.2827575820748662,-0.3008783586588508,-0.3808885869037553,0.23517492663553796,-1.3625793131609603,-0.5082510927812796,-1.523378972616948,-0.7480124888499803,-0.7169246638990383,-0.4926854033277653,-0.6574694243779012,-0.8314991230781296,-0.24697192716938723,-0.9612690956139255,-1.7092316694455427,-1.189777527609875,0.5225272099248998,-0.7370717988612346,-0.14243283287919004,0.07527055568455739,-0.018909794715588044,-1.7210479443776714,-0.607283954619052,-0.3260407081550119
2023-05-01,155655,160812,9368,3.6,129827000,2.4,-24.6,-5.7,-8.1,-11.2,100.9286,241121.0986267166,752659.1760299625,2148146.7668296797,241585.51810237204,1095254.2655014563,33.5,14083.8,158.7,222165,15534.415314190594,736,1609,1709448.1897627963,1579,210842.2804827299,263265.9176029962,139.7,147.9,303.334,307.652,120.15,119.083,17196.7,59.57553058676653,58.86727538292947,15.931,1724500,226000,134.68870967741935,5.035,3.565,-0.14276711315807553,-1.4513180269858863,-0.8203913243060302,-1.385548258481345,-1.7890262580415777,-1.666506690741821,-2.098426459292891,-2.5309214827709563,0.4315692064869833,-0.4936807214154287,-0.711226819105138,0.1469315468914364,0.13109920049811097,-1.283289231025146,-1.9060156528519188,0.18901499844816322,-1.6656035329057315,-0.730567232870629,-0.6111315347233784,-0.6209107091529295,-0.6878462370492856,-0.5519447710457385,-1.6208702454572257,-1.0201339822055449,-0.8209621903125848,-2.233963413393503,-0.28664636990405584,-0.6242056987792551,-1.4604663273812037,-1.8376050461025828,-0.41371285784476086,-0.42822880706661354,-0.8691712186891559,-0.749937554877212,-2.3451279263900164,-0.8830249809134667,-0.8364382997491999,0.9104348134146645,0.3499862562928683,-1.6178054020313715,-1.087757326358329,-1.226382670049282,-1.0747608365136991,-0.9150856657183106,-1.2912912820476463,-1.3273131991196052,-2.047648469658398,-1.5919771890174241,-1.8262158788905238,-2.370676770999917,-2.2768992920024975,-2.972150801941339,-1.1023363026636956,0.133132916488185,-2.6009750373592295,0.6766103589592699,-1.1751781299187445,-0.25284570973105475,-0.4666683340827596,-0.7563027216787297,-0.25679008138426607,-1.992444272491712,-0.7618152371371056,-2.3454338846662646,-1.464646700183676,-2.388702638791542,-2.5794240096267043,-0.12316890124905205,2.9925538640841007,-1.4850150581588741,-0.9557257016278954,-2.1513460158868174,-1.4084532325639627,0.8248239861238669,-0.700562275050522,-0.23269407508491202,-2.23506329926547,-0.36200323198300477,-2.2658754794521796,-0.9178183880615148,-1.410050775026011,-1.5943253370167951,-1.5979540944309447,-2.8041090161567666,-0.03232840140025421,-0.44818750196311574,-0.22661695321295855,-0.9703696549749735,-0.9983747765878327,-1.3797137560524115,-2.9067441969710233,-0.38774579377164337,-0.05661789552919642,-1.6471411889008338,-0.6531409742334893,-2.4159314183984963,-1.7458314068310519,-1.8687336391337577,-0.588921535375906,-1.1741193487341075,-1.2420387149674341,-1.9081350408461577,-0.3841767516644198,-0.02333132454369965,-1.4328201265491374,-1.4453568791730378,-2.2570761038003933,-0.8589258250914387,-0.008652421272944728,-2.0120723358658172,-1.6216194180901151,-0.10818010710800768,-0.3415256159979801,-1.2966855092120653,0.2692405690172747,-2.326935967260673,-2.2217872544937287,-1.0174644984317671,-0.874586189592428,-1.574321142690988,-1.8455130810093112,-1.6452753776485902,-1.0902127337784813,-0.8898538645533746,-1.3132587964235192,-0.8547277552473554,-0.9230917033499875,-0.14469722942178842,-0.2769648376036828,1.2979008347597556,-1.5139822526993945,-1.3844188905581694,1.9333514565400962,-0.7717970095461587,-1.8733729310986482,-0.327467045062531,-0.5105991183526877,0.14564312074898256,-1.4305027092379958,-0.35734355257921524,-1.343482696879385,-0.7103417978619676,-1.0330979537600975,-0.4348926606764441,-0.5962038251170345,-0.7366922365974038,-0.35818379889077734,-1.1691998031527815,-1.5809137354011573,-1.297689384444192,-0.1412535746675021,-0.7632726409078708,-0.4947003951567262,-0.16754350919460873,-0.018669156571378846,-2.147587141810393,-0.9789776069779778,-0.7934850652541304
2023-06-01,155880,160973,9180,3.6,130310000,2.4,6.1,-1,-12.1,-15.4,100.1196,252323.00425835693,747316.7370858893,2141546.1942825997,241802.45540346482,1106975.238443085,33.69,14177.7,158.7,222726,15583.262084021615,687,1420,1721797.3088512397,1447,209486.25787547004,261282.15557529323,139.4,147,304.014,308.322,120.469,119.39,17216.3,58.3137570661332,63.461956233993305,16.606,1760250,250750,131.80566666666667,5.0760000000000005,3.738,0.011094512531134932,-1.5365393339711173,-0.9610704233280423,-0.8966975812537641,-1.3634099837603144,-1.5699040458228934,-2.133594688836783,-2.0090769275961136,0.18346451716587125,0.08134226787419938,-0.7704287828667088,0.002233321201789965,0.20175275312870114,-2.022683192477323,-1.8598088110251334,-0.5366527521411917,-0.682243884500769,-0.6478539634965904,-0.483738142282835,-0.6650396475628424,-1.2447736076969114,-1.1304994567012014,-0.7543673405734473,-1.0994544370202175,-0.36612446474728694,-1.7958602806474766,-0.43128069838752414,-0.5441530839874693,-1.2325590011673369,-1.5402457032806818,-0.4289206971510356,-0.6719912563090554,-0.05871210828378031,-0.5386812509090081,-1.3182213837249253,-0.6073889476303616,-0.6687760402370232,0.25716800992022987,0.41187418444520063,-2.393131813419479,-1.255118946738916,-0.893911332844461,-0.7958484205959115,-0.7642883660588318,-1.11815881027008,-0.9354919366515542,-1.9213435755736497,-1.528139617879997,-1.6320329764577928,-0.8447513448133847,-1.9014131427417433,-2.6823000784472235,-1.2449840088412911,0.23534431801551528,-2.889008307312612,1.0284301189508602,-0.6260260696147102,-0.28829024669657294,-0.34243459841253376,-0.2605377881986591,-0.15455256110198132,-1.2742521298643086,-0.7506739645482614,-2.659915370851857,-1.291897476428472,-1.759796733365277,-3.3621933295675515,-0.2853639168794841,3.6257846213107534,-1.0425348850405032,-0.9930041686594294,-2.6128805406742086,-1.1225065473505846,0.48450510774255073,-0.4341386139361451,-0.17794719607018,-1.2716689763722298,-0.009085978835338019,-2.196840401382361,-0.8455728489274457,-1.5674994878383504,-1.7227271490576253,-1.0546328578083985,-1.6897709275965045,0.169591027468639,-0.651736841742197,-0.285177965548217,-0.5285057311641796,-1.1006748500845072,-0.6269357898514178,-2.509256531445779,0.27632433133211987,0.07092868539554754,-1.6760280719717071,-0.9894564233576822,-2.7619138598055555,-2.4194882650299743,-1.4762030428638013,-0.42040542998057223,-0.7509790339139824,-1.1426358263289653,-0.8298100199727868,1.1159662219370132,-0.19136616309932786,-0.8828686306495004,-0.7867039070215788,-1.708699867002594,-0.39782302673111425,-0.005646193534855107,-1.8721263086557989,-1.7078349280393537,-0.2522682189468351,-0.38575101232686154,-1.075942814375645,0.192978014878062,-1.8151761552529717,-1.5337100235499412,-1.4230981829591172,-0.7813974674065072,-1.2733056465919796,-1.6937155455266457,-1.2460996296297555,1.8353532026416495,0.10602556484991857,-1.0767376135955227,-0.8830953040350387,-0.9740281916367328,-0.9385085463790097,0.8419123713618686,1.2111708552515639,-0.7263407370041037,-1.2127572244770084,1.292271691953156,-0.7865716313057282,-1.293705695267462,-0.24210502605710393,-0.44297724664239435,-0.6110172331097772,-1.247206382690796,-0.5493761586292123,-0.908187815083414,-0.590386452594651,0.04632497979105077,-0.3622471443385645,-0.4803272789575804,-1.023563077089271,-0.31731185884361274,-0.9852391058873925,-0.9925623944106019,-1.2319183578248247,-0.28419703231575805,-0.8544738008415865,-0.45347297265858794,-0.08412817594342338,-0.013881888053469606,-3.489903545599084,-1.3613332232810036,-0.3039841921585873
2023-07-01,156043,161246,8657,3.5,130579000,1.2,-8.6,-6.9,-16.1,-15.6,100.9067,243168.30698052354,744459.2768247284,2126842.398813311,242155.0987919441,1110827.7297337635,33.85,14268,160.5,222720,15657.631812415533,727,1464,1727607.0211513427,1530,212374.07447328928,263825.48276634025,139.4,147.5,304.609,308.96,120.607,119.556,17250.6,63.07262430870513,71.2570157050335,16.321,1777200,235200,129.42548387096775,5.0975,3.9,-0.0639281749254148,-1.1255859143503921,-1.3934630709760158,-0.9133308438803971,-0.5532240656863696,-1.6840355084463314,-1.766102801386141,-1.3196171556278968,1.9001509748577332,-0.4421330360798195,-0.6068758815147345,-0.003889503697553422,0.6125844275538861,-1.9406382519007086,-2.6506562236021916,-0.6909883177715251,-0.43149425241113193,0.2648479666174503,-0.3761688855452064,-0.6519415354803005,-1.0764943090389523,-0.1739308675723513,-0.9145915710738994,-0.6178875259448464,-0.1571324786726661,-1.761273078398312,-0.5211805831663924,-0.6015885703523387,-1.998206998473245,-1.5489012782096065,-0.49397574342734996,-0.6718846549838571,-0.428052434324553,-0.4134411742091692,-1.4701378978139585,-0.32949158041971716,-0.20930746705424935,0.3879058256722581,0.4271937858393122,-1.2701993157161102,-1.3614017274593424,-1.2351357749742131,-0.13463747436876541,-0.701704263206494,-0.7719453421135773,-0.6670317585768405,-1.9817743837786723,-0.9568889090488172,-1.290784525172558,-1.25571598957725,-1.562973796684771,-2.562588976290689,-0.7896867484537448,0.20259367869525474,-1.9798950708749024,1.082854278878,-1.2682596935680321,-0.2449578534143139,-0.45088496379192877,-0.7922342320510047,-0.2991063754376137,-1.216625484558654,-0.8497957751624938,-1.8389820250327245,-1.3715342585890749,-0.809139534167804,-3.7965621281399824,-0.3002063163226064,3.9953704790365503,-0.7475619304027779,-0.6502913906346095,-2.0092359217847644,-0.9830680425964269,0.20700390541060074,-0.35830202662680266,-0.03307271999729064,-1.9080971071434316,0.7195761616086656,-1.5145833714656576,-0.6653548314159087,-2.179560208600591,-2.1733697190711334,-1.0764174753880946,-1.9245704394360656,0.29347939147096824,-0.6985900422569026,-0.23136260001244588,-0.5117649346354496,-0.9817830873610907,-0.658378013119431,-2.4416458945766677,0.03462895850655194,-0.14129406750697174,-0.8961150964979393,-1.8759358960894612,-2.5492277828110326,-2.788983170579039,-0.7403764965094471,-0.05717260822539094,-0.6667302680251888,-1.1464628833942483,-0.07479716664070753,0.3391104175090308,-0.1614942754681297,-0.8240986229570781,-1.0255627938915146,-1.8998839950300774,-0.5813392732345221,-0.001111870554806819,-1.6096668637335656,-1.8210527012538629,-0.0521583725446967,-0.27941271286204683,-1.0809314795622138,0.49569898406303614,-1.6494461416787658,-1.3583094441925052,-0.2692233469610278,-0.8675536103467062,-1.2901212849674382,-0.5560114175602238,-0.7511952532842229,0.034945607089405355,0.4232769453730293,-0.7584848362853549,-0.9639991072857855,-0.5200537028110418,-0.3734485783835387,0.31871555776875643,1.1483519989367927,-0.8810225198744825,-1.4059237633249642,2.2453589471535356,-0.6309802295593476,-1.0451618482154086,-0.3003736273311851,-0.4249733889545936,-1.192587016945003,-1.0877714251750183,-0.6309338803606325,-0.9082022498836247,-0.5604217783731245,0.5022100780521558,-0.33903938876675876,-0.3506687366505839,-0.674746591853965,-0.2871289597823582,-0.8161608839676782,-1.4338939965018562,-1.4026689305698241,-0.3833564536531306,-0.5778913291328167,0.2675087095770546,-0.028508839582108623,-0.01188016585832734,-1.9533405433298898,-0.9348517071297934,0.2916329871939953
2023-08-01,156261,161485,9254,3.7,130695000,1.2,-15.4,1.9,10.5,-8.8,100.8393,239008.0185169877,740705.1335041746,2130404.7000192115,242183.18591386295,1108326.0312474167,33.89,14337.4,160.5,223716,15667.768868314457,645,1321,1742954.451516905,1596,215908.0763825742,263919.1535091345,140.3,149.2,306.082,309.58,120.97,119.689,17275.3,67.2811440853104,70.12177264947795,16.071,1806750,245000,128.5041935483871,5.33,4.165,-0.6945445125593135,-0.4119082387064893,-1.607725929676702,-0.6277201438931428,-0.90143107843722,-2.1437151884114076,-1.7338954141559446,-1.442164090353943,2.039380574097174,-0.7306249588397294,-0.8861342718197963,-0.643670265140654,-0.010902943008401006,-1.8534927322412509,-2.499962627314857,-0.9243333952473276,-1.2006229212921815,-0.3627216876001482,-0.39684931165667114,-0.5794260132136935,-1.2299567075162248,-0.477334939381401,-1.3114454302271499,-0.8862254754341018,-0.2402388063144114,-1.7148567734910158,-0.5666817481329108,-0.6833360095513833,-1.8887711327778811,-2.0090452177183202,-0.4737882567003249,-0.5828918218607704,-0.7335532662438297,-0.6348713247188099,-1.5330188892019545,0.25845748701967447,-0.29882067998164813,0.6119441343145504,0.16975195612116298,-0.7608192647958041,-1.3852630503243133,-1.453224861235579,-0.8525292798748868,-0.9757202053556919,-1.4077689120016634,-1.2490245666711048,-2.6516272789556887,-1.627041269408447,-1.602755887904396,-2.1490874893678673,-1.6310639361514714,-2.2813930226964976,-0.7160352468585153,-0.03639323335132527,-2.0319873740338346,0.5211539010163286,-0.8635710255523467,-0.4369515953871869,-0.7325689646588132,-0.8378996846466573,-0.4852204416946908,-2.213427146246564,-1.103371097900656,-2.7854121137633197,-1.3789772045664144,-1.8444774066643779,-3.829591314832843,0.06455086993673094,3.0049663284736234,-1.129455942291204,-1.6159182047908784,-1.9461911212307856,-1.4808682422777408,-0.6857637460258271,-0.4346984173612832,-0.1580137754833522,-1.2301749799514126,0.7665456592676755,-2.0455054933332506,-0.8609936569634536,-1.528737736719408,-2.2820409866605647,-1.8051949115894375,-2.316221047570894,-0.13992868217603296,-0.6327449948135926,-0.3495328934077984,-0.8899817291323827,-1.100680576588972,-0.9314544202604574,-2.5764906669272336,-0.6025155545586355,0.4076750979977087,-0.8655009571863128,-2.4588035090001825,-2.026093473159825,-2.868288179750775,-1.0590697548911026,-0.37056109848993757,-0.782664613222455,-1.0993294587716256,-1.5457646821323725,-0.43005341930728386,-0.4808821997485673,-1.0973870075640921,-1.2372098651521641,-2.2956048681763774,-0.37452429467336074,-0.0035694060985515374,-2.1637716439125185,-1.4003973960925877,-0.17377037131336026,-0.39283176404763803,-0.9951936885684911,0.4295923611585426,-1.9725324114765421,-1.4743523725930319,-0.13264994098253283,-1.0094210855663837,-1.9523940756171718,-0.8898575361396114,-1.0414429971736592,-0.6547905887944854,-0.21406016294610722,-0.8180084384329416,-1.203851071018997,-0.22713499022362393,-0.605570280836051,-0.7954607753409694,1.6780011319699992,-0.9793411089662452,-1.6702233917550355,2.3106639879025477,-0.46677151941228573,-1.4428872561773276,-0.5533079930311209,-0.37770579672967647,-1.7994833905177656,-1.2100505850823335,-0.37839537136763873,-1.6942350396696013,-0.8658058594399155,0.37017590311348436,-0.4206153619187604,-0.5219490095533093,-0.4885522703277942,-0.2998188581803544,-1.0286401651653836,-1.8314288513647172,-1.204270089872724,-0.4186212794068655,-0.6302992367061396,0.17772839399163165,-0.10853469601390435,-0.013118870497124128,-1.1172317772891975,-1.1955616396035509,-0.5117344391804622
2023-09-01,156417,161451,9259,3.7,130732000,1.2,-5.3,2.1,-15.2,-13.9,101.0211,245619.71355389192,738904.1253840008,2134608.398195832,240287.7638590336,1113586.8356682232,34.01,14398,160.5,224360,15687.90716444708,682,1369,1743694.1500094715,1530,217426.43243643912,266098.3865787068,141,150,307.276,310.539,121.419,120.058,17282.2,73.654040965582,68.30475876058904,16.209,1800200,218600,127.03866666666667,5.33,4.336,-0.5689054502446357,0.33474847689464776,-1.0064297284321475,-0.36598249279838135,-1.1528769606224338,-2.487703118118946,-1.7101222249922707,-1.4085254213766731,0.5371229983482286,-0.8336016900516822,-0.8726784056275884,-0.32048753865033297,-0.2711612000284347,-1.3388863004665683,-0.9557241840026762,-0.7128914398446313,-1.274436076737563,-0.23323721564459915,-0.2971939211337798,-0.5398730954219844,-1.62599134266326,-0.16820792078741006,-1.5151460148406113,-1.6264742579982199,1.4422047121227168,-0.98962333522014,-0.46544941341364504,-0.34060731470627553,-1.0042902044687836,-1.5343825768317707,-0.24381988322481474,-0.8745199009060854,-0.8273533472730004,-0.7942409475810519,-1.2365932443764522,-0.01625107510374995,-1.074810705602513,0.20332629063517252,-0.34679883739487627,-0.592446524705147,-0.9356384795901429,-1.2647864933897863,-0.955283102493789,-0.6407749653300919,-1.8183175415697894,-1.447188986073506,-2.375450358747221,-1.0324229346384408,-1.1908470294514546,-0.9692857209696791,-1.2591012353321347,-1.362315880467895,-0.9973018071029658,0.3422414540125362,-1.6917302375530094,0.2665198234839724,-0.8752728880162588,-0.257365319312245,-0.2881055329391902,-0.5051775428756662,-0.5241654900819231,-1.5019170448504573,-0.8385598248999077,-2.7938958445724746,-1.2829991629242674,-1.9849203654873122,-3.1923342390619487,0.7583851043940685,3.1263860526913705,-0.7669153312787498,-1.3680193966537635,-1.4137520314540106,-1.1088956338953386,-0.7646716872515519,-0.5074680511727196,-0.15850484030031173,-1.7194208982385526,-0.08848277061747634,-1.5008144706888036,-0.6786265318985425,-0.9200952437827403,-2.3884060583705193,-1.5352173369285045,-2.0757104918843248,-1.091622309794827,-0.5532939052986297,0.09635588213657235,-0.6852170072247192,-0.8155757484556254,-0.8919356268398397,-2.4215550219958715,-0.8890501512161997,0.12705377179668426,-0.7673997957966238,-1.9918311506385318,-2.363744075744711,-2.803445004069586,-1.282232414415824,-0.4959294477000549,-1.027869549971627,-0.902812539289377,2.706324484402331,-0.5627435267998486,-0.9277446123020007,-0.80128711951265,-0.8285130691634042,-1.5781974675030048,-0.3577291126921859,-0.0010900308821310677,-2.0207655366314388,-0.9659003619880436,-0.04421183716440672,-0.3675068920015917,-0.6096758974149427,0.41988708859971074,-1.4503501677955386,-1.0964801336127838,-0.4023901370445858,-0.991565347042479,-2.2308454891039395,-1.0782726591777045,-0.8454053058617134,-0.6995948021192291,-0.8383711800572827,-0.881593197998317,-1.3805882476612943,-0.036124060922864736,-0.3567993499216158,0.8185576184057662,1.4110889170359167,-1.7026396580306788,-1.1935401881777061,1.583051724750617,-0.6415900778615679,-1.7382683360076823,-0.5096637606899388,-0.18775901863887132,-1.2727256193796024,-0.6969318328981674,-0.26884088045771815,-1.5801548927266411,-0.5046189011547162,-0.47722401692306926,-0.2855026147409747,-0.5658649770851664,-0.4419369308866026,-0.3168052709572835,-1.383702575943639,-1.7519004406173455,-0.5160241422756169,-0.6765273298588864,-0.8493342388096163,-0.06565081899419158,-0.2693371660244331,-0.010182882147488989,-0.6122867767057851,-1.3058635147680207,-0.45994481923525155
2023-10-01,156576,161198,8580,3.9,130703000,1.2,-6.5,-6.4,-14.6,-25.4,100.4689,235402.19288136708,734947.8120575548,2131283.907213074,237943.26824931678,1114448.8163050278,34.08,14438.8,162.1,222995,15729.97267129828,689,1380,1761214.6455500314,1524,216864.77231569588,269676.665239867,140.1,148.6,307.696,311.457,121.484,120.241,17341.3,70.49487998419546,65.22168584392237,15.738,1810250,210250,124.93612903225807,5.33,4.7825,-0.4000687834116597,0.34780278141239357,-0.6914241373517421,-0.324960920496062,-1.503088193989311,-2.74705020674179,-1.4786274676970317,-1.8702249075295718,0.35439695545504135,-0.9650112094637351,-1.0641593021323554,0.11005193663338483,-0.202386058038881,-1.702887216264611,-0.2950267246352571,0.1576553162256919,-1.0277972937885156,-0.10674932987297424,-0.2421203694226156,-1.0320315209054627,-1.3464231932840902,-1.064957435490933,-1.1266237230710001,-1.9257840468760934,1.607237016997324,-0.4342036082222057,-0.7991165258957192,-0.43465456433883115,-0.7652063226059594,-1.3524951521944943,-0.19828935636160885,-1.1528052295772933,-0.5535343115716953,-0.7266095349956877,-1.3152313704737157,-0.027628857818275794,-0.9243068823139566,-0.2309755428692797,-0.7263994173848246,-0.34805533275476136,-1.0375104581784285,-1.3791532798944437,-1.0940507935576922,-0.8001470730295422,-1.9076083599001388,-1.173556246461548,-2.0303141907814064,-1.0241466252890083,-1.7230297200946965,-1.3400903287282213,-1.3863690871673089,-1.7000197207830605,-1.0752419047334483,-0.3610061653593031,-1.7385991137409762,0.07274651810521313,-0.801631813384226,-0.08554723389665995,-0.6720906088603901,-0.8377366041218954,-1.151877721170576,-1.270448986960676,-0.562999971821402,-2.6703244721486734,-1.3723972104061861,-1.5898242634478805,-2.965629686142509,0.8035390344672482,2.961107191215572,-0.5213116884521414,-0.8837250278435905,-1.6927025158826352,-1.1497794426716779,-0.8264420200592252,-0.36753558119433255,-0.04591079256633385,-1.6079663593132056,-0.21189559039515962,-0.9260498566850249,-0.5702035309709788,-1.7153426580640707,-2.263842830057994,-1.899422806880319,-1.8224841012900808,-1.0369193191255583,-1.2525190102911206,0.12773560726745214,-1.0374274286463594,-0.6062413874257797,-1.1620712589213198,-2.9021074519738694,-0.8743006432752108,-1.3259849457903001,-0.7904765675937427,-2.1413253052126406,-2.615667407843056,-2.712772573648835,-2.069066356336349,-1.350800075058499,-0.8457631068683092,-1.226633796584244,-0.29464879523069126,-0.42063029844709837,-0.9656913554013753,-0.7489863397528641,-0.6646800485363876,-1.5997406590474295,-0.5322215005005021,-0.006876224491162999,-1.9110408978913194,-0.6463664045306444,-0.025290564659481346,-0.36458047335674726,-0.5895716932669476,-7.61665435264014e-4,-1.6044445965118102,-0.7870886572359664,-0.7322249839190622,-1.0132280116770198,-1.6938210742108104,-0.9628740075520038,-0.7246044378541455,-1.0356973979646724,-0.3361929901036095,-1.0109703382538902,-1.0007004384561722,0.12963979349418378,-0.16121497533877174,0.1996496252001351,1.5620453482941596,-1.7356285440969428,-1.029409750213044,0.7467011838454318,-0.6694631669227652,-1.5317478074455946,-0.3604496994469316,-0.3389118105064267,-0.49095488352373595,-1.1600391301051531,-0.4806864227086973,-1.477095938188394,-0.6403163398727804,-0.8236548410674841,-0.28919802147083484,-0.7669308814882017,-0.5804954865044516,-0.26663308531134544,-1.394398402619986,-4.9294179706599355,0.4490268214236512,-0.8973506966032186,-1.0784877949032445,-0.17003803841063336,-0.39708337783028974,-0.010268534476637505,-0.5130470273514616,-1.9598990998035213,-0.2913757191768424
2023-11-01,156703,161863,8602,3.7,130808000,1.2,-6.5,-6.1,-3.9,-8.1,100.8639,245750.78399578578,732871.8526993325,2126342.5534848897,239669.7752133868,1124476.3072769626,34.17,14515.8,162.1,222402,15786.012362852181,607,1522,1786378.639098549,1513,212259.96559472565,265153.5479410336,139.4,147.5,308.148,312.392,121.493,120.374,17427.1,63.946070967051604,62.65267542725571,15.782,1801000,218000,123.25533333333334,5.33,4.5675,-0.23936312549564975,1.1394868905335582,-0.7299401987921158,0.8149432921121567,-1.5504942503291095,-1.4014828679593725,-1.2220676773857435,-1.5551597073244683,0.06283272654300416,-1.6737236766536467,-1.0519268301599645,0.16266263003597642,-0.10293793814661259,-1.653688581687044,0.08912745291513083,-0.10520374839054492,-0.9914625528096496,0.06563401975198478,-0.11672794163738236,-1.084153640934505,-0.9057411935984531,-0.6074160508584965,-0.88684091039252,-1.74817021711577,0.8221309607978052,-0.012878686189861106,0.3640095283635641,-0.1858243026291195,-0.28642447489171535,-1.3574811923721886,-0.11260640874072954,-0.763753565308438,-0.9496415813898579,-0.4952987021011424,-1.2552760727895278,-0.10726438576446969,-0.6450313111783158,-0.745625603806851,-0.6572218677316405,-0.09830967919944737,-0.900819545374171,-1.000468522975069,-0.6508542487336831,-0.6683754913094279,-1.498383583876013,-1.125823812267596,-1.986881653900496,-0.8696410880533019,-1.0225516011379865,-1.1632031425969844,-1.2706567792310448,-1.3393572392311464,-0.7233893431222809,-0.6151319394123217,-1.2760686930928122,0.44038531558095767,-0.4274935383987028,-0.5755381258135792,-0.5503752825977601,-0.7597601981840985,-1.1858045734760039,-1.6774287662412366,-0.4684641691989399,-2.018024147540445,-1.151094483783856,-1.5245692320406765,-2.5031157594898135,0.8074162559483806,2.273515655762411,-0.5247000313507804,-0.7926691571336262,-1.3263996804344638,-1.6180973073161398,-0.295918502420343,-0.34095951093681504,-0.030483710045711484,-2.1196435008229537,-0.25378546840537886,-0.38882490421336346,-0.19729996119960175,-1.5873598221767125,-1.2450265534459344,-1.4346134630783849,-1.9604830499457966,-0.9607389251217954,-0.8583112194767979,-0.29901440201657375,-0.7540517139319235,-0.6893333981909995,-0.8562525506375952,-2.7880016828187446,0.20986307550324557,-0.9055424711369309,-0.5276584201835485,-1.6638787836726014,-2.578144638296675,-2.5913377216070055,-1.7237480484162426,-0.8018419839744114,-0.5162160150946354,-0.465321328069866,-0.25468011701864807,0.014010378928967214,-0.8045512924766042,-0.5670889695936743,-0.5850859320465484,-1.180181515223642,-0.032516503780434046,-0.0029589470828911223,-1.4898909863327803,-0.6231753962698423,-0.027867093306411878,-0.13492937325217955,-0.4915947639282403,0.27481650286974296,-1.697948641432059,-0.25559363571369453,-0.7065589058028154,-0.7802130030159319,-0.9586486425340112,-1.242216109827443,-0.594857899143321,-0.8890144487598385,-0.47337375141177634,-0.8246033590919255,0.48439793230861056,-0.014742800088175441,-0.35037020970091975,0.29413282863643053,0.711289402361446,-1.0527161095792903,-0.6938658200044832,-0.1840843527363303,-0.698756968472215,-1.6082478539696683,-0.2581473981331595,-0.47598019648783635,-0.24381315719755414,-1.1180871654225306,-0.5575559464526139,-1.3537798885550905,-0.6057867197649801,-0.4948217029844288,-0.26779410101827467,-1.0762427564601345,-0.5045906041722557,-0.28915620073600157,-1.3845112144689675,-2.8691695421774748,-0.10414246317727081,-0.8150139514774194,-0.8869346526772478,-0.20922191395544207,-0.8974209471379465,-0.010625458350921997,-0.09214153008256401,-1.7390279558484787,0.05143385470378552
2023-12-01,156857,161058,8520,3.8,131090000,1.2,-13.6,-15.6,-7.2,-21.4,100.6031,250143.0215354266,736412.9541344731,2119037.197989499,239201.8740752918,1137819.3325661682,34.29,14588.2,162.1,222282,15850.320565510438,634,1504,1787642.6105540032,1501,215951.01101430214,266323.3601841197,138.4,146.5,308.741,313.195,121.66,120.592,17481.7,59.09912871938189,69.9868768161446,16.321,1796400,207800,121.27741935483871,5.33,4.066,-0.6945979510560918,1.9393230587879688,-0.26992141531301644,1.9790298849481538,-0.9367421509915056,-0.7355728525637425,-0.5566162391690833,-0.9495827122389395,-0.35809452622801685,-2.766710876778859,-1.1365043278032563,-0.6641650078004744,-0.4205598815744002,-0.9834766853760897,0.5931845722732357,-0.3071051715263432,-0.5315065230040212,0.4048562061776551,-0.7257881404553952,-0.7203768585310073,-0.4999164278562679,-0.35603647822697804,-1.2488423842744263,-0.9394212136116694,0.2017937479997323,-0.201270369333769,0.8582686084468908,-0.2653230766231366,0.259799203691945,-1.217494872202541,-0.2915805716507568,-0.5247288288053777,-0.786188704622774,-1.0128268419342188,-0.9961076600845896,0.0982002094495577,-0.8330649388148024,0.023774660500284043,-0.6945773189453991,0.09422592376924939,-0.8786026425043674,-1.092375283693418,-1.0171532353707806,-0.7234510931509872,-1.3063388091519563,-1.0939138145604128,-2.115389564881574,-0.7522165999729922,-0.9976864222104916,-2.9855839084834277,-1.250680424486029,-0.9152873009449374,-0.9568123712227561,-0.2898464059839724,-1.5314049388363884,0.781974609874474,-0.5712135726522655,-1.3100804816145555,0.5207134400974042,-0.7031556764172626,-1.3313590836258653,-1.2673871250309043,-0.27994273405258924,-1.7035976460322404,-1.480712137913436,-1.115200058132702,-1.887328819538781,0.5455300708783771,1.587917451436652,-0.7645809906140758,-0.7590775326219571,-1.4232969926079426,-1.5613393658390387,-0.43174849403160315,-0.22070617346869978,-0.02069269108229552,2.6429802482158133,0.017099275322283072,-0.2893408737893754,0.14609812252077173,-1.1005767842703464,-0.4818744552194492,-1.1715820717165055,-1.8307719800913542,-0.13744883865428797,-1.228968286992584,-1.0555189077008913,-0.5721957492306352,-0.7572645220905054,-0.4860594170036456,-2.30820050674351,-0.23967898739362917,-0.45285858894833964,0.22333575818752052,-1.5197097083054993,-1.8863994600069376,-1.6189350144849244,-1.2527193731354536,-0.533250374204041,-0.5081413056549657,-0.13745722915901976,-0.023246844324415677,0.2689669495279074,-0.09078608707926282,-0.4116991741768034,-0.5343981840500874,-0.3488563329298636,0.4031385053030281,-0.0030842474408935222,-1.4032068497850605,-0.8615720351762224,-0.2565789139270219,-0.49785873682510473,-0.2989869937237735,0.21317544809995703,-1.76600436825001,-0.26358970170732693,-1.211177636880113,-0.5208392936035398,-1.1279087174769697,-1.4897068422008672,-0.47422865021277627,-0.7967229874484923,0.5979940987523621,-0.18386105896538077,2.3577297317073223,0.002989319500875852,-0.3555048020140089,0.7348743328275013,0.35133173679696106,-0.6312642054256569,-0.7205292054507247,-0.3123936188924132,-0.48649225136537133,-0.898223950314602,-0.14265448915967763,-0.433451056173017,-0.5286679841124774,-0.6956454678362601,-0.19335912199154584,-1.5043351139289136,-0.6914261270684486,-0.45164565313681027,-0.251309070359314,-0.299139069032397,-0.647652577883377,-0.26896784931894024,-1.3680358624301838,-0.8368229589373841,-0.5763922170481073,-0.3630948730877856,-0.9625040395970033,-0.5547618230635933,-1.5933689708921424,-0.01655535337525063,0.05009716283733826,-1.5215644954548522,0.4046137556557921
2024-01-01,157032,161133,8378,3.7,131330000,5.5,-29.7,-8.4,-14.7,-27.2,99.2223,229578.6631759797,727674.8752352123,2113342.0415429487,236466.4975865172,1129546.75611552,34.47,14637,163.9,219716,15792.604107011372,683,1378,1793040.1701709891,1548,214034.19782377486,266333.1424363904,139.4,147.5,309.698,314.319,122.23,121.217,17575.4,60.66432136136791,77.18887334392238,15.558,1777250,211500,119.37774193548387,5.33,4.06,-0.39782423455878435,1.3399561809667435,-0.34786276382666553,0.7107712185385852,-1.215337200904623,-0.855199113635063,-1.4418198107907272,-1.7260906478011373,-0.4600376534635903,0.14759580413803727,-1.0286867290790447,-0.30674792434340686,0.3458715028684447,0.44835566570799873,0.2539604167702696,-0.29449609615820355,-0.3175348549363734,0.12559132990944835,-0.546240563657641,-0.27712880823470354,-0.40319311617796344,-0.8273271901398984,-1.2454582775047445,-0.7085275156612463,-0.3561251308624636,-0.27995474223912326,-0.6624180587912454,-0.15262057777431967,0.027877376247736632,-0.9705220931773954,-0.10907416540781183,-0.24718262009309183,-0.9877791363541163,-0.5184687243611622,-0.9858299943354591,-0.21916039999331888,-0.8320429923167424,0.38776026793259893,-0.48278490096970067,0.05888867670767768,-1.2311012372364252,-1.0756954375277044,-0.018992053730845993,-0.5036511529816686,-1.2720793350161703,-1.5353693803022928,-2.5561144817323602,-0.923479413670473,-1.4658603587090857,-3.355252334414465,-1.0449130883673474,-0.7836493108592046,-0.9817039418914021,0.42583276067014614,-1.0674959774379318,1.111657735186179,-0.5357574989787782,-0.9962132284736089,-0.1346214787743115,-1.4763626490566968,-0.10834874497499299,-1.1612260036863962,0.033505074071111286,-1.7219726690868915,-1.0548849309931394,-0.2270750625247335,-1.939583870622177,0.3723003830443521,-0.03494779884347492,-1.1852095070258193,-1.4609412012654417,-1.7826861371964355,-2.3944218611789156,-0.40213748606346217,-0.1416829400585277,-0.07395906285883767,0.21532858774685962,-0.010937761395546378,-0.5334191972956508,-0.17406338562470344,-0.8622188853197577,-1.3313833391126795,-0.9912833326103194,-0.5550390050771918,-0.20844641302341246,-0.8731003134978866,-1.1200307380155194,-0.40974117864964266,-0.6354571415937076,-0.7284216779196759,-2.855355514281299,-1.1064318792422883,-0.41444995195872397,0.18585104555858173,-1.0923336609931193,-1.3104554479103787,-1.3232031004832103,-0.35116078537372264,-0.11831773090338833,-0.8260396995051367,-0.01592198729400734,0.05089477426694606,-0.10062778744065949,0.312523227731661,-0.4396235617050632,-0.6823238398056464,-0.7646279910624767,-0.3271098960654959,-0.003378137462474851,-1.534241049025057,-0.7024424941520035,-0.10109934244789923,-0.2501307578222525,-0.9298070311863165,0.07430458530611908,-1.3801628695130472,0.8461532617202733,-0.7538825713436542,-0.7210052806193102,-1.0401041266907933,-0.6065627738149205,-0.2996224904685061,-0.19117334877304784,1.424568806372445,0.031206451389073263,-0.5253457514279413,0.1871860732296563,-0.8031734575723024,0.4044084058135833,-0.300273274049762,-0.7360550012228331,-0.8973058560757127,-0.5270533600774752,-0.5832769678986881,-0.4738895485390528,-0.08108676138892341,-0.30004115731748515,-0.660389822514236,-0.7625506891754985,0.05034100488275751,-1.5052867572765705,-0.6271254486979138,-0.17132819266054405,-0.24539835176055264,0.0498535083491981,-0.5097211472167539,-0.11938476275445986,-0.36954999082831674,-0.7215475395197017,-0.5142319160781365,-0.6108928045677351,-0.7029844918672346,-0.31643054615951594,-0.3439281874388229,-0.013569157628481618,0.06870783392254176,-1.070794196243663,0.3556691075896638
2024-02-01,157238,161083,8440,3.9,131223000,5.5,-7.2,-3.2,-1,-21,100.285,230528.23047684302,728159.5132057619,2117217.1091759056,236180.03556338605,1124484.9018744188,34.52,14749.2,163.9,220371,15862.004274131716,653,1555,1811550.759392486,1570,218993.7845641854,270587.6115434183,139.7,148.6,310.967,315.564,122.598,121.537,17596.2,63.01081583712622,76.19050233328409,16.255,1793500,210000,118.20586206896552,5.33,4.175,0.05183101015537568,3.5294739278466305,0.5452805047198354,0.7906568121127427,-1.487272430548187,0.2445071611385342,-1.152340299636321,-1.1508662705267139,0.07652373177464912,4.434598199735723,-0.7829860622399784,-0.08001495039624244,0.34814583305272284,-0.2316821828832213,0.4408564803406327,2.143668599549572,0.9626710879625996,0.1034304927818818,-0.13752607684896676,0.020936273261453985,0.08024049453946842,0.5352992984469048,0.0847833590868507,0.11306676180793956,-0.39811158522571255,0.5545439355142385,0.2821986760624454,0.7397915067988377,0.11582417584324296,-0.2726718076607639,0.12296320499944785,0.12129741359505003,-0.3984357342976323,-0.3372628997036361,0.24246816727173556,-0.09987447985070441,-0.7471869377977833,0.19900548329953618,-0.040029818768154375,0.5620415661892394,-0.8607937680272537,-0.2541899076264836,0.7627286951130057,-0.1358013949348671,-0.5170074067703587,-0.562299270494669,-0.515446219964723,-0.10974044452285982,-0.08913523068758154,-2.7598509576437777,-0.569134478207572,1.3314278377359021,-0.02647896176945432,0.5067461758285975,-0.24144048826707515,1.1527378779395276,0.3227019889388694,-0.18811936123837242,0.11005048455141503,-0.012182381630294135,0.4089234181049319,-1.2844565870788598,0.32720913605847013,-0.47368480904859234,-0.5425284072197172,-0.45439848089784246,-1.5011628704137245,1.3613046713420365,0.641993719738851,-0.12746400480550754,0.11708680452386602,-1.0822761649678545,-0.7971381898795572,0.6496260828149026,0.09421436444685292,0.10577221607758916,-0.47385548074674577,-0.023523336180666796,0.44133099471587134,-0.02714769167289869,0.5958932100478586,-0.43212970375367526,-0.5580117136040044,0.10624508617865716,0.287050061823843,-0.3527452316701005,-0.37131809234575763,0.04798784612194194,0.15860828546640104,-0.5815720542659231,-0.5236706477724672,-0.032954265452051844,-0.21195977491397294,-0.004579033906404928,0.17320528569650367,-0.8641505998887241,-0.5538253112122276,-0.4733821121386861,-1.0254977055815493,-0.6145290981809309,0.25634946592902313,0.07166203130418157,0.13068800389956908,0.5719491963635293,-0.30301108229747375,-0.375411638822878,-0.18241791700040666,-0.7988818957755532,-0.0030999287247040893,-0.4088115907704271,0.2619556635760493,0.027187249924629207,0.06739391974004647,-0.6402138378725929,0.2464909267879456,-0.0868898170665165,1.2368709797709674,0.004559511625943965,0.3536591014263791,-0.38698628911691757,0.020831034694391688,0.11121945706106147,0.4868446800989195,2.5353103374199244,1.02541852154593,1.0102226650372066,0.5375294868247313,0.32113446581804433,0.07096776585909191,-0.3805140399102085,0.2700964418095904,0.0915669241460686,0.1571276109193284,-0.1418941560376201,-0.3059031840290065,0.12177388814809555,-0.20421490006082843,0.1590493364360302,0.06399191805562696,0.9615563280637343,-0.6770814626655743,-0.13423427682311578,-0.5490763483340124,-0.07404275014800049,1.1367721148234324,-0.2021622893869815,-0.0021286943238792828,0.02135129297075614,-0.3263725746168059,0.08159854167140845,-0.40652337074643885,-0.4308533642015901,0.0017950108425389053,-0.13715236284411805,-0.009956589900322197,-0.35258009190203893,-0.05228588157102203,0.5447094484416395
2024-03-01,157466,161462,8206,3.9,131120000,5.5,-4.7,-1,1.8,-14.5,100.4575,233605.06510183847,721677.042864806,2108764.237772975,235189.9413189421,1122744.1928509893,34.65,14832.8,163.9,220154,15915.245696451504,681,1297,1799535.9157333507,1477,215773.98852387068,266103.967879842,140.5,148.8,312.345,316.792,123.038,122.009,17617,66.06089175701815,78.98846332619189,16.21,1799000,215200,118.57612903225807,5.33,4.22,0.14268564611763826,3.8905700756700874,0.8054558670929043,0.8118250625034419,-1.3801750735754044,-0.038110983764270946,-0.24706954903447687,-1.0428038532936035,0.5362322898661069,0.45803047938796365,-0.7783003454679426,0.2693948039317602,0.4297701696244066,0.3532321987325874,0.5117755156006698,1.4758216411822247,1.7950455762509765,0.1849840669224336,-0.1785501482402323,-0.2623794855007972,0.280165453582787,1.9634413706156322,-0.09363456139011622,0.06942711455323054,-0.19540111867026969,0.3593769574663495,0.21826636567694357,0.488890295609553,-0.09950775566528512,-0.7012007209170517,0.17428911493808405,0.4580862654970163,-0.27211758459132906,-0.22263148089193788,0.22028515303398594,-1.3996931672195845,-0.3295247894098981,0.7247972791496734,-0.029034484267835826,0.19147392900711008,-0.9441262960180102,-0.3042861797591833,0.18964941341481384,0.07237099683193673,-0.11461259816856957,-0.2240197395938691,-0.16343027852805414,0.03944736538111669,-0.45167302964986367,-1.7375842422891912,-0.5357222371154452,0.9407284019683121,1.0282391132191229,0.08909503530108395,-0.3842756130284027,0.6109246394199219,0.6726433140352055,-0.17497656919591686,1.213135075175187,-0.17164557508834555,0.4864353772556915,-1.208280515390827,0.4029918852910891,-0.23553677274830542,-0.5734680383117569,-0.19478950726200073,-1.425406282406437,0.9207635919635171,0.16078440256966411,-1.0059342808621816,0.27779422065409154,-0.694837019732633,-0.3779246900733031,0.48690903703635896,0.2793461038863933,-0.010682267074896203,-0.35583586580829424,-0.0743515462238689,0.3636762640932839,-0.48918112285469656,0.587680855772906,-0.39141571925263824,-0.7005858711887745,-0.3139551190363028,-0.14745903649902323,-0.17871247669559748,-0.26607067963315656,-0.2642157001230184,-0.019586013072690422,-0.4029248453661144,-0.7317582916518356,-0.4528198342546164,0.13649371105952146,0.04771055026252235,0.33749169923531885,-0.5390133078541961,-0.8078328876382354,0.2715680175650993,-0.8027235624557048,-0.9349788990504727,0.2640851226128253,0.6092337311462201,0.5618556230360612,0.554732065612572,-0.5426969740711951,-0.8492228405320289,-0.1906494445263452,-0.3960770365591216,0.004643635871161113,-0.5034157111830435,0.5266561665942037,0.07698006551836593,0.14508722464803991,-0.4714707165133264,0.5983676654511885,0.5545598016891522,1.6996658771787043,0.5395436469568637,0.44964610472511635,-0.0013654534715739541,-0.1231371251655948,0.030729966266134657,0.3849996142005654,2.435160213402682,1.5115661427332965,1.2106524195338282,0.11604935810587429,0.31727427439389927,0.4699448225506657,-1.1986957725725245,-0.19125539651166054,0.11452823553629837,0.27784507338215503,0.1384592828818938,-0.2486991746397369,0.2192322283030631,-0.05784973631722527,1.755409951565429,0.2653265548158236,1.3072714053389882,-0.4910286372771589,-0.06426566983965946,-0.6098048448002895,-0.046858310850350304,0.9307812328186381,0.01986235008318732,-0.013731056720930463,0.13815632536907632,-0.094160889971303,-0.06184141556381672,0.03393548888898943,-0.19581393884910797,-0.023548706940219644,0.0924601985971603,-0.0061963880747901625,-0.8623052399574781,0.18137780242111645,0.5484625382608621
2024-04-01,157530,161438,7529,3.9,131164000,1.1,-19.7,-7.9,17.6,-7.8,100.2434,232665.53700715903,719963.3536293689,2108828.9531735103,237565.77293843898,1118907.743572697,34.76,14874.9,165.4,219665,15944.171038016557,706,1379,1800446.7289871173,1456,216961.1078230272,274419.69823497464,141.7,149.8,313.023,317.649,123.341,122.304,17638.6,69.19840118046716,76.95814417725572,16.458,1783750,210250,118.51366666666667,5.33,4.5275,0.1626711909450435,4.4982398362905975,1.147740202629763,-0.25509444234001916,-1.6346920310134805,-0.21283674392903512,0.021071045746563898,-1.1769148517285113,-0.23974755180796292,1.1173393461612362,-0.3015720464303224,0.2780370337777433,0.26292977583899974,0.3619336853007503,-0.05620916379410055,0.45253599206689293,1.5646436388836087,-0.18581203534092328,-0.1922305008036283,-0.5832442475134386,0.19415300328500665,2.2914364503208673,-0.27595778977960916,-0.2814723476494736,-0.06494007862976159,-0.713943560970841,0.2493414614386993,-0.23006597209460433,-0.4026160030469622,-0.8028539514824717,0.0978774950930944,0.9594276601872783,-0.39320516678045275,-0.2518428474466522,0.6112767273388754,-0.8693698922774087,-0.3222481962334296,0.34479779236300967,0.020649476140427624,-0.005727819944255666,-0.7379835251688543,-0.4018905099964317,0.53435619936843,-0.08503678412162846,-0.2977188775021165,-0.38658540772448063,-0.27464638448942486,0.920350426466697,-0.5524588996406752,-1.4228657572637518,-0.7499938094163685,1.6821052087259027,0.5071126227582151,1.013812134244397,-0.536766679862346,0.908145193095996,0.24396472409917544,-0.15288731576544848,0.9447569783176687,0.05235953510314152,0.7663634460000236,-1.6686420129767792,0.01170384561653832,-0.5829181570369139,-0.545108033352493,0.01020368601695158,-1.2630314328713648,0.8800283500617193,-0.3803104849035963,-0.9225582655032287,-0.19652036815835744,-0.9182330895106864,-0.15659617579683027,-0.392720994858556,0.15784961894534308,-0.06408011910498108,0.012826796477753803,-0.08687851211376928,-0.7817888539008497,-0.667827232934691,1.1056857447821684,-0.17421063629945124,-1.5324562401885438,-0.34833031163737593,-0.3906247074372509,-0.19958251896709017,-0.3527360180758089,-0.6530876330222284,-0.2362060997023672,-0.6453242777705186,-0.976045692363491,-0.13241987687606424,-0.1111609445747489,-0.12239690638411348,0.4804039115589598,-0.37592299324781475,-1.77769055548453,0.8164110916958178,0.31583040523107503,-0.9320566985697765,0.08250545893604222,0.5005772487836619,0.21218209130539326,0.8876497066096082,-0.91456216247844,-1.3866167554032685,-0.8536809282422071,-0.9297794805210958,-8.25183620246616e-4,-0.08052261035904233,0.00449694349778204,0.1023545697937518,-0.056057830989125965,-1.026930622647902,0.9509357277874876,-0.25725620399302185,1.0188393113482108,0.3702148734488217,0.09690202209054753,-0.5606300693350691,-0.0611329650194778,-0.17167762889093113,0.48879632726746264,1.8790993028261818,0.4984013042431468,0.9585375392373718,-0.03060767028225123,0.07784055456769148,1.3818416859281895,-0.573715342008732,-0.4202903565668669,-0.1646995446480495,0.1986429263644187,-0.4586167275271528,-1.1157652564239435,0.018049886692302616,-0.23137178793159086,1.9285620833379458,0.15646293220264884,1.1102199255196255,-0.5634870709321959,-0.0864262944210001,-0.2874725028493639,-0.14926935704255528,1.2518296896147587,-0.1537921153917382,-0.017001966341235516,-0.5746239362658033,-0.6779808432240582,-0.2605740883342334,0.4941938935561806,-0.18653214227706622,0.20734149456218653,0.12498679451570299,-0.00925060068381328,-0.7025938979473999,0.21799371699017117,0.24115093790992276
2024-05-01,157608,161180,7782,3.9,131365000,1.1,-7,-9.1,7.5,-0.1,100.863,232536.40107662874,724057.1391510199,2118079.2070774236,236274.60518208647,1118952.881278983,34.89,14962,165.4,221210,16018.095145442163,670,1329,1810199.5978856569,1405,216024.5808606544,273016.9925738561,141.5,148.8,313.175,318.095,123.348,122.383,17713.3,64.87336641048091,68.96727538292947,16.361,1798750,222000,115.85483870967742,5.33,4.5,0.40894845047472067,4.050868034784097,1.4691725074523652,-0.02037701671592729,-1.039886216301782,-0.3675625769329023,-0.6145479545124519,-1.3563383221486125,-0.3067466332545237,1.6883300282860771,-0.6579989919793201,0.13433533212231236,-0.16305699160203466,0.027651151626209958,-0.8599006673422446,0.24381997543326756,1.0967784700612626,-0.21355939814153538,-0.1430096518398108,-0.8247228657538596,-0.08577609057254537,0.6942414283607962,-0.6262972349543355,-0.6655462529518034,-0.12221839206347046,-0.9966358830850598,0.41705920497272936,-0.2898478338371608,-0.8073791044306577,-0.4205628616448351,0.12751099986431957,0.7048466050846597,-0.5613308338144141,-0.14816427835605428,0.7783294425173678,-0.9202340760480237,-0.31265003007990555,1.1280995528649522,0.21113854405917865,-0.5751241374861465,-0.7618626129337994,-0.46932043463108397,0.36821926651675263,-0.16637070056311917,-0.5891742631992422,-0.2525301818237692,-0.2782080563052396,0.3819392845688036,-0.6984012236208317,-0.7372310310788417,-0.8506784205338535,2.022282314607243,0.5894048389904688,0.8883588684786992,-0.6439512337581818,0.993726658527435,0.2619166691332758,0.1156697380142286,0.6068579434099355,-0.10905486351182385,0.4453271283161843,-1.0783611636792705,-0.009415993964687409,-1.0069738578463054,-0.31240685676903723,-0.25761396473875564,-2.2908032048579328,0.939175326722402,-1.148465021319516,-0.6147231318217243,0.14356716730619926,-1.3360274642107488,-0.14293112201954314,0.30314819849690405,0.14369042048577463,0.10603877505014185,0.32962449244660047,-0.06324516956636075,-1.2441806857270539,-0.22295868513426997,0.5579593042228704,0.03438705356881386,-1.0414893081231429,0.013723119336642862,-0.20127407714987436,-0.028966354833506028,-0.2997505634662023,-0.26443898838382196,-0.050241236925667364,-0.5612945785289232,-0.6469840131749972,-0.07609668566717924,-0.14935933275287688,-0.45938256864425914,0.5326800569714198,-0.7396887277245148,-1.6683811002995919,-0.3428577118701198,0.7277035669134236,-1.1314205571305829,0.20810302020681706,-0.5735155633941336,-0.38563433951335835,0.8787257324458243,-0.7246708867170771,-0.7373242349390803,-0.7055305164824067,-0.5403190415690833,7.164158589289702e-4,0.11561754304429589,-0.18323814095418023,0.06072371179827841,0.0673222506157982,-0.6951494730633543,0.9741644494397627,-0.2432106221687482,1.026677932876489,-0.2065043675147867,-0.1219170864212143,-0.9938392422556804,-0.12951746206106166,0.11870217894878064,-0.016201889868018595,2.442449447305225,0.7929818990319072,1.2743370146572657,-0.2789849987824078,-0.2788206084384846,1.051071650539247,-0.3433263737132383,0.5317193269476947,0.015904277269032905,1.0910392218566332,0.09211377460144742,-1.0949435034316337,0.0547909335340275,-0.1470939684331217,1.531795090950991,0.05500104215621092,1.0747081419364792,-0.42024523965087507,-0.34624515462213296,-0.4037478573156471,-0.023446198437145165,0.8128577243691322,0.2020589281751061,0.01497319434776759,-0.13526046469318168,-0.1430912569926097,-0.7629278697833505,0.6817679531310957,-0.14931080110207454,0.10929851571235272,0.07348244759416414,-0.006219959688909439,-0.6195478321923918,0.43757103159294264,-0.006981886276337023
2024-06-01,157695,161152,7416,4.1,131469000,1.1,-6.5,-4.1,2.9,-8.9,100.894,227562.1463667344,724032.0870332445,2119975.2991284574,237824.49267033086,1110799.8283942724,35.01,14994.1,165.4,221199,16063.348416289595,683,1318,1812094.1565011856,1459,217969.22429354294,275719.40844591585,141.6,148.4,313.044,318.39,123.539,122.677,17751.1,64.57070236929229,67.4619562339933,15.79,1841000,234800,114.22,5.33,4.3025,0.5487940115048539,2.2688698460424686,0.533067743787093,-0.42706657701259787,-0.8034125604584672,-0.5308257430471102,-0.7236347062686903,-1.1828308694117906,0.3143333540645355,1.281914697582752,-0.7709352480768642,0.6209883419049781,-0.25607449317752906,-0.5307004196509885,-1.03728574719363,-0.73827069250736,0.5552578946506566,-0.3815704494748173,-0.05198615234906222,-0.6685416226700516,-0.06091819813135444,0.21846039175983367,-0.4036329497877223,-1.4431452261687043,-0.23085623326966825,-0.8863457447106555,0.020748492420292638,-0.5955781226607472,-1.2331037171825974,-0.6423308342023788,0.2626369383019551,0.41285375208190234,-0.4994278125118193,-0.14973419982984554,0.6187340655415371,-0.6079561868919923,0.5541096259801039,0.0068477657907093,0.1760618367772531,-0.8316264618870237,-0.7145261073391462,-0.5516621183400608,1.1179141532799028,-0.01755861123941064,-0.47926598660313624,-0.34619594101974094,0.0982045620398904,-0.0076113021451101135,-0.9933187733141146,0.04467873373674589,-0.6033314466795846,1.1258086695412157,0.25817007664757263,0.6115700670693425,-0.40932228530030423,0.5763860049732674,0.08327077018372174,0.09835196136540578,0.42184979388622557,0.08066847745992005,0.35165597331200443,-0.5632855653127419,-0.12728629245026418,-0.5615102483772185,-0.2574191519922349,-0.18802188592602287,-2.5596336199815926,0.2944035189809837,-1.2970161039945713,-0.39652245981006484,0.5385724302574707,-1.3092820160066228,-0.18505594366441988,0.3840537086100395,0.07127609676746369,0.10482995523087876,0.8817407188156678,-0.05630923836354748,-0.28518429595810796,-0.16297276686457457,0.10406377710633612,-0.3051282531512303,-1.2440204370607886,-0.6623573085790818,0.1799196204551491,-0.18200468188493135,-0.4084307525658605,-0.23717348465067667,-0.22855461296256574,-0.2834351341780766,-0.8824137686154679,-0.3036745175020896,-0.18309791487031515,-0.6540559893182376,0.5000601539294336,-0.7149825790162615,-1.5820980977931598,0.042009399102781245,0.2924619319118755,-0.7538937797494489,-0.09556937582281874,0.8416042559984831,-0.7512447377824503,0.9623134188147722,-0.6598731464661367,-0.6059431233354697,-0.14205400343185023,-0.506154000209143,0.0016395430420281243,-0.1771264734620178,-0.2002644800311859,-0.16220440027394767,0.11410813192850403,-0.5921521168459284,0.46453315312509047,1.6866665293005443,1.204132651632216,0.44096012527362005,0.029829699314188763,-1.3327053604846855,-0.04732843437969856,0.17919085428013376,-0.34021704527603913,0.9247086567071571,1.1950923367381185,0.2399959098355712,-0.5925899381896326,-0.02064694985694528,1.0923557307923586,0.9624001843238595,0.2522977080791482,0.03360053709694421,0.9391421915955347,-0.07782868124046126,-0.14620407562418639,-0.04430886123686425,-0.16674075054091497,0.9773455088597975,0.015030204130409158,0.2381020128167348,-0.5182139783791982,-0.29280345402903957,-0.5370516059581375,-0.0021752034801508563,0.6406430117290298,0.18346483405136957,0.04431274230706716,-0.004758791025503997,-0.140757848419582,-0.8163480258612293,0.207815566350532,-0.07018654064360709,0.19426003177243176,0.04309129967452346,-0.0019451114333665933,-0.572678131795086,1.0321538697937571,-0.46652398260191746
2024-07-01,157748,161297,7426,4.2,131589000,1.1,-16.7,-9.2,9.9,6.2,99.9757,236983.57794013058,724720.3724057671,2119953.6205605236,239784.70291588543,1110051.238119868,35.08,15046,166.7,222865,16122.632055343634,732,1269,1810662.2163315446,1448,219253.89539018556,281483.9658628047,141.8,149.2,313.569,318.94,123.736,122.911,17743.2,66.10848904118444,66.1570157050335,16.337,1864000,237250,113.66096774193548,5.33,4.2725,0.6766329593906149,2.2598285713404005,-0.5244112844746135,-0.40320325865853934,-0.7723979497066068,-0.15592276013607229,-1.1215245056998058,-0.6061662633857489,0.7717037408454123,0.3659356471026671,-0.8326380724166723,0.39547318665804326,-0.08905313643155388,-0.7820345266427956,-1.027048141838912,-0.7772295048364755,0.23715755015685663,-0.2661490767017701,-0.16744297068840444,-0.5332041287415344,1.1980868116024046,-0.14415524771355792,-0.3477561382428518,-1.0952377392371688,-0.1042424012529278,-0.7390279736133082,-0.2695472185514379,-0.4308572816191991,-1.5394176707217935,-0.5210803425322883,0.19699833413275092,0.16415402685430686,-0.29822802964099276,0.019354476341455158,-0.21325201430026192,-0.376641334799125,0.8454921215576044,-0.3648879980948169,0.3989676151949762,-0.16702649382128992,-1.0794012926808003,-0.4611215927952836,0.22827970736719472,0.05131625191796594,-0.8560073617762971,0.08629008755052509,-0.3373233139430069,-0.1252704430960293,-0.8381007288410025,-0.057188558040488745,-0.5586726593296352,1.6540990115799319,-0.02261952381522788,0.8258051994501199,-0.4644068637158637,0.23425759329694107,-0.723161062438062,0.04901537628281957,0.01238516838904702,0.07639219303459054,0.13212108835790712,-1.098666560711448,-0.30090864975713943,-0.29926480053217214,-0.419665026512528,0.05650038901474526,-2.9305237342162567,0.19649026972744418,-1.03662008816669,-0.20132689274367352,-0.1599759574416743,-1.282571728357326,0.44908079540703805,0.12176265606920579,0.04982609752756151,0.030179994840775944,-0.08441100223491198,-0.1696055820167754,-0.39877170037883264,-0.3845456768430326,-0.006480551602798344,-0.7886038465144777,-1.4043980962681766,0.16701064157749274,0.36654539944650594,-0.19160614940632356,-0.58103042470687,-0.6703190727496191,-0.2874430613683875,-0.12164099650309974,-0.9188549221841201,-0.5309627536327557,-0.4452098629264321,-0.06416908329382019,0.04409144471107146,-0.5233667117689322,-1.9268534917936022,0.2524374045365334,0.7733990240071433,-0.7861390906006772,0.3446253283870344,-0.13920443572203234,-0.5325219230558855,0.5196481484501888,-0.43154880035505155,-0.567251731951833,-0.7784398183940405,-0.6015871995578767,0.001494699857795772,0.38473511270253635,-0.16021114437836795,0.26320915350177315,0.1527830728720004,-0.5192528872989599,0.08146825200578324,0.9588016954342762,1.0371126416299474,0.18156136294784747,0.1477138986906578,-0.46322941857064726,-0.3967970853233384,0.16016515027775977,-0.41204845065979306,1.183059490004373,0.3489841895832297,0.10762840864472457,-0.18950755044083087,-0.2140285065554069,0.04981344673889146,0.6174009437320479,-0.1616664646775408,-0.2476095274482144,0.12063724621740135,0.28985998753921755,-0.4030401835665216,-0.06304970238081956,-0.1642292907203544,0.05840483961090172,0.011257534789332212,-0.28320384210672156,-0.42612144583449396,-0.1670428032251427,0.13790011314177728,0.041172905790205716,0.5509840076303387,0.3165178362691466,-0.010393201533896472,0.013305959666619157,0.018478122051019105,-1.4107079952700705,0.24517215743064497,-0.07615803159503284,0.13100192339280153,0.13640000447254055,-8.344003058935328e-4,-0.5640447726558524,1.097394081666582,-0.45052432659676395
2024-08-01,157757,161429,7520,4.2,131635000,1.1,0.1,-3.2,-3,13.6,100.4309,234020.77666298058,725198.3630507955,2124440.075885059,237548.1277595267,1108956.404523404,35.22,15123.9,166.7,221943,16144.532605800354,687,1394,1812895.4144435746,1492,222621.86311940526,280061.1838016289,141.4,148.2,314.062,319.75,123.889,123.128,17752.9,61.8941148931705,68.62177264947795,15.978,1854400,230600,113.3558064516129,5.33,3.902,0.6777891793050608,1.964182576232196,0.3746005380612391,0.5880014755012414,-0.5979900713789961,0.7250452130859968,-1.1908347714719403,-0.46787835179047155,0.818710237154974,0.9129297323394336,-0.5254804716803323,-0.053705200319160956,-0.03550817802626457,-0.6542012733662645,-0.2847861787738299,-0.26462255156492814,0.1675697605442547,-0.28335762143169346,-0.004650787274387387,-0.4152945979771167,0.2749949228541068,0.1470311509237952,-0.08979058091778855,-0.699614295963357,0.058578098644864025,-0.230149924526663,-0.17666956607940554,0.02231574787955245,-1.1523067179296462,-0.37882604992566804,0.20273030977426568,-0.005210701889119534,-0.22833828623894228,-0.0637766108729127,0.444764441526938,-0.21438028179857566,0.14477953978907612,-0.5670679746830677,0.4527799027083005,-0.044758302798360176,-0.7051172368387293,-0.5550561279817026,-0.16156087246960543,-0.23881407998759652,-0.8534971330773018,0.2622111630886581,-0.27473351401603635,-0.2808254484458876,-0.43180582433812387,0.020358192682133788,-0.4431163204884639,2.389354048114327,0.45965598978875694,1.2570140760611772,0.6019666176306364,0.4685483357025019,0.06051950867573965,-0.05483571574797169,0.020587099324637724,-0.2547337380037071,0.24873039111505757,-1.369492571756753,-0.13796654724450477,-0.12823679844611555,-0.019269440701925575,0.26087298866018305,-2.9737483415548485,0.6172001339316777,-1.409341572440836,-0.34127468770844704,-0.7634156342286372,-1.1835494959779445,0.22092128622090643,0.2407567269282579,0.07631650659779848,0.06976373615778711,-0.03011061188260751,-0.034273285140184725,-0.3353874885232617,0.14093372042214214,-0.027228418158417547,-0.3376043734639429,-1.2483397612907003,0.2751550489924667,0.4566245984007662,-0.16742029643930936,-0.8381947530477305,-0.12410579496823812,-0.12399106208261287,-0.08216030370499063,-0.451107407626489,-0.18195229906125276,-0.5181455443073236,-0.24233165533663714,-1.08809987715834,-0.6804106165082934,-1.8119200833630813,0.4533299464038847,-0.03897678194701928,-0.6776583280275958,0.014502324821633463,-0.30571622640374696,-0.4215615920436839,-0.311178389043127,0.0045317812432794785,-0.7165091988932049,0.6888444143385835,-0.35606787110419547,0.0025904900034367452,0.24701179984618685,0.00674361336611225,0.14305955154296296,0.1600457445988982,-0.4682746128373344,0.1370854332431701,0.9909539867373307,0.7628187284788631,0.9022346435060078,0.37113512183296693,0.46695800215062144,-0.045156341186430075,0.3098383725402957,0.37539606476380083,1.433525720535766,0.48647652188681,0.322443042193515,-0.20246660775611244,0.1016821929628862,-0.5152916522093517,0.9432409227026446,0.06421062525119292,0.07462245705393403,0.551533119005334,0.35221928001185077,-0.5022232165915529,-0.031506950135879855,-0.2635613939188765,-0.06505220074518632,0.19344024188205813,0.03541247621387093,-0.34615121334336063,-0.016328043254842824,0.4264852610226672,0.12881570182033775,0.9387973188041203,0.32470911932133273,0.10126648968778272,0.10708139632974627,0.029845345278447295,-1.0493746563526989,0.4182027470843437,-0.13901219342388074,0.23104548211252118,0.1455043388747222,0.001718212918898337,0.25689199441807054,0.5803562463646234,-0.257484259351715
2024-09-01,157912,161813,6943,4.1,131614000,1.1,3.8,-1.1,-1.6,0,99.8084,235550.5621597242,721399.9226829032,2126646.347576912,236577.42985084243,1109354.5633194805,35.34,15177.3,166.7,223382,16226.603524370992,715,1357,1822672.4332334655,1421,220104.8613124577,287194.3558519377,140.9,147.3,314.732,320.732,124.164,123.466,17769.9,56.570342450307656,70.60475876058904,16.341,1834750,224500,112.41733333333333,5.17,3.7225,0.31993993959340866,2.6208798811880185,1.2712548697056743,1.5762993231553981,-0.5190675066249704,0.7204071960064088,-0.17534844265712302,-0.14652182430393657,0.6893316884148636,1.1654379992590511,-0.36562000732181443,0.6505181558646579,-0.029768009638483407,0.3163444058325118,0.0773394980778032,1.0743717276589038,0.6305707129087194,0.04558356119749523,0.19462585707222282,-0.4427269983150331,0.5451297142878259,0.9666628019266611,0.47478245173026273,0.060232517468874994,-0.5884266127259165,0.23350784222458956,0.20943195075492593,0.6509761330197903,-0.35247822753654867,-0.011411001389866945,0.2894126179336491,0.03477200182902708,0.0022539677794043683,0.10420788080344899,1.2148568246468456,-0.33077568647865513,0.04214137008786842,-0.2951051500519026,0.33052836292714605,0.43524358556105636,-0.6249467710414969,-0.35631243323834777,0.6361350942496631,0.08929593319220985,-0.23316196897356398,0.12737917335204077,0.16911670786112085,0.1859292522619209,-0.010085850768292888,-0.09647562474010178,-0.09305202118427898,1.907295682057436,0.5655527017414722,0.6741837274147624,0.3975778628432453,0.507581890287234,1.0792455716548957,0.07301397720358256,0.7238207064049111,0.14216590509204557,0.5611570974205764,-0.8541485061578761,0.1464509884657706,-0.24757541740355551,0.003960794308692788,0.592028130704546,-1.922608993129111,0.6997927177075152,-1.2660919524585155,0.24369448147826667,0.042285300865734725,-0.7226304069102325,0.7345080949156257,0.14538843427509673,0.20085925288477924,0.13204130817475518,1.5161936806065839,0.20380460909655407,0.608649917577043,0.7202329247779684,0.3085074188571961,0.553693212741604,-0.8339289836996917,0.39308030513541753,0.0404826427076234,-0.025368971878756932,-0.36761940358984424,0.5960478331733996,0.6792443954351564,0.09573563962073503,0.1780093257093314,0.5944593090695136,-0.551215054485929,0.2792823696263983,-0.1181390363253331,-0.05732488434777209,-2.2705052135507744,0.6587716477528357,0.17819082249798562,-0.4704827682962807,0.5522162106652588,-0.30224149186831717,0.9181070343408797,0.5676046084926147,0.2643728635419337,-0.2994955650277972,-0.25116561272163496,-0.37007842699574867,0.00286653947391861,1.0772398403084102,0.555816193948677,0.16864965520280017,0.13952844425946884,-0.15768663617534548,0.4259925489323273,1.412747612096539,-0.36338474170064095,0.9100414824772701,0.5675301716067296,-0.343069502155907,0.3498051911846274,0.5409842583879698,0.6248161377860416,2.4843671122056583,1.1534209910284865,0.5928680042190602,0.057637596032532025,0.1526657303608716,0.39277093595764007,1.0268061656336513,0.00314434627364981,0.35671649163161806,1.2936415957287444,0.21120351829431902,-0.5310082145318981,0.23688947964100068,-0.1036374389756109,0.9536338199397343,0.5315331430597383,0.6354354495912783,-0.08497680790359204,0.011757907405288724,0.2204847039563412,0.2645184921663445,1.2317784138487715,-0.030925320976416495,0.15730299095953365,-0.056362989042990086,-0.09692723722166995,-0.7219731127281311,0.37722922110714696,-0.09950415284257011,0.2744590512632944,0.16513515646391652,0.007282316744055084,0.39179447445280896,0.7990590871266323,-0.06500523570257302
2024-10-01,157945,161444,7379,4.1,131602000,2.9,-14,-3.2,7.6,5.1,99.4695,235566.37267659485,721368.901312513,2129249.555672346,234748.66258614874,1111119.411377255,35.46,15241.8,168.3,224404,16246.566099571064,632,1370,1818419.3615756584,1435,216727.71378540332,277604.5431908365,141.1,148.8,315.631,321.731,124.494,123.832,17810.5,57.82607997172554,71.92168584392238,16.493,1870000,236250,110.05096774193548,4.83,4.0424999999999995,0.13621223183096387,2.746007983066675,1.3847443320468467,0.9972649859901082,-0.5809028752191119,0.7675291314733128,0.08212800270364352,0.6938761712290917,0.007620972723949751,1.3990799990469691,-0.19724848292372144,0.9579652880899054,0.16813503353183606,0.08609079211873724,0.6138686249301016,1.9366737380740886,0.6485360949789258,0.5112067278854193,0.325321550294671,-0.3730988275672129,0.46927464157763804,0.8588825231413192,0.5398829890746444,-0.9181205529934052,-0.8830899904757469,0.5401098088711556,0.308870043088546,0.6982501474068952,0.10659249246700384,0.22315453032497837,0.2310330796915195,0.2557300705172404,0.21620881432614839,0.12711703117720707,0.34503043187265725,-0.39598908959922335,0.28540597012467933,0.26635556213869516,0.42914803365310517,0.7467535050337637,-0.5887435359884237,-0.15095629416273942,0.6595296707698872,0.08255765858385816,-0.5059478739875787,-0.017837304286349005,0.7997937253775494,0.07400292882481599,0.05865297932578067,-0.8232833392369877,0.09750794500075605,2.2791602190824647,1.315925352398579,0.6913933898848593,0.9250522497216327,0.27285216497894416,1.7216180437227488,0.3397124931506197,0.5136547604156032,-0.1792360143431926,0.3212876509373798,-0.5136398880333418,0.21152373542764025,0.22967064375168691,-0.21725802197861768,1.4854377504857834,-1.2303320184620274,0.5567319192171349,-0.9223463677445554,0.22961209736788735,0.36380513572310463,-0.37973882782653484,0.7747995527287579,0.2473909217993046,0.01648456610218271,0.13650762179815473,0.7423349723375886,0.18184747960391567,0.5847163585703484,0.32248115078514195,-0.11044939595498225,0.8537162132385835,-0.5711135770779746,0.5599563080495047,0.1488458833845714,-0.4665957649922713,0.33377031151301884,0.44284908775172843,0.2554595250969574,0.24766145256113278,0.4560562380984498,0.9367765019393431,0.6229191640371318,0.21407287109539586,-0.7304959786312868,0.1359225792644265,-2.2487382775060873,1.5576873286243849,1.4772871701610277,-0.23980826326238308,0.49784026589113406,0.8473737479779223,0.9416012430094917,1.6228432161858406,0.17545239569769008,-0.2059531375201725,0.15740981348037364,-0.09397094612972991,0.001980756783981435,1.0655159344162595,0.3718421318951847,0.32476755810099306,-0.028835155722172077,-0.1253502901853527,0.5183614220308955,0.7993089762203072,-0.3660165651463636,0.4363564429267612,0.6469404197401861,-0.31454581690937067,0.027067245530575473,0.931041248177793,0.5460146832663452,2.4969640555765937,1.4143471545639112,-0.4338293689333119,-0.1655410798517587,-0.38209003671895325,-0.437719503035458,-0.3252421350208013,0.5678653158655615,0.11460988503827921,1.3661101312389063,0.1682259291922792,-0.46227608302444273,0.23323417301734253,-0.07901931829494103,0.9554426588084718,1.1119570726078902,1.0073476342526126,-0.2618884576733759,0.011753524304295602,0.6784385895327071,0.1884430766651903,1.0207965888960142,-0.010870545485120384,0.24549147645959257,-0.07128180180202698,-2.02598686296047,-0.4955001930793738,0.18865891702769272,-0.1608199349340801,0.16114555707829317,-0.3578125107141892,0.013530715173939696,0.6404650064752725,0.6060653152224136,0.5930436615860956
2024-11-01,158079,161159,7566,4.2,131704000,2.9,16.8,3.1,-1.5,-2.1,99.2925,231343.82246042506,720956.8587177162,2127236.180672992,234343.7342041288,1110712.709708995,35.6,15315.6,168.3,224894,16298.210001845357,669,1300,1815381.4677824401,1512,221968.59680512207,285958.42326115037,141.3,148.8,316.528,322.657,124.637,123.962,17851.4,56.122981137222496,73.15267542725572,16.908,1873800,219200,109.49466666666666,4.672,4.342,0.29776639473119465,2.176185256348143,1.6034083192309105,1.1003126590787717,0.11653203815893438,1.7161654800473567,0.4276745042357215,1.48252649754587,-0.2929081888113957,1.6211714069559144,-0.1657447074631078,0.5223244285899601,0.5510145803824735,-0.07630616310413946,1.2803366837995145,2.3166138110453547,1.3521211897382028,0.3043853227994492,0.28065919213322177,-0.21795013741393232,0.8251112664861464,0.6742963404711376,0.5479062467325169,-0.2755216673183826,0.1483823642651566,1.1509755372958725,1.0652219296735699,0.7159930480368456,0.9496553752408603,0.2363324002535083,0.14075706055977139,0.4673035484548603,0.2695466872099095,0.3501973298952511,0.7678549028656267,-0.34441708477470656,-0.37697164475867456,0.5463396121738036,0.3359325891682915,1.032813632652841,-0.6640623711166564,0.2699785665459003,0.5335109751794682,0.06662586633869431,0.2520171395958719,0.7515409441445812,1.0675385318587451,0.5261304432692783,0.8067221370979336,-0.7947988283690435,-0.13732243362581253,2.423396996700149,1.3822631589539651,0.5811308030596534,1.3065896864209068,0.33248075063353505,1.9714536246617518,0.05025633174387344,0.9912304826454634,0.25977780768186937,0.4503862300399249,-0.279912101833552,0.2802187909066879,0.9745339588957679,-0.13491216830344013,0.7968971954210126,-0.29828455969063755,0.5330957105835799,0.5871306547136621,0.5020194065112985,0.8553932195623956,-0.2232334876228528,-0.14960306174236546,0.5293120375920094,0.029333956484638938,0.18807059976676158,0.9502889736008552,0.22299566944199334,0.9053538871343877,0.483603709040354,-0.5732110373795688,0.9004006778409887,-0.097960376085253,0.8195441511054216,0.5584776183879079,-0.501554295314127,1.5644583182250333,0.4151771070487673,0.6012732478664844,0.5073698670148279,0.6135363332174132,0.2110619416256939,-0.20029020139193432,-0.03825225690090917,-0.5811825126773447,-0.20390314065900927,-1.8325612681092607,0.8957608868875557,0.2098882510052307,-0.26167252621421955,0.33041523712936444,0.38259642302081626,1.092600783638512,2.4812641446100754,0.5362668823182255,-0.047402952069939615,0.6129516057673364,0.5074946155983022,0.00418813313816633,2.301811688703059,0.25948625301661243,0.4157015937324981,0.23039421388326575,-0.17181178998888263,0.527494544032879,1.4152208529470336,0.8802251160083447,0.7030030695076472,0.9920016371809958,0.06534432696140523,0.697607104017742,0.9018316587345372,0.9082097289281621,3.776010356543856,1.0697731426525052,0.6375992751427094,0.1777980433151349,0.044173239033290373,0.7451241467646064,1.388645086842495,0.8877376899991647,0.4813885532273106,0.4778025031965655,-0.12511696736839517,-0.02049826081075927,0.3182216931106329,-0.2582411036898686,1.4782047314732136,0.8004078623201635,0.5610376809440728,0.34382034958692914,0.3442949102993084,0.5907063645768165,0.05162414988354755,1.1570686529196013,0.24736892173657066,0.3337558678861873,-0.03791141676383605,-0.015656590440795874,0.017971565521552,1.006640168047448,0.3400996044442943,0.4268956706004562,-0.4998052016782121,0.028879256648802108,1.0088835303573196,0.9704256392178897,0.34692892202314046
2024-12-01,158316,161586,7295,4.1,131861000,2.9,2.2,-7.4,-9.6,8,100.3273,232486.25769129212,713482.2650205235,2100510.2097744616,235545.1715888269,1108508.6294497475,35.69,15370,168.3,225836,16414.197585194313,702,1494,1807361.2366877634,1467,216537.9783803679,294030.1970731083,141.4,149.5,317.604,323.259,124.979,124.196,17867.9,56.105425711519544,74.2868768161446,17.301,1861750,222750,110.26935483870967,4.5,4.3875,1.6475226848103015,2.8535729568388395,1.9581031017167343,1.8743124792537362,0.056834496947735895,1.2693913243963744,0.796516688948459,1.3073388991944523,0.31272147797883887,7.59612996662923,0.045014525368140025,0.3572483532496998,0.9034830267802663,0.6974949677683603,1.7691730823472955,2.3924966220184025,1.9780855672660396,0.8874565395868682,3.7261936322242043e-4,0.5566491056761212,2.0847722140156546,1.1801065050756194,0.7462511833495263,0.8515949843841917,0.4820145580969909,1.7257091740573947,3.116450063931393,0.6920121755142369,1.1865110816155693,0.9767904432150223,0.2113363415345783,1.2721640063513824,1.3040414271336478,0.7120765811380242,1.1700749563318142,-0.3105587485245095,0.49793625547217546,1.0527510735648662,0.7454985239493704,1.1878389607517321,-0.2688848291982407,0.8368366935738811,0.3606403774883286,-0.02229642660365298,1.249471916655319,1.1920884533582823,2.2114707912798086,1.2491124388229342,2.1755215318280663,-0.06466106101125364,0.812319586676717,3.6997073014057804,1.6783118333192997,1.3582678569489754,1.7717988424301145,0.6799663835529136,2.3244129138865652,-0.33869840314882754,1.1426631373010916,0.3428742466412043,1.6491465951824964,0.18288108516605053,0.6310987193884833,1.7024044327533117,0.9471091025670707,2.1433816102919687,0.15092737448890683,0.3731190249672191,1.883259575266302,0.6259750263590412,1.2970707049986032,1.0410935586717618,0.2114590000564679,1.0499152118817727,0.5272301093408824,0.32111083816603125,1.0192148748419398,0.5297098637003889,1.5410586353359477,0.6665677421867207,0.5383942863054635,1.7065361445365717,-0.024483347281273302,2.807152490660011,1.0721137918229806,-0.4803319995198851,0.9060330986553352,1.056517175476699,0.7544123973380881,0.6251711037889065,1.2960992052397098,0.26466309351483536,-0.3360433895788263,0.6553070958185512,-0.18561187866377635,1.0325742713638038,-1.1393256578147035,0.6712617568125171,0.3580490144770318,-0.016489338447385052,0.41801181507183643,0.7583947763192816,1.1434086960472092,2.0699726007850408,0.7430809200168954,0.5857665946866887,1.4332707356305394,1.0322621221520814,0.010155716453955934,3.242278490120777,0.7721759881569356,0.13484450170607107,0.6252355138186023,0.16508364949759086,0.832894565457949,1.830535069644797,1.0399651890788761,0.767801555789666,1.3300551610764713,0.9175238218433455,0.8402781255920474,1.5108983695491771,1.4168409216059623,3.3837204566620946,1.753679380319592,3.6683296949493984,0.9358500314292262,0.5534061644795737,1.6060837585517034,1.6918551338451324,1.6382108079083462,0.4120964122038503,0.33832069068788445,-0.022468859984584443,0.48723572792422026,0.3542671444026668,0.2986310867818541,2.476101133072472,0.5921025813661013,1.6031346127349517,0.9666140646677779,1.1433637483334729,0.918311542073043,0.3822307687435216,1.3993694011542916,0.6806020002408925,0.5803344142037886,0.8072086540208742,0.8787194230449147,-0.08872091253849218,1.241262780125125,0.6273027823543907,0.478131298717,0.8266769310061323,0.037623056823785125,1.4696479435865741,1.2208056135382621,1.0300147413052119
2025-01-01,158268,163831,7431,4,132001000,7.3,-7.4,3.5,32.9,6.3,100.0647,232181.442707129,717618.0262643821,2111393.1742729824,235547.01515743483,1105142.0461340966,35.84,15431.6,169.6,222993,16315.332052273616,665,1353,1802828.1652407567,1463,219130.58038383952,318562.874251497,141.8,151.6,318.961,324.638,125.417,124.587,17889.8,60.39053716800752,69.88887334392238,15.95,1867750,215000,110.15322580645162,4.33,4.622,1.0538845175230631,1.682194165495752,2.1105470742140375,1.1623866802105634,-0.2667041050671186,1.2181567920490994,0.7425715125352996,0.01830837065029911,-0.6032527948872651,2.3055591487281344,0.1465264538458163,1.2155056505072488,1.5809207097449132,0.23529924189359386,1.5753432831864365,2.4385605760941913,2.2086829684582723,1.2046002057812246,0.7291592161016374,0.7463958710053207,2.304168067515208,1.8013671634890054,0.7642912606798576,0.8109795667758793,0.967998368770561,1.0097584779744593,0.6320499974665171,0.6708092595139188,0.3794626698749145,0.8651294304747531,0.5577171563165622,1.1110073899148003,0.8111283829241499,0.8014112789853882,0.820546142488328,-0.3830758102251227,0.5340755242855428,0.07636898274147626,1.1549811841743094,0.783481501435302,0.11849270498326345,0.8025055504790221,1.4862276320969525,0.395691046203526,1.0441730232378608,0.7880640151231635,2.325088112895487,1.376171408436942,1.3381292859007938,0.5829985966857996,0.8356160707915001,2.544534024106103,1.8633563761431313,1.5333637047562365,1.201163995847194,0.6212151290582688,1.702216469729792,1.58507005232145,1.1912892538848228,1.300418608759292,1.218678782394014,1.219123047626233,0.3924463063766183,1.7742135951539881,0.9599069541217888,1.8761101083315437,0.8713863104579279,0.38689670313902397,1.1511800277498088,1.3661772203380758,1.6234988155305297,0.8922515998825037,-0.4086342350895126,0.6661694081833254,0.4434575064641097,0.16919579730241302,1.637969751476453,0.48668772587513875,1.147777547664785,0.6103839235669506,0.7466169763486914,2.630595562792025,0.3823448536766736,1.666220590683896,1.1501521083057051,0.0571086792936749,1.5843479515858603,2.050528179734182,0.8528911739829147,1.1635956504468208,1.4112043012391757,1.1032997263606767,-0.21513061183460833,1.5438796642004595,0.19286243423762647,1.327931935242378,-0.6777485280032387,1.6374516514666821,0.008670814640455824,0.5291909243690758,0.6950728342931443,1.1371989635098878,1.2070142450249706,1.8767005023463283,0.7009581910726184,0.728751079660332,1.0962929909389085,1.3277787846710194,0.009915497384984687,2.5332100788149927,0.9620621046363745,0.6452298996899974,0.38987698261611736,1.3703635383537354,0.7490521329612229,2.0047501986695275,1.5706045113944351,0.9817342540546309,1.0862427709586338,0.7003465548126955,0.6929932568168334,1.6897410955532561,1.693944529168546,4.432745096940004,1.5724283623103013,10.78563609493427,1.0400651830212364,0.9135216917454598,1.6281831168303396,2.816210185469523,0.8887687935453809,0.26370304064297373,-0.2743273650333254,0.9112917715807686,0.6935072955762164,0.3331039862502929,0.44793098011864224,2.235649918510905,0.23679875284882568,2.1141409069982013,1.404589733671849,0.9370353305541281,1.1402870293143004,0.24669912623527185,1.653810156787903,0.19123072536720967,0.5692632691943338,1.3509035401860814,0.7722036887246154,0.4786890240716722,1.4639878480487056,0.6196178067170042,0.40243437274466404,1.0806612095624317,0.016999556258374727,1.001364637532197,1.2760295189463344,1.6169569879095207
2025-02-01,158310,163338,7242,4.2,132015000,7.3,4.3,5.4,13.4,10,101.0993,233467.8091819474,717228.2621643728,2109374.7917404375,237275.75225736768,1100790.1779687263,35.94,15509.4,169.6,222590,16295.77274640449,641,1491,1799390.8879376752,1446,222784.92070425104,315755.1163030789,142.1,152.6,319.679,325.465,125.921,125.145,17910.5,56.805457389950845,63.990502333284084,16.419,1860000,225000,109.30357142857143,4.33,4.455,0.07856292318462599,0.58225677418365,1.419150998482724,0.8696367403099459,-0.13860118243912742,1.7005343476073183,0.8559174349496084,-0.9506381071348127,-0.6221998444090735,1.0402166919451439,1.1162596997316212,0.21695564688036426,0.835766217796782,0.9985767135894774,1.007934641661716,3.0485112488301747,3.3128024757931085,1.2159394920326165,0.8063069200668982,0.44906610211479675,2.355980507816735,2.5061001331979798,0.7621554931955331,2.3027188464533688,1.5414091593194124,0.5748794287178609,0.14334260099946317,0.8179314240567179,-0.16674066717867303,0.5212608105008666,0.5297354523823952,1.369428653183299,0.5817012685422094,0.3815508311038657,0.40223473859840275,-0.3995578176404844,0.8928917519807693,0.1417001256739568,0.8386780167758917,0.8277418855229721,0.05361414584592035,0.4144158073040659,2.0356620174947815,0.727289640857268,0.8310094661386652,0.6776806413705926,3.3167986812491774,1.1833890711921118,1.0567780314808795,0.4010683457636152,1.0153379768413764,1.426513270777429,1.0239425326960812,0.04667983597405389,0.2692795654106571,0.457879642174277,1.2867426699114188,2.09612812351194,1.3379849457371829,1.6737024759205001,1.810047286769719,2.38029013395133,0.12298849148414075,1.7690794344195417,0.41581436619313167,2.5508373840128535,1.319169460833932,0.4859250779775562,0.6761894386472864,2.70938243993941,1.194344963602404,0.8598061654697828,0.8959304578943551,-0.07795686517104057,0.24165087561323825,0.07078989479302171,2.59006555093399,0.27710705597580615,0.32324926869926657,0.4918992000921788,-0.018009110010552252,1.5042224921018064,0.4116328241403645,2.235201352253405,2.058895267496621,0.6832011724717064,1.2299924868836003,2.0464781988295324,1.1327691472584327,1.5992984676407762,2.3356074699493345,2.053455814508432,-0.07886122698428813,1.274138145768227,1.4424759284091084,1.4274245918464126,-0.03050092829928276,2.208956358629612,0.3564304804992992,0.8515892831627291,1.1080009974575793,1.7987897136307192,1.6802985155307117,0.7467673450664527,0.14292489958371382,0.9515796382318216,0.6245935391253665,1.6678513746189374,0.004967792016766345,2.078212660265955,0.5251423862308061,0.3082329426070425,0.19264666786308618,1.4003246698752694,0.4799575092267342,2.501994665611444,2.035039286526813,0.8644705319720166,1.568228409951157,0.6105302064755609,0.6441917818732351,2.4773488094051546,1.7397159082848854,5.494766330789071,1.3205133263419246,4.588113378813037,-0.08631065374127879,0.6152224514274994,1.8183428660351069,1.9347693162198922,1.3677604742963283,0.2806552376948624,0.6975477537536503,1.2667847452838419,1.3243494949518597,0.2872235452689342,0.33266588671346353,1.9023684007973807,0.0375481397551563,2.464593095350589,0.965961952033638,0.6034430759396381,0.5870556312006675,0.28456514246342113,2.410735047332505,0.0419731334036816,0.4254498870303567,0.8799794968559926,0.22138785771923106,0.3762017525035139,0.7743839166672011,1.458179303896795,0.5886719420973588,0.2636629955160541,0.007297570512811097,1.3504756232822905,0.9302090893222763,1.7442203876821487
2025-03-01,158377,163509,6952,4.2,131962000,7.3,-15.7,1,10.2,4,101.0404,251081.85578961574,719679.0560659356,2111053.860832543,237778.00716208384,1117849.6280004128,36.11,15591.7,169.6,226195,16422.769392016897,656,1346,1791521.426699804,1492,225001.38953954628,330592.8966738393,141.6,152.5,319.785,325.69,125.941,125.267,18029.1,54.184102079545184,56.588463326191885,18.35,1865200,223000,107.76193548387097,4.33,4.2825,0.21742254238324724,0.22319044800720772,1.7113044927412524,1.372533745304829,0.5322345391442899,1.9770689430186954,1.255735906536804,-0.41890804479508903,-1.402188846909583,2.3391989852463513,0.8531374206686112,0.22132455258077074,-0.3324047811531239,1.5281766453678571,0.8349032682043246,2.9547983051971953,2.495071638610311,0.6751870773436731,1.0217887402420411,0.6332490221982382,2.601072727999159,2.447019008205832,1.4649129516294568,1.7826917242698546,1.963945945905205,1.2499254848445898,0.27721063821855946,0.9259695859820395,0.20976056180104885,1.6501967465874265,0.16976153546523814,1.218697141527113,0.6611961575432383,0.5792486523991993,2.4037566591246597,-1.658984924639038,1.1458379970522634,0.373221148724788,0.6372460582484413,1.6625180486345084,-0.09414709645305212,0.54730776918698,1.1772096821180966,0.7294282759023545,1.2109483912070937,1.3700706569026195,2.927826084361175,1.4692398242093032,1.9062773886016844,1.310413039066339,0.7977358929112736,1.624556501749669,0.9750447352811302,-0.21500248721965282,-0.1708911264844331,0.4656009420659062,1.5230547134923889,1.4509499412905638,2.272089098591758,1.7747516081261194,1.0565828514509232,2.1207112596561473,0.669835655932909,2.1075090118078834,0.4270585609707502,2.5618890097279885,1.3745576491817981,0.5395981700519489,1.069073361116177,2.552277391628418,1.40369896048696,1.1008038481780638,1.6775569259449215,0.5501690934227274,0.30814129990654016,0.14968780761185652,4.064524878229124,0.2316740472899589,1.2519737991385087,0.644098036848784,-0.017514556114432967,1.5813243558063892,0.2561774255957879,2.1357079342907626,2.0568350421863664,0.5307403905696326,1.8140791846517337,3.124595062510251,1.4834515174413176,2.240321815526272,3.0004302935215166,0.8597860496482826,-0.017505523292718272,1.7497344425436459,1.622542518078334,1.996044465628384,0.35629841319557404,2.736647041660987,1.8094877051942222,0.16236539798743976,0.886126349750839,1.573634655957417,1.5471289718871999,1.5765517815441161,0.43774658699110003,1.4329991998026712,1.225234078432639,1.6543657510546013,0.006428090366800413,3.0872732621230843,0.8726841888907131,0.3523035998613501,0.34157779130972005,0.9672246270682756,0.5692111457185242,2.1258544796857106,2.749631677688739,1.7698307004544924,1.773022917591076,1.4277327216102187,0.9528710122504714,2.259057739483501,1.5020140394053412,4.6857188227676305,1.939851475155028,2.928079830640444,0.2983168855058941,1.2037499749872123,1.592029156866715,0.7247503392913464,1.4432083496930512,0.22168185520255063,0.014668599034181802,0.8925204088994623,1.9042939537680152,0.3212542244062249,0.29214688579650316,1.5767671935531729,0.5344572849442757,2.248846031892345,0.9365332043714117,1.0092230723159161,0.4882812527717562,0.13301385196509719,2.192452216456629,0.3020119134812165,0.35703155942507503,0.6247147592032662,0.3768355204262056,0.29573366797469247,1.413086035864766,1.024408765791992,0.676194692417656,0.36041922490003514,0.002719350094195284,1.7768370560969846,1.6112108773631042,1.059136150263795
2025-04-01,158485,163898,7098,4.2,131939000,-2.9,-8.6,0,-12.9,-1.5,101.1279,234030.12286959967,719760.602457392,2107663.6695471574,238069.7582243361,1115892.9845422115,36.12,15599.9,171.302,225550,16445.818470075308,701,1400,1794537.4554102258,1445,230359.096313912,278191.83511692425,141.7,152.6,320.302,326.467,126.15,125.502,18132.9,50.36860879904875,51.95814417725572,17.583,1874500,225750,106.76066666666667,4.33,4.2925,0.15139332527117147,1.2076031770601614,3.054207060887741,1.2027480590968036,1.7129295646062799,1.7497928175562183,1.1902205544513547,0.37057204661946497,0.9591466182853577,1.5689515040302537,1.2984970672846001,0.3854597903399447,0.08257886088567337,1.6069651308746986,0.7148105439043481,2.5162222657266993,2.5233799024020835,1.398918475063666,0.8641827660974715,0.7197769309073444,2.485000303487712,2.216945244894622,1.0343713478750691,1.3387981960958442,2.3576611803581735,1.1166232379163696,1.080846110555806,0.6278304950539322,0.7883189583057618,1.9528085433963076,0.32424148830098426,1.286424563552943,0.4420338812843973,0.615999769232218,1.9583838738598673,-1.0756141224712865,1.1232342556652684,0.6584999744791478,0.7268196787197256,1.1786052624816976,-0.17403538001845148,0.5956325517214661,1.900872164380194,0.3595642047817244,0.6197110784846511,1.605957842398911,2.123628785680294,1.680178992466354,1.8827356884168887,1.4968775547076774,0.7031192024907961,2.039323600769032,0.8517800373792168,0.6448022565236208,0.17366073531747672,0.38045804126626454,1.8828853057422137,0.7514744461162998,1.205237530787223,1.302620146276284,0.8019375169498076,1.8684490196786965,0.30257688149073386,1.7675697675320592,0.2472175005733806,2.217800396280113,1.4188742879457392,0.20968915412540504,1.233007377867318,1.931702781602419,1.664152871160934,0.7394629589313282,1.5006260422403896,0.4645203481281434,0.36691667736076317,0.2659251746570913,4.069424886740634,0.31988635872069915,1.336258710625499,0.4151255769850128,0.3248153738836235,1.635731163502692,0.5003867022987589,1.0604767585284014,1.7048768768386466,0.2018734899744997,1.654975838419346,2.0556054973240996,1.7687057051722732,0.9760810063128631,3.691182548667324,0.4610538047603966,0.2234962201329981,1.3579682934086466,1.9353320278558905,1.622212923431501,0.4030237547440673,2.5047570495029525,0.7081900823456757,0.3680207844303055,0.4916243777046951,0.8308350390920082,1.9336585174208405,2.6212855117740532,1.0598170478845514,-0.06087231458986666,1.2314246888476403,1.7342382202601054,-1.8721132358256085e-5,2.5010608131044454,0.9211653528223436,0.3706292309586857,0.2164535202870756,0.07902697009892536,0.9759950887064408,2.0921140852616875,3.068821626201192,1.6787224122640338,1.4788546111551986,2.0854680315723173,0.8148186992966118,1.8957067176860047,1.5626423495117616,2.88813985640033,2.3554625980594834,1.5622520352588958,1.1918572376200254,1.1687189561925984,1.4467956254603294,2.2597502830859315,1.567166810242642,0.2690979353072031,0.9761604969175313,1.449149832998614,2.5595416122737107,0.4928250510981962,0.3175743794512649,1.877936447765197,0.7137616582142998,1.4460916467461706,0.9693948412260953,0.4195428291162681,0.7541111538143461,0.25689799088790766,2.1888806777137115,0.5629133641184226,0.2165190990312013,1.2708457872729801,0.11127649224660251,-0.026866662094588014,1.6833223207154684,0.8334184538763582,0.6139496750852944,0.290813592249987,0.003703541586303027,2.1997128075260624,1.9180160071415293,1.4270512485387559
2025-05-01,158498,163244,7310,4.3,131915000,-2.9,-6.9,1,-0.7,-6.1,100.9655,272249.5648045577,716197.9743630321,2100365.0422106823,238246.5579996835,1151811.9955689192,36.28,15615.2,171.302,222854,16422.693464155724,622,1289,1775934.4833043204,1416,223317.77179933534,276133.0906789049,141,151.6,320.62,326.893,126.38,125.79,17980.9,49.192910270612444,52.06727538292947,16.043,1906600,231800,105.88645161290323,4.33,4.396,0.31867157185430073,1.0298069267510757,3.1374515298095145,4.0816844332308895,0.4107550220192495,1.3496727746453574,1.168839716364454,-0.6645838762258959,1.068425722083676,1.6435215115944102,1.1135294245428335,1.05921753058907,0.5799607646205073,0.9168502624073605,0.5285404791318644,1.9067797369142805,2.8414630203801705,1.6885545741975962,0.3093253631420249,0.6510094139186209,1.8806398407477636,1.3968687545116565,1.816357057226042,1.3872738917170937,1.4970558012591548,1.4941273611111274,1.1224080329181712,0.5173631382605143,0.9491345125271201,1.1817496052113055,0.22966260956544315,1.2718283163010078,0.6677776125364,0.6661340033026586,0.96964813505230385,-0.9867486734342718,1.2779646212037508,0.9883660286713665,1.1274436544033308,1.190590000972963,-0.15910987287301143,0.5732257839509064,1.2711173615325029,0.531198374153295,0.5798154919492412,1.1088943597270466,1.9245908318522706,1.7312430718598757,1.7378922773315018,1.4924879646867053,0.8886832845865122,3.1843918094044943,1.2708330827405814,1.3411118310304486,0.9208480530959997,0.37416224004670523,1.5411914784120706,0.5161579865530598,1.289488253010415,1.6285937432373243,0.9328923875669098,1.5651603590972563,0.5273821538713801,0.9394525865301736,0.2801564694024502,2.219348757353963,1.1503015992341923,0.3670629181681372,0.9064799592335612,0.8479171160383406,1.3858577642917491,0.25785417383594644,1.3719202617759303,1.0388478869585227,0.2299953388377234,0.19802514356124956,1.107844198049357,0.3080649408955319,1.7468829576663847,-0.5209997191992156,0.2168603799205713,0.8062134968516551,1.0326009376190364,1.548480110896353,1.236709764915141,0.4747362167548255,1.0721228165179495,1.3955641673937365,1.3618574997473485,0.8594386615654339,2.7127979774524382,0.33174424834823607,0.5938379546746294,1.4654251465957273,1.1647958838999637,1.2993397627488061,0.2742451147269972,1.9457278564099634,0.5923876687344861,0.37004861211188755,0.6052865745326795,1.0141412711621343,1.3925435728428173,1.5215471578938837,1.1033486092157045,0.830623892029667,1.2604059162340766,1.4423495288055808,0.0029269312781417534,2.310407124675478,1.0495617287933303,0.25616864134443007,0.14004042187382057,-0.24127601013753464,0.8978477587321403,1.2786655187958673,2.854510677522608,1.1973591397231265,1.8676033727783172,2.070791388412308,1.7539750465756188,1.7374231274174416,1.7034681209526377,2.2038490324370703,1.92957979081281,1.4400390291004275,-0.1606928002796331,1.0330327327244968,1.0138583067830642,1.220328535493741,1.367501378737099,0.44770686449878633,0.7006554959311226,0.7474851758770373,1.7183384682245526,0.22845840816709376,0.3156173505808215,1.5954497560674845,0.25650527651165883,1.5238858732463714,0.9086332637900321,0.39386417185462064,0.9023373376336851,0.37749123473973784,1.3572712666038107,0.7417176803491027,0.12018810606783512,1.0048707984627294,-0.034726933386992113,0.59794202501755,1.2765520734718194,0.800022866606751,0.5713680757492886,0.2610532169601201,0.006014204939359357,1.8573380444463232,1.8093198995118986,1.5768077862712955
2025-06-01,158478,163327,7204,4.1,131914000,-2.9,-14.9,1.8,-1.4,12.2,101.4785,245978.87062796368,715336.547186038,2097673.468980776,239288.95481407258,1159153.5627214126,36.36,15615.8,171.302,223835,16465.130224154393,665,1379,1765556.283187237,1399,221746.3686357432,268058.19650789397,140.8,152.3,321.435,327.658,126.743,126.121,17962.1,53.786007905762055,59.961956233993305,16.282,1950250,239000,105.30233333333334,4.33,4.3925,0.6226040060552392,3.074773935862937,3.4919985511080065,1.1089977565761426,0.11686750571371587,1.952573081037862,1.5006480536556035,0.24030119587090448,-0.35420207667445236,2.3314616631045983,1.6793770440963793,0.7303933114526966,0.8112631644143647,2.1413926279500317,0.23175213744396822,0.9141872559355586,3.853641736408188,2.407639961587312,0.6057210465451008,2.1569150169234046,3.176043807141826,1.4814584480522204,1.994154271068725,2.4058277468067106,0.7632112567269256,1.8738243680393123,1.406820415849038,0.44272713324189666,2.0327274579643313,1.037941069729831,0.3327526615119974,1.901771092053465,0.8033354640175865,0.6394538143467917,0.8695316835229985,-0.6893106050714582,1.239436552548051,0.36227487851934276,1.3042384958934956,1.9469614287897241,-0.2934686095510513,0.776727965350006,1.8411186635111412,0.6530537242235015,0.5631532617795442,1.433224014170694,2.6357400404888067,2.4567752632553304,1.334747219952412,1.4835518387337925,1.1649243025253804,5.294445505177256,2.141322266603395,1.7731127437820584,2.0228146672165077,1.2952860707571932,1.8701905043982903,1.425691755953905,2.2360084159795868,1.3193679522417407,0.9212262116156802,2.692331793084521,0.6739708624467625,1.2722141884303513,0.6843147215702544,2.156701550392725,1.6605433116525592,-0.14931338534987704,1.3726523885079571,2.566028322195198,1.1092991255504026,0.5403219153394089,1.331605768839064,1.1300822356791407,0.4470963680482002,0.2735774751224431,2.258770522685869,0.2618323105164886,2.1243692695499194,0.5454608934026534,0.3321869379375244,0.8970358295202787,1.5616965526096023,3.4901634850135883,0.9464076862665521,1.0212441033421351,1.3651031562873184,2.1914614677457154,1.1311964960903422,0.9788103441245226,2.8380487692168685,1.19425936685869,0.8299204596915322,1.8107939599999943,1.473613480091131,2.232527416978707,1.3899347692067656,2.9834499108086066,1.299445446183817,1.4493689827273486,1.7441726701535756,3.311758910376534,1.2735083081968177,0.7804739783581388,1.3921498465280726,1.3164545246157096,1.2212586454398597,1.3580445954071643,0.003771003324216718,2.3622201327365127,0.7205527815919733,1.8703434294131192,0.4491073013356447,0.6890793771659409,1.2647422091558127,1.1997610031350874,3.359050048789727,2.325407047891816,1.4079944644873745,3.296398054664714,1.9783512912073549,2.941490753444634,1.9949177670760763,0.950373519213124,1.7470344682789922,1.8406827746809737,0.02993335507663347,2.686494745411445,-0.16817701604505955,1.0511340109174059,1.1212329746470062,0.5775192346956948,0.8971698055113149,1.416951387877846,1.9514614128098196,0.44786515277985767,0.34090389397616505,2.1884404037901826,0.46830489780408335,3.463204064008653,1.200771139467945,0.7209856449317849,2.0339167345742246,0.3597252345638794,1.5620534520243947,1.4808506892506612,0.21430037063005608,0.7424867005744601,0.79302451269563,2.0450523579461617,1.5050142272999294,1.4276138131871794,0.5850254119041765,0.39033202824825536,0.009677293378417067,2.16141241753358,2.115394082854786,3.0741441501457913
2025-07-01,158542,163140,7089,4.3,131991000,1,3.1,8.3,11.4,-3.6,101.894,238683.0497794581,714339.9495904222,2097257.255778804,242577.18966603657,1157267.643352237,36.47,15758.1,172.659,225918,16546.39256458727,648,1432,1766409.1052299936,1400,223827.97731569,282951.3232514178,141.2,152.8,322.169,328.682,126.96,126.43,18040.9,53.86735979836169,61.45701570503349,16.998,1947250,221500,104.30516129032259,4.33,4.3825,0.8242853881832172,0.7837177878849715,1.4945033626327986,0.624565262274827,0.4365952667317819,1.8220785938257573,2.085781281407844,-0.6794805437429106,-0.5371251052975732,1.5376457053152677,0.9780877669196938,0.6075190736637889,0.6678953116934971,2.096681666210253,-0.21311363071456646,-0.008308460043795101,2.1785655290906987,1.6939880299969599,0.8262169237633386,1.9534227431386226,1.733773691622823,0.40329218537915007,1.031535823646817,0.5376799925470553,1.0724491837348622,2.260100300118945,0.5244991126172763,0.2205997157051371,1.614239015323708,1.3195637570534513,0.36945964971298184,1.5044795679795415,0.7443570135709064,0.7152009402539807,2.5247871099362564,-0.36793637863306233,1.1046806487711323,-0.11774744062637445,0.8175577970187627,2.6141789428634916,0.7858453231662048,0.6313259616772503,1.9259025641322782,0.7565637570775119,0.7900582741488955,0.7652650392739199,2.1815691687504675,1.1968358067355223,1.0439410695595175,2.227043660412819,1.3417721411443475,1.2143088677974885,1.0584066679555755,0.9859782929010353,0.3357352980096247,1.9591604398005278,1.5062278437588077,1.3346092639807765,1.0365028069555589,0.9778719952645463,1.068936647808452,1.5260908406764109,0.8247379676291287,1.4817500723317782,1.417002063075813,1.0845275364561755,0.7412956590558935,-0.5914028513748036,1.1660041226262088,2.0112848086441355,0.4559861658537883,0.5473785188393847,0.14325365570833168,0.7151276460095922,0.10959716996366103,0.17357984461752476,3.258944966586496,0.1197387777890849,3.1582492414129257,1.2325966526008758,1.9073034389380135,2.595517888168069,1.402185141460744,2.237652603632554,0.7742140398722949,0.8368954539579165,1.383595342744042,1.724389484231456,0.5290942855172194,0.6998547172163526,1.7350750855493209,0.9875375287135165,0.3695495955793822,1.115348820710415,1.2448968830047675,1.262347248807839,2.393634819285479,2.6516403469915586,0.3361961245586742,1.0684444745942787,0.6102554016422131,1.481770640814552,1.8143988997527611,1.6240876574045993,1.104083804011688,1.237958975718724,1.7793563062509135,1.0479929137550223,2.471563121598261e-4,0.6413423437936935,0.8930516572054699,0.5434977292464482,0.24373506140306359,0.847697578655436,1.4062011746539718,1.0221127438421582,2.912485325290071,2.4133650388163086,0.5043840177472994,1.8961904334894388,2.215118704503002,2.357039573704874,2.0232848558960193,0.5818074874660742,2.2006637832411444,4.4064156054040415,1.257348895619644,3.007006562423812,0.29675842909526695,1.0309114864047215,1.1605407686881426,0.7168792469897627,0.8568356518831323,0.7470650469120896,2.0780523767377663,0.5116748171067301,0.44537847226555694,1.1619302213147258,0.44887858276568243,1.9132614276623354,0.9044163513535196,0.46395666419040094,0.7133162392401763,0.43091180041624133,0.9767888087338987,1.04202292239791,0.33344959048478884,0.5594334191202692,0.1830771254158048,2.093133341359843,0.8352093079980256,0.6076094523491394,0.17279482565051577,0.2751849544761063,0.004628461771162024,2.3949796926380635,1.3891489122469205,2.218567683864254
2025-08-01,158472,163370,6919,4.3,132040000,1,9.1,17.4,0.7,-4.3,101.6247,245212.22690957083,712830.2420400179,2088134.9057789827,241585.16179208594,1161794.4427423344,36.62,15841.3,172.659,225814,16594.628141374622,698,1291,1761309.7342351896,1347,223689.44089620007,270543.54913467355,141,153,323.291,329.7,127.293,126.714,18076.9,50.95331243666187,58.92177264947794,16.9,1941000,229600,104.76548387096774,4.33,4.282,0.63185482570724,-0.4143088494545756,0.08646881529792269,0.8126506090991398,0.47943514513834073,0.5525760649340613,1.5993010760765798,-0.9896117504737199,-0.9890347020191966,1.678788305514194,0.8116434009942208,0.3071903308567533,0.33044192851351273,1.7211157421202503,0.19549934054568782,0.5426804441826839,1.7492082943592993,0.8672054949767022,0.40573483736891985,1.036192886087332,1.26348157518394,0.2508547045199821,1.381772027244424,0.20864242124478583,0.4675442644293725,1.5742906406441086,0.17534794417228064,0.26964211302793706,1.4839555920532284,2.0207588267292316,0.27250498015044283,1.2560204211216563,0.5349261524724324,0.5454313729971951,3.063935245218564,-0.5741110380302776,1.020134796550876,0.31280263204660513,0.7000064824056839,2.0616583786205194,0.9065220303977501,0.7111066550955957,1.745063708843837,0.8710900866535213,1.066603746709383,0.94442016584389,1.3179228455463035,1.2940661543066199,1.0787355245977166,1.2389779449087546,1.454248408983391,-0.6066905368089591,0.9499550950795113,0.40091260661839656,0.39883345609727244,1.0386090745241956,0.830849913381165,1.2075533528674192,0.9071087184957487,0.8899421478302211,0.5495893122036889,0.7209191396679361,0.7629367569440102,1.5041358070629856,1.395179074921244,0.941477997113665,0.8070763790770047,0.08296672516569112,0.4344793091483286,1.4285913824979486,0.31135370232763915,0.455744594945203,-0.41272162462385376,0.11543652399832226,0.3574037568600048,0.08993547618144883,1.3722630203058401,0.13041818353270798,2.4538222753897663,0.9112157408088029,2.6550614545407205,2.578157740769723,1.8618574458402692,2.109389198007302,0.9425689421120326,0.7982838250975123,-0.05222476127184745,1.0291648314755133,0.6796243259398528,0.5540628511238528,2.1821900957712654,0.7651057606942026,0.5635308543086859,1.1470473761113134,0.8525047671654555,0.9520273807137226,3.3804590973046778,1.2104886572626774,-0.3455297893407329,0.29204397176566776,-0.3566166330350737,1.000528195895725,0.14331930064123094,0.8591645928335332,0.3312669017250379,1.1110527039334392,1.3309234983473426,1.0639383559441475,0.0023552063456867005,0.5207463773940288,1.992167745184048,0.4868162729710942,0.13231017448992502,0.5259332558250456,0.9430462182654114,0.9789267804959221,1.9845647524381433,1.6141745553643139,1.028627864982426,1.250031919270208,2.0572215743798017,1.0400057746905185,1.8958756359974427,1.1775705674321109,1.1623576081283478,2.1154368573418734,1.1211886164865315,1.6153598741832773,0.3503629670429808,0.1645233703492444,1.1373274499421704,0.36309640042177843,0.7920839332709451,0.564623045863045,2.5268732926249466,0.43538617329825235,0.6884012385816283,0.7978419276535053,0.7063289998369353,0.14821123835583624,0.8798008309221957,0.407517273078451,0.9148898929232745,0.2523773041991218,0.6106558818807338,0.6897948347052546,0.3975562337344893,0.7897455789769703,0.6230742403238384,1.5048368925373525,0.5856450707198285,0.5707171696030001,0.12375251504134654,0.11924905535544802,0.003170885743934806,0.857663758968068,1.3538144878130696,0.9445096687493008
2025-09-01,158548,163656,7169,4.4,132128000,1,-7,0,19.5,-0.6,101.668,246148.48188050932,714226.8364348678,2095931.9655282248,241171.40058765918,1167589.4221351617,36.7,15911.2,172.659,225814,16613.04603330069,714,1319,1759685.7982370225,1444,229071.1067580803,275606.66013712046,140.8,153,324.245,330.418,127.625,126.954,18094.6,50.115572967678744,55.60475876058905,16.985,1922750,234000,102.79733333333333,4.2524999999999995,4.12,0.31856377103243494,-0.8021680048842822,0.05681252393872692,-0.11943891829029182,0.46791924738824625,0.3289219784890991,1.049107496496179,0.9154203664829434,-0.057261862441333765,1.9337348403538583,0.9220841979405893,0.4698068456261321,0.019373926310840055,1.1273111869424468,0.6322835268930699,1.1621493496272757,-0.0468960713901323,-0.01940799646967453,0.07880870686538055,0.5304530071325142,0.8397245218512431,-1.0522982724046481,1.143992463982979,0.17828971968535798,-0.7021372462604897,0.420066966566323,-0.12479894761169406,0.20604140173644606,0.2653735390728097,1.383623691118754,-0.016818319218937446,1.244799656219172,0.2832642359503711,0.2165321663824996,1.0930399238935853,-1.002319222323173,0.02817265696096463,0.06370859807238442,0.08857400337408672,1.8342727825492786,0.5250037458649172,0.6521507044018297,-0.19028236151294134,0.7001459300377804,0.8381652896112453,0.32632290643384604,0.9652164289658053,0.6693889037131716,0.13807789004810872,0.2704292988493565,0.9170963341712433,-0.7653900927102085,0.6482387861253902,-0.32963088416488856,0.1695454978372644,-0.08099039065707578,-0.25863754470332945,0.7548926938059026,0.49121710983141875,0.7312897758224034,0.5479700615621962,1.1833386488163196,0.5798361308451403,1.1599971616398994,0.6711769237427864,0.5884044181696098,1.0387531332474544,0.8657176647147928,-0.1061753195375951,0.6525885464855424,-0.6945532236052204,-0.03726440814916717,-0.24138562226484064,0.572391706173022,-0.11607541916666796,-0.018491839796506378,0.3205010381166939,0.22143759206400074,0.9457146980020726,0.5930104215091632,1.4729981694189267,1.051764907786765,1.4720465493838635,0.9295473531235204,0.7739149784482788,0.47488687237702204,-0.029992203016173977,-0.2824773143402565,0.9291628194545888,0.5035321194143637,1.8391348382800543,-0.745278991537777,0.26274661146543377,0.8542659311616442,0.5320658761172157,0.8732297669086195,2.940739462093554,0.6003111024719704,-1.6026956264979288,-0.6908196592856596,-0.7133145614526614,0.8089385082389114,-0.5494765146794708,0.7419828041624624,-0.28009880197600384,0.9819688967683913,0.9954902478796749,0.843535432889466,9.14442191004794e-4,0.2769516322209282,1.0044630906704188,0.07877551935564406,-0.11300392354206022,0.03704567296003768,-0.07896929715801018,0.6386034019884939,1.2276159529403632,0.5647256521510523,0.9649769919652393,0.7706542959944686,0.9350873034023599,0.9516996957296163,0.9547772027366582,0.4042866092115093,0.2702486573033147,0.3511072881583522,-0.10342251387191466,2.099277680410047,-0.4773731142138564,-0.729604745430886,0.22050788017606007,0.11032620637002692,0.3613246729894935,0.39650047432969743,1.7371707611165133,0.23709430456028982,0.3081257753470503,0.36665687437607614,-0.334397694687702,-0.21032935333139183,0.6371332450909786,0.43086877166790505,0.7199627489906639,0.0336258564704085,-0.038062358389712184,0.15218046785848038,0.22672597115838852,-0.14962174029433095,1.6450809328225744,0.9721727275832687,0.13768457837601478,0.3863432433783625,0.06798633117836766,0.05897841284704804,0.002495248654340083,0.49340417996398134,0.7140792187498619,0.31961383459661025
2025-10-01,158408,NA,7170,NA,132148000,2.1,7.8,3.9,-10.1,3.9,101.2195,240531.47312525907,714373.8611569472,2101786.1296452917,241919.5908376411,1167801.1433397722,36.85,15920.7,173.945,NA,16648.106294625053,652,1273,1752657.7566453693,1418,235517.04452143176,264746.5023343839,NA,NA,NA,NA,127.871,127.243,18037.3,47.6183028208116,55.021685843922384,15.845,1947500,226750,100.95322580645161,4.086,4.068,-0.03306685712348323,-1.436798621126459,0.012370455970027425,0.45406833315742934,1.3884992918384644,0.9705845278691801,1.525764922681592,1.8479241046154837,-0.6423012247161942,1.7162634879610679,0.7114311243968453,0.18283169024745163,-0.09508984506731283,0.7563631647328563,1.4329607866958471,1.4278706662441447,0.07602694890074123,-0.38226606561959875,0.3466210813424922,0.21560311664502066,0.6995375553347076,-0.3207102204018354,1.1323210391665464,0.9922586517286544,-0.7941936281491088,0.4269839251147579,0.21151977718500647,0.4414550922543864,0.27117142087132995,0.971797775627785,0.023049431509743968,0.7019120052091767,0.016783952378843007,0.049718239770685645,0.8605274261282364,-1.1349460368025528,-0.11718003221799271,-0.1752068564171324,0.03863217806528104,1.7224131374166876,0.6239439229805975,0.3669235040573708,-0.052308680937374084,0.8952165915922172,0.49851293538149644,0.2863932764721596,1.2944776481038331,0.802669804905156,0.1826681011866343,0.33449542834024926,0.5428284811670518,-1.0245445962672797,-0.04541973739514319,0.12953653870792145,0.060419018222577836,-0.4298484290518104,0.20411843483244724,0.2172505964305363,0.09551581278079994,0.45810325991709805,0.8390143449353341,0.9693056710503276,0.6810910511015901,1.3095368226496442,0.43379230925258017,-0.27733137708953065,1.7748737483746666,0.34236337075565804,0.6457847108664838,0.7421750561460139,-0.15732836095569777,-0.37367950477292294,-0.03596225635873407,1.4119106059131272,-0.13738146789225517,-0.014574115730024437,0.9170547368707563,0.3221490537991173,0.7544820661806987,0.5325578542776847,1.7241029676121875,0.9788820173904959,0.7499007669399623,0.7916598676592144,1.1793583626185278,0.37582588671851713,0.22706099242690078,-0.7014459673005733,1.2674405811291314,0.5667288624232287,1.4530917511580166,0.46475772971088963,-0.6907462105067372,-7.471133803776129e-4,0.7414993110421765,1.0382941238216064,1.528854008585423,0.5193852491656886,-1.3679856329189455,-0.9972613873202779,-0.5528087457701406,-1.0791315644128472,-0.18230062844835562,0.5137096185386903,-0.6886108244627167,0.5084958234501308,0.8884174957432568,0.6693987377812649,0.005215867501943532,0.9872462847060801,0.4475565804068693,-0.5006759952824462,-0.15788266003406745,1.3885501475816842,-0.15743788921036597,0.9673832111011905,0.9754369893525561,-0.9253120251236951,0.904180226592077,1.0463601571520917,0.3741193764605107,0.493297774577241,0.1151186468613696,0.7401560923203855,0.02263507001587984,-0.6215349222916621,-0.6614589905067428,1.786562265431396,0.44285726857505314,-0.9490988647381843,0.19372746604122879,0.5387786271673747,0.7683190275751511,0.6291535055961879,1.2533988582351863,0.18218731057606732,0.362486629819618,0.4290389153186438,-0.60169245563591,-1.178315344838708,0.813303861254207,0.2623767213349247,0.8748344703891536,0.36935552964977053,-0.27611722701985963,-0.09785567283270451,0.16326284610552105,0.38410129003778465,4.383483750823802,0.39295659926227566,-0.3484898980215537,0.11563873221989508,-0.018009562328602558,0.09583411482408825,0.0103427278069558,0.3919522173186896,0.05716770661203864,0.48407085876661754
2025-11-01,158449,163760,6846,4.5,132222000,2.1,13.5,7.7,0.6,-5.6,101.0344,253062.7692115613,714552.2504525876,2091038.2658915955,240693.86353704977,1181502.4346089019,37,15960.8,173.945,226023,16664.585804357328,757,1319,1732884.3872900931,1414,225906.73575129535,275744.4284911668,141.2,153.7,325.063,331.043,128.152,127.469,18035.1,46.86622136213248,52.35267542725571,16.006,1932800,222400,101.34166666666667,3.875,4.0925,-0.18175045972013978,-0.7695476380800326,0.24134815492026598,-0.12031900140098065,0.7531002649811509,0.3372418762763428,0.9690807936493409,2.117047535075826,-0.4621675363172609,0.6183190064156641,0.2450717912995113,0.25603828015016805,-0.21637605328034837,0.9084747214315316,1.5108215713000412,1.4990132116514834,-0.8840254719980553,-0.5637943734474538,0.2913007438536711,0.07200153679795922,0.36967426147381116,-0.04513674674247363,0.5517034337767249,1.307062028595299,-0.6889336414576195,-0.030474773762232586,0.9766317080648224,0.19243661206765758,0.06902304754389582,0.6771808787955286,0.010648553368905914,0.4847207997354039,-0.11619299218743973,-0.05607261501648933,0.3812209795527508,-1.1417953875732973,0.011150543952063751,-0.48507880231022976,0.6604038739893545,-0.47742554622446715,0.7202443800278585,0.5279988886619136,0.3363619218806618,0.7392591187668037,0.3257621987887684,0.44087995608278374,1.085451466874738,0.9366624820447382,0.22206661471838776,0.28430940337906635,0.3674734128174143,-0.36106219755291913,0.006873318618031247,0.267114903971018,0.6425343868596556,-0.3793796852311997,0.2589342008767656,0.045623777318971395,0.16576503265985995,0.6951406066732493,1.1175915886015448,1.0600316329542485,0.5747553685727449,1.6124982715244245,0.31759698795625774,0.3899304952606828,1.4052136695323982,-0.16398247141366012,0.4036371610028212,0.7382098878299993,-0.0031424026325317087,0.03428023427483152,-0.285459014676644,0.3036667297765336,0.0532391548528962,0.012039028946229562,0.428523874757512,0.06093145885403391,-0.38261156918846023,0.4978158776143783,2.324939212168238,0.6371794147822673,0.2761339573602585,-0.09126552275065922,0.9558873649904777,0.7693834961399232,0.12477261846841875,-0.7780830721425411,0.9939937570922767,0.6072916619967693,0.8332629814587709,0.19902663309535795,-1.6534922866561585,-0.3663457540957445,0.9733272750381933,0.7224668979474475,1.399197119643514,0.06160223224847524,0.06493437453977466,-0.1261137560038387,-0.5328622191432744,-0.2419975945992355,-0.4422654595113876,-0.28016137591976237,-0.8303336887681088,0.21026254560515661,0.6859966898965411,0.6776756795246828,0.005962159322966212,1.4267256567819264,0.6850600380649087,-0.1597516285170848,-0.17638566014264298,3.6627593260198323,0.36209189772887324,0.5240850537471105,0.16554857827673305,-1.2088858372398137,0.4402788748429051,0.45988051043116734,0.03225201552006437,0.4139752797932493,-0.16250759344252166,0.3228597300436449,0.13972450756984361,1.0371577269420387,-0.5689718559202789,0.5998886514687591,0.14629680341116227,-0.5282005799054801,-0.08335515899198925,0.6124560669335605,0.18340743051782907,-0.25435673636635114,0.29410759047373325,0.18430109856905938,0.4918329711580522,1.2206009548897683,0.011835893234732381,-0.8520888116072887,0.9247206640171554,0.3351592041502796,0.5813310039711851,0.32094710420095635,-0.44805589689596215,-0.1086058536576975,0.21532934648547075,0.5246320998733872,2.4147192562286905,0.5863608740180402,-0.28853027307249396,0.067358374687536,-0.22303257193168755,0.4829821854738101,0.026843986165043694,-0.057398042041018345,-0.5399012763303479,-0.618019935599027
2025-12-01,158432,163992,6550,4.4,132259000,2.1,-3.7,-5.9,-8.8,5.2,101.4941,249923.78048780488,711135.8262817323,2073613.0032619033,242860.25385764064,1188581.0726729715,37.02,15967.1,173.945,225352,16679.551393728223,723,1378,1723459.2770034843,1482,221878.11100049777,281047.7849676456,141.4,154.6,326.031,331.814,128.576,127.886,18018.5,45.086174713787955,53.1868768161446,16.4,1889250,219250,102.90483870967742,3.7475,4.1425,-0.6513346335656167,-1.7951046528910726,0.37762926247783546,-0.6603422489031887,0.1917735263213893,-0.04186374929934512,0.5701855394767723,2.755212496563294,0.5833773238476447,-1.1332234648210113,0.1578213457171644,0.5062989328091783,0.10010983860020112,0.1790813990555831,1.2924359630773885,-0.9607190521586224,0.6389483224513434,-0.6318331733875746,-0.03947119544407693,-0.40578297173486566,0.06188348495604527,-0.011800293303988693,-0.0834651974076595,0.16519285239983933,0.033650981799720835,-0.8187629515934326,2.2771134391049825,0.09784962682834877,-0.4085811230708867,0.23936757506257433,0.20479260314518963,0.09200284865645522,0.016415010096441866,-0.08841527279657246,0.8920321442484437,-0.7643011996794485,-0.037866466203861235,-0.1985439490152455,0.19894819656339344,-0.8625129521913897,0.8626160120795904,0.06122696519057317,-0.2894859844315794,0.4198862235438847,-0.14596983872041308,0.29477944023515673,0.9644844130953194,0.6845070352863943,-0.08130161623060864,2.0626553210513436,0.2963864502259819,-0.4970231099511633,-0.057941148712647536,-0.5464986588120601,0.3113758492393473,-0.17379476563609889,-0.23504047958692018,0.0067650919541708335,-0.26449141421124966,-1.1139825754631727,-0.05276688082695429,-1.575469778164294,-0.13134784578297,0.023768083223510077,0.05349424237955007,-0.45232442230961506,0.845258409345535,-0.6660842963470301,-0.8896537510057175,0.6649674801009222,0.3501301863657362,0.22188520682307228,2.036827174517629,-0.10229981471275441,-0.2523017323097062,0.009295302468028446,-0.23608139267049796,0.15182008036843567,-1.1959834246733412,-1.0569648734967743,1.1122867311229658,0.27035696531862624,0.3639921194254203,-0.6624880047407753,-1.0867184256541749,0.791849048535962,-0.8013025750345006,-0.884032597625514,0.7061113672584775,0.28592062459183265,0.647305753658047,0.13504603950279354,-1.2341098025888817,-0.35526713179638014,0.12110635440692775,0.16013053107193337,1.6860946085258355,-0.9677221537191558,0.38053567347514916,0.11170657646543827,-0.7226674459782434,-0.10098097823253831,-0.07130887551399494,-0.30670814520000983,-1.0045872129227895,-0.6008933342083751,-0.8854686208717447,0.14017313361896735,0.0015122011129017308,0.6857976932599962,0.7280170428125933,0.40558627959892263,-0.21592126352649574,0.6044308841097599,-0.024187077286456624,-0.04255795054483153,-0.5313067515500296,-1.6524074833059663,0.8470763669155558,0.010084788148062537,-0.43280067757716684,-0.6558729137427859,-1.099346480748703,-0.4741065057553183,-0.2022665127972055,-0.4378159564082287,-0.7456546237891725,-0.14462660201617025,-0.08555866503107863,-0.3161954597184001,0.09741921129753402,0.2720869633980816,-0.0652691226546031,-0.42020691391557907,-0.5112909153732688,0.05014091655946104,0.2014184697571954,0.6467941062361015,0.4350375204994527,-0.05058839997474967,0.07433010058184752,-0.2570230841028597,0.21573004819420782,-0.018556908250440936,-1.1743887504308526,-0.3596950417174385,0.2127715953049392,0.3055387120197397,0.2922355446767475,0.49688504293721436,-0.4552012001997523,0.1713748760222571,-0.5390049645722262,0.3957493079300081,0.02214113181660941,-0.2359975005808285,-0.9490291234401589,-0.6696848882958116
2026-01-01,158592,163097,7240,4.3,132270000,1.3,7.7,0,12.6,7.3,101.0388,247998.4188865551,706774.7610891082,2070338.604262764,244219.2477310247,1192072.731218465,37.15,16046.3,175.258,224902,16647.186935662634,576,1385,1701739.9998449888,1393,233501.7787526255,274323.9577439681,142.1,155.4,326.588,332.793,129.023,128.455,18134.6,46.534338838811685,54.58887334392237,14.999,1852800,211800,103.26774193548387,3.64,4.206,-0.3880429865645463,-1.1371732467430484,0.33356640346634614,0.20263692569396027,1.539600737304064,-0.06574772028796207,0.31126965850321414,1.1910193705171783,0.09793833894615221,0.11774520070296074,1.6463968505901567,0.5972592328724193,0.456643043520237,0.4951714749791252,1.078638579854988,-1.051434585622337,1.3892908620965354,-0.5455817041803068,-0.1992119431369437,-0.5016430110801553,0.20358764171813926,1.4725099858544655,0.21367495114490256,0.5140806794366487,0.22878029903954683,-1.0234173323900533,0.038983455097056655,0.3835522977534683,-0.06726109691631467,0.19581061037090539,0.036940108560555004,0.1468686758015616,1.1821260273884269,0.10788055586544164,0.5368607311038944,-0.5893709885910533,0.08337533847875067,-0.5183799672837304,0.04339163662972231,-0.3858449075564691,0.6831271060923113,-0.09711682437897286,-0.20106763115171797,0.4176282349343795,0.2846653666060182,0.2822354145704573,0.6338745245964108,0.5490310417745979,0.6046936004500014,2.1224178815154766,0.24405020212134107,0.1386725976839886,-0.0831265266866994,-0.495804664943111,0.20077029605662683,-0.11315776971740239,-0.4326550360992995,-0.2508970826615416,-0.5631560524439466,-0.1952747178878719,-0.16017320361671084,-0.36498411856198354,-0.28675342035980567,0.02027378117930646,0.021130944553314754,0.6868235878452674,0.8840005059902674,-0.3360901070716263,-1.2268206390746421,1.4438465065056942,0.34702622860041255,0.5527325163869949,7.087565317887231,0.3053513955548108,-0.3122860898658589,-0.03321469800528963,1.6867520393427826,0.29088027595867777,-0.738022471754261,-0.7924655624185576,0.48074672724962186,-0.7769755673898664,1.1842565675086512,-0.6339334416988055,-0.39208060921030014,0.1452896927908406,-0.74802291858687,0.7367981085457963,0.023981846220293576,0.5260651523187038,2.9878367121665987,1.2922187637659432,-0.8559626499922495,0.486617369487497,0.6250190769297669,-0.01773038600263507,1.4186392024869043,-0.8502660408750577,0.4496833350131827,0.40948007878394993,0.5515461286515683,-0.014898314435006617,0.5023341383049389,0.10920236694157165,0.1532679415674317,-0.16590813752932415,0.5336284822582239,0.182655810994355,-6.445681824645313e-5,1.9922862415490477,0.5752142123658291,-0.22714598025961963,-0.3548740164353525,0.4534907691175776,-0.2598750911343448,-0.34861600453005365,0.1865966392136659,1.0375965566905132,2.5481075503368364,2.153248461529279,0.9509809999788484,-0.3967627360415296,0.3855869004339923,-0.49032186569712494,0.625525888364962,-2.483152306213039,-0.7872393556964061,1.0945372852200688,-0.26614125179834835,0.17316237648300495,0.1291196387990118,0.3141555228830169,-0.2938951428532042,-0.3720506859053677,0.9996360127193513,0.01789295485133877,0.19543578998215752,0.3068052342763124,0.2213897866894432,0.16831709801857217,-0.42203406418655814,-0.16499048593312068,1.452259812375912,0.013536866716547385,-0.3852375097132169,-0.5800471361853139,-0.051099089776250335,0.05218031504715342,-0.08509955635668691,0.32552346718917746,-0.9656814825306088,-0.07117625982061794,-0.3934200057273153,-0.1780252843470188,0.005646557407295077,-0.3217867012970596,-0.14210072966748719,-0.051394315742208894
2026-02-01,158436,162912,6922,4.4,132336000,1.3,7.1,4,16.3,-9.9,101.9053,244121.84747450578,710552.8064907094,2073461.144139971,247047.60728429278,1188279.9774585261,37.27,16068.1,175.258,226372,16683.31544940134,630,1346,1690365.8357714666,1540,242110.87008545693,282638.43321316363,143.5,158.4,327.46,333.512,129.539,128.961,18051.9,49.79967422938267,55.89050233328408,15.893,1852500,215750,104.57428571428571,3.64,4.125,-0.22050727650973337,-1.4007954260089117,-0.045201212933654596,0.4629032571645268,1.691812299495334,-0.21049062669829885,-0.33309444255317544,2.5894706955353786,-0.42698400119836705,-1.7171883721150805,0.8671260607952718,-0.8673761283562691,-0.522852937762857,3.503311508094374,1.1113741066304728,-1.1514496508804173,-0.4562665505158133,-1.4477289415158223,-0.34133103357190775,0.29556726038912,-0.4213646125353217,-0.4837358084601749,0.26546973109825006,0.6631414364617383,0.0231318519619409,-1.013710170124042,-0.7915468928926997,0.2060607565288738,-0.7021376762807943,0.5069059863537051,-0.3501199738584108,-0.01658861928035442,0.017070578707987394,0.07259709253393502,0.8365520857427386,-0.8371013564247918,0.013159876651829109,-0.20336855646274082,-0.6742967568638144,-0.4497476503695907,1.5299511957763003,-0.06285248337780171,0.1188200137833413,0.22814049381417603,0.2324773565797894,-0.4825762421380524,-1.1761843683792352,-0.2698173427615598,-0.26887388890380365,2.4034912290659833,0.2691134967701722,-0.017096188138439886,-0.3755036854300464,-0.2304687574345173,1.2348688001203398,-0.589475788893956,-0.35832069911221387,-0.5482328445076446,-1.1164059411995317,-0.8809792019170865,-0.444503437474074,2.218645671682062,-0.29868761456610204,-0.9575256440047567,0.20481428821699382,-0.007265752958220355,1.1680430121349437,-0.6629004603335763,-0.8691577316228878,-0.11178613306646808,-0.2707364369362966,-0.624546453642213,2.6949687116581638,-0.7911955274053032,-0.33916789837908445,-0.21608312578441688,1.1211622994511927,-0.04436695000582073,-0.8396690986198532,-0.5543414115480789,2.6190614693525256,-0.1966298453778597,0.6868199105342733,-0.14130525838626967,-1.0101951266884628,-0.1388469443205972,-0.8311773254088359,0.41292950992762034,-0.16999203858224246,-0.07082099409589443,1.7818055167148947,0.8460345961869331,-0.7752450082871236,1.4788017349576084,0.1297227736741447,0.03652171477880919,1.7120177832202723,-1.1390482358917198,0.0979482161123596,-0.11442520478323656,0.9342549170474531,-0.4426259352868327,0.7652421255107632,0.27298398475876956,1.6280823281100996,0.4327382557976828,0.059262282792058266,0.5190721187309617,-0.0032005810069850003,1.287865344240929,-0.18693402268164078,-0.4761549947610587,-0.47713103448420663,0.2829447362493376,-0.1885957962861636,0.42056381919381314,-0.758973011647644,1.5573555750654842,0.22098345735224328,0.7582388746666548,1.4058392093810528,0.2009905534266767,0.7436758012954006,-2.1777370433289787,0.24227136665005358,-1.721816863103017,-0.9436052017751657,0.4628539609433882,-0.8765621718162463,-0.18849858901522737,-0.3673351060348553,-0.0017406472792987188,-0.7328296849741793,-0.6978319067361843,-0.020476393629962016,-0.140024109546316,0.12400231813045777,-0.7294082601589548,-0.34475558711918636,-1.0150075602597275,0.1185435177245618,-0.1434993196411109,0.8907666823114904,0.14841139909467502,-0.26488626854017955,-0.4780698906795399,-0.15623231398919424,0.3173957325881757,0.292772567932525,-0.09725346025891227,-1.55006785377105,-0.07543753615536405,-0.03187607403008947,-0.098077731219877,-0.008313808933962968,-0.6064797220620878,-0.4792882741035847,-0.905715078801396
2026-03-01,158650,162848,6887,4.3,132397000,1.3,-0.2,13.7,18.1,18.9,101.7336,245765.05141752877,716679.8309854835,2081052.0792244913,247357.80618544054,1182699.7845141601,37.35,16133.1,175.258,228286,16728.679554918217,659,1522,1686616.8723112198,1363,246284.97810633192,287432.03760649683,144.8,161.1,330.293,334.165,130.403,129.343,18030.5,70.07507495993191,52.88846332619188,16.66,1821500,208000,103.86258064516129,3.64,4.24,-0.07562611545765868,-1.2490852035959024,0.16509630429502303,0.3477735118499017,1.076830241320005,0.10479361579907459,0.5507016671152676,2.834988291128944,-0.16242241682502,-0.9783645471314831,0.2609655948437144,-0.4912334554502334,-1.419419435501584,1.109052855451325,0.9860742133358021,-1.080490148787696,-1.116582619774501,-0.3372388705929433,-0.24321062145934,0.48877411507273183,-0.6981751287604472,-1.5687518803119629,0.15146895139299266,-0.13862222730410614,-0.8379005055618794,-0.22407363985243878,-0.545073681159791,0.17115175106517194,0.3445808694086558,1.1400014150804187,-0.22963713532476307,-0.005983461676075311,0.132567342847737,0.05800790204587736,1.7496385482704215,3.7646399073920342,0.23623455813155253,-0.1278283235719869,0.03758777970912587,-0.3083677007240613,1.4347428267319384,0.020340984166762072,-0.07865496162497379,0.026179677193553092,0.18008631444618312,-0.30555178107064557,-0.12132950417312385,-0.18695833658761823,0.34502528086514794,0.3808921760007239,0.6086455889020784,0.8516517228800294,-0.45090483846360063,0.6324305277200367,2.3531952108981025,-0.45248872011388297,0.11394886997104581,-0.44480557021090067,-0.5905614061346146,-0.33128651712763835,-0.28153716593565214,-0.4123091747594593,-0.1196936767096441,-0.15696403954326657,0.8336596936109022,0.0633892883874962,1.8026679956663865,-0.5502880599045862,-1.426210750901289,-0.30394805017409776,-0.08213865598764696,0.05024581849023641,0.2673411267361873,-0.4034143967281031,-0.3368126026092994,-0.16542039999111763,0.10367158599778557,-0.006995290328176231,0.6202337472774833,0.6082324281268627,2.9291160812513537,1.3032466925145287,0.8082630275402857,1.7052372346914322,-0.5861133450205935,0.2629749409416057,-0.3313673330359898,-0.3817771241372531,-0.1869146441459044,0.05971459805961748,0.5172156885661869,0.003843940355384103,-0.9620784076595865,0.6538208706587718,0.5708220584092879,0.7767029019233468,2.014280995020002,-0.7364673049322104,0.626597214259039,1.8463519098052503,0.7140614512089122,-0.14315041186122032,-0.5308124580142672,0.08455112995458104,0.9097198151357095,0.26867648772394886,0.45118130601935585,-0.13544098217757009,-0.0012508512987658344,0.5628479084474572,0.32720920112101093,-0.6166977521088934,-0.21257648365407877,-0.15319031202789452,-0.364498334400879,-0.8510477285280664,-1.3508101760243367,-0.48534966514943306,-0.8923873293402642,0.33663949551423517,0.7946460684351814,-0.42978163151866045,-0.3766146504092012,-1.750829639678023,-0.5275015992071498,-2.2398059140465016,0.5324889971260082,0.852223606526181,-1.0523163010148293,0.36705136546161654,0.78435772797361,0.6804021516339898,-0.7713044775354968,-0.21469439476156713,0.9567754884652143,-0.14925421016073057,0.04587099298606821,-0.36248898566324694,0.41237291524126124,-1.138620483324833,0.013612902247202371,-0.25060843408717226,0.09963000247252346,0.0412928293580701,-1.3857053446582561,0.049180726660770065,-0.05230784721308976,0.4897821275655506,-0.15294603403829246,0.5400371427350497,-1.0113133746075833,0.12930608171649127,-0.09345121301878372,-0.11221211937805066,-0.006101230890817317,0.29178782317913077,-0.30434709010559785,-0.3424497203004618
2026-04-01,158798,162622,7585,4.3,132502000,1.2,11,12.1,26.7,1.7,102.5783,265580.46828463644,718366.349487575,2086764.558775174,248016.73972477205,1199209.5978494952,37.41,16178.4,176.754,228364,16762.253142516765,641,1414,1655820.719991447,1423,251930.56679852767,292315.9164846578,148.1,166.8,332.407,335.423,130.946,129.681,17957.1,76.61173308081194,49.55814417725571,16.636,1787750,207750,102.67833333333333,3.64,4.3075,0.38116141636924766,-1.2986791081170759,-0.5910827495538896,-0.8622464133187968,0.33941872517038907,-0.09450593849648131,-0.4312813657345773,3.6219911095230137,0.11665183290926436,-2.1675402049808037,-0.07233409743974861,-0.6742734087673772,-0.48819814898977293,-0.11707942703476977,0.874524811195022,-2.492333007633175,-1.9938135690682228,0.03642008267965831,-0.5221413964254233,-0.39275717696969153,-1.0373237924544203,-1.7313981574593529,0.29301961890570294,-0.9026292674363363,-0.9938195083933027,0.9943726506770276,-0.44055988342960173,-0.01872238217468777,0.6067219645941717,0.6301137876711396,-0.21346202008805332,-0.48162644559441764,0.3621848813264016,0.2889033272559479,-0.3692950886545689,3.722912681150854,0.538329364964166,0.29779320649185553,-0.14902448300116586,-0.6148575812346104,0.4172161064906605,0.46056084750870796,-1.0781819516877282,-0.08346794009844982,0.3919284683415284,-0.20032075008835903,0.618238236118049,-0.5046090997596406,0.3324997083238509,1.2583312410974288,0.6730600450029363,-1.358674155581029,0.24534010642644186,-0.5855190820829982,2.812472253193605,-0.2699565711105081,-0.6442976394483542,-0.6560310139619787,-0.10755511150715545,-0.5474741859403526,-0.3107535209584956,-0.8008135492396748,0.11168336702781376,0.9970160806724164,0.48411700940958413,0.15187480642718384,1.1262011003312506,-1.0332755114095635,-1.5665622442992704,-1.3374232691109615,-0.15379162966140936,0.2002279642183317,-0.2477101017626939,-0.8929404642932559,-0.25691226602720646,-0.14236515789130463,-0.3535712528102061,-0.048305748568712586,0.9507935734399814,1.4157101831185555,0.42697455753892216,-0.27840179638746365,1.6926089161784827,1.926569573396441,-1.17751431396782,0.7308625314528269,-0.8465219637992534,-1.5458389598677638,-0.8189417866074442,0.0718074407808374,0.2870957813267635,-0.9181900465281094,0.923026016849867,0.4271118014618652,0.024750500980066294,0.8994442958267808,1.7235295938251012,-1.2156589501256456,-0.7430662821672438,2.133467862918697,-0.4967035083126497,0.6636647649928423,-0.8392945024063124,-0.6095746539372425,1.3278142319751292,0.6323039605845867,0.8309624034892635,-0.5799369866532761,-0.005049081167162593,0.029368590711263187,0.05924756019961831,-0.26715631113074056,0.022331340456013128,-1.0388541490215009,-0.31701916458535895,-0.7879726102981923,-1.461288613418862,-0.781842140960788,-1.255430734462735,0.1940908854769426,0.4218687260084079,-1.1669851230270532,-0.7969682206653413,-2.8051103342375123,-0.7500136241799138,-2.606759700941608,0.4869306696048981,0.22117742931221546,-1.1856016839013288,-1.2362528891269844,0.1349158084575544,0.7531164505861178,0.07110235065258957,-0.4126481903112122,0.2364073109305501,-0.2023268282932614,-0.06022892496087095,-0.2977471908462132,0.4780187876470094,-1.682581102557083,0.7396036938475051,0.0034584422065480525,-0.2598515348824956,-0.17580944218231337,-1.5779246949994619,0.5039957121588089,0.2006429936372268,0.014625447591649642,-0.46900084924865615,1.0081201872141725,-0.25277528637857843,0.3518189991129038,0.43166678419669574,0.07454535043412393,-0.0077759262205352245,0.10843700033905268,0.7242482225288527,-0.34395444539449693
2026-05-01,158861,162771,7537,4.3,132624000,1.2,19.6,20.4,-0.4,-10.4,102.6396,253725.60345351734,716781.9359153645,2082117.8181019793,249465.70803185992,1201580.0753936889,37.49,16234,176.754,229413,16824.344865324983,630,1182,1648017.8756004134,1410,243189.48744451877,300762.2970754545,150.7,168.8,333.979,336.121,131.576,130.147,18000.1,77.62053870006687,44.66727538292947,16.744,1777800,211600,101.94129032258064,3.63,4.468,0.13544463307309315,-1.6586821069651396,-1.5413706459564125,-2.2403524182309225,0.38709873033594394,-0.48524340739911265,-0.7804730878525158,2.828897962274197,0.4807140369466988,-1.8976490590231012,0.1061300470231229,-0.5825493311812526,-0.4995262932146738,0.2128755108317098,-0.5187693031803847,-2.3941639272802093,-1.333485167001853,-0.6257576677954869,-0.8130921407680325,-0.3825017524618072,-0.9421815207056373,-1.12688346363478,-0.6312460727944086,-0.7027016688788711,0.04256834961362611,0.17772949088238327,-0.8959388026577642,-0.04099551116119014,-0.008602154626813142,-0.06458044266177117,-0.20753563110859935,-0.5089668417636184,0.22194759587540572,0.3897742321481662,0.04944571669653429,2.7230044387576404,-0.3404281615636798,0.5646026680218427,-0.9588221371867134,-1.2746249007055321,0.2320363797290578,0.08724142388156005,-0.9960499110243085,-0.017082665426937555,0.43410527933280657,-0.0607908167344036,0.0845087346422502,-0.7967077100684775,-0.5074318416971796,0.7559912273355559,0.08732259598258384,-2.4187503384892244,-0.13118393650610818,-0.8900242423460497,1.523068929510209,-0.21895646507708785,-1.337453022481918,-0.4224133207243541,-1.3187031450648297,-0.8510195442670718,-0.5866863754914351,-0.7280288383475138,-0.1636089744477988,0.1387437950169217,-0.018382557078954278,-0.9667625585182515,1.223112475780349,-0.947459873327917,-1.8083380536010847,-2.148829759360085,-0.024564669248243017,2.5983149395001965,-0.8371645457934622,-0.36951335729423057,0.24905835465647513,-0.21434419407020064,-0.6506470031885568,-0.059993117397338404,0.12599624655572783,2.074811762505756,-0.525496718077968,-0.31293547424903395,-0.017099371080926615,1.2126953532853855,-1.523799091199617,0.039243697310198174,-0.8150065680457481,-1.2121701337674853,-0.9015710490850447,-0.16026722097819066,-1.396981593784914,-0.5496103552290289,0.6400016050331473,-0.23725010900616933,-1.1995218307541082,-0.18463517928926487,1.2170383223375294,-1.4381713789827686,-0.8720133004447184,0.5932174900506872,-0.4763704267677822,0.568044489374743,-0.8673700773319601,-0.2376118637680459,0.2544164003848931,0.48184494344533696,-0.20188460446762602,-1.09816955780587,-0.008942269580600041,-1.1887858373317586,-0.08066374565180043,-0.021206759111304156,0.08421649986734195,-0.7916796089413313,-0.6387462453266962,-0.2341258782438486,-1.908532580412423,-0.2705086828578708,-1.5423301620863015,-0.747078666470546,-0.14696539557983893,-1.672309902486833,-0.8166982391638684,-2.502575225700031,-0.40275746939006185,-3.022868716698839,0.16564243819678132,-0.5924227570316232,-1.4124764430788177,-1.1396669246848825,-0.10466260953031986,-0.32588373135359244,-1.4428225846533007,-0.02785825584677942,-0.4193124025634963,-0.3224641778016779,-0.1844825167317805,-0.5489446551788305,-0.2746946169708361,-1.9051926696731127,0.2515746865562213,-0.08854045346910921,-0.9571457661468524,-0.3599660471418914,-1.4301510505209158,-0.04617005181481752,-0.1382088206292544,-0.15947905321996392,-0.2922968906334919,0.3618555699684142,-0.3663300002601544,-0.46532284793053696,0.28229309028969607,0.1682713020272882,-0.011076921830908078,-0.8423502295247555,-0.18193710178521083,-0.851027944863276
2026-06-01,158892,162264,7182,4.2,132719000,1.2,5.7,11.9,10.3,-2.6,102.842,255434.6006968217,720165.9896237466,2084010.592899649,252174.9052900634,1209867.3300165837,37.59,16260.4,176.754,231107,16898.839137645107,678,1439,1649016.385960108,1374,241403.83708369467,295553.5776773624,150.3,167.6,332.568,336.065,131.454,130.338,18054.9,64.51686521520837,48.7619562339933,17.221,1809750,222500,100.76833333333333,3.625,4.475,-0.4385272270720462,-2.1489728117554066,-2.098270967368428,-1.223830433132014,0.7359829607969474,-0.8673814405262528,-0.7490366873376405,-1.7352137794723868,0.2507205306920785,-2.7434073566104695,-0.018828683654150153,-0.013193680509203009,-0.45816329426959557,-0.29753092387016883,-1.196618603703939,-2.4428008264301857,-2.645783970764371,-1.5335426166974333,-0.5858625835632919,-0.33935655474956183,-1.53452746801474,-0.07835898879950601,-0.6446549595939682,-0.09241899495509395,-0.5766165630923087,-0.016440844276850726,-0.8661111874437893,-0.26093710800675196,-0.936578905976043,-0.6016924306481738,-0.5209389724421617,-0.9801885007939124,-0.1685783526779731,-0.13832890041797874,-1.1478043600152996,0.8465356038709065,-0.17919081606537493,0.11258884158013603,-0.8970618923367155,-1.428644202784297,0.2860754625941302,0.2654773125152275,-0.9141193579110816,-0.20559551937024545,-0.19218229570807255,-0.1803097569829535,-1.1917460389018588,-1.645921980913046,-0.9315974082290398,-0.31224186749538885,-0.2258590265724702,-3.421207711653672,-1.510197757394502,-1.6347944187201273,0.030015434584900545,-1.2967958598864626,-1.8024644372753131,-0.5392268186091577,-1.6759471983843077,-1.1301306835661562,-0.9140405292367726,-1.547811945181755,0.13633611462705456,-0.3354662518660657,3.8984973796025725e-4,-0.6172517793718977,0.6601194482200892,-0.807851064705235,-1.8691911313996166,-1.5929600964633022,-0.369097517759045,2.9363548887224136,-0.4044746973837241,-0.8538800839322847,0.3581956837782714,-0.25514471275205836,-0.46679467909906275,-0.2059933790191207,-0.5456530463934849,-0.13061264062224653,0.08441777124209614,-0.44294369456350796,0.4300155437313437,0.10317546129535343,-1.0153811454264405,-0.22205494256347444,-0.8810336989355387,-1.0271164433589868,-1.342415587297938,-0.32297419806542044,-2.1622786235976466,-0.6426937488725933,0.2951262533047582,-0.68382408069715,-1.1595901394121768,0.07265217108369987,1.0252862625258543,-1.3260875642930474,-0.33703442174811044,0.17512773327913492,-1.108733250154489,-1.4749220424535872,-0.6952173645054777,-1.0901962934743408,0.5962263151337506,-0.07862149413151086,-0.8277970672199023,-1.2449306301670784,-0.0030959495671442063,-1.291597253984072,-0.43788751145849286,-0.6266224332948852,-2.0699980332453683e-4,-0.6537856001949678,-0.97214157635427,0.547132500140391,-1.5138236914720498,0.8110879102779083,-1.4119358120357124,-0.9193433166323792,-0.5994923870372911,-1.6856978286909359,-0.5634583178636258,-2.0093519072829666,-1.8178071591375413,-2.677626456635797,-0.0034737183380664895,-1.3365676396241082,-1.2903643158489222,-1.8305929915290786,-0.5622669564488516,-0.7100719808311627,-1.614638796378587,-0.2073160975870383,-0.6496885471314349,-0.3999390490936008,-0.20720849116699303,-1.8634606648920198,-0.579704345088863,-1.5241032058971835,0.39384181827658543,-0.2719140160170418,-1.5298867669753038,-0.39126111898332605,-1.2187783236909426,0.7624147979792771,-0.3050677580274033,-0.4116446187535273,-0.3334472004773536,-0.33011810945676856,-0.7645995370451538,-0.4839281993256327,-0.315414696100842,-0.11345603290792254,-0.011864710525509557,-0.9643344138325032,-0.8947556952763825,-2.0242162558915675
2026-07-01,158913,162177,7271,4.1,132765000,NA,15.6,13,41.4,9.6,103.0454,257781.08598728536,728285.9508275166,2099465.1424792605,254148.21622524856,1215476.3441921936,37.65,16307.2,NA,229697,16900.022026599017,607,1309,1638764.5356565067,1433,236005.89401408183,303282.7227914537,149.8,165.2,332.813,336.789,131.659,130.658,18122.5,61.11241920415619,54.95701570503349,16.757,1790750,203250,101.59193548387097,3.63,4.578,-0.4946982893410474,-2.1802765587001147,-2.22241016738165,-1.3327171254492243,-0.07360736893085215,-1.2510653398958285,-0.7085687432723814,-2.869273189235681,0.10154079730144812,-2.8569583627778856,-0.17565328002491623,-0.3601552669614714,-0.3780397243892182,-1.1595555424548574,-2.0243754153493954,-2.4358362955286545,-2.5945863395849584,-1.5188730835893536,-0.7215711238452941,-0.6098744074951811,-1.6535461327656622,-0.6138984052955854,-0.7750544708047594,-0.30708579630261557,-0.6846397198546366,-1.4202783919910074,-1.6032775807929973,-0.800473477500001,-0.5700103458293999,-1.141715092701293,-0.33818115863457904,-1.6981255513156612,-0.5550000151311639,-0.40048035908704754,-1.548645251507901,-0.016735152891738974,-0.2619316849970801,-0.4154106380443085,-1.2595452626481183,-1.7986465903902056,-0.09968533930469008,-0.09597504916861666,-1.5009775683531204,-0.3026110565307819,-0.27259229447163313,-0.5779515415694976,-1.654610977798307,-1.7270352773308342,-0.7708949505606768,-1.7070208913256488,-0.4760844850426937,-4.035026190205453,-1.5066994353646004,-1.1951842914373962,-1.9875407264498508,-1.0816725164098924,-1.664692960882969,-0.8027133810560854,-0.7126492911111146,-1.1132892001809174,-0.8742899361920857,-0.26475223728263025,-0.43129708238394404,-1.304534081257722,-0.4089502183838579,-1.5772857816196701,1.6752013141542836,-0.5187211866563348,-2.917504357821749,-2.0521665024914792,-0.052205904715750914,0.3794003499661794,-0.8929821180593431,-1.075955736189341,0.33568665445672485,-0.31403251287580447,-1.0205146598539148,-0.4545082638872287,-1.4117401597117611,-1.4128541004364648,-1.294694605287525,0.4169185685977333,0.4306158502935225,-0.9132556689495898,-0.7591651031113792,-0.4031453963390877,-1.1457189697145376,-1.0582504243054145,-1.1276771108411232,-0.6908116118020413,-2.2394298830869057,-0.2885515088977465,0.5085575347237418,-1.0317330179688846,-1.5324404022387168,0.9412091323311339,0.5494802587813413,-1.5061543864367257,0.111577940423923,0.3034942129729079,-1.4469194454570378,-1.4316206224351629,-0.27439763388135235,-2.133096942664868,0.7301112399391169,0.019616172375120058,-1.0823962950449784,-1.6058417161001444,-0.002690099619809123,-1.8514654241539368,-1.7527245484760239,-0.8063410427349584,-0.05741946702599533,-0.8580509422229627,-1.5168495136110223,-1.1048103757785253,-1.7208100094675622,-0.2831376398459685,-1.4647143511844531,-1.2702690167809934,-0.6887210771193942,-2.084127459748998,-0.7502318253663476,-1.5466370283660735,-2.2662805989126786,-2.2482902406642,-1.3318331997449442,-2.401544882837285,-0.7247837789910397,-2.5979364461459897,-0.9254849432484781,-0.9842297269905004,-1.6800361138884512,-0.0048013827679315385,-0.7003458978795578,-0.4542418639794549,-0.16668494185522795,-2.3694280678526036,-0.5073028303397211,-2.661855668539936,-0.8364443133585074,-0.5052816490372699,-0.9687173002514886,-0.37426807799118644,-1.3792238005761375,0.2413018401614915,-0.4469338619809957,-0.562692864880345,-0.5143582026031708,-0.1704871141116934,-0.6885855912285022,-0.7928968005298342,-0.6338254242194316,-0.1521295779706762,-0.010849842287778489,-1.8543417307474108,-1.5578249042800236,-2.437306316051047
2026-08-01,159075,162746,NA,4.1,132803000,NA,20.6,20.6,47.4,3.7,103.0682,NA,NA,NA,NA,NA,37.75,NA,NA,231630,NA,NA,1275,NA,1394,NA,NA,150.8,166.2,334.131,337.765,NA,NA,NA,NA,NA,17.19,1778400,206000,101.88193548387096,3.63,4.68,-0.5676763538147471,-2.0224163251666702,-1.7809426049394783,-1.437936933018227,-0.39749809269002656,-0.7944595916420903,-0.2948068161756931,-2.359775061181246,1.4413006778486392,-1.7532783376045624,0.004995189324343989,-0.18616061288727884,-0.18493430243827233,-1.1777010583210683,-1.7224646871523768,-2.5370574889380855,-1.4837258466072654,-0.5703920357027609,-0.30827887212398297,-0.4554018588515654,-1.4957507352677792,-1.5943513179880588,-0.5747442275466342,0.19391287924516157,-0.038633041607048196,-0.8792310107706895,-0.9214921291307772,-0.5874960812980693,-0.5384729190051276,-0.5577494670326261,-0.3467578055910111,-1.1930147312196937,-0.7179758650209442,-0.26226972706875445,-2.032159535274118,0.18114697274787425,-0.36776403631738047,-0.022158938225662814,-0.7739490755864137,-0.9306119110528837,0.04332161165179802,0.02442871199001995,-0.6595177250632017,-0.2581513606518139,-0.09950066408625424,-0.47181602623273994,-0.9170317280885704,-1.1235980746715537,-1.2092119633164848,-0.24051672266213706,0.03137785391427543,-2.9545147903141546,-0.9167565543434114,-0.5137435330447314,-1.3784388329981734,-0.9828866053165528,-1.4418772908122113,-0.3352023382369576,-1.275661164921125,-1.0248394457014252,-0.8172425753747132,-0.8291172041040927,-0.47817402779053514,-0.5766908017146563,-0.474902620107055,-1.410196593702638,1.426138521488131,-0.5684449432507418,-2.557888447011749,-1.0854596801194367,-0.5473432115612159,1.7241316404964904,0.8168083561598202,-0.4809965527880197,0.020506479343701582,-0.2456927323362593,0.6929578929585049,-0.2751465757896092,-1.317306683948189,-1.1135332937550793,-1.077034040608094,0.2592265634300467,-0.14106795534320551,-1.0848184048083251,-0.5768341745536908,0.04319817612565611,0.8527560587504494,-0.8593678215921623,-0.5235733941359159,0.13699031923190566,-1.6803815999550333,0.11656352834382802,0.8175344143154799,-0.9936999272901025,-0.6811567480417129,-0.5918644951327838,-0.1649498720209313,-0.7855528325730539,0.0682399553878307,0.16911347331186624,-0.6316032631288542,-0.20606990154325971,-1.6016890975010933,-2.372446866454362,-0.3263968583825715,0.39138213018186235,-0.6266851021250083,-1.3286052124713639,-0.00204014574561836,-1.3676973999902653,-1.0406442414286214,-0.24194306716551559,-0.20240729677644606,-0.7376506184100121,-1.1908403960188887,-1.2246637479488423,-2.0130894016928838,-0.8240164702213075,-1.6117798408813222,-0.5600032898887451,-0.6419909615134579,-1.5637977831540577,-1.4001859178463592,-1.7821707242105,-1.4017241583595865,-1.5769805811587627,-0.8527721074830065,-1.8021585257508141,-0.8814025441938905,-2.281566845478177,-0.6278883692621277,-0.3272275020040198,-0.9737497694041467,0.2603679415038267,-1.538618016347664,-0.34295401977851936,-0.11767817149584409,-1.8294392551456542,-0.44541470414141804,-2.5596332982061725,-0.1857483494168829,-0.16057418222887637,-1.076474781385509,-0.22989028598937167,-1.0689752649510433,-0.6156926643081961,-0.34310051066894365,-0.28413212146798156,0.29975031797804286,-0.18215354533764103,-0.8425530048023817,-0.5615662856564602,-0.46814851112402894,-0.16588869858512553,-0.008626945354928733,-1.031229669458832,-1.1097578533627726,-1.0363336621045924
2026-09-01,NA,NA,NA,NA,NA,NA,7.6,18.8,37.8,26.5,NA,NA,NA,NA,NA,NA,NA,NA,NA,NA,NA,NA,NA,NA,NA,NA,NA,NA,NA,NA,NA,NA,NA,NA,NA,NA,NA,1730000,201000,102.70909090909092,3.643333333333333,4.883333333333334,-0.697260938324369,-1.7892255625684756,-1.8943733879984774,-2.0559489253152003,-0.5001367570469375,-0.029048569390677674,-0.5888304621475334,-1.968454281562363,-0.7326578762744609,-1.8947678635490275,-0.41114902523630076,-0.4767231318072573,0.2826898883378909,-1.620081363899853,-0.0040244889270108514,-2.901930970941256,-1.1294067350131385,0.44069314705922646,-0.45266989821594045,-0.6730128523205409,-1.9363927838583719,-1.3936346568838163,-0.5227698560192335,-0.5690500985897612,-0.4099198427178723,-0.25418776640917706,-1.163435275251388,-0.6242560125275523,-0.4721013881912833,-0.7982232424498045,-0.14644914303387152,-0.913413722006544,-0.09654343218734472,-0.3457992993782733,-2.141790389653458,1.4951204411361338,-0.5015773222695098,-0.2607575638129155,-0.3509562681027387,-1.0377657311831066,0.4653786543771444,0.0680449298611251,-0.7143575809311238,-0.22035942836813685,0.6181606654854612,0.01894838801731483,-0.5164272407587329,-0.9705239134628211,-0.17193640820083902,0.7645620741928538,-0.12274030867385044,-1.2634738774753094,-1.4561409561549985,-0.5644269825165048,-0.6223480083450907,-0.7140406874836794,-0.8903970432232426,-0.7591211830853414,-1.1703283473200394,-0.6148923719289365,-1.1200080137406023,-0.7010942397354112,-0.09214609215313112,-0.25172297626164364,-0.1448289216635704,-1.5452343236705366,1.0116616535274943,-1.318320456776971,-2.0294116921450525,-0.8297531264756041,-0.12144807939118395,1.5744978977903463,0.041391574861997786,0.06672504266666868,0.022312179494863933,-0.1505099710965292,-1.5678381810369821,-0.1939856884547697,-0.1859538016035559,-1.2963369849199964,-1.1470199718092995,-0.443494009707406,-0.5662414721193733,-0.8618167445923663,-0.7058171290961902,0.04679385353210355,0.9593693745227052,-0.6768460183776737,-0.31512688081236123,-0.33577600197122504,-1.766793186428434,0.10919419770793308,2.765484257308259,-0.6063239995959417,-0.17373639776026725,-0.5840915610944168,-0.9607947423477139,-1.2966175407154983,0.1429069557999683,0.04995597695286354,-1.3136406472000184,-1.2234246964660973,-1.4979505109756641,-2.294289859395785,0.1101153787407408,0.06693437390702918,-0.053380266622255694,-1.502074002367435,-3.5380328576028975e-4,-0.9805572819836887,-0.4823751924365593,-0.6784979104785436,-0.23562912951319873,-0.3219825168443013,0.013962656642173242,-1.2002375167414625,-2.57819630190719,-1.404791648925965,-1.4548305737766496,-0.5618736701719701,-1.0865923957937615,-0.8750449628936174,-1.8344771614351434,-3.9672478013768235,-1.3485494394828943,-2.689779679420005,-0.8789071158158713,-2.3031561030873564,-0.8270715388951065,-2.03657244793828,-0.8727863001912022,-0.08261528041231148,-0.22172267795771547,0.7257975032201718,-0.8583911112117918,-0.3033813667665758,-0.07698216409404801,-1.018926157177273,-0.06518727595099333,-0.49566446525184255,0.24959623748486434,-0.08379716452556822,-1.3095862965936074,-0.10518387385060385,-1.0881247733187318,-0.9597136616317005,-0.40794441554861227,-0.07783284410595384,0.6368364469868575,-0.9853048957485627,-0.5902339198728834,-0.13387939096365767,-0.3653708183123206,-0.07114448146737282,-0.005940574703207472,-0.10150381298564029,-0.8379828762527735,-0.07123652527226822
