date,PAYEMS,CE16OV,JTSJOL,UNRATE,ADPMNUSNERSA,PRS85006112,GACDISA066MSFRBNY,DTCDISA066MSFRBNY,GACDFSA066MSFRBPHI,DTCDFSA066MSFRBPHI,INDPRO,DGORDER,WHLSLRIMSA,TOTBUSIMNSA,AMDMVS,AMTMUO,CES0500000003,W209RC1,CIS1020000000000I,RRSFS,PCE,HSN1F,HOUST,TTLCONS,PERMIT,BOPTEXP,BOPTIMP,IR,IQ,CPIAUCSL,CPILFESL,PCEPI,PCEPILFE,DSPIC96,WTISPLC,UMCSENT,TOTALSA,CCSA,ICSA,IHLIDXUS,DFF,DGS10,gt_1003,gt_1010,gt_1011,gt_105,gt_107,gt_1076,gt_1080,gt_1081,gt_1085,gt_1086,gt_1109,gt_1115,gt_1116,gt_1138,gt_1140,gt_1142,gt_1143,gt_1147,gt_1150,gt_1160,gt_1162,gt_1166,gt_1171,gt_1178,gt_1190,gt_1191,gt_1210,gt_1212,gt_1213,gt_1217,gt_1225,gt_1228,gt_123,gt_124,gt_1267,gt_1268,gt_1269,gt_1273,gt_1306,gt_1339,gt_1347,gt_1348,gt_1349,gt_1361,gt_1364,gt_137,gt_1372,gt_145,gt_146,gt_148,gt_158,gt_179,gt_185,gt_203,gt_205,gt_206,gt_208,gt_229,gt_236,gt_248,gt_249,gt_255,gt_263,gt_270,gt_271,gt_287,gt_291,gt_301,gt_312,gt_340,gt_355,gt_378,gt_390,gt_404,gt_405,gt_406,gt_423,gt_432,gt_458,gt_466,gt_467,gt_468,gt_472,gt_496,gt_498,gt_530,gt_531,gt_551,gt_563,gt_566,gt_606,gt_608,gt_614,gt_620,gt_634,gt_650,gt_652,gt_657,gt_658,gt_659,gt_664,gt_665,gt_666,gt_667,gt_670,gt_671,gt_672,gt_673,gt_678,gt_687,gt_688,gt_696,gt_697,gt_706,gt_708,gt_717,gt_718,gt_719,gt_739,gt_743,gt_744,gt_77,gt_800,gt_804,gt_806,gt_807,gt_810,gt_811,gt_813,gt_814,gt_815,gt_882,gt_891,gt_899,gt_900,gt_906,gt_916,gt_917,gt_918,gt_924,gt_948,gt_951,gt_954,gt_957,gt_959,gt_983,gt_984,gt_985,gt_988,gt_989,gt_990,gt_991,gt_992,gt_993,gt_994,gt_995,gt_997,gt_999
2004-01-01,130756,138472,3424,5.7,NA,0.4,32.5,-1,36.1,-0.3,92.4006,226458.3254128173,391066.9251923101,1441073.8665778886,228626.64588323256,646549.8232140819,NA,6526.5,95.7,162100,10147.258234168472,1165,1911,1189376.3702492744,1952,114594.02602998388,169801.92373493518,99,101.5,186.3,194.6,78.909,79.671,11051.2,43.42977353660546,101.98887334392238,16.695,3148200,360200,NA,0.992,4.1659999999999995,-0.4782332245319575,-0.5906474792337784,0.3646602015917901,-4.180166497317429,1.609136696255505,-0.9791747057107826,-1.9422505630227376,1.0888729192859465,-0.09542505759348238,-0.7273050764758684,0.2131498691239499,1.637711337856481,-0.4470946759852565,-0.8125462339536714,-1.3947892930449313,-1.3363547533541114,-0.7673698468067861,0.7340520563172094,-1.2627554608063496,0.6648042863547511,0.05081595356158502,0.05626538692635629,-1.531106111600444,-1.249555778480699,0.6737246517665899,-0.9884245686529816,0.8115995626537948,-0.2847543955677974,-4.136060246357697e-4,0.21797361686470026,-0.4447390766517292,-0.9147526648356551,0.20419766237439652,-0.26160929604664934,-0.49152799388107055,-0.5580710308443874,-0.7620419922123718,0.12507724278257465,-0.20639407606339571,-0.9590613077602765,-1.0725151914741373,-0.08721907111461819,-0.5585853500951503,-0.12948084519863237,-0.6702889164784266,-0.7812753964624849,-0.5170808873716809,-1.2364327779377975,0.23503245033331938,0.9529000710323475,-0.7707229715556895,-1.4278049617106943,-1.229834192382897,-1.3653229209496958,-1.6038124374859202,0.6312930493365561,-0.7226275818352726,0.33724431272611216,0.07534973503121188,-1.128319852429366,-1.6771870608097532,-0.5249166215130529,-0.6952666221529755,-1.2148305906399401,-0.7074340341789199,-1.2252082386790524,-2.2022413825141363,-0.4945647586199088,0.9838568082883935,-0.7774044278836472,1.6190003736153242,-0.9843121880689076,-0.8187572201365771,0.1426478357373895,-0.2071336466535482,-0.2524690131196364,0.012693072128969652,0.39281047929919305,-0.98054490874072,-0.5003281471425246,-3.003624133005908,-2.047451422396911,0.3122656349177831,1.0559393515955022,0.2998271425086027,-0.5460249185933489,2.668898032548977,-1.0905581643742488,-0.9391103739839072,0.6511253779686331,0.699109004224539,0.8950807300443038,-0.4671154534465503,-1.0480468629114295,-0.5660559003047557,-1.4795055091654508,-0.7542663557320393,-0.010926347584357857,2.0938817826824154,-1.2213060432798837,0.33013072356996753,0.21262629062347072,0.5308151566008402,0.10588211946118248,0.7465523880264407,0.09352871950830112,-1.1068966083088105,1.163030859953479,-0.06595251937146628,-0.7066437835244408,-0.6512982864738006,-0.1876007843341588,-0.7745362970345133,1.5312333969290748,0.11053959848953875,1.497534346627996,0.2021450600775382,-0.2022059292508069,0.8089824121279527,-0.010426360182649965,0.523179405067413,-6.2477390097679875,-0.01425848705539925,0.47286560798469734,0.687124899549375,0.0019624214665217707,0.43340221896069703,-0.8284539308063155,-0.6179421225287689,0.6309828748446947,-0.13207795451918034,-0.9755492047318263,-0.7479782980521303,0.06612171568206866,-0.4409204518024867,0.16303820357483143,-0.40219870722647605,-1.2228666207755252,-1.0994752355357231,-2.6121073888543207,-1.4270448897226506,-0.6353057461087038,0.8828637954307614,-0.5263403502609973,-0.22789854671752285,-0.2260435167810461,-0.8583257303540957,-0.8347774446677215,-0.20786674184153017,1.180597729648218,0.6513961732802479,0.8278674501322846,-0.48985759158952435,-0.10165726262469219,0.005014779947446281,-0.08701875212881952,-0.8229475581317116,-1.2015987260125003
2004-02-01,130821,138542,3532,5.6,NA,0.4,37,3.4,27.7,4.4,92.958,229727.98664592736,395437.3585239703,1448947.0155765605,231215.14473234946,650975.6313466622,NA,6533.5,95.7,162783,10167.811120806304,1159,1846,1185949.1381817723,1966,118861.36297532785,173812.86594079187,99.4,102.2,186.7,194.9,79.077,79.8,11071,43.93186387950985,93.69050233328409,17.032,3114750,360750,NA,1.0075,4.0825,-0.47411152351541347,0.5361069120685703,0.5624438131066953,-3.3799804529395243,0.7679779084351797,-0.45900539845895927,-1.532420809977664,-0.23463488691469075,-0.3900833428736072,-0.33963920527132085,0.2053773771011364,1.307711745983721,0.0035890370476230923,0.37658895522817615,-1.4490384780528638,-0.9592192195864903,-0.4528703362229084,0.31057577853583984,-0.36786937571577166,1.0525157979584077,0.8989324519461835,0.5934839767606589,-0.5042847724260294,-0.7696055267747183,0.9830250859873828,-1.5049939101076664,0.1566784028854927,-0.5888833046197114,-0.7207549573506226,0.04254184810004545,-0.4040756323258678,-0.9738799328267952,0.40729632451315717,-0.06422056285539272,-0.39075801650191744,-0.44640499030253594,-0.047624059254753326,-0.021396840935878476,-0.2666935223621189,-0.7937205749450809,-1.0716711828790937,-0.5498851115375106,-0.31422492762018056,-0.0037221665406809287,-0.8581274325345625,-0.7782326737993253,-1.5292295480455063,-0.8784748731673838,0.1405462208302396,1.7450569772829758,-0.8922745472947267,-0.599177176896666,-0.24497112968412016,-1.3425592883366124,-1.2583349755902404,0.3432650101940641,-0.2049736810331426,-0.7310533572818076,0.18175300714297446,-0.745296686618048,-0.893785672017742,0.5586590244677826,-0.46216361877229434,-1.6453521065178,-0.45517706891924375,0.4118451779736421,-2.3682480950255287,-0.4927526726157497,0.9971891150097459,-0.4207900037783773,0.5531037169198133,-1.1336828629443925,-0.07348137285459211,-0.43190089853079155,-0.3784471087883768,-0.18371811816563058,-0.02501426161198183,0.23818326515321264,-0.7783023279738306,0.14548641133102214,-1.9313933207949834,-1.8908535070704002,0.31821098138606513,0.7102908159438821,0.4233021006653016,-0.6890665731331598,0.9084177288026124,-0.11624106889744608,0.3808382341398181,0.5131971560889934,1.2763087969604596,0.82913157055271,-0.5141393495020039,-0.6547930667708497,-0.03345427370459178,-0.8543206694601088,0.27734178147128774,-0.2871342709655671,2.5897768848589893,-1.0377357858423533,0.5771517084442925,0.3946246094079995,1.0214069170421796,0.25019023770078314,0.6539376236234559,0.5889772165343323,-0.4634648619230112,0.38133269368457107,-0.019035374798132235,-0.5494533264299242,-0.557521587323228,-0.3972689365742316,-0.46990396101343884,2.0830434476424724,0.5067461207519988,1.115949600414439,0.6785168432189226,0.1623617849405423,0.5142615057816043,1.8374531253298896,1.0700502640618546,2.6957719564347706,1.0252174509912197,0.7012023288394236,0.29817716173455566,0.7264392377616253,-0.2841958410904967,-0.5861945957315171,-0.9796756785266838,1.0525655167007286,-0.24696827328268675,-0.5723057333103846,-0.4590625651707323,-0.2890027051031697,2.2289337579845454,0.20934989867304937,-0.3334166911143473,-0.7093106530399916,-0.2391929452469727,-2.7791274264815535,-1.5155049302895198,-0.48626087198845763,0.7836933455319359,-0.2963358452703598,0.6813124839516332,0.08761603920615058,-0.9094207313696763,-0.4459669516673584,0.030755203532674625,-0.592279361932572,0.25169502349253414,1.0029976566084828,-0.29770050187790625,0.007659155791612093,-0.015611630189292276,0.9413478421098045,-0.6988671186772344,-0.7243392867919218
2004-03-01,131140,138453,3525,5.8,NA,0.4,32.7,10.8,29.6,16.5,92.5861,240999.255041099,397333.29966287455,1461244.8930808639,238533.31481458098,659767.1687773835,NA,6563.8,95.7,165404,10225.886690488516,1276,1998,1213599.919190899,2066,121942.19623985152,179644.94501193197,100.2,103,187.1,195.5,79.199,79.934,11115.6,46.414727458680034,95.38846332619188,17.247,3046250,342000,NA,1.005,3.815,-0.4924466932516138,-0.2548905721869692,-0.5960699441685304,-3.035222952422141,0.04666083966722478,-0.3454835330410731,-1.5924979885325825,-0.42335674807525764,0.2649642068388888,-1.0806417032829005,0.3821724934171156,0.707994982342229,-0.03039104576037186,-0.05667159487730741,-0.6374396463477794,-0.7806269409805117,-0.7560940069967244,0.5037648201099436,-0.9138401458714747,0.6520740535635005,0.05373333042558742,1.1593544870186312,-0.8548698432009668,-1.0273095551594658,0.8421169564460609,-0.28979472040469384,0.38782452449813554,-0.014252666092474539,0.07623739326917718,0.4447736393757932,-0.2609534419887208,-0.4252435383242649,0.2802377993701256,-0.15902454432518298,-0.42861535861141525,-0.5512252467832592,0.16083581995422236,0.06201735125980518,-0.4856130018846841,-1.093061815300347,-0.7624335409003363,-0.4754797840660648,-0.5623516159292802,-0.024501875475919307,-0.544922260393253,-0.45799255713891857,-1.8485530915874109,-0.1979409190449211,-0.1614085946598009,0.9213226798015828,-0.919535802739578,-1.1958989684268821,0.0319062788733843,-1.4379541845062982,-1.1322529743938023,-0.4263194221198568,-0.20483212147621585,-0.9388333078117926,0.09852193594243042,-0.7940594484978417,-0.9880279244876291,0.7403708664627059,-0.13743764043522597,-1.732651464869229,-0.7614963662609583,-0.2477557994663851,-1.9088291758415838,-0.6288826226007923,0.08716629672426476,0.10834968635367347,-0.15579974858313886,-1.5447697713849518,-0.34467449910596343,-0.2823933784897317,-0.3440650136553589,-0.4155517576530176,-0.35825151123797727,0.08066978530299797,-0.5311670680322582,0.5411299085370733,-1.0809703991559074,-0.6307868391896032,0.8653257789140711,0.3127207043713053,0.21043279172493143,-0.08370446472719272,-0.17568965716053048,-0.07504313285385594,0.381155495508569,0.5080237167221969,1.7080537200135004,0.7628448983759052,-0.3040774695477978,-0.6691876960795065,-0.384387846761803,-0.7524465447934038,-0.020408097463928403,-0.3766539626645401,1.7093344088580393,-0.6338054782977361,1.2997790035388954,0.10149076565743118,0.7893942693368515,-0.1970829430342267,0.4875086156425201,-0.10726392035264003,-0.39753990543414036,0.5738385876782108,-0.02293044794798851,-0.6983193782938742,-0.576641281291705,-0.685849052504526,-0.38202964004860623,1.4143294257340082,0.1733963268582324,0.6517268437974983,0.8031843599736712,0.6594588675392601,0.2600193565232976,0.41230257575376605,0.9500913109433635,-0.5681038780349784,0.5805903027938883,0.8301681972233385,1.5635213601623394,0.12555890834067318,1.0533996514280681,-0.7138645020645814,-0.32721693071938124,0.7593531666578685,0.10898832188578901,-1.3331624508292612,-0.2169883695015055,-0.7179674013963658,1.7573662203610891,-0.022806689126670956,-0.4934039231465685,-0.7668699801426586,-0.32890046243537835,-2.4569170894145205,-1.868055792314538,-0.46572462817411664,0.9510370036966831,-0.19308272816555092,0.45153298298770694,0.12684531634839205,-0.8522430075134222,-0.6793532538506357,0.017836067718007047,-0.09967312662641005,0.5854526675288313,0.7833945577692707,-0.2877371114118771,-0.15145732304988346,0.005385053883581119,1.258028221192075,-0.17176262478246443,0.05712299121466964
2004-04-01,131412,138680,3511,5.6,NA,3.5,39,9.3,32.3,-0.2,92.93,232359.53923323168,396632.47044589516,1469638.9473114451,233996.67280014115,664387.6187835556,NA,6610.4,96.3,164012,10217.52829380183,1186,2003,1219471.6809921104,2070,121305.42182340634,179542.76208000403,100.4,103.7,187.4,195.9,79.346,80.142,11153.3,46.24051622009931,93.95814417725572,16.898,3000750,348250,NA,1.006,4.288,-0.338705382652436,0.06432453753992234,-0.44484055171942205,-2.4562421916443165,-0.09336407260980237,-0.37060407137029044,-1.48178740532231,-1.238860506584856,0.4589304622294025,-0.6888697776730679,0.4508521836050939,0.6998764878202399,0.13824427995909272,0.7751408462700021,-0.29924499791325065,-0.5821261240802614,-0.2742179436410846,0.5840749287132571,-0.9048612791348193,1.397758390539024,-0.21217724692670278,0.8823255597731375,-1.3270752587009056,-0.9913028119474864,0.05348572050582441,0.17078610165209562,0.18199432885422143,0.7557969375880031,0.09380333104228604,0.9094784897722752,-0.552899614603062,-0.6000824819533861,0.557279734445788,-0.11128476229266188,-0.9764874552032622,-0.5229178431404888,-0.20219813499096256,0.16047768744617474,-0.14769162920847495,-1.3078758565659805,-0.5839151239910467,-0.5336711026069281,-0.486537047946059,-0.17929039965346577,-0.8706518018169357,-0.44501586757273387,-1.0031414597683086,-1.124316570427815,1.3759254691607126,0.20573274986044496,-0.6823956307551028,-1.1863366533184259,0.18312779578035449,-0.9092608178950798,-0.3332225940719282,-0.4037349809370145,0.005244343706628397,-0.5697621848587271,-0.09625120259198637,0.04110150520257378,-0.6754310366744418,0.1975846748779948,-0.001458542833595903,-0.7717535337278816,-0.6753555481652599,-0.2775249039115773,-0.9219044312300316,-0.33855922019657353,0.1346309411572987,-0.19448606643010763,-0.01234323808739534,-0.21439345211657176,-0.3570528511159892,-0.1630514242969285,-0.24676580587259558,-0.4192236990721941,0.11361341005355323,0.0863610071716705,-0.6158993727493695,1.033039121392075,-0.7416824139777272,-0.6228691454360746,-1.1474719079013438,-0.3697714986754141,0.37264630289685446,0.1551770968679395,-0.6877649474734567,0.3528478742903787,0.39699494205343,0.5884765830418813,1.2246744795055424,0.7605212062948894,-0.030310788383011458,0.006992333526408216,-0.4177674078302364,-0.15582029566150515,-0.45444868754762674,-0.4278614370656123,1.8768199457981554,-0.8244146720427495,0.6798013326281149,0.5787110011482348,1.2401907286980243,-0.15203723963003532,0.6218744267864674,-1.0006480202939136,0.45268938654502167,1.4579031586479148,-0.011501718505966152,0.11213181462087712,0.05916354833325615,-0.47172873475277455,-0.3975255363136263,1.292243305933751,0.13765568950438567,0.6417831015193879,1.4213268760906295,0.5880007772141204,0.7293927396137609,0.5614115014140408,1.195720064331217,0.22467964958361972,1.0165334129285917,0.07244296737603963,1.7832284046121492,0.006944138409132767,0.835058665180268,-1.1175417533209915,-0.6301411989266329,1.511766936781349,0.24344312595881337,-1.543349096651494,-0.4243921940568504,-0.9194267755341701,1.94037825343892,-0.02530392487992664,-0.6624805531052276,1.65963566997155,-0.6285989409935949,-3.4431065125155653,-1.0511845420752122,-0.22575720729929577,1.7475237221877375,-0.26013659700809894,0.7192624660801946,0.021950641824969863,-0.8347610785177119,-0.5276378448745036,-0.0826587388339244,-0.06143577802448319,-0.1975289124564123,0.9074588227269963,-0.27379211900721157,-0.005921683378313007,-0.006506009944717854,0.4473933919998599,-1.6488266206927864,0.17325796466959875
2004-05-01,131697,138852,3710,5.6,NA,3.5,37,12.5,28.9,8.9,93.6013,230464.54952012462,399827.89809557307,1477205.0906309488,233242.0481382845,667112.2054168133,NA,6684.2,96.3,165296,10271.468770413547,1241,1981,1224035.2243605847,2150,123177.22727501129,181600.17084568614,101.9,104.1,188.2,196.2,79.604,80.252,11208.9,50.600472338073466,90.06727538292948,18.186,2975600,336200,NA,1.0025,4.7125,-0.2304389807628407,-0.14228365466757326,0.15061057911407272,-2.8897857206352517,-0.24298458720882965,-0.9449082383306189,-2.1819695942711697,-1.2961116432655413,-0.3831664673665539,1.0721286951228377,0.5137736510033161,0.38687485076809036,0.044943806888918525,1.0923464296784213,0.2125979936291714,-1.189700008723096,-0.3906266996254125,-0.3750585907612097,-0.86491909537356,3.876813065749877e-4,-0.4432650376929092,-0.14545610473421433,-1.4907282035776401,-1.447550173149585,-0.03630464395649646,-0.011340038440455008,-0.45773538173802397,1.9470303086500529,-0.6091870832977682,-0.5362430249714152,-0.7271087220914579,-0.9630894201169787,0.29799481252605764,-0.2399275784061061,-0.7935164298106224,-0.2818881629140923,-0.5329273138968814,-0.13107370462201504,-0.836954072678486,-1.4060591152424184,-0.5534965829890207,-0.5423702281298256,-0.5402238118261864,-0.3515784651522858,-1.2218260550713875,-0.6875416703320154,-1.7433663313252787,-2.083450730686632,1.0989340233870069,-0.7022676612069159,-0.8627596142932048,-0.9448275766540406,-0.56153571701293,-1.148941618175911,0.21909959397631898,0.6625299979229023,-0.14838194357215398,-1.2764466708819813,0.5309519034124156,-1.0265807676961243,-0.394351203088419,0.10709434145262271,-0.2413221054471043,-1.0225528203480538,-0.5865293742545997,-0.6589999829813711,0.5574908620243374,-0.250274916225074,-0.7243583566133618,-0.8005126395240971,-0.2664922164893483,-0.6730402450051253,-0.3874182899163196,-0.2626254346915226,-0.8921775893708126,-0.20649949435031437,-0.46100128699266807,0.009093201107176504,-0.9300755128460038,0.2941909070696714,-0.4077172832542772,-0.708039529932244,-1.2725713531196958,-0.31849241877861606,0.07422732463384658,-0.8565333880298196,-0.6552073771384566,-0.7335437171550063,-0.05767444964915794,0.3380628910658294,-0.6394663441489781,0.3878177787739058,0.3005425587363485,-0.11393424221853521,-0.6601479078541892,-0.10379551418860919,-0.6656713455638905,-0.44033613640010416,1.150639373443392,-1.4439714044097298,0.20639402833671253,0.4820132737019886,0.5364260994042284,-0.23445905583490972,0.4867665916345339,-0.5890893591184929,-0.7179282922913284,-0.9388547237648825,-0.044868182849781564,0.6585404989152351,0.060753431073375004,-0.7929047887034252,-0.6277778898285147,0.8154154830929533,-0.14486509542103201,-0.21572305175118064,0.540255503849907,-0.1574496718876021,0.68225613916756,0.47660623640755995,0.7490709608564949,-1.2335764011061756,0.19158872385874837,-0.3762051386066393,1.62903123861083,0.2285306060913709,0.5736510497485505,-0.8127508859344406,-1.0469545175794681,0.11931090270775117,-0.34617271039646624,-1.3910384034848464,-1.0202726137359852,-1.089260186832326,0.7446254354150775,-0.557762231742727,-0.697303330186054,-0.9433869284922362,0.08460171855314823,-2.8045229885506147,-1.5134493341194082,-0.39501589497041456,0.615918040964035,-0.6137880858986398,0.20258555367187733,0.33428498941135915,-0.8697065774780635,-0.8573353135662095,-0.18776325065685975,-1.4173365044689683,-0.7264961334840787,0.320653498486506,-0.6097488053876441,-0.04929900663117886,-0.00286156050818116,-0.577516581882437,-2.3417741911654617,-1.3113317590988625
2004-06-01,131794,139174,3337,5.6,NA,3.5,27,6,30.6,7.3,92.871,232541.24337663312,402080.64536333,1491309.4973009294,234373.8647893675,670769.500569954,NA,6710.8,96.3,163646,10218.58676454009,1180,1828,1231460.2096929764,2020,119785.54696796983,186304.8189299896,101.7,103.4,188.9,196.6,79.831,80.379,11215.8,47.62560909922211,94.8619562339933,16.173,2950750,349000,NA,1.005,4.745,-0.17676972453476264,0.32429030932271663,0.6916536456353988,-3.559590623839912,-0.6168613272329605,-0.5990158234027511,-1.6812212169977103,-0.4097119610157031,0.4265742446587798,0.1868223728161351,0.5648983092564278,0.09758244536450107,-0.28774331792270574,0.6897911528368398,0.5216440448342647,-0.39013160171424793,-0.6052550522381857,-0.7137448639082492,-0.4809833623363835,0.7705525100210295,-0.16834613537371212,-0.333541553207815,-1.160801576127827,-0.9590530506411679,-0.22582542789525487,0.12124413658550746,-0.25042119468567964,2.291580872211245,-0.844090939548746,0.4060948214583658,-0.5027716378384007,-0.2060321917328416,0.240845396400202,-0.11333682233563969,-0.4516646680519395,-0.2756807589965954,-0.21209429969572374,-0.17883775649887534,-0.4458701321405324,-0.30734638153025395,-0.04445287894807311,-0.1950636553706244,-0.494309633363147,-0.053520318395239075,-0.6606940004299885,-0.41011768000118026,-1.1784838719422912,-1.6267047073184093,-0.48329265574658603,-0.6714397019197006,-0.9675278464846336,-1.0600907788948561,-0.9527145058309638,-0.14336986224964735,0.5694082357006303,0.46791417815356395,-1.1795178558638115,-0.4223813114860742,-0.31465327811042954,-0.2727159517951025,-0.03665244357720689,0.035625866143113256,-0.08898310718396096,-0.44772684908380295,-0.3854775251103675,-0.5077076725787316,2.2515693062480464,-0.3483327578240517,-0.07449529978087607,-0.0211020567869624,0.26102132108071124,-0.9188912670576832,-0.5112906568762584,-0.5434380732713188,-0.6752089924293498,-0.13672283963041099,0.3006069238632163,-0.2755030865703566,-0.5421610077872772,-0.07868350241301682,-0.1077267487202729,-1.2803399877917205,-0.917415458681657,0.48032950943219294,0.3371356667882873,-0.4771723162358731,-0.568549773955282,-0.6666902967304056,-0.3600336153147135,0.3340094120130356,-0.6229864985703676,0.6115735551585252,0.30294747100126185,0.015936863058084037,-0.6061073835157157,-1.0270621265755993,-0.31478556664627794,-0.9825544649429037,-0.8082326657366234,-1.302769280095487,-0.2681112642580934,-0.3029515930885604,0.13254712860975354,0.8068955369749368,-0.8246855063112292,0.16491979717129984,0.32002962254954387,-0.7667240073124084,-0.04255551183045016,-0.5841043045803618,0.08602999284045604,-0.4461214310145555,-0.512348711088714,0.775910095491665,0.14299819381070425,-0.05063585171808445,0.971334957834002,1.1146729287238832,0.5677288966032806,0.42045840199864826,0.1571398540008112,0.5297675178331979,-0.08169576063726804,0.925925173230235,0.5126674727332379,1.5662410923666068,-0.05988332249269154,-0.3167866405285571,-1.1370747761853706,0.15622780014662913,-0.3512830899742049,-1.0962815142943818,-0.38949165792477936,-0.5490679650490918,1.003604497611348,-0.4513304086439281,-0.5197096766488335,-0.23441419904893848,-0.6712897431545172,-1.6862382902805888,-0.32054536194808786,-0.09976444640964297,-0.40780668314638885,-0.5547200014414531,-0.1263675241701444,-0.10413751966850973,-0.65457043051252,-0.6309074580877464,-0.2117867226739157,-1.171147098223627,-1.189935892910144,0.7848227025438044,-0.33602367450383697,0.05025430127109665,0.004835445934155979,-1.150154402511121,-1.975315031002641,-1.0470228454970143
2004-07-01,131854,139556,3814,5.5,NA,5.7,35,6,34.7,15,93.5649,233821.4129278518,408926.8506351292,1500057.3330039042,231891.6213002941,679946.186095989,NA,6769.7,97,164823,10308.366184844503,1088,2002,1259225.3300794694,2112,121061.26024654278,184315.12420999937,102.1,103.9,189.1,196.8,79.905,80.474,11240.5,50.922971028095866,96.4570157050335,17.309,2917000,343000,NA,1.244,4.522,-0.1301689243474225,0.5054529340783654,-0.4105431912269142,-3.9918319228538697,-0.9511751204546585,0.40417033032571453,-0.7279570897885493,-0.5411286982796993,-0.40483843655561513,-0.6285934601789297,0.44164460972414804,0.4947422043782092,0.32579437813353973,0.30632109600525254,1.2804972083384785,-0.2121499018118535,-0.6702201657135949,-0.01647107907824226,-0.3277130638809545,0.6718933316495238,0.26819316219193146,-0.2824304629532063,-0.40919475683837747,-0.7149966569751888,-0.3114318465988107,1.6677999475725136,-0.20809771486168113,2.8443355174101757,-0.6064355155405989,-0.41594537587705516,-0.3708783766380975,-0.18804997686355662,0.36390767425274656,-0.0017747121956327764,-0.5939254884263933,-0.5551601038305903,-0.7026305766461324,-0.18518204864865825,-0.27158245809134496,0.4917009771521421,0.23204173281058546,0.02684796356824189,-0.6959368063773105,0.21741401291267123,-0.42717155792012534,0.06201619980334761,-0.6233581821469248,-0.9506050529394049,-0.6076762783845713,-0.5366347722060857,-0.7544606131548409,-0.49530105238172945,-1.1533993884519722,0.3067040675902134,0.4794389898639409,0.37900207743869835,-1.6660418330786086,-0.030616892424408255,0.02879626815985624,-0.3384069230625711,-0.21616223622689884,-0.61251414209989,0.5002395780298295,0.3990819856134573,0.13109619246005635,-0.3628630980924631,2.5926796362282687,0.1685489363724837,0.13567092159955108,1.2820201417031802,-0.42166693950949347,-0.7702282280629016,-0.4367569068952478,-0.6281762055597242,-0.7159893815377929,-0.17660398046381162,0.9132232847549844,-0.3016344617076395,1.8366356427265085,-0.2969283574072491,-0.43193342041746313,-0.3610741324748615,-1.3122015759121994,0.9225841286380244,0.5970112166391776,-0.3438965957527893,-0.8866447312573945,-0.8401455695692052,-0.23008211013929658,0.7554961783463362,-0.044872760028768235,0.6038379910708839,0.40748065443872794,0.08181084468751589,-1.0478592119486194,-0.7133120178282852,-0.6998928022251557,-2.6394214446792006,-1.4883171937377064,-1.5032126683407558,0.027779318749609948,0.38530182064175716,-0.186867939270864,1.0172714651455508,-0.5318069867703586,0.3538552243080348,0.9079862387747459,-0.4811148454462677,-0.055394932754186284,-0.2681863785940605,0.13031245602320207,-0.2371958748168316,-0.35685473031882614,0.4262848418011703,0.36704349182166707,0.6880911476926422,0.5141723195117727,1.0807847930812269,0.6391697031678892,-0.3199267952517089,0.47329088224552723,-0.09605931444199256,0.7222029152647214,0.24619562614112067,-0.6325605061313689,3.9993768676999495,-2.07180102258188,-0.8677853819184198,-1.1439011430502348,0.1395357268828336,-0.7358619546795424,-0.7198979304090581,-1.5168843499799243,-0.41934132056025847,1.1886115109346413,-0.5067157023586994,-0.47004916701672933,-1.4005385629713674,-0.4482504425317799,0.5210695496497036,0.5364356901462854,0.04906061207518614,-0.8393305634871736,-0.5239905284632612,-0.16884834952618225,0.07316914969974511,-0.738593994494927,-0.5632727823537891,-0.28599790457027363,-1.3390233848745,-1.105905121338286,0.4873434325711986,-0.18491668484604679,0.10348854846733226,0.006196067815018544,-0.8067480559973403,-0.9296792599182685,-0.9499697044104095
2004-08-01,131939,139573,3541,5.4,NA,5.7,15.2,3.2,25,-7.1,93.6277,229815.1252095164,412906.2116928927,1509093.094855578,237213.86936181926,679886.4233357516,NA,6809.3,97,164478,10346.483876616718,1175,2024,1267875.8161759188,2056,121504.5155479949,187206.36429589975,103.6,103.4,189.2,196.9,79.946,80.505,11274.6,56.21294373702249,96.62177264947795,17.157,2891500,340750,NA,1.4125,4.2925,0.0962512198096936,0.31477669358439975,-0.3456188360614559,-4.293681328812361,-0.9781720245857456,0.8462624734677227,-0.835811781882897,0.7680901143196336,-0.34690377833432817,-0.43335707006145485,0.4562457150329365,-0.3480867979261824,-0.10924326922150147,1.7156801068549157,1.3214970219891424,-0.2253244544555179,-0.0987241551683901,-0.012001364724785902,-0.3635244170513829,0.24000674612585307,-0.43797242951343257,-0.246442397050315,-0.8250326569401748,-0.671536317231555,0.05500096632566554,1.1089085495503925,-0.1292080692324484,2.281115178853704,-0.6667877375609029,0.1781854801952404,-0.24451095001748335,-0.47575648669040277,0.30319433007354146,-0.0078568149513724,-0.2625593317009878,-0.9590022345736712,-0.7131830190326461,-0.14174025615195276,-0.7230562742929817,-0.3557180227477904,0.05981602462393381,-0.08701334403231717,-0.7137685502047455,0.14005702287035018,-0.38305017786403883,-0.5625660881101355,-0.1307657425158398,-1.0741459049756656,-0.5357325221493014,-0.0857737154818884,-0.4488282912209434,-0.3118418975719368,-0.6611077424776748,0.27829186730029926,0.4772458514319349,0.49736792782138056,-1.2232447758008296,0.5719398587984075,-0.6480471731818706,0.8691609708512864,0.004701737779423532,-0.7624069125512462,0.40342002359204215,0.6417129636220337,0.4081427635051468,0.48328070352614216,1.4925728011752764,-0.12790299833362412,0.5094851993963342,-0.8402581697720326,-0.22376387451499563,-0.6977649879065846,0.2711989789675368,-0.7154490498244805,-0.508693080317409,-0.12365084925082483,0.4577548565207393,-0.1512828862825623,0.72279185537178825,-0.33743583930759485,0.8477236228855849,-0.36702301492762596,-1.1033721784479622,1.548074480449773,0.7599481889078364,-0.7591599649707426,0.23328601015895992,-0.8954881166780937,-0.3453606603210606,-0.12361958128318247,-0.31002132143906797,0.49031811485360083,0.09790828234793496,0.18426594807675759,-1.2007712722976553,-0.7411563383214856,-0.9808786469626705,-2.631976805099875,-1.1187604226767514,-1.190986160608232,0.004970342821486264,0.9414272208266409,-0.30256816029549116,0.4520121711351151,-0.7149471977382583,0.09847572632895636,2.0779169896120546,-0.13628175008731439,-7.260131620832091e-4,-0.19563320322416825,0.3311742512328266,-0.7124278488131403,0.03199523246993892,0.4966221622063345,0.25408026878686807,2.747591561199427,0.28592839168007256,1.0899251387191817,1.2184456703893074,1.238319815025469,0.49835442794288287,5.200149136158965,0.8136699346641745,0.19417298755487117,-0.908033331377699,2.3875165893332824,-2.7290151514660645,-0.6891083157813256,-1.0173090025373726,0.17154622413955123,-0.1648603405212109,-0.48355652284293327,-1.3278936331865057,-0.6834109206093125,0.9885406780560949,-0.7232830711923532,-0.5733665539910242,-2.130742197555194,0.01873169259967266,2.4582154148546747,0.9023075254451641,0.12135017730759425,-0.424660256863408,0.08025950969772129,0.07411230196608704,0.03925195321899306,-0.47284271473301676,-0.3917376837354513,-0.48047181385280574,-1.0546836493015375,-0.9058668311956876,0.18925894357914025,-0.028439723272632677,0.2714956632102064,0.02286799038000835,0.031145979458552714,-1.0608041430251085,-0.950829924195094
2004-09-01,132089,139487,3821,5.4,NA,5.7,28.4,4.9,19.6,4,93.7467,235249.17607110756,412021.8715669629,1503766.5672193612,237360.18176370717,684131.8785578747,NA,6832.1,97,167253,10413.337661040647,1214,1905,1263457.5052431838,2041,123127.43433536403,186274.0936782183,104.1,103.8,189.8,197.5,80.104,80.656,11279.6,57.36292819334865,94.70475876058904,17.875,2862750,337250,NA,1.555,4.145,0.3021273834675783,-0.7394216627194738,0.06284357473779058,-3.178716642368338,-1.3013015852077414,0.7651491662252466,-1.7232456917663848,-0.6342748382156728,-0.14429374228134803,-0.09328594068409442,0.35640650611876695,-1.497394227366283,-0.4086376533238992,-0.02826709896483244,-0.1866327389574965,-0.06093455742942604,0.35153848358866713,-0.32462486199685797,-0.316490041816106,0.3029893289550634,-0.07455382088477418,-0.04746007557664599,-1.187575824382401,-0.9044776631707554,-0.25667467758516727,0.40064533049378487,0.2165180309925024,0.5868737274931473,-0.5488377470891651,0.3876845857131569,-0.2990947447503392,-0.6074225604188961,0.22347302604138708,-0.059850315948396876,-0.9985346268137456,-1.2156975688656109,-0.3988469313505462,-0.18392573586888897,-0.9760383698914078,-1.48649688841993,-0.26876242183551186,0.1748498926473265,-0.4767228056443864,0.2463879520755892,-0.26008611761177536,-0.9741638430691125,-0.8210815381492429,-1.0768754685890611,-0.517467909166813,-0.17894006710176366,-0.3564463773549318,-0.58501008700184,-1.089946636646376,-0.25715957566358477,-0.0021556824112249962,-0.34182102526818486,-1.1329949247038877,0.494684026270258,-0.5330916752409907,0.37370357404776866,-0.6728861492896586,-0.9618722603362316,0.07957007779984214,-0.21079788625139595,-0.24405522719106904,1.7361152132008195,0.07290120614896765,-0.17690145403488425,0.3457505186281388,-1.229069413468709,0.6239529242241314,-1.6858981249303868,-0.4986518359630899,-0.6363244318180076,-0.591014489932249,-0.03287793357842576,-0.24642545556183337,-0.007112919628254581,-0.03357290355678958,-0.8559375287615696,0.1416421789056847,-0.039941961962249355,-1.188970301070238,0.8833273758795186,-0.04570208220368612,-0.4859324337059485,0.4266154251221814,-1.0028419382808762,-0.5602876724144645,0.07454601727318967,-0.8677289222054292,0.39148018213370794,-0.21048777245151398,0.36160951517935985,-1.7972277531747305,-0.9774806403761065,-0.9388042342523316,-2.3552119568744487,-0.3046503584139478,-1.5563424771335403,-0.5797341918791568,-0.0663383057424292,-0.13404261916550111,0.22528133198868905,-0.4701549808289073,0.005242477463048207,1.261637555313373,-0.01226345854376791,0.12330956578146908,-0.3483077373584997,0.1599210600448127,-0.5535107617981571,0.08686285901381872,0.6737494863836672,-0.37734440763798377,0.873356741017906,-0.6879106700995223,0.33331839337279745,0.7782683417247277,-0.46307526374334806,0.44917878064290123,0.2557073050642417,-0.18250746832664472,-0.8925935849152312,-0.8449284088123393,1.108752438409159,-2.321130965349686,-0.6720228102764618,-1.2741313959055098,-0.23282975205086456,-0.607204313047351,-0.8519579957920864,-1.4119870417579459,-0.6606090834405881,0.44428793091241964,-0.5242770467692527,-0.8905004266338923,-1.7054743167612065,-0.47068833466639665,3.5738520033793697,0.23796856194904745,0.09838448121211757,0.11279697488217015,0.01226486450247222,0.2238443890141048,-0.28663921345728616,-0.4200621078458104,-0.6140447835938203,-0.8549039811508139,-0.494425729535979,-1.0297492671015245,-0.08051256953091565,0.071217741904869,0.06402375022667331,0.012077771344336893,-0.0768767814687989,-1.0967262940350877,-1.1276644098992048
2004-10-01,132429,139732,3943,5.5,NA,-0.2,24.5,4.2,26.9,2,94.5465,230194.65990453464,416633.1046141608,1504622.7896762262,238009.645982498,681095.8631662689,NA,6855.5,97.5,166916,10437.92263325378,1305,2072,1262578.3114558472,2097,124747.66308671443,191785.99840891012,105.8,104.4,190.8,197.9,80.448,80.831,11282.5,66.04266109785203,93.12168584392238,17.514,2778000,334000,NA,1.762,4.092,-0.06393758874386413,-1.2274310549858476,-0.15966830077033844,-3.0380878796960484,-1.3525537198904511,0.5202051719003243,-2.0849269603807663,-2.313756487689635,-0.355474623510528,0.10897006227626561,0.40191702572940685,0.11311331455405478,-0.49374115429980314,-0.038972134116516746,-1.343477911330265,0.6977919530825482,0.13715633483691303,-0.7318375120707733,-0.3350704553797384,0.17757912553264812,-0.027209934173826146,-0.6366921058149315,-0.9847052962678494,-1.259170533679279,-0.45761861477437044,-0.43179960196573153,0.3871621733080021,-0.004019686200276574,-0.354645526662504,-0.08815821087511076,-0.3993487258330583,-0.6379824968036935,0.6637595043777353,-0.180236058825005,-0.8712784113604837,-0.49829893856249996,-0.741568255248256,-0.17531607768467683,-1.0242531181668173,-1.5587527398034469,-0.610246853642578,0.4992175670839842,-0.45267539042036087,0.0916075804230237,-0.7480628843059297,-0.9034706491536868,-0.8592939556000966,-2.0714432550540463,-0.5452198084970847,-0.09057728960960407,-0.8387869690990312,-1.5132735563269433,-0.24927402015890082,-1.0367219351314323,-0.4998627541468169,-1.6801069938456337,-1.0299916634188373,0.16589054581298238,-0.5256020879847362,-0.2811726334648975,-0.518006452663003,-1.0810254873155438,-0.5416502733661775,-0.9166122035730367,-0.48596184389068403,-0.7794452482104999,-0.7302684092618601,-0.37186767019060746,-0.021845822111493923,-0.9776322726437028,0.4645927503762482,-2.1613515990274323,-0.8357314563258951,-0.5532308123524007,-0.5895600838999391,0.20538886215827684,-0.6317537128557424,-0.016686018766502133,-0.20634466811823074,-0.9906303929590183,-1.0862692139205385,-0.8100307060840791,-1.2142661968175865,0.9017489786105659,-0.26675020423996143,-0.18795233340840925,-1.058906538923239,-0.49763202708110144,-0.23313191496677418,-0.4194621226596099,-0.6981080956401595,0.7048016137949582,0.12064668664891161,0.9549380893376388,-2.047339230104939,-1.1764928641924826,-1.1061427927841523,-1.7144949433489967,0.07229969309269543,-0.96196952240804,-1.3829143401461625,-1.0616237459064417,-0.07922524770026841,-0.021323000485156136,-0.05052042515855065,0.1964258895277974,0.04648430722436683,-0.05724539659029096,1.8232374783068213,-0.3771388385409955,-0.2870384847805743,-0.35787320203622414,-0.16608307923283058,0.6303601637161294,-0.41688445575183186,0.16629922635752475,-0.34066464914692,0.06278811380601484,0.5156326507662035,-0.6644333175241189,0.4072003674643048,-0.621248228701001,-0.35844955327266925,-0.7001508136167759,-0.5951139240787431,0.852476147207833,-0.3367273669184872,-1.0557467616745821,-0.9045327522209288,-1.6442628414675489,-0.7579714970861795,-0.9884111624944347,-0.8217793629993186,-0.29419959714156474,0.751343747944798,-0.5260372227771601,-0.7464680950770285,-1.4396255961522528,-0.7455813109571944,1.091336870886258,-0.37194571789060166,-0.2688018393055894,0.6117874127961718,-0.3744890880126706,0.5942109221395409,-0.13698252212811698,-0.29701001190756704,-0.8083909915437508,1.6164856339209701,-0.9605129295635476,-0.7287446050847954,-0.06548393737811033,-0.09569747816057897,-0.166128921155206,0.013212024521133266,-0.4123124605928944,-0.8864889975787327,-1.7431965836125136
2004-11-01,132503,140231,3472,5.4,NA,-0.2,15.3,-5,19.1,-4.5,94.7813,238422.19965823818,420181.2823497363,1519983.6034886912,237788.2067411278,686928.8491542634,NA,6854.9,97.5,167199,10456.549196364447,1179,1782,1266740.1372000298,2079,123794.54667029892,195394.88347903613,105.5,104.7,191.7,198.3,80.758,81.005,11246.1,60.006438990564405,94.15267542725572,17.362,2734500,328750,NA,1.91,4.1775,0.23991401745824018,-1.4193900241477297,0.3813729086541567,-1.8217020720688746,-0.7869422803103688,7.564758719320682e-4,-1.8981221687420855,-2.163961531583234,-0.3217551794172283,-0.17382091463113092,0.4656865319384628,-0.46027617280313277,-0.48351208792396827,-0.49657454698142556,-2.1718513567196234,1.0223417925948417,0.11837476242988328,-0.24360459677288795,-0.538887074450031,-0.19674029784829916,-0.4010404634271861,-0.5961584398559134,-1.3131229415576775,-1.587685545260699,-0.2495429160651222,-0.7146204273861613,0.3630055807776778,0.11621297303524512,-0.45737824754055384,-0.21785081247598825,-0.6895836422059444,-0.6410027813654358,0.8950309611243282,0.12568219954133086,-1.2873407684682987,-0.4491810350450781,-1.1641026576774123,-0.3063524459820404,-0.3848194049353182,-1.498986632431785,-1.0200364142094114,-0.036873595519360126,-0.262068496693688,-0.12594153484325468,0.5497219341394607,-0.9415615883363587,-1.1224169675439444,-1.6224601987534226,-0.3963475358867405,0.35193482007118043,-0.37737702551688596,-1.952230873468804,0.10611508289904109,-1.2659011060848302,-1.2866360297327177,-1.3789131981314575,-1.413878802987485,-0.45154716008892176,-0.5380178970856098,-0.04309465847348431,-1.5948807012755815,-1.1792821106822873,-0.6195687948550818,-0.4113391798494257,0.23900737375145306,-1.4524214013188983,-1.0010950843618038,-0.5037763399275131,0.44503925267171385,-1.3537524796860316,-0.4359926862609664,-2.2194467660000434,-0.598338872164456,-0.2423097166107358,-0.2195757223029416,0.24058424634020933,0.07809457876867308,-0.15881091903523492,-0.27849748279060865,-0.9110817677811566,-1.2929677255200598,-1.1454279489454493,0.17839214471326603,0.15092875754894175,-0.5534808817373992,-0.5817492104193813,-1.551150738816201,-1.4302459784057175,-0.7364658536729981,-0.2320632458036644,0.4485249349079599,0.7042404956737339,-1.060396161053677,0.8957398191348322,-2.0435190237745955,-1.5930816658788918,-0.944809938075314,-1.2670766468086194,-0.6364035517450533,-0.9238461929418295,-1.5309807453642656,-0.813218945824296,0.09554122283678743,-0.12198114819916418,0.11271981101816789,0.17912967754072817,-0.6212951819523872,-0.1991929774760403,-4.504684926506317,-1.3664076447433984,-1.031424283131443,0.060250291363107875,-0.0946374893250481,0.500649036803962,-0.2898662168099479,0.03322698785866477,-0.016520442426267382,-0.049613374758264224,0.7417443750388818,-0.5474009696279586,0.340459027107678,-3.3374798973913595,-0.4387032541252397,-0.40917627923879185,-0.012133055200364498,1.2901659205718317,-0.3299539526276182,-0.8118774346807367,-0.8478213640538833,-0.40963001970556157,-0.19586247680027624,-0.7979588504825998,-0.353658577241592,-0.6955198918960546,0.48121889119761113,-0.047942421202976336,-0.10646712088569878,-0.9877009005760485,-0.6869126796984324,-0.2571510762615319,-0.03427518041415562,-0.08324124617962034,0.7242636052281667,-0.4178398644061733,-0.1941235902247295,-0.13259829700000925,-0.1690937694190296,-0.8053413551320361,0.5262131180115142,-0.4282150776469795,-0.5364249665619539,0.31547781315795076,0.24649269819452527,-0.0640924966960229,0.0053498936114295004,-0.20945472804666496,-0.45593000803624756,-1.0385290979326498
2004-12-01,132630,140125,4074,5.4,NA,-0.2,21.6,2.9,25.5,1.3,95.5365,239573.76765139043,420945.2853306271,1526968.2987512834,242979.6660932414,691151.0996151038,NA,6883.1,97.5,169365,10525.117263400205,1242,2042,1283994.009975124,2082,127051.64540042821,193576.81216816622,104,104.8,191.7,198.6,80.801,81.109,11659,53.625573940916574,97.38687681614459,18.102,2719000,325250,NA,2.14,4.24,0.15489111653594537,-1.1677223019197256,0.5235294373198134,-0.863806850751504,0.32235973538361135,-0.09832244577355358,-1.3746372098122053,-1.3851602904748372,-0.22159919948979634,-0.805858940155523,0.8070368831866618,-0.40180129145214327,-0.5483566671918167,-0.5168667004146529,-1.8234204679757173,0.41754738729070284,0.6523603833166693,-0.03973197327227048,-0.38524496450507834,-0.37610887751217453,-0.5013457350788678,-0.6157538779240895,-1.6717081474828916,-1.243315073146484,-0.44149974850886026,-0.6760045512552438,-0.17175624392105773,0.970745736082938,-1.0700969219364649,-0.37972001815034107,-0.2004697929443787,-0.8921238097473406,1.0882157628311273,1.0542782789224576,-0.8095839381638846,-0.33931465513059905,-1.2732792670747979,-0.1756556671942351,-0.5648272051135526,-1.9642072708508684,-1.0458538363283547,-0.46954070872273834,-0.07424471489453921,-0.32081619525225435,1.919173349192016,-0.7334297974218378,-1.966680491034281,-0.1615873577869599,-0.24193928666507167,-0.7757848882315573,-0.8746831630112999,-2.463261965972266,0.5168781717475346,-0.7502848585555523,-1.1730938655975414,-1.4403580547737185,-1.1284622309029586,-0.22464601986433463,-0.290925600021617,0.04084261967241991,-1.8328582951889474,-0.8036630120845746,-0.31527276324866316,-0.15485509321030339,0.7701101137681919,-1.2667605838076303,-1.3717702186124578,0.11986879832426885,1.147780692475291,-1.9298083229328664,1.1017945555853785,-1.899539738066176,0.46880694563127534,-0.1823077025950333,0.34321097208335943,-0.31741416058241984,0.8078369995700487,0.36824376674928877,-0.30921542915746936,-1.082658259834207,-1.1517595727306045,-0.48923159876390193,-0.4635879641206631,0.4341379352316696,-0.25390608910110335,-0.30879833013749397,-0.697652292268504,-1.3398682004759712,-0.5079890555239508,-0.08529068766634654,-0.108865723139308,0.8906324488635837,-0.33715354040367723,0.18961351552732825,-1.8167372888934874,-1.87441997855631,-0.5664785103514287,-1.1758070884902574,0.19008374305910175,-0.3962093167229078,-1.186516881934456,-0.22947908900620564,0.4197598444365209,-0.08725553129730669,1.2088233905979138,-0.31315124407501843,-0.530284535876684,0.05525671515967305,-1.7237579586471024,-1.304087427692231,-0.7258055801331932,1.4110350526075133,-0.1344884958186447,0.12624917202290137,-0.14552891529564993,0.5948397376203015,-0.2413042960190209,0.13565314265839282,1.2059178008492917,-0.04500194456014641,-0.3183249583623934,-3.6766918181430723,-0.23069274319118488,-0.2446344466963616,0.15008212220814546,0.6132897887038583,-0.952237653072415,-0.35979441531302603,-0.9459097463196331,0.717142054057009,-0.30908819100231044,-0.8373699233966624,-0.5960479347521459,-0.8896305570145506,0.06276851561186914,0.8900191668170109,0.23355946168344718,-0.5619984545938477,-0.5094969680528831,1.6951365741318831,0.8347561105092488,0.738218382912548,0.21423276049383685,-0.23866749891530026,-0.4092564847839137,-0.6198960450451036,-0.188262698874505,-0.4469227554301247,-0.07049131737213697,-0.48630917149090175,-0.37560610768377234,-0.6279241161740122,0.545827522109339,0.021986943419775744,0.05697968517225622,-0.31741147190439534,0.7996317761470771,-0.39627344244721163
2005-01-01,132781,140245,3804,5.3,NA,-1.9,15.6,-1.7,13.5,-2.1,95.8801,240862.9661215964,426719.5669101561,1531838.9970928922,246442.2114279358,691969.7924777832,NA,6908.8,98.2,167678,10503.046707948633,1203,2144,1292943.7502317475,2139,127398.12377173794,195378.64461665862,104.6,105.6,191.6,199,80.907,81.401,11226.5,57.893630959002316,93.68887334392238,16.889,2723800,343400,NA,2.2575,4.2275,0.2549000321331308,0.6159021549175824,0.49045974791956093,-1.3362807440444173,-0.1318617189489261,0.37430294038654094,-0.37116538178847475,1.0960986463864228,-0.6915843995032245,-0.08397799213731978,1.5776586052202282,-0.21591298859312075,-0.031127169240435754,-0.008157489131993458,-0.8056922863110423,0.6032052790938897,0.78036086552250306,0.4782898444872243,-0.648248441070335,-0.13698366039572618,-0.31602445603533774,-0.15243659834599185,-1.0800764876882047,0.019509659409244814,-0.22456102367099676,-0.6215202439811083,-0.7451433197644104,-0.4179811595516397,-0.7196534285915852,-0.5387512216578731,-0.04582339844153944,-0.36846614712739056,0.6287576558726525,0.13015241383923046,0.5102313734157217,-0.2623300476422966,-0.8392330353506511,-0.22726948741454872,-0.3931048604096549,-1.520394371786344,-0.04160225230956956,0.1481220858079272,0.02712959533040873,0.27722062134908254,1.1984603127161524,0.05016542430936535,0.536218499310837,-0.16097276984832112,-0.010310455141434667,-0.5439253634811545,-0.04021831343207091,0.6116483247712802,0.5622049203845536,0.5066385476501308,-0.08086441184220919,0.41928397142136775,0.4425100312457884,-0.22906990715701242,-0.42863298864842,0.5520540517596444,-1.0593471759796835,-0.42789594077152754,-0.1479653970229504,-0.14532940530099606,0.6177040929325271,-0.34180431961416036,-0.04615041535534259,0.239198357441409,0.6628704639626054,-1.217273457850975,-0.2423033551487032,-0.7666854752832162,0.0613193409999992,-0.4327214316078612,0.19470609171635406,-0.159416471600459,0.528860788224933,-0.40349953232223984,-0.25786115250335995,-0.7275172046789068,0.011559642423999525,-0.15869709380093275,0.10818881652651612,1.4218564328191292,0.12677968017531158,0.3712941819312266,-0.017764099045989037,-0.8488549214249166,0.37559657919788547,-0.13649578377351235,-1.6122515489124818,0.34258270847547484,-0.3651977355000153,0.741181003328501,-1.460185763676173,0.7840020989217151,-0.04335944322386836,-1.276807814489592,-0.24853758112294205,-0.4525421329507411,-0.2300291060538036,-0.39061840113825025,1.0274977272998893,0.21556279047235033,-0.03147566542232865,0.36222093828909613,0.34690202287530153,0.1886645627900842,0.07316087553322628,0.1686693896553582,-0.7497129632936612,0.14133275769548306,0.029770892530883015,-0.2664920045903242,-0.05668128288238829,0.8804894329169182,-0.11407662682318243,0.14639654872036584,0.6200412257155445,0.18836691796637897,-0.08098631078700212,0.18712818874822182,-0.03509850639005635,-0.17804816727317951,-0.443334079141296,1.490041325407168,-0.9699075243247766,-0.6736682468803791,-0.22623709560180702,0.5278669411133375,-0.18646792049017985,-0.44633676378784903,-0.33166605139543054,-0.7591471483836846,0.5317612280699602,-0.06136181740196866,-0.0017781013786886725,-0.572998341414375,-0.024208246893834922,1.4691895254726794,0.5657877441049515,0.2910723349890428,-0.2167442067712851,0.14286696505009258,0.5659728720099397,-0.37962848861573567,-0.27896949649046127,0.8702912315246653,0.030905767996126376,-0.7041589054039312,1.1603437877296852,0.031412631550276335,0.30713006160852,0.05582517056915753,-0.007204369409182714,-0.2898338544700472,-0.13792244434697445,1.429502089083171
2005-02-01,133034,140385,3965,5.4,NA,-1.9,17.2,-1.6,21.1,4,96.5761,242167.08573682394,427815.1654094561,1536826.1986731212,243370.06360005916,696129.7638416408,NA,6929.1,98.2,169079,10549.59818567273,1319,2207,1314953.4092589852,2114,128019.77025094906,198169.64946013901,105.5,105.7,192.4,199.4,81.132,81.536,11229,59.1258689542967,93.39050233328408,16.886,2686500,311750,NA,2.495,4.16,0.5514920250376723,0.7548597156753971,0.9416752614392673,-1.0082446519981019,-0.23518413273725036,0.5058970854085332,0.24341287208439075,0.6469493410436955,-0.4616897206828856,1.5365949823434064,0.9131344310687565,-1.4082236329485827,0.7063378119011072,-0.012063759897090536,0.13211044118874676,0.6527631949457156,0.3876504691108711,-0.5301205307735818,-0.8068479379397819,-0.1653773595753099,-0.06850704019096393,-0.19701482834781442,-0.5421280316374171,0.26921991107252635,-0.17193665394934832,-0.15140308310022796,0.06912171626240352,-0.8515577353136499,-1.3385366328432764,-0.7607579591368522,0.03853862223202853,0.27773891542054596,0.6125742550776897,0.03378456980562808,-0.5773877848413487,-0.17614134934174075,-0.6232560965225207,-0.06044693193946509,-0.536738563734837,-0.33820637093393835,-0.1162716363981889,-0.04874847541843306,-0.046946092643788656,0.6814081646266819,0.4706738590011326,0.2212488133233028,0.8012529941316109,0.5799536230310751,-0.23221381442858452,-1.5147892578342466,-0.17696154199269554,0.8182886868902671,0.5979331418036333,0.13599788027333445,-0.14422140900063007,0.13526452138427647,0.8602733354605292,-0.1989252452090809,-0.9487112471516465,0.38590620965882066,-0.4176184582179824,0.03375845467900134,-0.48041237444573565,-0.2141139787139171,0.3058025638465562,-0.19346388843859658,0.022432308439505288,0.515627280652381,0.5211550285851221,-0.8318497746986295,0.46894813419007597,-0.6303742522400398,-0.0854164661875464,1.1377530154936293,0.2829359423764154,0.4660371405397167,0.3632750914666452,-0.32343974174316226,-0.11157703050528257,-0.4298818547679278,0.15537890237803786,-0.07020554437815912,0.3113231543212811,0.7116558347340278,-0.19024495088488214,0.37097606185276716,-0.08263201873125005,0.9406169438185747,0.024174283007562462,0.020849294578688605,-0.8873538221188297,0.45829991367373313,0.19033982716833736,1.2066734631038172,-0.9778804365040876,-0.27086364256975126,0.09140553374772334,-2.1727088386045197,0.06989529948570848,0.036947596368753985,-0.3391092685781127,-0.29108422903901343,0.9479560582778573,0.06529305555076155,0.1254931487588885,0.3402985386487259,0.34178796885766305,0.5640186965862809,-0.027051332518020322,0.32542560042969887,-0.357619899742398,-0.4481128892135274,-0.042081309122467,0.41423673401573124,-0.3114842074062013,-0.12787729857219055,0.006392884813232167,0.18883012958049036,0.520974201337856,0.196020801141754,0.10828564991158789,-0.9549133957599952,0.5145930555539595,-0.05648035834413566,-0.4891330734861852,0.41901277584877994,-0.8549601184031503,-0.7431060530649221,1.0790904445796905,0.526326930130026,0.2160124352752716,-0.6721239792418815,-0.45659250157748715,-0.7930750870374251,0.2598315543925142,0.17008347539614024,0.13711528294272177,0.18781113076387185,0.04552569163120572,1.310774338843333,-0.03949045726540225,-0.171029477172031,1.0439376648664498,0.3116727320128155,0.5993600023207135,-0.44060514321372146,-0.27171110627831724,0.956644863994209,-0.025335424129144853,-0.4989727481137037,2.633752688094434,-0.5449085631997497,0.35672411026546846,-0.2054308564305275,-0.04086473171932998,-0.46583452049549307,0.28999535278544525,0.5055214793830886
2005-03-01,133154,140654,4044,5.2,NA,-1.9,24.3,4.5,15.1,2.9,96.4456,229318.58678955454,428580.03072196624,1544946.65790613,239995.08448540705,690919.8156682028,NA,6940.9,98.2,168917,10566.390168970815,1328,1864,1317044.5468509984,2062,128927.80337941629,192784.02457757297,107.8,106.4,193.1,200.1,81.375,81.737,11268.8,66.74039938556068,92.18846332619188,17.413,2659500,332000,NA,2.5825,4.48,0.24665709141415187,0.39291086113695883,1.3009783970569004,-0.7174718905447094,-0.24198437489184552,0.04728483806572181,0.7281113883482211,0.3823367574161276,-0.6867584462532832,-0.24557843217765812,0.6919876191407998,-0.289072434266825,0.12019838590867621,-0.15018634417040172,0.16608881296613426,0.2986856506514968,-0.08722972416248068,-0.3093360699992432,-0.6372286142889066,-0.6217653907220263,0.059763331053591544,0.07365604024049673,-0.30897456346401686,0.1421959330668542,0.14235139292370041,-0.07461713372898274,-0.22252288696123698,-0.8045036354994755,-1.2856153634917113,-1.2051481499705412,-0.1585705016103265,0.32018868531652717,0.40394947518364854,0.07582571308432862,0.14219680139253668,-0.08652592665643197,-0.10363074245189074,-0.01439801179143927,-0.3092922887761375,-0.7013329119856246,-0.0446631196183698,-0.48214401453046624,-0.17794917913730623,0.4691278703743306,0.3021512733370875,-0.287584367451417,0.4769462082826123,0.5033694063760957,0.05819353293352983,-1.2677824036603875,-0.3687730449551908,1.3713294439148886,0.13681425314772483,0.3339613706200998,0.035599755442237584,-0.18334827087326572,0.058316133998899865,-0.6432431117454201,-0.4128178114705263,-0.005565360153888999,-0.6534482113539003,0.00950037963425038,-0.3921477254610367,-0.2105080420344462,-0.06587643985393742,-0.3539147481252723,0.45853703852813976,0.16701869765610614,0.2889533069597899,-1.3951837045750113,0.04792872264976583,-0.6747111825178737,-0.16384358710746777,0.2916777217184605,0.19327094178622342,1.5774849972166054,0.7046406312938884,-0.2318132543025971,-0.3512422697657966,-0.547212320827823,0.07270826943983642,-0.6502282196565,-0.9447141342796808,0.3571329022102282,-0.28103569648090226,0.2829426492977573,0.00867582831486135,0.9611875640429534,-0.08860193197413531,-0.13314215110214342,-0.46801598698058333,0.4464295197157214,0.025593206847131296,0.49522732526703545,-1.5368740201843245,-0.6814388268713014,-0.3202066113468805,-1.3895179336356125,-0.24039666564573478,0.6480069294877996,-0.891326098098377,-0.7812561528533888,0.45505601423257985,-0.044433894102151296,-0.10865437560469267,-0.1854207720847155,0.10368100091846985,0.5430767197432669,7.910355685745924e-4,0.22924981742896203,0.011256966863826504,-0.38587841569297754,0.08133021378287053,0.3112532204302163,-0.17341558130157186,-0.7778415020254724,-0.10631388518239085,-0.16233175662194613,0.5121072894520129,-0.02692047346924482,0.3039561942660151,0.7534955533049189,-0.10469077006772862,-0.54309308596093,-0.9222796240632161,0.024575988205493213,0.7989219815077486,-0.7699772597300619,0.5588138218171401,0.18234810064314746,-0.10636600424830182,-0.42315964558990715,-0.3672841531393169,-0.360105320762041,-0.6301036589146886,0.19121212441226892,-0.5466610856092781,-1.202170866368213,0.25151446484994183,1.4000974301876332,0.09716370203361122,-0.22963852880798655,0.22297931862576267,0.10417530890305024,0.3550521242964359,-0.5735579173271557,-0.14545841470781604,0.40944223657378304,-0.21836657077728183,-0.3057502311982712,1.3722561794511845,-0.7240209816640168,0.11482751834496265,0.013867817793321177,-0.017515414370199173,-0.7833881034060133,0.2073510967936973,0.4901733131218435
2005-04-01,133520,141254,4159,5.2,NA,3.1,8.3,-2.4,25.2,3.7,96.6532,238774.30976802326,431386.1010011887,1548980.6981774438,246695.58717204028,688076.4187591143,NA,6979.2,98.7,169914,10634.903128561451,1260,2061,1324720.9048686936,2150,131335.85775032782,200058.82136686152,108.8,106.9,193.7,200.2,81.603,81.831,11304.2,64.99761038197124,87.45814417725572,17.756,2604400,323200,NA,2.784,4.38,0.23389802359598671,-0.3315728913285614,-0.08616837344597633,-0.5425073536658096,-0.8014379738759622,0.07581559538062584,-0.41728055507846656,-0.14385922598938933,-0.3151694356776392,0.4259068246769743,0.6106168973837653,-0.8337254132533312,-0.07603492852514643,-0.9478908777216027,0.28691918299737995,-0.4755195967154865,-0.5457073350861287,-0.689506995903511,-0.9163024507974501,-0.6325142835522733,-0.12308820876981123,-0.26903163579075523,-0.41695611423282253,-0.059327590480796374,0.19358277884957054,-0.4012040052855505,0.43082599589736503,0.009913241846856843,-1.2949540414051908,-0.45607821367768114,-0.20728246155699823,0.5015052390084023,-0.03719263681130106,0.0502889747160299,-0.400186659493501,0.007635774723242935,0.4855244880618704,0.03759910649875759,-0.5854137536646187,-0.64685040203392985,-0.16111191752529044,-0.6225707279663281,-0.2731163709124123,0.05613232732660536,0.6414113662937477,-0.22115287104271755,-0.3425426370556006,-0.2182786510446868,0.8479013780014726,-1.3959544385502756,-0.6913121630750642,-0.16612644458310616,-0.11496119402544255,-0.46091064597373854,-0.5923927384208575,-0.3567674928544089,-0.028445282866392488,-1.0181047462359107,-0.39638959401270363,0.2631151424883288,-0.6080259494191604,-0.8605722153958179,-0.1362588702716563,-0.19646892404503513,-0.8538458550426896,-1.1594846610947527,0.5503992807786109,-0.12362025284443662,-0.2656612698224812,-1.6370744513360103,-0.24421122830887892,-0.19935417437934078,-0.07506416794364326,-0.31542267725581946,-0.04222654971727165,1.3483623097375825,0.9081663964231114,-0.5836264390927586,-0.43281067512699917,-0.5000798037375284,-1.1634321675263735,-1.0441498814425714,-0.021881503103840187,-0.6294490369290809,-0.9006766035956261,0.0016692146817072115,-0.24758922066591577,0.1836573765763319,-0.14726425691702327,-0.7589389466655762,-1.513694531201388,-0.045967991891085386,0.27496658475499036,0.1091163630888673,-1.1910368590714018,-0.8526320736733699,-0.5103552549887435,-2.184821514453449,-0.07186399827695206,0.2239232633251451,-0.9074630008378441,-0.4271073662982113,-0.41868600118040095,-0.29724782527351234,0.3320462895241225,-0.5218033344379145,-0.6016335119449384,-1.3580072302437753,0.08172018629177766,0.5276379906107461,-0.36544800114972664,-0.7143226329667977,0.40548456306879116,-0.20364630155447958,-0.3772958463253702,-1.7274977875342077,-0.003149915244877397,-0.3854903417085902,-0.16945145351496366,-0.5763950769136624,-0.37687695728230725,-2.1556306960734957,-0.6149413281536583,-0.8966930893017874,-1.0851681474230639,-1.0455643665464476,1.9958066297215125,-1.1615832089939957,-0.002490103020925171,-0.7191043282415621,-0.6959603457197236,-0.8090692651554645,-0.6167417190092174,0.6488661573691855,-1.0302314594601079,-0.16168663241556958,-0.5026617468663909,-0.6309716351166815,0.7550200077227671,1.4803429454930663,-0.5555162476916238,-0.3142278180931032,0.7456939880026733,-0.12146688319732508,0.027970584401696193,-0.22146983281474664,0.17985849104446563,-0.21500018164920598,0.148790402316153,-0.6218413839431933,0.7861016475371745,-0.7579329131499334,-0.07063093682504686,0.12952587723219,-0.02485430372336188,-0.8860065364577473,0.35867639147150393,0.09744141262364128
2005-05-01,133689,141609,3797,5.1,NA,3.1,-4.9,-7.9,9.3,0,96.7402,253062.49923452828,432215.9487562615,1552357.457342846,244240.59082168798,703891.045818075,NA,7002.5,98.7,169025,10620.58322820855,1286,2025,1339074.575316293,2085,130955.6761258558,198195.93626376317,107.9,106.7,193.6,200.5,81.649,81.999,11352.7,61.029528836850425,86.76727538292948,17.414,2586250,327000,NA,2.9975,4.1525,0.29993442807519927,0.5425999617091954,1.0830863895619725,-0.1052279514853743,-1.0806028047447118,0.4217037880305475,0.5069171708128251,-0.24134328732204816,0.04356084094741618,0.48655787039912474,0.468186738525672,-0.6846253478107374,0.1723131828967374,-0.5191389633295519,0.026435837224018884,0.43027222049379404,-0.2217828575772881,-0.798087284630012,-0.6720164031179753,-0.9014176936157163,-0.04388509179471115,0.778950545053749,-0.3750352349839637,0.5312537538300107,0.5817240538556389,-0.6445632696244188,0.48307867374957875,-1.3520690793367205,-0.8797755069569565,-0.35838335543465016,0.11978465244515722,0.4455405153656696,-0.05947664848444264,-0.09505773892216178,-1.1983730073977283,-0.5304564510825814,0.05996534270335628,0.12199539425291393,-0.17978741242297797,0.13877919012849207,0.47598753464913846,-0.22151037383069344,-0.4451443067847562,0.2258306740016804,0.7149603212527188,-0.6240751601890858,0.6511670499091564,0.7547316940941675,1.2849378285623856,-1.1452493567995676,-0.9158951985797875,0.4766384309948778,0.6914957449257124,0.4790570126517974,-0.482057536330907,-0.5813286676598691,0.39246619752654327,-0.4111357016196487,-0.38548586850791944,0.19165369482304992,-0.4398367824910481,-0.5447605790170943,-0.02442710779895259,-0.5168930800570342,-0.7047799747623772,-0.6640210265515968,0.7640101222358059,0.19734813508924692,0.2692544858051738,-0.6978559318891994,-0.19197173738779796,-0.3793756280890182,0.3433164640263343,0.07200429772917533,0.3890559951631395,0.32448851086256575,0.7271873921353281,-0.3116068535141558,-0.5773011723345561,0.16993037245390646,0.26292890636665656,-0.7435501451073366,0.08197128866058764,-0.3657894205708619,-0.17754847521818864,0.5756258176675121,-0.26337169994091886,0.24784102214097567,0.20142117045753946,-0.7239764778975706,-1.3376181084213816,0.06548631322534548,0.10199836883244298,0.24309060155932966,-0.7218855311449959,-0.3401531266036825,0.05487629361711615,-3.1297290366375323,-0.6425347146468777,-0.43673717598171996,-0.322716138928055,0.667390029891658,-0.16132975408648123,-0.5454490376392239,0.12967976778641568,-0.34718690204988734,0.6047525693309166,0.16362857172542689,-0.011369651116067036,0.9378767679155814,-0.0062229858582545875,-0.25105904781573024,0.4305645957603612,0.3717583152516919,-0.08428800218135803,-1.0226061670579687,0.0804685033335998,-0.11349239705295462,-0.0571710913936985,0.4129652963346097,-0.2835980629275575,-1.496126658298988,0.12351803008275716,-0.8970671055266607,-0.9952764107815969,-0.6329646274455787,-1.2958312095179534,-0.21939480883154008,0.42185732340667087,0.150145943411077,-0.49749117145284566,-0.3219028327476352,0.7309587939145521,1.1233739047207898,-0.6946837783533358,-0.006257118789962488,-0.4828390841142034,-0.20404199039833065,0.16020922827398582,0.937527660622861,0.07484539444728103,0.027573765879522538,1.5829201473806356,-0.11075645811607757,0.014203556541577046,-0.6817223798858398,0.5620548096459503,-0.45711993645959054,-0.19942018624747693,0.7377588015414426,-0.5620011546173269,-1.3694100483016776,0.07211018049765369,0.19564673507888397,-0.02335267350668313,-1.0843803964854115,0.38758683707237856,0.560088353423304
2005-06-01,133948,141714,4062,5,NA,3.1,7.8,-2,-1.3,-10.5,97.1753,257062.42350061197,433631.5789473684,1555001.5725707526,244947.3684210526,723301.1015911872,NA,7035,98.7,174093,10714.0758873929,1274,2068,1353605.8751529986,2178,130813.95348837209,200602.20318237453,109.2,106.7,193.7,200.6,81.7,82.056,11375.5,68.86168910648715,95.2619562339933,18.482,2600000,325750,NA,3.0075000000000003,4.005,0.1426668478813915,-0.7115441460721782,-0.1826904829989006,0.28729968046636506,-0.509006625162346,0.31421436846474177,0.8938939158109834,-0.7843155799968532,-0.10339213987077359,-0.04284656402215125,0.3780668841330155,-0.56249211612124,0.17827496213197505,-0.20293745777047079,0.17415954135809833,0.18688830718362293,0.17569650783801002,-0.1836884659415761,-0.3310453847955135,-0.40824630969510256,-0.17452385756666167,0.5662935108487912,-0.3968548362657159,0.5309025430663524,0.26249367154957687,-0.6557862563569294,0.2712251363504953,-1.614335682778287,-0.06539128794256117,-0.0499794333482207,0.2626604496658048,0.12680426080028503,-0.3106168429908132,-0.06554775890201232,-0.3653761108172608,-0.39591392136306625,0.6925467869855823,0.12807984431879615,0.21156815388399047,0.9330832779115502,0.21513480342441682,-0.25121986963765597,-0.33269133633630843,0.14405675057927245,0.5955130501265998,-0.49598160239572125,0.3883180225367679,0.3080058473252451,0.5533143720170891,-1.038296147565212,0.24514974449132942,-0.06024896763870795,0.9728394992460986,0.17763640641412723,0.45625898265077414,-0.17027798666159483,0.44166776030508875,-0.24854830500099834,-0.5362433017618987,0.18271894329156804,-0.3381398625182276,-0.4317172849392099,-0.02855452899023333,-0.1900176148951637,-0.40115655810341044,-0.014869129550868165,0.2655840716348917,0.4164073977375408,-0.3583740753008204,-0.9041362369574361,0.12824243433995014,-0.04582141863515098,-0.45554709749480304,-0.4264199267086422,0.5327120495709665,0.029079420702199772,0.3479117006222437,-0.4944874501036276,-0.43419486996716944,0.9976161292388982,0.2818926550566318,0.8411956745854423,-0.09738649443878633,-0.29673688112054897,-0.2810626473131329,0.6618754000674908,-0.3503914980147825,-0.1326296223835953,-0.5178716376882826,-0.69514505344969,-2.4525793631831547,0.08640710782924357,-0.11809846804644668,0.4023603356551585,-0.8660340294624131,0.6137896502681268,-0.17547024451527246,-1.9091785310894394,-0.16669342509610502,-0.5401186434609095,-0.38442069303218845,0.711702515135167,-0.7660499807517236,-0.08592374068073629,-0.4393346353613376,0.03801916227325684,0.7711047224579505,-0.2807335927584338,-0.011759424341730463,0.04582827478012365,-0.06355509082799275,-0.06196009049736422,0.17381445863544168,-0.09307647197505048,-0.1930893976299496,-0.15258811023319444,-0.38880195343768936,0.1672275468255776,-0.1000554421713715,-0.07938556940796848,0.20429892851278297,-2.361788175228359,-0.23435917234354917,0.4920864272975337,-1.045447549583408,-1.1561531956295479,-2.956626456952004,0.09721255733605386,1.555212708486959,1.6032678697807463,-0.0510848826710365,-0.19642843264424856,1.643311393589472,0.5095708753960335,-0.46151654916859397,-0.17300228184515645,-0.5452758585088875,0.5729770605124845,0.044825281450501894,0.778456918387776,-0.10080747404420254,-0.021389382669116806,-0.0690598867708299,-0.05177981501997431,0.02244485207171023,-0.7989186189566045,0.5117878420758407,-0.3969390126666975,-0.0473624851310577,0.454971517188889,-0.6867866717255544,-1.2428273089665174,0.23016608684557616,0.26232731494766753,-0.00407800094406508,-0.1700726477692033,0.22812185203293522,0.8756810447115811
2005-07-01,134300,142026,4256,5,NA,2.6,23.8,-2,8.1,-1.9,96.8676,237031.66516344485,433414.18228798476,1540690.3589897978,239839.8459400824,724967.7010457548,NA,7096.4,99.3,174207,10791.263437583793,1389,2054,1363992.150744704,2203,130295.2002535163,199996.34351461372,110.5,106.8,194.9,200.9,82.046,82.176,11387.1,71.54523072422788,96.2570157050335,21.135,2595200,324400,NA,3.246,4.138,-0.4495524336331075,-0.5694040844659661,-0.5371286925338886,0.07977413819964126,-0.1085213736998206,0.12841289577005552,0.9885579353961917,-0.46010065604112993,-0.6149963898973169,-0.2496929169854043,0.11809502297381798,-0.4949771898921145,0.32383638022916444,-0.20438342508570323,0.37137909188090895,0.22976578657912353,0.019771117461971365,-0.6425866943687845,0.2601420499253179,-0.42848399290762107,-0.039174804190156835,0.07437018785281745,-0.0535133105162497,0.9433942828446852,0.1748297896373232,0.6820988792758796,0.24783225323251928,-1.7478280662935142,-0.1698630154977128,0.4874993281006657,0.45978984764394504,0.3135297897558386,-0.547466160130584,0.14536802058262882,0.920904183997384,-0.08584315847070173,0.3915269820075548,0.04395727307059398,0.5389482303193723,0.4385437506048379,0.39953584156202177,-0.5459985891365174,-0.39648890794688335,-0.16610054727211973,0.22485815338368606,-0.4140538434853505,0.6265170646247193,0.5171375013734658,-0.10113241965300517,-1.865440328407188,0.3063680618921457,0.6408554607968188,0.7663614464056765,0.12786287546914554,0.6628154539188471,0.10088774281620251,1.4666355744224233,-0.42439767239572845,-0.23564686754241282,0.17062799470151443,0.2097667177323353,0.9827624887916909,0.3308281328607096,0.3464109599962117,0.406196100797094,-0.06346096859101374,0.38493529167300283,0.579076481653634,-0.059022435410251047,-0.27484188094159795,0.4295158115914047,0.3677960198418634,0.3083641106469892,-0.25839354886445576,0.4865872681499738,-0.018577741776045674,0.4715872822803969,-0.7531828690894742,2.7218091293463043,1.0244167220857807,0.6997935259304577,1.2027375568469472,-0.03015676957909624,-0.42586755479262534,-0.06770181925464844,1.0234635971280093,0.2536308142396191,0.2997221562534778,-0.2884689558237528,-0.6496123932986008,-2.6570075501387422,0.23460569527481565,-0.06898343706376368,0.5103028725147389,-0.4476029147305963,0.8220090461969038,-0.30966225502345335,-1.3723116109038591,0.14610423091895763,0.23853654494751553,-0.34556709481192455,0.26181754595173234,-1.0579363471545384,0.1203613401236542,-0.514050317628843,0.2743250367763258,1.449435279692818,-0.19078558338766385,-0.024654773822234785,0.6174484508944225,0.5300784131034344,0.09118889762599185,0.5977499279469716,-0.3955551905859647,-0.16105037666939606,-0.29660861668105654,0.1456397642668057,0.11555765443056942,-0.3679407820275349,-0.4263602482244182,0.29364343379861535,1.7222889359265436,-0.07671197587849142,0.803181296635798,-0.7015024504992626,-1.2933162414788384,-0.9350481960804163,0.19934471678867988,0.9522065012338686,1.8447326959241248,0.9059856826779217,-0.03587246127556353,1.2606573168401762,0.12904519712336307,0.09582634789854542,-0.08133461458307578,-0.3114152566355318,-0.13842146142404135,-0.11293926543692687,1.7824410845230858,0.0861129989291868,0.23189278745222414,-0.6933363462314673,0.04208278087151088,0.0862951727494852,-0.5187539497829666,0.6370945390653473,-0.19917448146713373,-0.3578333020813647,0.6144546911252277,-0.5656948081795687,-0.7670023786510718,0.45713710289151893,0.35095439650595245,0.0066943779127467355,-0.7830541182711661,0.2930797136503996,0.7174010895294023
2005-08-01,134502,142434,4142,4.9,NA,2.6,23.7,7,11.2,-1,97.1833,248660.4270609515,433831.0450732608,1538146.042722168,244517.2803088241,734084.7566675164,NA,7118.8,99.3,171140,10743.411389101328,1255,2095,1370726.0521747575,2219,131461.4516187771,201457.9312186654,112.1,106.6,196.1,201.1,82.377,82.243,11405.3,78.8691018123991,89.82177264947794,17.418,2580750,315750,NA,3.475,4.285,-0.6101588594502344,-0.10720966300044214,0.22224573305524198,0.16858970463363251,0.27720100143814447,0.2657384832223453,1.1804650554135099,-0.22021101269888352,-0.31229720793653737,0.08570286650027856,0.33330504881788275,0.11052063543100227,0.05496350655631955,-0.37467233644595427,0.6523997001854509,0.3983525176085754,0.11725249028888171,-0.8013098825150533,0.32879233889868575,-1.006806151588175,0.18599387994620598,0.09564628925532227,0.5639928977913226,0.8970720651363743,0.3161715937951179,0.5170815569539604,0.18505648625665547,-0.6610826480735236,-0.09480666631117801,0.5183779127537597,0.6154364292704241,0.44078176082460496,-0.3148834447370554,0.2663135719674333,1.3437329031303316,0.8191638088396953,1.0009697523710295,0.36928961589147535,0.4437833765197117,1.186508384853961,0.6195361499033281,-0.6942062073265922,-0.34301529539709547,0.013193140632408205,-0.11073038149447241,-0.15422644619988887,1.3464790062612153,0.963292497239002,0.288626477652028,-1.3837882986724246,0.6778426845908643,1.0805344135483363,0.8325541498976142,0.29138353785677396,0.5893611215879878,-0.013264947846433317,0.6134457671829033,-0.232889762993996,0.25778358193508316,-0.04613054483329772,0.3744035801949264,0.24958934856265827,0.4021649212621437,1.191408383540712,0.9491601584991839,-0.10234903897841684,0.5674017475811814,0.9903964061472318,0.6693642401550864,0.4096950499286951,0.07836775593237401,0.4530872625634509,0.5436723832478446,0.14167868193950522,0.5595832755996039,0.14243467695831813,1.2773782824600572,-0.5847252464563971,0.1651134289895761,1.1020116464632514,0.7654180816289781,1.183291386946574,0.577318362297726,0.0963954096991461,-0.08417309202939134,1.0876822523767793,0.8459407235160806,0.6631481865601085,-0.058699692662639295,-0.1795744490788526,-2.3560209445793228,0.15821219510199644,0.12123454476273805,0.11484146263172036,-0.15846522355976728,1.652589348266676,0.1593770888438042,0.1941827682874504,0.9027714773594372,1.2097519123333682,-0.39282723750827697,2.3363688836871304,-1.1414113590239656,-0.0020490162579793773,-0.29479911104716616,0.9243721541509906,0.12648419220216514,0.21221066086506682,-0.023883225319906123,0.18828689254179665,0.5223563251193671,-0.11574491072890046,0.8127370930229655,-0.29293114265428966,0.30902273607328123,-0.679397631627657,-0.12191252775581592,-0.3244007295174218,-0.12306045368472762,0.2064430806841185,0.1604278301049667,1.0363285657552637,0.3090028166971867,0.5665674229036136,-1.0606435391161446,-1.0692180543947356,2.9178764451024892,0.7058507586581112,-0.022042130207820237,1.1640461184924566,1.3072071122195004,0.5730838135774473,-0.051178737807670426,0.31946650023642176,-0.08384025275277866,0.3172547240288712,-0.03805243926198959,-0.3686659256886968,-0.31557675691827114,0.1724920691069042,0.793167177534647,0.326763226317272,-1.0387105264728163,0.05243494991356337,-0.04448589979556259,-0.39693812114123,0.9823646980850165,0.6336798043554137,-0.8174975106325466,0.5960305565899899,-0.4295349045215198,-0.4295986291841518,0.5615143542749321,0.19942481620410035,-0.007703489905707376,-0.3783285693940299,0.8094110633314278,0.7415915252306715
2005-09-01,134552,142401,4352,5,NA,2.6,16.9,3.4,7.1,-1.7,95.3005,245271.2451305728,431366.3252055981,1529817.9327242307,245838.7438080123,734552.4936276631,NA,7152.7,99.3,169316,10701.197518395615,1244,2151,1380798.8265281585,2263,128633.43432886068,205266.19535420573,114.4,107.5,198.8,201.3,83.172,82.425,11365.2,78.83662771124898,77.40475876058905,16.927,2716500,382750,NA,3.614,4.188,0.3164035163553894,-0.9597966955915472,-0.432765291831138,0.011060894375720227,-0.06607014013929875,-0.7795598607735942,-0.021240483353390183,-1.5057238099131032,0.12645128165130354,0.367949169905421,0.06333164758300981,-0.8921842863601656,-0.045758030021144556,-0.7584344351876973,0.5199305293539485,-0.2584769535394026,-0.18926129414244655,-1.0383885355794775,0.1663338832197029,-1.755376545581601,-0.3714573733692414,0.42196615262357307,-0.5543994059126969,0.012012338733099473,-0.1568913320807789,0.5938786034865869,-0.4419068914301177,1.2385874633706335,-2.4400613829820696,-1.0573536262613399,0.14870192812888505,0.16869463224432915,-0.00918688484059076,0.18885114257148267,0.9230922037116033,1.5516795133640262,2.0752137123952377,0.6343019836328586,0.06318729148109553,1.1144524384115064,0.6556921113954591,-0.8888031331756964,-0.26931589423259455,-0.3055236679488591,-0.09686163624463731,-0.32695433315757705,-0.2125969844803184,-0.02450290758397158,0.04784881389147795,-1.0031838989118806,0.38426649538890706,0.1284268081475696,0.6899759129986736,0.5702602735013749,-0.29347381404141293,-0.41537805239774905,0.0851926059677134,-0.001283938337559658,-0.43910936751290264,-0.722049694199032,-0.15469171308469656,-0.4593510542204514,0.32640621406799186,0.12004561745620079,0.43887288349256454,-0.29222655558840477,0.7029326124113724,0.6445098163642234,-0.6908625402924948,0.9368372725224797,0.13312867512849288,-0.03465682445950512,0.06862118387130678,0.3760089201254228,0.25069686643347733,0.21168620195224505,1.5436338906705833,-0.46275828756200516,0.1343810686374631,0.02572361675563875,0.4774065391831246,0.8622658136596243,0.1418553797068216,-0.9444542019948448,-0.5815197388245031,0.32761348423535747,0.46690155185758786,-0.1850955988705935,0.26686021431399004,-0.6929645588485085,-0.630456288119049,-0.12637088118901987,-0.4283045369079272,-0.3571797822170317,-0.04805949189324493,0.7244278064382166,0.0941599971084383,1.5989830373256375,1.4479115226099206,2.8054777119354894,-0.3445910015291792,1.5746910199758917,-1.097907147569358,-0.5389665139726775,-0.6528073288129833,0.04961017222830957,-0.33863998077714985,0.09663804919537448,-0.006000293682497262,-0.625637064781553,-0.17429272288217798,-0.24420234667191637,0.4098998971718495,-0.15196410013834857,0.7060693771885966,-1.2169788970096589,-1.182583147133417,-0.5790379809706184,-0.2662931936942127,-0.8930933684185002,-0.22710310201265055,-0.1661210790964798,0.09449395865519562,-0.3476517067162481,-0.7442731913243182,-1.5963534342926065,4.529326575711077,-0.03173781437530583,-0.40258517337077787,-0.02998731960907819,0.37833283781727667,1.4886857792195198,0.4441833154681418,0.5125944375305618,-0.29533263884003885,-0.030423694057929638,-0.10026480952653571,0.6183866722243417,-0.48710762288606096,-0.12289500140757828,0.5286441375189719,0.13100194310301405,-0.6659439880776985,0.327630554133313,-0.7703925597427853,-0.34584490063252726,0.37512029112374834,0.661870847954199,-0.30258362791176896,0.22373929032738848,-0.5562215259830403,-1.0608547351302793,0.5198782100130924,-0.19075637672490617,-0.07408242703000717,-0.18783549427888724,0.3496248529399134,0.20655122253562738
2005-10-01,134641,142548,4184,5,NA,2.3,12,-2.1,4.8,-0.5,96.4572,251966.86873537,434326.8711361863,1534305.193972427,249009.06308144768,743576.0158453874,NA,7187.7,100.1,169138,10729.848148370445,1336,2065,1393470.9801332452,2170,131660.7646599844,211007.74263249504,114.5,108.3,199.1,202,83.305,82.662,11428.7,74.86945561490906,75.62168584392238,15.336,2803400,352200,NA,3.7625,4.4575,0.2636167154732587,-0.7128958234371487,-0.28939171740160446,0.13275954514926677,-0.9335793978804967,0.13153810188199094,0.008454666704029504,-0.8068488258354527,0.13263603135010987,0.1312921356004463,-0.11135105316007018,-0.46198647073093857,0.1190056863348071,-0.7588204299800162,-0.050808573320620005,-0.8810480504184827,0.21464800886110078,-0.7893093017322038,0.337987903192323,-1.4236521954917531,0.08869947040283085,0.034713958771593716,-0.22294403945761715,0.0880608937358881,0.0415518454632256,0.4450904663580183,0.005653924044752605,0.05258910597055328,-1.994340314954252,-0.21389256984230892,0.14286739437617335,0.14247000196463983,-0.1003992214811834,0.3106268841803793,-0.9322007480282725,0.44117842492723,1.9734272256251217,0.5466785922089229,0.9053913050001063,0.8597486697427404,0.8131933155251794,-0.5697839826352468,-0.15648699634025864,-0.21563949932265927,-0.550390828488836,0.11875155308869505,0.03823223134209694,0.6254743733355893,0.18746575505160493,-0.3043455363520449,1.5755368152910134,0.02487750129838947,1.255704172136743,0.13207937644044063,-0.5323064936984366,-0.28575663573785837,0.15176014231016433,0.23370505480493836,-0.26365446224626754,-0.09719392613037912,-0.05017580052529863,0.36277081534362754,0.3086757977123611,0.9331360348774671,0.7697169143340143,-0.021187171892539464,0.5112906632000971,0.6652630271871688,-0.45847665331059334,0.8726529806730747,-0.06487809364836417,0.21663045028330963,-0.17202021360901806,0.45792414575535423,0.46568358528869813,0.3015672020372435,2.389926027332967,-0.2914548278562254,-0.05014347560328728,0.03150957433980435,-0.15505494308492607,0.345941086635958,0.6137629953213455,-0.5810828910972766,-0.5050956810130233,0.28331697858858446,0.16074059052076808,0.07382490794279128,0.6275100638796298,-0.40147517666978955,1.1500645504611726,0.2625278075208222,0.041130080407935976,-0.3047922309543784,0.8270794229763159,1.403584109858774,0.27805952185981003,0.7683650198178293,0.9786381636772145,1.9235336926085995,-0.9705221750107529,0.3910714901215254,-0.9048987452367291,-0.7043574133750328,0.13328786908482226,0.4517492411882854,0.33443281769655797,0.8116530040672328,-0.06596102607032435,0.3000734808609361,-0.1919085399853082,0.3724365414664263,0.30488993335561043,-0.83718735819499,0.22550928090780065,-0.8068967370715796,-0.6185022523692564,-1.0561056544131686,0.007421890529984719,0.034656546771981135,0.06626838410181288,-0.12053940105407808,-0.40908206012626275,-0.41828546271642725,-0.6619747722513903,-1.9718295084232769,2.334295371733213,-0.08810948053670807,-0.9422713418611753,-1.244872868991562,0.15521717884901653,0.33643297144558315,0.7524460901969693,0.3810635293508471,-0.6184296915454842,0.2968898966000879,0.6052301129296501,1.2904738116986487,0.001909224110143267,0.3923885435009838,0.5565509036777674,0.36517295769854335,0.5310961965159215,0.4154439448869825,-0.6411207899525747,-0.19232633203233676,0.43727845762342343,0.4875220309331906,2.3204152441820787,0.6381608510513533,-0.5488125829474312,-0.4634723579497573,0.5371744318715556,0.3406053849759266,0.05984739221168776,-0.36661160595773273,0.5468187722521028,0.12200832661278564
2005-11-01,134997,142499,4248,5,NA,2.3,18,-5.8,10.3,6.9,97.5414,265524.2929833636,437213.55451035115,1551975.025568557,250214.72134342184,768019.1504974078,NA,7208.7,100.1,171489,10761.569089749913,1214,2147,1409931.3132285187,2218,133939.2043882547,209343.08501040528,112.3,107.6,198.1,202.5,83.131,82.873,11500.1,70.13027631088282,82.95267542725571,16.524,2701250,317250,NA,3.99,4.545,0.13011638770669115,-0.7678382487712967,0.5883681792715235,0.03370176500175139,-0.6878366986881136,0.7618536422366137,-0.1513314927248387,-0.64043636641993,0.9248431747709909,0.15868173143295594,-0.17227930839636918,-0.5290401449981149,-0.26548584407198605,-1.0345239493944087,-0.04387096078528611,-0.9113801271743703,0.5652717920363636,-0.405941717875717,0.28765457914374487,-1.3036795174694014,0.09323194684367464,-0.1422006269317906,0.001492050647147064,0.4201583549775239,0.35629262752615604,0.1643741209024024,0.11844033729689232,-0.3836694115948059,-1.9552194105374474,-0.5503341518226783,0.2714813412935935,0.4437174155547639,0.21941641803569834,0.35837617477288297,-1.001284149532505,0.14319288170174282,1.4000879146269345,0.5052216077460712,0.7474459893335227,0.8378333551994269,0.37620934867030587,-0.7326279595790727,0.013919302850379916,-0.40039294899335964,-0.577090387638888,0.3837909345632409,0.018932506596775638,1.0601277066465793,-0.15198582382738707,0.23025943633383134,1.1696604637260049,0.3080015485315698,1.270775482011365,-0.16526500319225518,-0.19583574603042272,-0.3151863343435555,0.42130713309456497,0.3676973328900367,-0.4868809240820196,0.1088341856055188,0.9225504129110256,-0.01849866848218446,0.2683986845963884,0.4375378304107549,0.34264370870343935,0.04581655016704508,0.04548922404867354,0.6764464994358863,-0.7119673842868582,0.7429215060722648,0.09317860441333094,1.041127919452298,0.15903554300459022,0.8697845838621184,0.7959901967202387,0.3214426796891026,0.234489938045759,-0.07717924551770668,0.09610052223805442,-0.30852986203776805,-0.2745589572136158,-0.30194140751932363,1.1244400662452052,-0.7133734461572143,-0.5123021700044211,0.7839052507585393,0.16490471040164117,-0.7035521796107561,0.7632022313366283,-0.18012264431564642,2.0055112784116633,0.13194949248013232,-0.24800607592107615,-0.3055078939009718,0.9124264679031983,1.3307090980478569,0.4862413148021862,-0.11621341414425211,-0.5585383405421874,0.9676124558811696,-0.9226245906232119,-0.1223409041886661,-0.1831451851587411,-0.5430010587539044,0.6039475903893555,0.8290328385273147,1.0551191360278278,0.7305626054266566,-0.0928750054650094,0.2672192414754806,0.28554498195356864,0.9361243449323728,0.432385648413367,-0.8255298434025462,0.0303565421513172,-0.7663546861148836,-0.46295758958781397,-1.1127172477696181,0.15176914488316376,-0.1738531642664988,0.18382336252811332,0.01091044763667001,-0.26893613692707885,0.009112608962207152,-1.026533520629593,-2.365456090443945,0.21215026105517806,-0.2667682283288125,-0.8516890950890728,-0.9680741523187442,-0.21033798563970324,0.24183740515105132,0.5055126009149932,0.7141852851994219,-1.3378019207671137,0.5441640025403158,0.8599664434966464,1.4852394180896609,-0.18877383626066443,1.6457984700859607,0.32930025775869537,0.6149622771694605,0.4513573378682556,0.7293850652196965,0.01104836966999113,0.5687457551879412,0.6807194073036468,0.7874764104058555,-0.0036224148191332296,0.5513887047738504,-0.3946160282238311,-0.2719457450232413,0.8821932891327746,0.15136688711395854,0.1176660722538409,-0.07994515697257516,0.9198003348320274,0.9343967364918846
2005-12-01,135159,142752,4282,4.9,NA,2.3,22.9,4.4,12.9,0.4,98.0452,266445.7302330057,442452.2741215672,1569246.9176047738,257601.85730954757,785596.2276407116,NA,7233.4,100.1,171577,10803.551021881129,1239,1994,1425072.4759716592,2120,136766.0680131359,212997.55807099637,112.3,107.7,198.1,202.8,83.131,82.959,11535.2,71.48957669220867,91.7868768161446,17.174,2639400,316400,NA,4.140000000000001,4.462,0.23027580695142408,-0.7788291277598621,0.045052261812986334,-0.12288995634789991,0.24226372567519844,0.5012620769513558,-0.354454343441589,-0.18102731212592754,1.4082511868389622,0.3641003186825936,-0.12109827060189433,7.770270010501903e-4,-0.03664333980108246,-0.8141183432879825,-0.11108340065331795,-0.10568149481000007,2.4717865028115833,-0.467465743948173,1.0819894090326114,-1.219271655421078,-0.16555148954168525,-0.297701848984868,0.7763133930496521,-0.16517558702755847,0.35981063519745826,-0.15288242413922712,-0.05903971164888707,-0.7855632128287849,-1.1552316208533053,-0.36073438086910725,0.6189922965744581,0.7755744683691094,-0.0787472087685095,0.93177305727589,-0.5184717672270377,0.019399965856372856,0.4273343043970615,0.4317907456286971,0.7893287295468687,0.4448739304853839,0.037609295023186926,-0.6401302196572397,0.1529070385078437,-0.3721129464316946,0.16809204455720836,0.3433556706426909,-0.06382254712998749,1.8928559961326243,0.10142515427964487,3.0422347404850756,0.9252278590276606,-0.6094645445166674,1.128884690984333,0.1327969606421398,-0.15068571415784157,-0.43418722557321787,0.018978959920634583,0.7117924790397794,-0.8365671087690236,-0.200645588142369,1.4134276738456237,-0.32527960801780326,0.3893338902306829,-0.22094017183654915,1.2205585246040376,-0.3531328199765479,0.13434606401988847,0.5328826227122042,0.3428876296044394,0.8381671477659717,-0.12020457283890951,1.5787231586002415,0.9341056777459509,0.7739421033611344,1.2435785975230522,0.24255624610622317,-0.13209204051949464,0.4173740165279752,0.17055282934633823,-0.5915023929918333,-0.17991951167604564,0.17114789790407245,0.5144652595920518,-0.7295295463792253,-0.5013024719820317,1.2853639035978086,-0.11570654658556016,-1.5137281456265361,0.32348011310379304,-0.7603565984685176,0.34252967315790794,-0.0063589580730987,0.15746107476649013,-0.17037393695887995,0.7769966399092085,1.0636064907324916,0.5154073887547045,-0.7514387624998455,-0.3389177084989231,1.13202974358423,-0.4391780522270248,-0.03963001381935676,0.2614138589746791,-0.1368733004839323,0.4421484963041351,0.35377439957365797,0.6218236618695956,-0.13259064259171924,-0.16263140498835646,-0.3009259060965743,0.05696018417418819,1.1615976324201505,0.5370234372092012,-0.49656214182520725,0.18451873590272927,-0.6400831420817552,-0.33444467525868926,-1.120150132154995,0.014710832431532853,0.34221801252764616,-0.19097624278650602,2.7013073743012543,-0.427453942992304,-0.3509080278618358,-1.0516435150444687,-1.6723026533410752,-0.5440369785621726,0.5875445452183321,-0.7711453480289303,-0.48036306701950393,-0.35777066133780455,0.8423865769965697,0.2469983110061256,1.5011376341394227,-0.5244637637608499,1.2131473244593867,1.533177056551595,1.3408895201933533,-0.11401596059374988,1.1056007648737847,0.3927621415888118,0.8582037365505384,-0.45973885920043794,0.5998562638885798,-0.18604938888097877,0.90177587265928,0.9098347660289535,1.0557446787807596,-0.09792529206371349,0.4787534366721321,-0.42118959656141,0.6467337755023131,1.0487774270760108,0.8864333141108198,0.7717376145943965,-0.12063460871051473,1.227092074578552,1.1690028942947108
2006-01-01,135427,143150,4397,4.7,NA,4.8,17.6,1.4,5.4,8,98.1999,250843.96772571644,442357.60289223545,1566933.1977134414,251679.55563004283,786642.5647041922,NA,7334.4,100.7,175446,10859.769674623505,1174,2273,1431323.7723561663,2212,138531.6158689875,217374.9610936864,113.7,108.5,199.3,203.2,83.534,83.145,11651.8,78.42315703785286,89.38887334392238,18.081,2557000,295750,NA,4.255,4.4,-0.033847347383127536,0.43581079904370384,-0.21905630967251122,0.15263893122475794,1.1285208355989487,0.4273854221015102,0.7983928502595989,0.7372485499655651,0.37642143231297337,-0.07783185889278013,-0.05260541864408124,0.12883844897591373,0.06407676345565685,0.08357916960892865,0.5592432794160781,-0.24514291769306187,0.6807156684710715,-0.25368017843622176,2.375020039681802,-0.6545932396191295,-0.11386947978014479,0.1134652570415362,1.0260295277026252,0.2221885996959276,0.4713892424418892,0.17482990780655708,0.5981369392794206,-0.34474994331430114,0.12007111434548938,0.13824731083570208,0.40237063932321554,1.0277180405792283,-0.4356728697010092,0.10675919323014972,0.11247292742464884,0.15534955386773058,0.43723043503401293,0.3332865589623159,0.6255766738668903,1.1917866189725785,0.37507156505835765,0.006361318065898548,0.4537145982924975,-0.15811252095768633,-0.9797918249574622,1.103080004320718,0.4912802321234493,1.6186014853687845,0.2137138783459758,-0.7637656163838207,1.062670390661621,0.4975013965343225,0.7219019286905289,-0.4179908264132848,-0.10747864935209255,-0.02226197741349812,0.8502816725002652,0.2225278901154994,0.9868592239689492,0.4238229660640689,2.116563148384437,0.29399150576834193,0.2818114317033267,0.8675522538207608,0.4579926514800926,1.0381753575101011,0.4394916177098035,0.8738752615230805,0.041366277033520915,1.6545654838374853,-0.5935965087652227,1.1399870405342654,1.2276643291363043,0.3883465373047457,0.4458307166493595,0.15723415380013311,-0.14914613568100296,-0.47946505666998623,0.6727053341021194,-0.31775678357170223,0.6397551329738396,-0.1420425316687695,0.07597551505615807,-0.7008235465243909,-0.30091813143180585,0.5643625818599671,0.08700742193661083,0.8386059021050553,0.6924903850910852,0.026294413074285046,2.6857098949474647,-0.45201947291633093,0.049692958613919834,-0.10209054556653345,1.1047240470165691,0.4338165413305363,0.7965386125550145,-0.0721256076393799,-0.6013065306387406,1.229051090723223,0.46319709699007366,0.2728292464432776,0.13922416028802717,-0.8650652169633724,-0.21233112519050468,0.4921817040460002,0.6258602960320211,0.6615000206227928,-0.058776019068126115,0.1708905454002303,0.4224030736492564,0.3007949897065115,-0.27475061629395786,-0.7077298230679606,-0.1122563618525028,0.1776141977300698,-0.35574112284256415,-0.20381269038168315,0.13563674214028412,0.7599076104854449,-0.1497196761978104,2.856797666343098,0.18692060780188452,0.3015493886435924,0.3424791310232722,-1.5205382813591724,-0.5521817584757325,0.47134393483552806,0.11706980279325403,-0.5764225777421035,0.6617515500493679,1.0839178775549037,-0.07029451040874439,0.29139284683116146,-0.4402565165208976,0.4294981801434048,1.0958275822975443,1.5359656121007628,-0.15303025167499726,0.4382517714576794,0.6268846135731729,0.8400062566504266,-0.049709106346407475,0.4991452924936093,-0.4566022605017504,-0.11948659595554013,0.4689372297700105,0.7353393537461266,-0.4284520605484335,0.13893717046646326,0.6696943954035773,-0.3911902979863547,0.5017577419644916,-0.2719854348255532,0.03585198761670024,0.44944875207666224,0.5966039807902785,0.5926015705476542
2006-02-01,135733,143457,4325,4.8,NA,4.8,20.9,2.8,15.3,7.2,98.2413,262894.8124042879,446274.40658499236,1569458.0679406067,255095.47281776418,802148.7366003062,NA,7390.2,100.7,174033,10882.465543644716,1061,2119,1442427.976646248,2141,139681.03943338437,212924.72243491575,112.8,108.6,199.4,203.6,83.584,83.279,11702.8,73.73420750382849,85.99050233328408,17.071,2507250,290750,NA,4.4825,4.5649999999999995,-0.2091837650767393,0.3438915045962755,-1.0084823810702643,0.25351219510492007,0.9568298894678023,0.914563839243689,1.3107204204688336,0.6529522121838888,0.09783783946732115,0.1993206630838645,-0.054095787072948924,-0.5275701552078587,0.10405452313605872,-0.24546278473181682,0.3996416004725421,-0.4745820110943195,0.5268240164210225,-0.08826585329401573,0.7678427887512664,-0.4992649339420901,0.21926744515217667,-2.0499654649149587e-4,1.5718996987683787,0.20836085492319964,0.23892590487263363,0.1379229870556877,0.7110189730095259,-0.3199800414786229,0.5716284188733772,0.19396445556650196,0.14029889664385,0.9910569538985164,-0.4465631064556841,-0.059286371730391724,-0.778859363140519,0.19638574488464663,0.6377572829222738,0.08221862595014556,0.418234714504323,0.7038726007600852,0.4745976427974549,-0.1703749778782319,0.17784391089085355,-0.20151731892266112,-1.5864767539075761,0.9470103852453372,0.8021186043059655,1.2246690179070236,0.25266740579707203,-1.1106471987771365,0.6981350594366477,1.0341143530609636,0.3798665055131052,0.22944353485859584,0.15414413878510716,-0.040993776123428395,1.1911566976124328,-0.2923210571232262,0.6597689226910193,0.46780817604826386,1.0882650544166526,0.503352689959835,0.49818581542158796,0.8908276878061882,-0.10633961554445948,0.4867366725197636,0.4968158044490499,0.4454094689228325,-1.0038120923236122,1.2475044624776883,-1.1390424021830865,1.1770583418119889,1.041870150356535,0.19220102093482447,0.47382402059128753,0.12329227947109576,-0.7091916342206801,-0.6115306702438027,0.764241900943796,-0.5507284287222823,-0.10520278407026878,-1.2140706099857643,-0.049246524129560855,-0.5778918190494823,-0.7061015834860644,0.8125445933437104,0.1579452408032246,0.6169208946057991,0.9354554136914807,0.23580741197619845,1.3672653977914424,-0.5426041406599598,-0.6576743415519797,-0.0809913506238914,0.8700776745956404,0.9624729614896875,1.0568544150001888,1.6520864014956211,-0.934790957598417,1.5449214632566923,0.293941267275706,2.0865853233350093,0.49027818729721023,-1.0065747131670877,-0.026252113205339742,0.9043519279045171,1.0061251205263273,0.23045265300203127,-0.01829233905210948,0.6276461041125195,0.5377263785144867,-0.21874815327557318,0.11015540420095633,-1.300513236941215,-0.035067244279874885,-0.2355442517617302,-0.26988218081534004,-0.4404524404769804,-0.22835900166877296,0.3296505004959239,0.0878397184564305,1.7378011051314315,0.026930053144614288,-0.27586461653396005,0.8113017617740942,-1.1518860272403522,-1.0515245974172045,0.338318024396334,0.42442895988236007,-0.4179271898605397,0.3343486742091385,1.0965470874161998,0.04368115479085376,-0.028378888711317607,-1.2128491610249743,0.4054574732440696,0.9959295223210572,1.140557047216245,0.5224912537586991,-0.15352074560485346,0.45720831847317056,0.31518984011946216,0.9447808620874006,0.48441695188321854,-0.5752645130961849,0.7763300323069724,0.4314370307539313,0.32155659268478914,-0.5429135921738686,0.6055203490721534,0.940625725320628,-0.22049433534927743,0.5608795462146682,-0.1627609344240462,6.950524378525436,0.8194279104275309,0.5652173304238676,0.5017557913892885
2006-03-01,136038,143741,4732,4.7,NA,4.8,33.2,9.4,14.7,5.5,98.4628,271282.2104936355,447450.62450743915,1583956.6580745508,256217.61039333223,823509.1825281208,20.04,7414.6,100.7,174440,10905.47608243976,1116,1969,1439076.4932056458,2118,141795.42903541663,214899.81611062022,112.7,108.8,199.7,204.3,83.746,83.509,11747.5,75.10806486279942,88.48846332619189,16.96,2455500,301750,NA,4.577999999999999,4.71,0.13096792319575548,0.3643544428757968,-1.3011260665015585,0.7600939463536045,0.5357131895252434,0.4794475448881089,1.251846228111808,0.40305324468397047,-0.14994573390624122,0.05220982565202606,-0.17608075706953405,0.8183212896624358,-0.4994221913064132,-0.49524533524147135,-0.16442743393207054,-0.7234758387565406,0.46015330366358836,-0.26328638204331717,0.35726866614607705,-1.0025765936299837,0.26263917531164965,-0.4665654791675557,1.1975233433249837,0.8226565378840475,-0.18917871292311145,-0.3527493699618088,0.5938587720198103,-1.1422570331849224,1.2613606960996477,-0.17142131820453121,0.23701348534423805,0.7502097511792196,-0.5569930751551913,-0.04176350382675344,-0.8219183380811589,-0.09182315036813622,0.23539810232576264,-0.0417199697192539,0.7597705163105977,0.2250573075178315,0.5561103529188097,0.10351384675473115,-0.13355805703319795,-0.39727693756391375,-1.5670479557434096,0.3985484383468573,0.5454453691642218,0.5661901098839298,0.5304523658703986,-0.8146151263155134,0.43996396866980225,1.2306793716111086,0.5345723307299286,-0.46626766345520815,-0.10460059435957204,-0.32600747960256127,0.7631944839778027,-0.19238978145840002,0.44217950348395413,0.7159819064281296,0.5908747250247196,0.044520750182753574,-0.08032135976754173,0.34294160757051073,0.46082477153624574,0.4940511429849363,-0.34899250533390547,0.4515650083919228,-0.8140740485457838,0.7443604215822255,-1.0488927669201487,1.8262966800262173,0.4742845750046645,0.20714442898738245,0.3144628793844097,0.01122555923554479,-1.0621920602709634,-0.7188377565477252,0.12305646554351686,-0.6589910743911689,-0.2579003268483337,-1.640631268690201,0.3282912007824364,-0.8786300822547304,-0.5926407854981198,0.5900945517399063,0.11174987708849632,-0.39879010651287666,0.3368185221238687,0.1549232749434151,0.6994550810752711,-0.2417287660203423,-1.0804178666785285,-0.06053512352131434,1.2548763853322389,0.865604442232079,0.655096185852851,0.873271339532059,-1.6328483385106218,0.6970347797592594,0.28963570492199564,2.371601475237664,0.7025587903073817,-1.1103261817768422,-0.21745182329642443,0.6285670698598527,-0.3755849212408504,-0.3528487128080861,0.01689670667432493,0.7963362228124315,0.12899232607900757,-0.5334090865130774,1.4115122187820822e-4,-1.3272040598396064,-0.13503896089147233,-0.5336966414859178,-0.6062539461468358,-0.4062352676715455,-0.4909835424673255,-0.02675064404002473,-0.2825975295531493,0.24514322490711038,-0.5266775550889039,-0.3680281326449719,0.2720857777192991,-1.1578033623504158,-1.893314562181583,0.524816363382407,0.3400563107621499,-0.03998148445640334,-0.3740829842985925,0.3492088989038658,0.1784187659079777,0.005973470411720253,-1.4736505389928507,0.19843426104889128,1.157928032674302,0.8242022997989473,0.2913929947365868,-0.5803193292031159,0.33090544793383836,0.2404069555234529,0.9982468398634947,0.16993141580596488,-0.6757935291867745,0.6458825708662596,0.296727092900016,0.832712982752144,-0.4853961650896466,0.5648922490472127,0.8270527827678851,0.38226771434709433,0.9109554443295386,0.10362759047685574,4.670977746970182,-0.039844926255168826,0.4733361676365269,0.3518976106140866
2006-04-01,136210,143761,4790,4.7,NA,1.1,18.5,1.6,14.2,-4,98.7618,255095.9767041065,450748.2022939324,1589552.171074748,248201.10536637544,832328.995067451,20.17,7439.8,101.5,174426,10924.823200808223,1123,1821,1418311.0477209245,1998,142000.35656979855,215055.56546027213,115.1,109.6,200.7,204.8,84.135,83.764,11744.4,82.83116420039221,87.15814417725572,17.127,2401000,303600,NA,4.785,4.99,0.11117279600611324,0.2612148325216438,-1.2991605192134588,1.5596652315568438,1.1662207046142208,0.03816652692357497,1.231735035685115,0.4173464640746775,-0.05037015498205235,-0.06832467168354853,-0.09637729033804708,0.8892513366194661,0.1379742521620545,-0.14402672203558303,0.6438973093722685,-0.4571701245096232,0.08366777633319253,0.00210229761100685,0.37406249480896,-1.0049102019398077,0.23027571778470105,-0.3928429578961565,1.0161226683239026,0.4390270665240868,0.15741228491965767,-0.04140204741236202,0.3364107400101745,-0.8214482020173747,0.9973861783950003,0.33586055442631557,0.47604368041205997,-0.00343637866621924,-0.8652033679825107,-0.009734778389396816,0.5335955238593619,0.47516264104322997,1.3963265890602292,0.12120741238832133,1.0923138336670337,0.6350528911697907,1.024627632035807,-0.03534275716922868,-0.4130198209184242,-0.36432521074645646,-0.9799576577002881,0.25184120569059953,0.22355770254734875,0.7094173583480067,0.44705559059456923,0.10606032283351555,0.7748727048927939,0.7518206595991926,0.40482279057639436,0.3419989464188869,0.15065859098841575,-0.2862151676651338,0.6338683970336979,-0.2911435150925492,0.1327671178512323,0.11282723607883838,0.657659278429582,0.47875162348976774,-0.11890903665561109,-0.5119445779042782,-0.06434839779429034,0.23535061235297552,0.02857664128129632,0.5214276688335396,-1.208557020034865,0.4781977606098763,-0.7408987420904791,1.965102492467181,-0.20621414073045582,0.15096601374699598,0.5077529872776415,-0.09517013681403931,-1.3294702695182878,-0.6886530877814587,-0.26668873700682993,-0.03753076424195887,0.435507787652467,-0.8395443902373644,1.216392352714134,-1.2813654868159012,-0.36878306264152044,0.03526553699248322,0.09632333672228056,0.24177547533153995,0.2166029488170541,-0.27577716154201476,1.2785217062747776,-0.2678639656714152,-0.5113707714163829,-0.22584170096627623,0.890549026118522,0.8386424723031782,0.28317997354158303,1.9009733140503795,-0.32738522057257496,1.100108712284344,0.44856155633021727,0.4336613714489234,0.1734107325840256,-0.21657167261051957,-0.5780525603288896,-0.08104374148743908,-0.016536104752967372,-0.33174273442481267,-0.01042595189002889,0.3354645597186442,-0.019385503559609496,-0.0759777250028693,0.30714220578228296,-0.9766273990222671,0.20596208978991457,-0.7653123879549076,-0.6648420151482648,-0.3267034925089835,-0.6450359644743598,-0.17823736983687832,-0.5906575737375893,-0.8855784240282101,0.003816424529021084,-0.3073118230110244,-0.4307171260286697,-0.7912183827637208,-1.4869760326148085,0.7631681568015263,0.3424901404293258,0.34922175863230914,0.3470023449029496,-0.7889773639233917,-0.4218680748136753,-0.27255931665245225,-1.6900333868942174,0.15391397080575375,0.7197452921318922,0.9112985162966892,0.1945183359630934,-0.6048620572892903,-0.1118363782070118,0.2477099673986961,0.4407403354853082,0.11809726505834038,-0.7895248840997598,0.8668527336464009,0.3685237627565063,0.7319828011905406,-0.6958914140573293,1.3766060351887022,1.1884701000068074,0.4112966843746043,0.10566683422392006,-0.060293680637772906,-0.16450700954847933,0.583198964242954,0.8539226852492448,0.2734779579159204
2006-05-01,136249,144089,4463,4.6,NA,1.1,18.7,7.3,13.7,9.1,98.7869,255827.92996763907,453028.05798888113,1605734.0955487257,255119.07160891878,838247.5314422542,20.13,7411.1,101.5,173318,10943.208354571423,1086,1942,1399439.3143751258,1905,143472.6947286068,218926.9923305793,117.2,110.4,201.3,205.4,84.361,83.974,11736.8,84.09098991240027,78.96727538292947,16.729,2383750,332750,NA,4.925,5.109999999999999,-0.19671654597690258,-0.35954218843305286,-0.9338885579023531,1.2658262800910216,1.761540912941487,0.20474694187290515,1.3097603779473075,-0.302869749261919,0.17534611614498713,0.22540007457942027,0.008735512849843866,0.7895955943412437,0.4152447272383033,-0.39515388638136745,0.7043426215987187,0.037572484987081066,0.053242665958745904,0.08036853409492235,0.21292578102465523,-0.6523835799768105,0.05750496189065192,-0.41225441282829367,1.5441828526988977,0.5711853361342886,-0.624496222190579,0.16482539125971116,0.2440455004690823,-0.009199088027389857,0.9020178884424173,0.41184612901264506,0.13637024316188334,0.1710483880947671,-0.45371654622852053,0.1645368097592258,0.9163259856322085,0.35345779227845964,2.0476150709752323,0.005565910468139517,0.8915689135365248,0.3237380096938583,1.1371598976548267,-0.20053893864957273,-0.4951375570371238,-0.39376898688927486,-0.7322296568379957,0.22273602491461544,0.7213212813984079,0.8647851163749949,0.22707927402236366,-0.45031199860623083,0.3197057114126338,0.5487196804550304,0.19364626637461982,0.32183382633984886,0.17167051621423857,-0.19819897156913893,0.3987216873441147,-0.619412757330631,-0.0728909811746912,0.5636876111443933,1.535564186058896,0.6251065890233882,-0.028329718797978208,-0.07714239989993002,-0.30113719010433443,0.9339815398027809,-0.5576546055412154,0.5369455721511126,-0.7536344472348584,0.2807241382835501,-0.9758128611731255,1.8186924772016717,0.42531489826571106,0.34270339777774395,0.35362501055693263,0.15978914158199564,-1.0962059278604597,-0.6364741109384672,-0.5718861409547608,0.2131181674911256,0.8207291475811858,-0.5702974141048931,1.174176732829305,-0.7603773771550133,-0.5281401124461484,0.32455686377615756,-0.3799093268816259,0.18223892505335684,0.44113986030766145,-0.19397765379936388,2.0219977966676677,0.4347488933432327,0.3882462891333341,-0.0419105503432707,0.7533976118884517,1.1471144038093393,0.23231450607930879,4.507308191100553,-0.9783999027985587,1.2592251826149854,0.21808016370047548,-0.4213053749384383,1.0126461131568392,0.43547917499537747,-0.4994625114029809,-0.13656687395057393,-0.2142355949727542,0.1838021179800908,-0.012204657954218441,-0.6821835015556718,0.04050290566942315,-0.019949556789917996,0.3917449706481962,-1.0325369506136324,0.4972043920261109,-0.7229644299605521,-0.45746850663324007,-0.14027153358788327,-0.2710659845288809,0.3861685268375681,-1.0270043543552632,0.8710823407676932,-0.3135458315701629,-0.2484561975931845,0.11081806513229825,-1.0232710494870128,1.1852283448504288,0.8963212267964519,0.4518674750164074,0.6777313952152436,1.142637853469456,0.034500359823803534,0.6581742750267556,-0.3340789252111937,-1.4254327934965814,0.32725326400875604,0.8025965923533378,1.3353852263627057,-0.19608766152186363,-0.37219402397650564,0.1158266466375481,0.32074236981270565,1.0843178998834349,0.5728889885783863,-0.6461303270048001,1.0537413638891822,0.4636297022069235,-0.038473065678413215,-0.6197626408860927,1.3580760157270921,-0.08460075965397773,0.5917897034045148,0.38435603191069184,-0.01606146849659468,-0.10490845253787788,1.27204039559546,0.9475737517614764,0.20671390094968806
2006-06-01,136337,144353,4614,4.6,NA,1.1,26.5,5.8,11.7,0.9,99.0997,261585.21444027952,455416.28729203367,1620597.7187743795,255267.2965270962,850107.0132081495,20.22,7433.1,101.5,173833,10949.165769962989,1074,1802,1386001.9628942048,1867,144982.20388085468,219017.60692452316,117.3,111.2,201.8,205.9,84.569,84.186,11751.9,83.90781492036088,84.16195623399331,16.9,2408500,305500,NA,4.994,5.108,0.015773993448309157,-0.024237354878220384,-0.9995494767278557,1.306675561565857,0.15451217202466508,0.40652061831085173,1.625360995840148,0.12744562394966732,0.44791682806812383,0.28152888327892434,0.10032164210905907,0.9744993061296674,-0.07525748031194439,-0.015047958154311997,0.6962860164210722,0.049692336595443726,0.2847114436856242,-0.2397955467792978,0.4688094934008763,-0.2628509663905173,0.1987948646317045,-0.5356929952331035,1.6414548034048544,0.6586548666367339,-0.5978411901959023,0.05574903870513142,0.25419657265482704,-1.3329451992547388,1.2653867141738773,0.3290816772987384,0.4237707608225729,0.47276843161262005,-0.8315046242928092,0.17918787803256744,0.38368860406300764,0.07244728067393465,0.856122250097132,0.00902576366827931,0.36243268793488437,0.9794281921580533,1.1536213328832816,0.1549239804351399,-0.15641356109198906,-0.06481343495691598,-1.2594315885814984,0.5468286665774011,1.6879995126345035,0.9992012926731821,0.13075260576543643,-0.7125599941657024,0.7428734322338605,0.700982386921715,0.4336716902319074,0.1699888243401757,0.4555877050502421,0.06584912447125436,0.8084797290117374,-0.19604454017258208,0.26048691895719406,0.49628797341129127,0.8016460563583757,0.2919969022854984,0.4068165574335824,0.24511926383490737,0.007357232278069975,1.1447750328455308,-0.4146236410177195,0.8393512268996465,-0.4419095354355097,0.718044118451819,-0.23175026849795255,2.3478112590908586,0.7594970725336359,0.39532415526452586,0.3998595879060638,0.10075612854295796,-0.59963096444673,-0.5988367434019172,-0.5904769543790364,0.15901045142163148,0.9046993431460896,-0.693093419590692,1.256244077651684,-0.5600660354130376,0.333269667521148,0.48251121698188826,0.14594681903158907,-0.3092265840444307,0.8763185110409446,0.11394526769767008,1.7412907861845233,-0.1644589178096171,0.863227371348274,0.23126581509276073,1.0078786177532324,0.9056466926226715,0.8511403202703043,0.36990391520725163,-0.5729803713636373,-0.23501169924182655,0.23182355346163097,-0.1443816835494026,0.22588695502899422,0.08188549387248649,-0.4191976007955885,-0.46578193283162583,-0.47927969811182686,0.7115231421232416,-0.007974052291611015,-0.47872192408051306,1.0416453942086312,0.11126219074189878,0.6350790272834694,-1.0533189855887672,0.46883438840669345,-0.7421345561202678,-0.3712511482615096,-0.3987124224349949,-0.6672725790080539,0.4917430744866767,0.07204720935215038,1.9521092979187993,-0.06044923937999691,0.6492803850995014,0.6564861534885639,-1.263045927334671,-1.3397347996117743,1.1922853223968775,1.2621987552065506,0.07022531063348772,0.7082327834854271,0.6244927683426483,0.07627518469269676,-0.38869994358793314,-0.4891562021758872,0.37435979156113663,1.01056215434397,1.3277607573636265,0.21270371007656758,-0.6617431962865753,0.9109761927475213,0.5617067537044069,-0.5753959690083927,0.38091610807327997,-0.5019001379755785,1.7725250624112898,0.40073639704773223,0.4887146828753018,-0.2895482057578033,1.1869607111952902,-0.7567509102999233,0.229713026141952,0.7300375603559682,0.17038551003221314,-0.16529308144314286,1.4051717385758997,1.0948513104161848,-0.032274879658889616
2006-07-01,136529,144202,4394,4.7,NA,1.9,16.5,4.6,4,-2.3,99.0489,246875.95748191094,458034.5989771147,1620547.0455782244,244540.29083881306,856025.3600131985,20.29,7463.8,102.5,173443,11011.100897970726,965,1737,1364545.475971623,1763,141762.70946758112,219219.166136369,118.2,111.6,202.9,206.3,84.858,84.268,11746.9,87.68766645454758,84.4570157050335,17.662,2449400,318800,NA,5.2325,5.1,0.15422171656497327,0.20320517425914614,-0.6862080294625978,1.8852890566485299,-0.09823202586053524,0.8155296775193641,2.4669341819430493,1.740717347596515,0.5901617600254545,0.8597956482306102,-0.1561094537029778,0.9543499119201637,0.06931334766928897,-0.44169925110646685,1.7122039468406562,-0.29570060251640706,0.9150541814530924,0.157033775744068,0.9297305043462434,0.6444349562499727,0.5188899763666376,-0.07332548785985521,1.7667327629096576,1.1145136525916535,-0.13135339876553828,0.4531321545855476,0.5263154669878307,-0.9560311406554254,1.3601401326277303,1.275415359305347,0.7518774330856492,0.984354797815033,-0.386577236176058,0.31018687105706955,2.0776247157445957,0.3542942539794114,1.586587512356383,0.3621619998384674,0.8901155941210434,2.242624865754528,1.6993585847436943,0.6157215700585513,-0.16112894044341164,0.1337697176186155,0.8444351976819546,0.8114752071558662,1.5223660722671433,0.49393463297803314,0.36817208944063556,-0.24009605479194732,2.3106721692745142,1.0182248528788647,0.8108903050026549,0.8586671417474318,0.9295652294403033,1.031949290927026,1.3410505265304906,0.40742159585592863,0.6935595755910541,0.8496094299865445,0.968557997914479,0.9568699782312591,0.6755564381796848,1.0057911839407083,0.8839207648973259,1.8459010258885495,0.43806817685196564,1.5189924323759787,0.08683026650483307,1.6067569212470636,-0.9215592069045698,2.4964570512746875,0.3582200526418912,0.3408211764499381,0.662032233313028,0.19459065264559658,-0.8650671068514189,-0.5955279941228077,-1.083069280486674,0.4731478322352545,1.9611898215639711,0.42628233183962766,1.631900008741911,-0.19479048714658362,0.48859745459453674,0.7187443293534926,0.6068878316459434,0.5233544440302292,0.7953822482033067,0.3759587857694647,1.090776118809902,-0.48207284800337563,0.8749455504613746,0.291061459439237,1.3081351314532916,2.4845259700929923,1.4463724011715353,1.4300113322943135,1.0830181908830505,0.6180121854784089,0.21313585870164384,0.5951722088632089,0.5237680935272383,1.4781733006477584,-0.5640110354304138,0.34767109466171825,-0.3153099404165931,0.8434669693630679,-0.01502403220345542,-0.49292762986238314,1.2769612330192754,0.22918486639876004,1.0340415728866,-0.9361981416917599,1.3626281528305868,-0.16334521391577506,-0.3650877889649654,-0.05252342050827534,-1.36811449929085,0.5412170906213726,0.03676827387719743,2.0720809728744376,-0.09304601771685413,1.4402447752290946,0.6787185770678238,-0.6246462269757491,0.6818895811148467,2.776764133986973,0.5882720411893356,0.536401213121359,1.5217564973351767,0.7758806137244982,0.024135359371355556,0.020702785567892894,-0.4761201976642074,0.3633356202062459,1.1681364559713157,2.2791715029043824,0.6767291195621427,-1.1192268878711227,1.7137267280903796,0.9418173730136553,-1.3182355536707966,0.8854908211767082,-0.47839671737042005,1.869305299967332,0.4758547542721019,1.1105074268346857,-0.21782170109528665,1.407212823145489,-0.3710682638829562,0.7084543875109546,0.5936555108946983,0.2526636065715511,-0.12351529165497431,2.1915802384343794,1.2939960669843156,0.5527436394392556
2006-08-01,136692,144625,4710,4.7,NA,1.9,11.7,1.6,12.5,-0.2,99.4836,247251.68869309837,460763.5829662261,1624889.944920106,252606.16740088107,854979.148311307,20.32,7479.7,102.5,173349,10974.684287812042,1035,1650,1346146.255506608,1722,144069.30983847284,222925.1101321586,118.8,112.1,203.8,206.8,85.125,84.44,11737,85.81497797356828,82.72177264947794,16.458,2466250,314250,NA,5.25,4.9025,0.8945672550036021,0.23144394780072908,-0.847712938975006,1.708719810880067,-0.2170856257723958,0.5197317816688726,2.0868841150755526,0.7389290870488927,0.3764231840894169,0.8142863813553445,-0.5176522943201962,0.8654607021751896,0.046596492267824995,-0.6210670113361714,1.3397671158876334,-0.29738451010916994,1.2294610351642339,0.7992507131325342,1.1241372725402656,0.4585070598956758,0.16894969987457192,0.22784988005552423,1.8075258887325905,1.2871601065425187,-0.4269469437215275,0.5231073118277957,0.39016127707328296,-0.4653203030553221,1.9216824593890791,1.5993316706159242,1.0622181625526284,1.3696833141462825,-0.6594045204890605,0.5482763534964009,2.147970088344351,0.18807157918370335,2.1381178997702786,0.8051237840669009,1.0182876706066324,1.6791632444517461,1.170133269610521,1.1230054873128041,-0.24336123604947957,0.05097672792776045,0.9124568816698118,0.6924535666485084,0.755172290934924,1.1370100571589226,-0.22730697010881482,0.3439567390177682,2.0855224214386214,0.6699470775539192,0.29912408650623323,1.508438565687554,0.6731648507812217,0.41036625945436855,1.474089211463081,0.6538562219331072,0.3772059934123479,1.135026640800872,0.8113531579384856,0.6356016134513496,0.4968706905970659,1.095716034998888,0.8847054275728242,1.4300550831680325,0.3283600448465802,1.4044428943046474,-0.10901523371353626,1.7706210902901653,-1.0550421832202959,2.2854622940533376,0.7320379249451793,0.32864269390843126,0.7729056918586759,0.3158154759848607,-1.3374840730136053,-0.46659116116247823,-0.7441977488700365,0.400504247931822,1.4078168756664642,0.4221084185924226,1.7095829098552782,-0.24824063938671329,0.12177315214505312,0.6601644061837023,1.0417002200929435,0.34850911113007715,0.5382205720395523,0.7293413701204776,0.7174449866059668,-0.41979025711077406,1.1572155017061365,0.27276982631504504,1.5267852255536363,2.429776570361368,1.2596842438863816,2.16451826767213,1.2383564967097676,0.5506026893979336,0.8596533771609902,0.43660596991517425,0.16617823027683984,0.9274147253987434,-0.016355789304613816,0.39919832093315216,-1.0366167198750256,0.44710810307344473,-0.01435209651650469,-0.08065050556408913,0.8124209552848553,0.5490145621813202,0.8125074351839983,-0.9527394544766062,0.9404734661921627,-0.1132487292495129,-0.27671350372302067,0.29329147720981236,-0.9647667092716805,0.06612044377759095,0.2228277740202199,1.6896708120836217,-0.17272047657799144,1.0816654237662762,0.6042541680210757,-0.46809670716619484,0.9371664535859177,2.1598594618338267,0.59597826990668,-0.38623181652083177,0.943218971806465,0.8668724918091404,0.11048436293267429,-0.10920127467053627,-0.5606523745058091,0.43329196538408143,0.9980222796850788,1.3037078582128145,0.5763740586269314,2.0987367378281756,1.602276382752135,0.8497972626605704,-1.0506921017427053,1.1099726445304843,-0.7952484426556794,1.1769400509886714,0.6903209540299119,0.6162941091739402,0.2800094828968383,1.0225117133683193,-0.5849628760606947,1.1078684411267925,0.6110414023718096,0.1377775563477849,-0.1173021213090149,0.730384670300382,1.7488069167058387,0.9387835330376191
2006-09-01,136826,144815,4737,4.5,NA,1.9,14.9,0,-0.8,-1.3,99.3183,276437.53975171375,464324.75088926055,1633928.7307783058,250274.43405337917,890563.2376151327,20.4,7518.5,102.5,173195,11042.613837129866,1016,1720,1337722.3151398082,1655,145931.78017007845,221236.24885161716,116.2,111.7,202.8,207.2,84.902,84.573,11800.1,75.2279098254458,85.90475876058905,16.974,2446200,316200,NA,5.2540000000000004,4.7299999999999995,0.5505558651857777,-0.25637581011903776,-0.739869097718631,1.1347324435867938,-0.3633899951113412,0.10156824351043534,1.4684915844584587,-0.04214635518549254,0.5105243653492991,0.21555747286487467,-0.6058829005345588,-0.45077875596226763,-0.1917406892045361,-0.8860546874781515,0.49450863730794736,-0.5582590342930814,0.7743885104575358,0.8040212927775238,0.7043194220583533,-0.28085361072766385,0.015572000098319518,-0.2698841235654554,1.514109614630403,1.0296766660551389,-0.2167455819584851,-0.17044123634152983,0.4204549443013384,-0.9131322712417296,1.9622433525270988,1.4149232890094827,1.0803486529051505,0.7934314988275813,-0.2225815584217195,0.4890794339911796,1.346716689178918,0.061085971196791176,1.273743193121121,0.45029873862530234,0.8858261090590962,1.195252385263943,0.5670848461725257,1.4042381839746712,-0.19429650820404992,0.3218427048533336,0.23104920991517622,0.836766387260175,0.2165515531411087,1.0142937504354859,-0.09068701620436387,1.2694121807576928,1.6387233140243833,0.9094466684047768,0.147335493610964,0.6486699643535164,0.7525847721772141,-0.0035375005880731386,0.1383565455811733,0.7418380688442245,-0.00354646196957708,0.9078473295120496,0.7386117738175891,0.23834480514501247,0.07019426686846741,1.4411964998227988,0.7574474725558779,0.09390719465614326,-0.41144739737403313,0.8466916141513304,-0.19662786678075253,1.2708439573305683,-0.45218758337227727,0.9324777683315696,-0.4231365662856442,0.5374018461871589,0.8217726532504006,0.39498079530915947,-1.487383485360048,-0.08423786099594159,-0.5805401535655209,-0.06468398681636572,0.9693701429321588,-0.06682919770524459,0.9755878854754856,-0.297532397990302,-0.5603423128627029,0.7970695839895936,1.1455557118592183,0.511431602690089,0.4542142758707989,0.5818507636782971,0.875194297671342,-0.30241296553678565,-0.5742615956701947,0.05586134169825687,1.2921910024748111,1.9369476612667116,0.870102818475242,-0.06340499855440028,-2.464650940805025,0.25177482566773707,0.2654663706998804,0.45386040925197635,0.3655191134727681,0.2150685517042566,0.2537955015273329,0.3830825786565014,-0.4461781883488779,0.10649538911690279,-0.018407353513579583,0.2533247714186665,0.6479592975679469,0.6817975539721475,1.1396358746435316,-1.369639107713434,0.2876181726678941,-0.4025415920232867,-0.9316632160979222,0.019779683700387705,-0.9715193523622909,1.0116011042214927,-0.1510100269684508,2.036550694805352,-0.462663804435607,-0.08075745778804896,-0.12477671223661346,-0.504640830373081,-0.49062260300419125,1.5832899857470908,-0.0261579789649055,-0.86684171988515,0.6479952483296371,0.17629702140628245,0.09309700352332274,-0.09754690350297802,-1.4501205414587992,0.6646733086128228,1.2493298839516758,1.1602245077483033,0.7396691694048592,0.09736776778076703,1.6041666351182637,0.7026199905085276,-0.9755111000606682,0.7526767364805079,-0.8769789811219193,1.146388140492489,0.48350007503148656,1.179937611541475,1.7340466736151479,0.2661643535563687,-0.41116212619042164,0.7727217118918778,0.40961448166230613,0.6763723739443709,-0.1315015952620976,-0.21574234118565244,1.589660324730954,1.027478543222777
2006-10-01,136843,145314,4591,4.4,NA,3.7,18.7,-5,2.3,-4.8,99.2044,256135.62843852566,468092.84314419964,1639942.3175825013,250976.36419447002,904725.9804963283,20.42,7562.1,103.3,173866,11090.174966352624,941,1491,1325723.1234209347,1570,148029.56246605748,216920.49774503554,113.3,111.4,201.9,207.6,84.702,84.726,11853.7,69.51429718306534,95.02168584392237,16.865,2446250,315500,NA,5.2475000000000005,4.7375,0.26041442082922023,0.5737856717274034,-0.3698782012320688,1.4747221301799511,-0.19864806045448413,-0.47047145138079355,1.4986027201394758,0.49110362943885905,0.686225630086409,0.18474462588886056,-0.6694107241909738,0.8718237116722202,-0.36031407058157444,-0.4576649010712457,0.44157694375368406,-0.21461528253201007,0.7934371860740518,1.4263422910624448,1.12381465731461,0.13864729677775028,0.5930380368028563,-0.22823621106939151,1.225774204088652,1.4023220468854136,-0.5657306998287617,-0.2914344883669389,0.7296832692887849,-0.8042656203491608,1.5077923344168909,1.0680861873999297,1.0469029575798767,1.514038367055574,0.14449140379656947,0.49881064879670334,1.167691455893278,0.2349249349394419,0.3709826786120577,0.38692744778864546,1.0640381792131564,0.6846099486360611,0.895063149440492,1.2142024851526851,-0.12375828029792611,0.2988397077028883,0.5864360183336143,0.21045102065704294,0.11567551980123313,1.2106789315972464,-0.08827219068724533,2.307992763738,1.2278153635493638,1.3498424959978013,-0.2671446910446007,1.2091651261030307,0.8696834078853855,-0.10239872052451278,0.680226248442646,0.5205401122997868,-0.036314059931632614,1.1636765709056043,0.465085307849624,0.12896952496372135,0.3307632445045874,1.7251209446706017,0.6311797571543039,0.7296104768450017,-0.20717876997524995,0.3391005921476329,-0.13017698513855805,2.0937496534360722,-0.1696461335159664,0.5230516586321805,-0.590942560259033,0.6299700638931465,0.7821792055909057,0.48200085975268875,-1.6295712362665353,0.07243277157774118,-0.0662342734783736,0.1762215440270548,0.8123684479801625,-0.028334206693170508,0.71419133195514,-0.5725560102206627,-0.6816138646358342,0.5626457417369787,0.17423026325589475,0.12323554463901976,0.37769284704319717,0.46578365444940667,0.2720825883053824,-0.5546758829514348,-0.9849267500348218,-0.4083562650591044,1.1078807285142156,1.15883945622763,1.0935644589941675,-0.6003579851287717,-1.8988157989984045,0.3937215575856168,0.11299133962381663,-0.9365244354999086,0.17059163675581346,0.4887257577751748,0.6063684189514434,0.22343950645668637,-0.6911659740855397,-0.08766871156747569,-0.04892299506480466,-0.23156408978260795,0.7677267054414019,0.6683099776232685,1.0875787927950535,-1.1445125949997244,0.3481036608952253,-0.13895557485632853,-0.9217067444256979,-0.7783575248212157,-1.1984017818738648,0.4403706793746338,-0.4439619280112893,1.794977398148225,-0.798667556648707,-0.3896059000578021,0.8546251165764067,0.7175271829930121,-1.404752249444679,1.4737632246452,-0.33683803317002187,-2.2400669109427143,0.6193263302343373,0.66647036323823,0.3257730248373878,0.5055181519687146,-1.4649875668456203,0.8199977095208326,1.2009389556660748,1.1025955195507307,1.2049563120181523,-0.10597560902721798,1.4305657910645053,0.8192542087195963,-0.6110762562373822,1.3350327535014859,-0.8735737743702366,1.4305150685647718,0.7738885730045539,0.4541537468998452,4.1301775434757655,0.5661731801782118,-0.3459283051275249,0.6496788335700235,0.6318633348258871,0.9569821784813842,-0.10729682703372226,0.08124565016672776,1.5653941585980229,0.8995513427993217
2006-11-01,137060,145534,4645,4.5,NA,3.7,22.9,4.7,4.5,3.2,99.1627,265320.8388901347,472399.7120298356,1649807.459495813,253398.4020016287,923287.8167376757,20.49,7614,103.3,174315,11094.168604170847,1003,1570,1323894.4424118684,1535,150164.63868005807,218295.5470843021,113.8,111.8,202,207.8,84.731,84.766,11901.9,70.06880598600276,93.45267542725571,16.657,2476000,326250,NA,5.2425,4.6175,0.8121567966472979,0.4718635381731751,-0.31726788733792666,1.1740535546905915,-0.2501238778223975,-0.30355178990881504,0.9684001491323926,0.46281770739265304,0.63743998814583,-0.1784258673210588,-0.742883015501639,0.6251856924406243,-0.25595738036989885,0.2195243442742252,0.5113397150984469,-0.07653518007979587,1.1400542834821388,1.3507473498651748,0.9809734590952303,-0.8862451236836624,0.2505754064804926,-0.3986267697776339,0.9837553568378722,1.1470700311417232,-0.9411557876373655,0.0021315754685013602,0.5860381418812746,-0.9345552253791288,1.2910156493091554,0.8398002798998189,1.2942131785139712,0.6746915405919175,0.5320420637763261,0.7139026953471473,0.4507860534976918,-0.0031881219176218847,0.17092349681218685,0.5724607971131813,1.1337149447749804,0.643830438039586,0.5011270169689274,0.9278708933553722,0.06667460690906821,0.6191361667341938,0.5145653183743785,0.2233708985329319,0.022475662641375103,1.0430773123531947,-0.28188914525562153,2.0642867304722388,0.5733884646767561,1.5401151677690905,-0.7233162634703691,1.1477099812610112,1.04638200738268,-0.1743149945716637,0.6379139434207727,1.695651731686267,-0.35336482321531704,1.453701153306069,0.48986508922842564,-0.30141330807012945,0.3386547943214787,1.2016538296212211,0.498772880311312,0.6985962261981948,-0.19824471642117183,0.2263885602465632,-0.3248601206066895,2.001115242132307,0.06717284759874474,0.0608599123537716,-0.6199312749553579,0.9105127584067695,0.7608760759662782,0.43163014020850304,-1.5899634829543539,0.3371698728295713,0.4273780423052207,0.1667560752979611,0.7040080360245758,-0.21933863258449182,0.25486616066154344,-1.194143980082624,-0.6016147314188125,0.6817798836407333,0.46012485702587363,0.07340078334673897,0.36189600494241,0.16664430958756743,-0.014693396283351538,-0.5613632727430982,-0.03712806123376925,-0.0689727643270583,1.046498634196419,0.407854744853556,0.8265513659406216,-1.2064497256310935,-2.2116143402212685,-0.27103072771553693,-0.06332445976582299,-1.3772509091109588,0.15870886097133755,0.3959470983000747,0.43255278452092705,-0.2807691902521356,-0.38582872698210213,-0.20501778280100846,-0.04942137310973892,-0.202676302809519,0.7855373523467161,0.7804828661175718,0.7270805505493814,-0.8411553625611071,0.29326172855581806,-0.5760510168856164,-0.2312735905082897,-1.1175219601947808,-0.6388862467759171,-0.6921865884646058,-0.7350085875999526,-0.033030812559434714,-0.9623436530116883,-0.38479331891895485,0.5907956560855807,1.3192582682663627,-2.4344931636167697,1.2540780918949783,-0.3272407995419909,-2.6228498231194743,0.5098456853423275,0.6774983217647236,0.3981819661346844,2.045180758079209,-1.3928117151900752,0.710666518092311,0.7687802962328838,0.617915993631583,1.3904989385539683,-0.8762472273836933,1.0856219739525852,0.8253745802443924,-0.7064676650813229,1.0146065983998656,-0.5768623966996992,0.9998515554153163,0.5137332358394042,0.39543273497024406,0.9896048266813228,0.4501915088951405,-0.2818389178460835,0.7712409267220885,0.4997775395649383,0.5428312112582351,-0.059615690247895606,0.051306257583108715,1.0454200255377162,0.8310648701107826
2006-12-01,137249,145970,4620,4.4,NA,3.7,20.1,1.1,-1.8,-6.4,100.1735,269596.15203688026,468968.15316586697,1643733.717981495,260934.7069338602,935251.4347539751,20.58,7694.8,103.3,175464,11158.50503339919,998,1649,1335269.0751717002,1638,151293.6306331734,222605.60730078092,115.1,112.5,203.1,208.1,85.032,84.88,11958.6,72.949007432496,91.9868768161446,17.107,2481200,324000,NA,5.246,4.56,1.495167901169222,0.17334822389097998,0.11060653216253176,1.525743562237736,0.10927595673574032,0.7976230079671333,0.8022010929750425,0.06284452497785123,0.5387001344207973,-0.018512041881914073,-0.9236749880227175,-0.13223205895312942,-0.26317229863678204,0.7522017674475773,0.6684676445367959,-0.10931269549598899,1.20175487433035,1.6346922903782095,0.997622637891496,-0.38082714957811464,0.16239118031543284,-0.13936558369406427,1.0625622595960658,0.9588641734827886,-0.9593397795916964,0.04825374740220094,0.5964451578044563,-0.7413622525036925,0.47112408361198893,0.8784053819171855,1.2823218048802971,0.6913012937720054,0.47894811105585,0.9106607324805553,0.46754701075291777,0.18672656626727255,0.5693724823053388,0.17861697832041315,0.6818695017421607,0.44148492840014014,0.06916434483689916,0.6042860477673565,0.6068062401601108,1.1254577158139485,0.18497198744869625,0.4649308585870433,0.5804551679375819,1.6298393766938493,-0.10822580877436196,0.6010154683992842,1.1215301927309953,0.9344828433737916,-0.511386347634039,0.5799962677147984,1.3816911252800448,-0.03881895892343341,0.6297092807506063,2.239151349550141,-0.6824597514269041,1.2231990567380733,0.5849978701940672,0.691396680228919,0.773948838883846,0.6764629014679615,0.42647416676946837,1.0111142698638567,0.28080018254120287,0.4844302821807486,-0.37764331134748097,2.672220088760789,0.4135031604512134,0.12463479203503076,0.03779071765026711,1.443854529323715,1.2995816402991989,0.12650759806364187,-1.4238930754173653,0.7652211576371503,0.6982842587964682,-0.04458862780607105,0.9777220793519968,-0.6624343216694419,0.6689544667764652,-0.7063191416957634,-0.5073567060634158,1.0313180192320412,-0.08480416369132451,0.14685845798513938,0.2176704375257614,0.11978273616685121,0.36020733902197094,-0.7971285972746955,0.056894414981830024,0.68893328354554,1.0191153858196997,0.14391531382056738,0.6091537054748865,0.21232896962526496,-1.3058047985179237,0.013986986721096863,-0.3799706006558861,-0.21292955790578982,1.0097295789590561,0.19748528460902368,0.9301560280134719,0.2219262245705699,0.1686483169734543,0.23304004984156623,-0.06378236790549786,-4.385900594279271e-4,0.8013308042753579,1.801763440734851,0.4644251436620604,-0.971776905451445,0.09558882271224563,-0.6724826210871923,-0.4164541514855906,-1.3717958232334322,-1.0821518577246279,-0.618392676394986,-1.0742413330893934,0.14466168196076776,-0.7867127273693144,-0.04813226006993222,0.4072644679655726,0.9177350049213492,-1.1942165222125034,1.9515593077928588,-0.10290412297264206,-0.8892031619208418,0.5272714934848991,0.6545727266052822,0.09701543418201779,2.235662010082432,-1.0025730738306404,1.3349768877464832,1.4970817524673017,1.1113797671832795,1.0120668286287917,-0.13811099095195215,0.6554742621348172,0.6515200977623815,-0.3709154342116617,0.727419523044909,-0.5509836820805857,0.7492707894227069,0.8128187087295659,-0.12071117006601781,-0.6197152182916013,0.4396333537996723,-0.2429867438729133,0.8052496692087002,0.5476987432374728,0.44518815979288695,-0.1335861741403839,0.3937556085187435,1.1474469502446214,1.3244647094714135
2007-01-01,137472,146028,4763,4.6,NA,7.9,7.4,-5.3,7.5,-7.6,99.8346,261344.8825542688,468873.3649022458,1638825.0473275192,252745.0888461719,947940.5973088284,20.59,7759.5,104.3,174891,11180.435088377326,891,1409,1333767.4058793192,1626,152964.27399315484,219543.8135871349,113.7,113,203.437,208.6,85.316,85.224,11956.6,63.96221107412443,95.08887334392239,16.896,2524250,317250,NA,5.24,4.74,0.7163654271293302,0.10937041685863075,0.21463348514058758,1.6905193596151367,0.06431257967504744,0.7868680223830833,1.348940437361083,1.243217050953525,0.41343736918562995,0.1647683754409992,-0.7696099499249469,0.25048190665790243,-0.0892644173740134,0.16280825166453491,0.9203584600676866,-0.4509544264353641,1.2784927252201526,1.0075234694875093,0.099785668276647,0.6017729848581264,0.20237660643613606,-0.011630764497456054,0.91499115299836975,1.0378782320235025,-0.369899631920249,-0.028413762381069158,0.2013762046770983,-0.46681771312570963,1.418386654350677,0.6237966943038109,1.0109903427957083,0.6725345026126439,0.08358849789265738,0.1826481641153239,0.6459644070611045,0.43836499266644574,0.8249853233128738,-0.0011442148992108212,1.0076197922124144,0.5974017018970615,0.7710255312607737,1.6946975947469511,0.7910740839471322,0.2350243304303664,0.9603675772223401,-0.0077353313616751185,1.432091941569011,1.1475367337344866,-0.5883701175173823,-0.42410313628658514,1.1211898275993795,1.4605212486978028,0.06232494175401688,0.8926455561542712,1.0220604890899565,0.3077443400524784,0.878431966665706,1.6615371908136942,-0.2952225043057339,1.0444012913061624,0.6851488719589962,0.30905062757369667,0.2678489432141679,1.112951624865444,0.5398714523117604,1.453219822006045,1.056719974195081,0.6644332220200728,-0.3374668369510771,1.6762922857158098,0.05160569120228463,0.7393230594645017,0.39511343602615256,0.9934828618922606,0.46319156393246935,0.057440021589248706,-1.6420301861782103,-0.020320129795970764,0.7004369283565636,0.02968200348685195,1.7825496089496002,-0.27619624153883465,0.44994188389379586,-0.7492945912818395,0.12826112641263937,0.3698852151160295,0.3988991433044939,1.7802356999282967,-0.17191517189495445,0.3756471737951206,-0.4168305343821679,-1.3000775382096497,-0.2733116663928175,0.24288647804776697,1.358209522121298,1.0149216461187014,0.28260966940072474,-0.1014285619136493,-0.5327045683392988,0.2070394590998739,-0.2793833899611569,0.005113344077560425,0.5136763345540153,0.11227701375916128,0.043264462191899916,-0.4640992204822218,0.5582207772107003,0.07168013774754682,-0.014161803965880942,1.005231929255259,0.6459333771715441,1.514360653575886,0.2418631013382815,-0.7473189752774342,0.13963717427330194,-0.5727679214102404,-0.3980080111039164,-0.6324807470145686,-1.0123344586193934,0.5244218130320855,-0.5985408068116957,0.8271569041487878,-0.007485915739567759,0.5911767316084565,0.29964940887556607,0.4551076922451408,-0.8112521123658296,1.346186932887338,0.38593101404885727,-0.9418344008883335,0.23500034843912482,0.871253133075529,0.3026587153781319,0.7414433343817279,-0.401867168720837,0.4413865072765827,1.0457916512740881,1.1825462880122515,0.9096670858070222,-0.002308080704578093,0.8936810222479658,0.23023551818352445,-0.9742068932597888,0.3384773685203786,0.06340433621873133,0.5009832032647076,0.6096063118883063,-0.04032887499420963,-0.5483605276930303,-0.08089158012318312,0.16691806391241562,0.2736156555799585,0.21597808812805078,-0.4026871010196099,-0.09413287882372372,0.9250209492290894,0.9436860828321526,1.037057388165455
2007-02-01,137560,146057,4699,4.5,NA,7.9,24.6,-3.2,3.5,-5.3,100.7753,258190.4862060504,469370.53785302816,1639706.0463274287,255864.03524146712,954356.6913216718,20.68,7814.2,104.3,174584,11177.714679660205,828,1480,1330940.278800201,1598,151130.50793984646,218007.5016650892,114.1,113.9,204.226,209.135,85.581,85.408,11996,69.24434161788247,90.59050233328408,17.169,2569250,322750,NA,5.255,4.77,0.6196755406149522,0.11288285636141941,0.995498349441264,1.75831730308572,0.006195598075496018,0.06220069810388023,1.543113429440347,1.7374976876377894,0.2555497231039851,0.31507580482377584,-0.7632147904761016,-0.869260507744913,0.6690829200056078,0.49317041985694143,0.65857189290437,-0.22636516982920238,1.0551366062974397,0.8937352680945876,0.7350503366598128,0.7716600215190959,-0.04020637330153047,-0.020316703535857288,0.8508863380510556,0.9634123793433466,-0.4075390200242421,0.1813441411118414,0.8679542431671063,-0.38403993826389293,1.7910430821090189,0.19945687587854266,0.8806977089753142,0.7327813987651572,0.347759494746887,0.012367961942987952,1.5133125071735187,0.4861779397725569,0.6378874300307762,0.0126856520949215,1.2350845733302234,1.11135527867832,1.0908324217130296,1.4718808581095517,0.43611525495977904,0.417326469579198,1.82971584542013,0.3244909170010192,1.1886156922000393,0.855057867947366,-0.13324903331496066,1.1794199940465937,1.7433453070427423,1.938589639690958,0.011805260737014467,1.4832069247318385,1.4737208847182834,0.6714125484390293,0.7977862685137757,0.9754047385407631,-0.31331363023975206,0.7136098478974426,0.3999177359926682,-0.13565361977131277,0.18385413186677557,1.1781086361336792,0.5283646218441139,0.5497272676647538,1.088902338875283,0.1479825376407465,-0.3253731510514409,1.849384228664626,-0.4447862675226188,0.643926671624022,-0.485394836556554,0.37661963727637804,0.45350751470965067,0.22193958947521747,-2.080299331714559,0.18549301730003512,0.7082416643027524,0.22170262985909664,1.651297492052351,1.1625088612246148,0.43878679045211816,-0.3637161561072628,0.001833678476845557,0.16757775469318087,0.2373253682185783,0.42215522351097196,0.27654319700822655,0.6645928906116656,0.10397299175660364,-1.1145122006205632,0.5202244460085348,-0.46986748869700107,1.0572235923402844,1.906289389882138,0.05121382313443072,0.17490297801927074,1.4353980221129266,0.23522998699930006,0.38726158352104545,-0.5269226012709296,0.608336781946741,0.42284276191276216,-0.038735403481505275,-0.6941847561581963,-1.4820644884928085,-0.1879600089964624,0.011554000602656354,1.9402683607628062,0.757276667748093,1.8712166699830473,0.5110542588055462,-0.686020689383949,0.4654526820567857,0.1839474141011371,-0.6541462826482876,-0.9694759962228182,-1.0741053221340542,0.12902923749419926,-0.7078326398220057,0.287787934823986,-0.7017433029911874,-0.3375843442688547,0.41578457750117187,0.3300818426461976,-0.6688735915290084,1.217174865277037,0.5032649212594368,-0.970926647762099,-0.16998626096016314,1.095073013598359,0.8335411289660558,0.4423823284616852,-1.12231193639783,1.2274573885444253,1.0802920298378704,1.4306235000211884,0.8417254480633625,-0.21339378916607332,0.9908273090009775,0.4772795736087543,-0.8460084246682137,0.7190299599683746,0.08497431788314509,0.8142902556314482,0.5384223278121331,0.5622156861635094,-0.3182536426870308,-0.23733696927061873,0.15005082664186023,1.0468984334165001,0.18693150807884226,0.8678058172393646,-0.146815982396021,0.9367243160748431,0.8933716266947112,0.39480842578471376
2007-03-01,137784,146320,4962,4.4,NA,7.9,13.4,-4.7,2.8,-9.5,100.9547,267220.06193680584,470369.29238363565,1636955.250507734,259207.8608517475,965786.9001327218,20.72,7844.2,104.3,175078,11190.187906023704,833,1495,1334929.0986564835,1596,155677.9286096817,226538.52422753625,115.9,114.7,205.288,209.418,85.894,85.494,12035.1,70.50550678743568,87.98846332619189,16.438,2519000,309400,NA,5.264,4.566,0.4560148961630259,0.3463201900283842,0.9096405646230082,1.2850212623161288,-0.007344020229929735,-0.030026037899267277,1.6336357116392366,1.897329491183319,1.1802785409101617,0.1483263709483966,-0.5873725553933028,1.4293720814336024,-0.04003334608507827,-0.22141514335594886,0.8866327182156666,0.10996501532555807,0.8317164994486091,0.5293817603438075,0.9388238604764004,0.8016041107557075,0.10878680731165971,-0.09971054636346749,0.5134458125432496,0.9369677203232726,-0.3485885831931352,0.46896377943176115,0.6639421927328515,-0.4729532227384712,1.8963992887465115,0.6660884731239144,0.7911812755237132,0.6875755876157281,-0.18012798828541993,0.013086882596701519,1.5683111285251201,0.2132040297163297,0.8607231255328363,0.16970910953529286,1.3464258682127879,1.1511342898797225,1.0211740223602268,1.2611932770588712,0.266512177349485,0.29558998108104645,1.370758831966198,0.6666180871847757,0.9429017515347673,1.154548081801404,-0.14091598044579193,1.798030657831253,1.6122218322043063,2.180563753734785,-8.637922891657633e-4,1.7580258329255147,1.6022772226061566,0.8349101247925355,0.8713969218413806,0.4663597256811896,-0.5241291736384159,0.6172651100709292,0.7924907998166201,-0.0011350709678446768,0.381370372986656,1.556793696107844,0.7247913088111301,0.16949703064603558,0.8683840399633748,-0.10839607090197655,0.2807807090376261,1.5750715079883737,-0.7733717858853355,1.4415967217839043,-0.052603958171250485,0.40571631000886327,0.4878010259025447,0.008303731480879659,-1.8681026146189883,0.4328221030313582,0.6207411877977602,0.7597047185171077,1.584320368030932,1.6592551497226693,0.5385560497125087,-0.07318985661825651,0.1316119591373637,0.3714684473584217,0.07579460835348487,0.35929040849841926,0.3673659788394745,0.5667963290647953,0.1496917595270258,-1.244828615781707,1.0161000707341539,-0.3359178292820667,0.9581459497395688,1.1675749461092886,0.2786698123800044,0.20262128665581317,1.20996512058427,-0.143209193767152,0.2879565584614779,-0.9055702318459451,0.1584430978722713,0.5417184330867617,0.07278478442473793,-0.6526619012831874,-1.659164026457038,-0.0679411373928379,0.005994655881936173,1.689013624549033,0.7073135235463487,1.8326281007872693,0.5986840665850646,-0.713923260031433,0.5646196083929902,-0.3881241807518515,-0.5224114068758237,-0.936599303873868,-1.232119711891983,-0.8177255720895366,-0.7342899583432552,-0.14648028224395934,-0.30340371468523814,-0.5937654538595091,0.7482676785418193,0.4709289872251196,-0.849317504032037,1.4360702269786048,0.5027596985241349,-1.4898724556832177,0.5211255087726449,2.2576774768228183,0.30281449812847294,0.37092630516441355,-0.9755269408515939,0.6114849221473592,0.7498621976530372,0.6694264378128164,0.8034120319284541,-0.41501384041981093,0.9268949115169884,0.3051333023023035,-1.1459777615656705,0.33397306374665714,-0.06969846680626145,0.41348998459031916,0.4548471765226192,0.2291589976050165,-0.19659372096728175,0.8544453121236955,0.37642897298806466,0.8807988933512442,0.1180028525296211,0.36837959895711275,-0.0607873263907738,0.9886949609658229,1.4436013507764305,0.1656731006343829
2007-04-01,137847,145586,4689,4.5,NA,-1.5,3.9,1.2,2.9,-13.7,101.6334,271115.9635755436,471032.33599702653,1644270.0231529216,260519.65248095148,981361.5034380226,20.79,7840.6,105.1,174140,11200.984947035868,887,1490,1336403.5495261103,1470,154786.51737595242,223527.22542278384,117.5,115.2,205.904,209.747,86.096,85.616,12052.8,74.30078052406616,86.85814417725571,16.615,2496000,320250,NA,5.2524999999999995,4.695,0.5683312471683064,0.7935611841461037,1.4488342997859374,1.101021986988249,-0.12941424898805862,-0.20978235777851784,1.6305977916784156,1.3653211922630788,0.8161961494995645,-0.09073845181672881,-0.6307283257624312,0.5422120920861857,-0.26582306987266596,-0.1947600484660037,0.9617212922771428,-0.27451844718224006,0.4767115941977174,0.5310374512932017,1.9226452246106551,1.4660359249754615,0.32194357844904853,-0.4327604396441815,0.5245350180591852,1.2710909984431977,-0.8041650542706473,-0.17709215963248703,0.49603673216531985,-1.1173425618079003,2.2054299273648525,1.0049780572236513,0.6447051366792679,0.9579026213955089,-0.15425061170434134,0.18787865404724496,1.8602100909647525,0.3359483705196819,0.05351016897371735,-0.30546594675270733,0.9043374683820155,0.603032478156116,1.6747575544544862,1.2635210870846656,0.4661803583679628,0.27569539791401426,1.2735713909223232,0.2319856443511059,0.9353329657940411,1.2118846262011969,0.12570616778189916,1.1764363661411283,1.1919055367922482,2.028572329890706,-0.3223736333271346,1.3824214177744152,1.5956653162136945,0.6325794082764576,0.9312568645876179,0.6190064766752928,-0.028412608413188854,0.6776887585654052,1.1480746745658523,0.1275806776171363,0.24760032595770673,1.6889000645430865,0.6593181688066182,0.2883500011216583,1.3476164740559002,0.03481451780145351,0.34012754797916395,1.307349539107135,-0.20681315129093758,1.919137006293994,-0.240457527910694,0.3860166253922045,0.49695059946093467,0.06530036330736778,-1.7781448676133147,0.9037806621638758,-0.18467810869805298,0.528043334409803,1.7737812383948823,1.7793472002598953,0.3949183619256033,-0.008564206349427861,0.028540649703723952,-0.0024054034859299967,-0.24159422532874475,1.7430816395406088,0.41789109754993536,0.4001806716036234,0.014648479854388581,-1.343534549944925,0.29405076288489834,-0.6335840661668694,1.3116258245152463,1.2961376570247494,-0.013155265897362082,0.48181954239800323,0.891301011611923,-0.007946009325579042,-0.07069912901085985,-1.1408032649613526,0.8472948155742217,0.5516721024902738,-0.22296683384928515,-1.0171285234589276,-1.8492301734059624,-0.4567294459881075,0.011209642126168345,1.8166067360719698,0.7753126941931441,1.918486869884519,0.817941818329821,-0.9333025353685659,0.5660336020742234,0.18371596945213378,-0.12611422368471362,-1.0298256106259138,-0.9468389428994778,-0.7494999179990999,-0.615044915416091,1.1273532232830503,-0.29283808388307864,-0.16314808908028558,1.0231291489305872,-0.019497383833021745,-1.784113699713288,1.624513600263408,0.5320199079746786,-0.43145979923265587,0.8231071095661527,4.66655430734856,-0.14478591499322663,0.47529236849134854,-1.7033059183143637,0.627093534525282,0.4906570371682895,0.5667290755703565,1.2642984224264784,-0.5456702047210955,1.2442060765325662,0.3790768998892823,-0.7667298377298626,0.5179806815169241,-0.1219270991421905,0.3096623839496091,0.3684413789566949,-0.10373541191432989,-0.3898886529857266,0.23271328669347485,0.3894252713889301,0.6670759196146241,-0.06756607061533347,0.4325742895741096,-0.04283351766384588,0.6487021500112947,1.3125896898391423,0.40124757877875616
2007-05-01,137992,145903,4657,4.4,NA,-1.5,10,-4.4,3.7,-8.1,101.7306,265022.12030667317,471016.60760197346,1653846.5480113272,261796.72480485486,989067.2410997613,20.84,7837.3,105.1,175611,11217.427558890973,842,1415,1345263.2432307228,1493,157154.93479721123,224730.73448683202,118.6,115.5,206.755,210.058,86.346,85.717,12059.9,73.49500845435804,88.16727538292947,16.661,2447750,304250,NA,5.25,4.720000000000001,1.1596770436580213,0.45758166337386114,1.375649612119381,0.6899971602408889,-0.05585097692677101,-0.23243137766789324,1.7915526585157007,1.2913401948697438,0.38095386692593114,-0.21413568428943835,-0.6313700600704127,0.48644795727266293,-0.03585315659851786,0.1944942945852472,0.6747108952601388,0.5552287393425003,0.04858906320632419,0.5093403749828107,2.763155137523449,0.5445135941067081,0.5151248974219667,-0.28081545748391595,0.2441508419373135,1.2475442470741476,-0.6468448152800502,0.39518820357436574,0.0357220473888814,-0.4417183591901912,1.319599956693005,0.4898026086120134,0.6272673119799481,0.7298493709179551,-0.12381316491576602,0.2988683341353839,1.5281296105543059,0.4228010236860925,-0.19748339096905856,-0.4896602293931944,0.8575218010609569,0.9461576954150652,1.2999724350786723,1.2462795822625146,0.40807090235150806,0.5485501050157289,0.9665018822161244,0.03826738757394432,0.3762045748971363,1.5105583867840868,0.07860140849991307,1.261153880332568,0.9888093694908883,1.553120692745896,-0.6872573500790193,1.339968565259373,0.9289610475695379,0.5792924760149244,1.441522362025072,0.8516793079316427,0.09643614748614308,0.9613619833463004,0.988653799806209,0.4294342579810481,0.46266420146877113,1.171494046217319,0.5563968616452634,0.17593569478087037,1.4169953779453697,-0.3805573644618377,0.1858129923349188,0.65926354984077,-0.02905090516073609,1.92575850284743,-0.4189935970864521,0.4482653741676981,0.4013264993080516,0.2847119293802699,-1.4411963499110405,0.8450830344426713,-0.07921510925646347,0.15717885629591333,1.9541822187666011,1.9134306325794517,0.32520164723001177,-0.10827096680630754,-0.031603717371544,0.10029315183291095,1.016739845749843,0.6118309941052125,0.3165824803242283,0.1416788072267654,0.44568003061355976,-0.9827282912095506,1.4392135489574653,-0.8109607414366411,1.1610140987558917,1.0743237321449703,-0.19101335703945319,0.5439037410187255,0.738670479870482,0.054828404338843756,-0.20644871863179676,-1.2846168125923962,0.8929534346188261,1.1411251864931777,-0.02842358960263679,-1.1019107650169013,-0.6313487587942757,-0.5776225805485312,0.008442491645776618,1.4147982414636935,0.9723334498128842,1.6545932220592912,0.49930322499233587,-1.0296653224264227,0.4622971300921542,0.25576850815604424,-0.08071345133334301,-0.549318780788888,-0.8596271974287176,0.02597849714490967,-1.1355101166890036,0.9791549856882621,-0.0777643924642429,-0.5872812159570915,0.88670298940667025,0.18008290270061358,-0.29883789287732626,0.8765326659356204,0.2912269257332964,-1.0420449062637163,1.0469358978707926,2.0898474851008113,0.08611359286706002,-0.061703664903572944,-1.4205644173902414,0.46188209988454504,0.6972131572450369,0.9996353438812697,0.838787333599411,-0.21594927688024032,0.7976709506102345,0.3436204668675352,-0.5983815351263772,0.4527168909222811,0.011823919884973874,0.5042192879657408,0.41739063222648226,-0.8106534660858418,-0.24662636348167943,1.0371580567927583,0.09487440664486663,0.2873409745536931,-0.1694286196720401,0.2267079187307821,-0.02446146514332771,1.2860145556067444,1.21110104597936,0.15650120154244407
2007-06-01,138070,146063,4859,4.6,NA,-1.5,24.3,-1.1,17.3,-2.4,101.7893,264498.6074032983,471688.10456609924,1663090.1602818766,260208.71615296605,998385.5123715748,20.95,7857.6,105.1,173830,11217.973165066047,793,1448,1344648.6149152308,1407,158515.64215465338,226410.7986917681,120,116,207.234,210.392,86.529,85.859,12053.3,77.9854152942944,84.5619562339933,16.179,2482000,315200,NA,5.256,5.07,0.5682880565660035,0.18444786432901686,1.5828994409299464,0.796495526125231,0.026420852558042388,-0.03717612319211062,1.0106500651024592,1.120141139712465,-0.08190433629672739,0.1148830917383367,-0.6599526103616065,0.17642006317657555,0.11510945600462913,0.19742467286778093,0.31614094869316894,1.0075213108591625,0.28192958228974896,0.24668709932789296,1.5931887596878405,0.7090886823177299,0.6171647031405441,-0.07727434971039256,0.3615270964548106,1.1555219933350387,-0.5799233383111372,-0.00946759913110294,-0.043594573994109716,-0.5278762658184788,0.9382254598515762,0.7320474414557738,0.4672742121063522,0.5860558833342736,-0.14774329707757045,0.3419005645414941,1.150342801897697,0.5296380339474065,-1.2020853103721492,-0.8108636713298933,0.8401720848770026,0.38055080064014485,0.7034169964740886,1.2145940697634523,0.5178210026933426,0.5400750523390985,0.3250776427967738,0.17870655466259436,0.4809522575045727,1.2156980356119458,0.09882991730251658,1.2920817387974834,0.4116715947366113,0.750899889236443,-0.3782578981210371,1.3926623020672186,0.685872356118507,0.4891381765552762,0.4923193020503685,0.6626678269707945,-0.14237720728289885,0.7527647742211774,0.7026593694316912,0.2965110097203082,0.4422299034334344,0.7227530457606556,0.7076964889132717,0.3379770103281939,1.0098154767221028,0.13177282328243173,0.5046201314420632,0.20540922336775286,0.2824860555988005,0.963533557139159,0.6624833008510791,0.39699857405869826,0.24634779766686685,0.3824101400879833,-1.2074258085218372,1.2236957609598746,-0.4595889115285609,0.12647902917292692,1.3570814421979192,1.4564523562099527,0.5388628637264208,-0.1704392001741452,0.011750914487256623,-0.06795698409095195,0.2529981178075422,0.3694312281294096,0.5057563843718728,0.27790998688845675,0.6857337681928525,-0.5035386484442446,0.7250403223476615,-0.6626340209826583,0.5922443892951014,-0.27678525718263436,-0.4482070866685361,0.1907830706997434,-1.6113063308980664,-0.2037300963520523,0.12034342685874932,-1.7989550454330456,0.44234659885691485,0.6049350978799934,0.09303158063263542,-0.5069114999319083,-0.898840001314556,-0.31973341679474715,7.70931462254279e-4,1.4088602334833829,0.23068482442580807,1.1981585240912709,0.4709068650971628,-1.1002407115595947,0.011674384529372497,0.1607439324917274,-0.08907562636234477,-0.4741174332033542,-1.48481693198556,-0.09649480131653476,-0.46280313575168913,0.5567212012484569,0.22326444273964127,0.08251547873528631,0.731578188514814,0.33809681351781684,-0.2912984421341848,0.8461054142529278,0.153357988785652,-1.3468235440731873,0.6562331848077847,0.610672856254997,-0.04022389992277789,-0.05415068389665318,-0.39294630156597155,0.2546484919165176,0.560048825787644,-0.1667066146993882,0.38844317603058737,0.2070757105988981,0.6185096968545809,0.34386983922561337,-1.0910674268161722,0.012977224884428125,0.36923588039664745,-0.14373750354119644,0.5371406297577251,-0.04516838958531474,-0.2660298421519819,1.9126150160194006,0.2360255676130661,0.3856586506164032,-0.005342731664698266,0.23880189846689656,-0.012408712682792264,0.33315160818677086,0.4830495644063835,-0.046591675251823755
2007-07-01,138044,145905,4598,4.7,NA,-1.7,26.1,-6.2,6.8,-2.2,101.6672,269066.8236000046,472173.1805541132,1662999.2868034868,259669.28606870447,1012646.9807641268,20.94,7872.8,105.9,174260,11252.00493878446,778,1354,1333296.4078420512,1361,159723.5203840251,227709.1194424251,121.5,116.1,207.603,210.773,86.661,85.988,12066.4,85.59790447836974,90.1570157050335,15.837,2542250,313250,NA,5.262499999999999,5.0275,0.6212349521891701,0.01841194274717604,1.3531987024994057,1.1675573194828963,0.4350496442593986,-0.0804832868771554,1.2735616148029556,1.0658023809311288,0.7827894893106655,0.4695590198171373,-0.7207208651965253,0.19510310192975122,-0.2920695246503015,0.6643326329606272,-0.03823653685203332,1.2772650603714784,0.8265218948287775,0.8240804738116281,1.1131320836569967,1.2126996442493392,0.335105120053627,0.02952055738920322,0.7719696725195383,1.2707736277471084,-0.6948856934302855,-0.37369390451671186,-0.6151641165407019,-0.7006103126347372,1.1549497678278462,0.8119572138487394,0.4912948321933318,0.9001499039033696,-0.056599328395323875,0.35230072735342377,0.7276382523650379,0.45092654814521427,-1.3725981828254625,-0.42592890543253886,0.7906853351136023,0.7950403548616608,0.8848454226902829,1.3321553757838918,0.4459657950797639,0.655369761109078,1.189709661139351,0.45761299846506653,-0.00476555088018542,0.4487568818585482,0.2569280378848841,1.7980640561223922,0.3034675752869957,0.5145232919140486,-0.2241164696060217,1.3885865512900832,1.012666918237841,0.49405876300570445,0.2204636403393295,0.5873914120485361,-0.22885982309005531,0.5923546138021147,0.7283759637959629,-0.018466838465778887,0.4513591788919141,1.2843024817000432,0.5660101444075989,0.6064268834251686,1.315356719409029,0.08343136943484529,0.23559220431152444,0.45899451880215636,0.5666966509094826,1.283023728260282,1.0724142719820797,0.10348167321310067,0.36720872860691123,0.1848393679069418,-1.094795662876611,1.9273903585427863,-2.432935046000505,0.6240208161419211,1.0430680409188429,1.4444561269113356,0.7583005160206252,0.1444590615549528,0.569005491171522,-0.1279067282961409,-0.03694471209923163,0.7468306385682859,0.9295529466850556,0.5192031109103917,0.7567054801018702,0.03390752022175668,1.092566152512784,-0.3314318234908974,0.7938285411955445,-0.3070849334743814,-0.6104083412476399,-0.26491515246933467,-1.9765221517149214,-0.14411930258950773,0.10756795968155719,-1.6129012747474027,0.4236041262134157,0.4618951017478086,0.34868013479500815,-0.7999657291861068,-0.37283305576371706,-0.3635082744771709,-0.005038417819125544,2.268109050313303,0.19630497852242126,1.0467117044476895,0.45229774950626156,-1.0088671917283438,0.1837572394711316,0.09509581224077908,0.11627984280206043,0.42806240548535984,-1.7252098441550632,-0.05800293900154171,-0.2530501160107108,1.2655133655984452,0.4821948715653266,0.7090318320423679,0.6645257066337305,-0.4770097044647248,-2.1410662198349932,0.8750844471380055,0.4885938932939013,-0.8182019622200563,0.5193972737616795,1.0126617294288434,0.2792953089196809,0.5039846725256344,-0.014122179774237834,0.4324607735234177,0.32095058145608235,0.18954443156734435,0.22180948906730663,-0.7626387130624129,1.1258756187940078,0.45639654504346094,-0.8987663104149513,0.5711815989170979,0.5530257643377094,-0.018954283570517483,0.5300785847880728,-0.38332753612613474,-0.05815265517081789,0.7881825184566509,0.23095916182207685,0.16484748129669213,-0.04303669643181108,0.3942005450039778,-0.026399490639049894,0.03447037365296005,0.3746764595751109,0.7171924810304322
2007-08-01,138013,145682,4546,4.6,NA,-1.7,22.8,6.5,-0.5,-3.6,101.863,271861.1623616236,473050.0461254613,1665391.5655134227,261622.463099631,1029244.6955719558,21,7868.1,105.9,175125,11299.46955719557,699,1330,1336574.0313653138,1321,163015.4520295203,227362.7767527675,121.1,116.3,207.667,211.119,86.72,86.116,12070.9,83.47555350553506,84.12177264947795,16.379,2553000,320000,NA,5.05,4.686,0.8153431040185591,0.18847808175132053,1.190640185599484,1.3359029097439232,0.8624383994453696,0.02187448764776032,1.088725032409954,0.8071411796857958,0.630924084069306,0.34678273605514404,-1.0382273722451791,0.6077948458645606,-0.20013660624655072,1.055342948497454,-0.09925776984530832,1.4196243973427474,0.7680195797513261,0.7283818563897159,1.3039386904171268,1.868665095105556,0.5238663530262965,-0.15678397764700672,0.8943243061085537,1.089051843139901,-0.561433097316609,-0.2752964219072316,-0.3387772304568081,-1.0633112154658824,1.4927947753476036,0.7889328808824269,0.5347994561436734,0.8385595127497275,-0.2887204310330788,0.34080115148507206,0.5415095345854386,0.3088720277796328,-0.31010893786795013,0.13177506050267546,0.5004737792377252,0.9049865446741876,0.8826315654805474,1.2542739235689693,0.6719725576239508,0.7092849774472684,1.4204385295527036,0.3800607247829938,0.7888784072395263,0.7792733485980203,0.6543093196095634,1.9359184640487386,1.0619074302075775,1.203111883333875,0.008416238369363836,0.9992734446984874,1.5942500096601677,0.5209344252475976,0.17690528646810383,0.9534355221274015,-0.34865158493802095,0.6950325937787435,0.9133547510621163,0.5756675694853213,0.29872199000009375,1.428345650917849,0.7416903773493145,1.1644847274231729,0.7197928272107763,0.05459824317707383,0.021056433073506402,0.9015087853043066,1.414170226064015,1.1679890376355666,-0.25659502046115984,0.06605594369198454,0.5101971368553205,0.2997664111179858,-0.47510540322154404,2.078431602643667,-0.6754411604981158,1.2086511303193053,0.9323383352327843,2.138527100511428,0.9381900073152158,0.047715865458666955,0.4405330333464726,-0.08924755782238597,0.3868025300009758,0.5988452783182131,1.0234080266484011,0.3252283068992599,1.6677166162955563,-0.44306429167655603,1.3734644217956584,0.006271885915539649,0.6509687134824038,0.46537053591254224,-0.5223780510089818,-0.8828197149180036,-0.3822277198303725,-0.34294765548308453,0.7086137067030762,-1.7162447847108997,0.4494440703341577,0.695863585597078,0.344999235562627,-0.41680232733389916,-0.25187834015931626,0.0019461542210592632,-0.008061009872633536,2.047644961017051,0.43784268727082654,1.0698727947910713,0.6070840454465077,-1.0495310164694645,0.3650349311866179,-0.16428507260154418,0.046371549460589814,0.8740161767793923,-0.7351970280703845,-0.09798176815950164,-0.13307571383413497,1.3096319331616508,0.3324622543334025,0.4951315574718673,0.7902943692508598,-0.14199126894098524,-2.3301215942036273,0.9340171216308051,0.6539997738492478,-0.4656979207247649,0.6464300550292202,1.3198972046853588,0.33445959275684384,0.6277159776731803,0.23734062369061973,0.48469704066170555,0.7227294359821792,-0.2136726777476302,0.17800550026375928,-1.591874054016184,1.4230242370552049,0.6039723311470642,-0.6322091215943271,0.4481356116440286,0.20970429549626718,0.5429385208204857,0.6032018498181303,-0.20029054245766129,0.2507505394361717,1.0499507328333662,-0.033407467773679,0.3362657488469961,-0.3069178190097911,0.47014659218236315,-0.04920594347292948,0.5945509284178212,0.5069172409292279,1.310693214033242
2007-09-01,138099,146244,4652,4.7,NA,-1.7,14.7,3.2,7.5,-8,102.0894,260152.31925012064,474651.365818917,1668417.5006379916,257950.23778344475,1033983.504491465,21.04,7914.7,105.9,175106,11309.187400923565,686,1183,1330875.0890252027,1261,163008.01801180874,228189.3996829554,121.8,116.7,208.547,211.554,87.054,86.351,12089.6,91.8165736209709,83.90475876058905,16.532,2537200,313400,NA,4.9625,4.5200000000000005,1.0179805528418584,0.4845668705753727,0.9798916554268448,0.43765493812720524,-0.093217109061114925,-0.1322415585040572,0.46312598857389903,0.8955340679089466,0.2922786567532282,0.0714343391681192,-0.8347838740442896,0.61142964144547,-0.01392553342882695,0.46574842935708777,0.8995155052943724,0.8720365226838539,0.21343675165871562,1.4055929241060574,0.8933405046318145,1.5851343780814207,0.4703031166565382,-0.34027576480166405,0.6418710611222458,1.0893730845778478,-0.2701291241052788,-0.22528865709510953,-0.19228435371951633,-0.9420505440455618,1.716114761978393,0.6522514055100137,0.4800030886076967,0.5143054646650563,-0.27640613817748183,0.22592378661585985,0.8229231188046586,0.17357240264959115,-0.00776941722814409,1.7945641501189575,0.5957124245821812,1.0192394123112196,1.1518957049902339,1.2040731256325992,0.835938861967943,0.940016358698759,1.5141861422916052,0.46980812040220377,1.347101093984126,0.8976385609893328,0.37182016139343776,1.5212401544848617,0.5944072900026386,1.6127921413577881,-0.373624423803578,1.0321285823827795,1.0804630989737107,0.6856584922168866,0.8015489911121046,0.7068048522039089,0.07736154206356714,0.5474092327031885,0.6315589853510807,0.21600710616477894,0.35668512111578976,1.3688341503920662,0.7180696504116195,0.04610579372098138,0.7444391125437968,-0.5535036454583557,-0.12552857237614154,0.9910251603714468,1.4070673067813715,0.5786020870077979,-0.9199403517966319,0.5524006199229986,0.5788382131977352,0.5958355723627483,-0.9386332151837482,1.4302998897868482,0.10506452251876075,0.4874075048093933,1.0026577801158854,1.560586330305991,0.7166790391771876,0.10729303227932378,0.22123255907785191,-0.02995548285011175,0.3782975683226986,0.6700263659366351,0.41083801501619754,0.368586356834756,0.7371414202208999,-0.9974331725070265,1.2281867719391228,-0.2409812779081182,1.0076408687900782,0.5820917888065755,-0.5815798355819978,-0.32627699346434286,-0.6375798575991017,-0.4321686581734853,2.3287319218489,-1.344110299579139,1.1942127082728777,0.34479842256903154,0.4085544814946509,-0.9306651431298502,0.0956108575314933,0.4463018632766844,-0.013024049288663,1.1714697621347423,0.849579780107599,0.7184248703217224,0.1891446763114832,-1.0200740687672485,0.3252462749322344,0.20982514387760368,2.986488256659654,0.27782282231253086,-0.3606294421549563,-0.20195212749718994,-0.29353585228623985,-0.50970062071127,-0.2925144299149476,-0.6709194570127264,1.283515442071102,-0.8671572292606385,-2.4488251323210943,0.9767359902105325,0.3063307826380586,-0.6748811927379783,0.7243354329933939,0.9888588859677201,0.256420219821537,0.741497929453381,-0.035663705372443066,0.3591146041548922,0.7223701549358338,-0.6975042610539757,0.5757768990629681,-0.2387534512420931,0.988971466467894,0.7324318405172154,-0.6901251902174571,0.6257665594748016,0.17238821411126848,0.8368861656400252,0.7824166974529952,0.5065969484376236,0.9137203184998682,1.123678739104598,-0.10269304947455891,0.810954623348266,-0.3066592366251665,0.4451946299963439,-0.04080910938236627,0.9833574525778298,0.5880796110077973,1.6636497445452665
2007-10-01,138175,145946,4636,4.7,NA,1.7,25.7,2.3,7.8,2,101.8015,264206.69277812133,474651.2746512747,1667633.1819770613,257681.1195858815,1043712.6365697795,21.06,7928.4,106.8,175593,11318.055841865367,727,1264,1319877.9174969653,1192,165315.28436290342,229773.9297739298,123.6,117.6,209.19,212.077,87.318,86.576,12080.4,98.71962252914635,82.32168584392238,16.455,2561750,328250,NA,4.7425,4.55,1.1417986893218413,0.46465121005147897,0.9279729457007243,0.21955035138803033,-0.06811825535822882,0.012149781145923902,0.7979680948148319,1.320309470081276,0.2275168319876224,-0.11945128076281454,-0.8101438178870869,1.4188311182357116,0.12604441152250725,0.5483450540407873,1.2022285765029768,0.32368906408318426,0.22091441711568174,0.9466692014815491,0.7079706671051735,1.3547989031126053,0.27773365120295634,-0.019806489812816776,2.1127538246741664,1.2411845539922601,-0.31164320334299866,0.22373509486951218,0.024126820238281742,-0.7231125003835928,2.1178561781251055,0.7512532058896315,0.5032762667940199,0.32980878840505945,0.009778964021495211,0.37744250969652887,1.1807929306285219,0.4406804733757706,0.18043734505319067,1.156734869940709,0.7499712932571285,1.5981783810181445,0.7506944485314414,1.1429298820600564,0.9965464533269396,1.1085376451289264,1.53718473565261,0.29595878223072947,1.5303878535990443,0.8942333626644382,0.3958481027215703,1.2435611950796557,0.70985478267911994,1.801541923558379,0.03333522655904394,1.0325007657539733,1.193254115653999,0.6168717704798351,0.9759577677740514,1.1836431283682847,0.17132454722572668,0.586269078949284,0.13580967694851653,0.4241089057511512,0.4310434690526378,1.2603139973572126,0.5510946510369646,0.6233815933245381,0.8239032272130573,-0.5279256426663981,0.14685588607881564,1.2201095790136771,0.9713633900091896,0.9056621633078002,-1.29121883717792,0.8545933168859432,0.5634646694422047,0.7154993349841715,-1.0641537921665842,1.6248553898677578,0.6667372440771107,-0.35001620812533363,1.1797368307344387,1.8111600763640312,0.4476666712550515,0.2738239566163661,-0.032098310107377286,0.20196922723390234,0.11255257939477345,1.1825510960154866,0.369302065559193,0.6157333829311985,0.18490679994546555,-0.5945444639323765,0.8053487445538876,-0.8731767291626806,1.4381099948660054,0.9589653197454661,-0.6928906855633792,0.5340456236845574,-0.3870513360029838,0.10348049565288227,4.973293316987191,1.7922046694982254,0.9404768268875953,0.7125197798328416,0.9051331116698619,-0.2815691785148083,0.7212262544477588,-0.1488069394420153,-0.016925388496389106,1.4048132333176158,0.7732127221032388,0.8079424277831146,0.21819405356678048,-1.087953634967326,0.25971968744172486,0.5113245957077184,1.5994767454961127,-0.025993173242841592,-0.5817628163107247,-0.24759057586375324,-0.47608015513933133,1.3858424709366215,-0.5712092683419784,-0.5188828585769494,1.249231686425319,0.02487162861011322,-1.2746400473701591,1.0761243312393245,0.1307828405178771,0.3854660677004994,1.0229499010634153,1.5225911858596644,0.6486095986283147,0.7740452294357596,-0.03037168701797456,0.6400187865218824,0.6787699316652311,0.36397792609152024,0.8660300842751848,0.08028235086052025,0.9194269026173549,0.8472314908521039,-0.26165186716452216,0.29255028596280985,0.4025953571692662,0.5146773232903766,0.6800626898293134,1.2389979009670378,1.704929511032197,0.6012547834319384,-0.1400391963357684,0.7707167911918795,0.053764216249256286,-0.29621961637974864,-0.018384952129318285,1.1820891392166863,0.6621980550529024,0.5794484390391763
2007-11-01,138290,146595,4646,4.7,NA,1.7,25.9,-7.1,6.7,-10.6,102.3446,258603.79808842458,477695.6288946355,1671670.8154445689,257595.60724986045,1046736.7653592463,21.12,7978.7,106.8,175862,11341.748214306055,641,1197,1290607.3068203824,1224,166422.11868171926,233982.29685239404,127.5,118.7,210.834,212.66,87.781,86.746,12070.1,107.79097982479125,77.45267542725571,16.354,2616750,336000,NA,4.524,4.182,1.0048834209987059,-0.165085500710184,0.6778325904983468,0.037941158402750245,0.7575880834014553,-0.32636616991026873,0.5766794094374998,1.1205013656837666,-0.45919193004572983,-0.3475375124204679,-0.7937061278398235,0.868431586864725,0.17175491752367564,0.3256281654651157,1.0112373308312685,0.8575677049830988,0.16253995951486597,0.8847814518305048,0.652570955476751,1.067337490572186,0.4402177962577375,0.13536241347843259,3.0901534295585034,1.3512700586893336,-1.1234690782191625,0.4249669131941944,0.04161573554159688,-0.17665142900958472,1.817106821323826,0.8353544392073738,0.3267862119984931,0.39820242024502067,0.07736123236639518,0.5307376650633912,1.288867872272044,0.7481633606231851,0.7869761677377827,1.4671689905084861,0.5953235028128786,1.250601592420399,-0.1641860346050956,1.1860063775801892,1.3850317040328992,0.8348333508401956,1.4377641678395827,-0.0184123788480843,1.0491192657985249,1.1767417262767332,0.42680691430338163,0.8734287050191454,0.480918873097809,1.475844999937752,0.20203755195187648,1.0956948670765696,1.0808227681987164,0.08064285076348601,0.6235947874351084,1.143196940266536,-0.15958786409784737,-0.3509698246949526,-0.1598909724133864,-0.04139628368122798,0.556987297482389,1.1459224888736816,0.8492173313674627,-0.14149072774818444,0.7890958012781617,-0.727444981458393,0.040482549078440594,0.2763550659928822,0.9253539439409589,0.5096773692670247,-1.1713812100318433,1.016866799028311,0.2553505056818258,0.5050114282013138,-0.2998063066152822,2.0169703250803126,1.2604654236061674,-0.4543425258983423,0.8217807087917964,1.7389238201816004,1.188559735053673,0.18244109937440026,-0.23710153193185254,-0.2929706402010535,0.8375782690058956,0.6059663366447462,-0.0916893013139131,0.22664333455254007,-0.15900513701885816,-0.24880012970724677,0.18078440283952946,-0.7476814095874735,0.8935296022284689,0.794451065813448,-0.3125088245394639,2.419052105253359,-0.2309105477282885,0.9879346850216025,2.605025440019443,1.815833505869917,1.381485669691787,0.6028029974407437,1.3508697774047866,-0.5538415309522758,0.46329308239481176,0.018647872860881688,-0.018688011714039554,0.7947864460693237,0.6408869859477218,0.394914920983719,0.27471689499312085,-1.5918630284719637,0.3564933281907238,0.33996458817878694,0.27214111465280616,-0.7380624317349276,-0.1564824137928011,-0.06483978321152023,-0.3150706072821786,0.43759623138536785,-0.6627258234774625,-0.9273418227742396,0.9900328187416048,-0.3360508919130014,1.8329303158024075,1.0904708995430659,-0.04249243839190138,0.37734672532186264,0.8035826654584778,1.3152063508593557,0.6352082623175177,0.5654187595713542,0.9965773857495477,0.580247232173363,0.43838258105995226,0.4325267086876761,0.4772430999140356,-1.2071093563077306,0.45044818215271926,0.6293776504111089,-0.6606620403479027,0.29660401063969355,0.17915693157012924,0.5805769834662925,0.7004291243303948,1.331038164623643,-0.28504155973254225,0.1808498358746263,-0.11302680699225828,-0.16476975409102776,0.4870464828935591,-0.04804725938944257,-0.006925080158870439,0.9353234148296115,0.9459327960009943,0.5140772652259512
2007-12-01,138395,146273,4545,5,NA,1.7,8.6,5,-5.4,-3.8,102.3803,277826.6503000546,482622.97690489184,1677065.8927464364,256318.1942171304,1072963.2660483725,21.16,8025.6,106.8,173364,11334.788143298782,619,1037,1267436.1247499546,1149,167367.93053282416,231979.67812329516,127.3,119.3,211.445,213.168,87.984,86.92,12120.5,104.2575922895072,75.7868768161446,16.03,2712000,348200,NA,4.305,4.105,1.130385247734023,-0.09164754760510943,0.4675944245467827,0.559255115900836,0.17743770019987581,-0.10101643605971165,0.4539422175594494,0.7646971915769277,0.39476705407954443,-0.07067588796118243,-0.8020040298754918,0.3868264709394063,0.20342159779360205,0.7033196634591528,1.0688826230517707,0.8733173900233141,0.23125676451443866,0.6744759491077937,0.4755156638233273,0.6456204562913543,0.8197734420633562,-0.049426249243901065,3.0549826765735637,1.06677468429967,-1.2586162300949226,0.4837345654869322,0.2639704486301256,-0.45231860796837126,1.5350512234146196,0.7595460902399536,0.4310857211539437,1.0388545179829065,0.2326179498644826,0.03802096706124081,1.1108927729592433,0.7480958352082298,1.1291313526006532,-0.3802822050275229,0.4070951969412031,1.4411274037037958,6.889856185186148e-4,0.63172585204703,1.5672200155557385,0.8833929159470593,1.8289735152339677,0.12799010728876886,0.011504216726934321,1.557427126025915,0.44378758117816686,1.72064314645767,0.5809580108088398,1.1835891277235515,0.4965135351050453,0.8123119430480619,1.17452349463726,0.11736514555674615,1.2420364452184536,0.9835249960877518,-0.36178446896782346,-0.5075674116631315,-0.05004536719724925,0.273548739679978,0.40529977455189564,0.9028780632543939,1.9870214424902624,1.2425951336701506,1.6121868597805817,-0.6975896043519307,0.21136954936772964,0.5543449320338207,0.7740749922280576,0.29922354486415054,-0.5786359264694982,0.8780710761366538,0.42854323386634247,0.038356282237840385,-0.17938044300991626,1.8412515893599337,1.1295047406169663,-0.5703601232322182,0.6912059139549915,1.97632087528827,1.478534021074682,-0.3465793777491888,0.028559598686860557,-0.4189616680279352,0.0715359181829767,0.3962468463680989,-0.054777354281058704,-0.14421109224927195,-0.025888692972494305,0.018564328914657462,0.4650938160086474,-0.03946258210937376,0.5341766110712081,0.31936487312203615,-0.12580741231544812,1.7644025651438113,0.2788973082326828,0.49933854649747156,0.7842094859524363,-0.1250744127424847,0.7723203101382096,0.47430668770339207,1.462433008359992,-0.48652038867791497,1.1076740675207577,0.6836197657221166,-0.0074972466316089404,0.4238023520919562,0.6774881891124234,0.1987428055455125,1.2678960458619166,-1.5995249464358932,0.05205767782377669,0.7903788612463712,0.34706949212423194,-0.6123674699115136,0.3202752879029196,0.12678395672906254,-0.47596269849283257,1.8708648642130241,-0.13906874098064967,-0.5213412062350583,0.9564317886020819,-0.40020474299161807,1.7706276161671086,0.7307259494553133,0.2679337114492612,-0.6464252277802885,0.5268297926834086,1.317524158441333,0.453027080314389,0.9776494969225288,0.28570692277972487,0.6045400399232109,0.6592178719927518,0.2614045739961837,-0.2142326534408951,-0.6103784300543825,0.6902882139467799,0.3460329009961922,0.8171448455820177,0.38846508610455255,0.12359613077090298,-0.04716838237539518,1.2013014203700896,0.32168646427300485,-0.2490138264204707,0.29837420007983056,-0.19226125209541134,0.1670737485029859,0.24888575753252531,-0.09398602168956569,0.017900296216446253,0.9427209661007516,0.9130652731430072,0.5420664035841176
2008-01-01,138391,146378,4624,5,NA,6.6,7.2,-4.9,-18.4,-4.3,102.2448,271397.6373489332,487512.1873795433,1684681.2885494707,259888.21622111872,1089024.5561526427,21.19,8029.8,107.6,173145,11333.015894610344,627,1084,1259944.9017073668,1094,171140.2852413668,238684.44323515406,129.2,120.7,212.174,213.771,88.206,87.093,12137.1,105.37831893521982,76.58887334392239,15.705,2798750,338750,NA,4.02,3.7725,1.198150249231458,0.41431305991138423,1.2177734780978222,0.5846218573673978,0.5672615537266039,1.003362296146051,1.317550072751633,2.0883854634419095,0.5992130732409131,0.0859139445227977,-0.7417232621461887,-0.16062652870618,-0.3965772759553305,1.2737540034188024,1.1541921655505856,0.7126969239177078,0.2029716061994816,0.8154335821730948,0.058316483985582986,1.8142184560380965,0.6026859012080708,0.8945454929902124,2.3898013944421415,1.583634461375624,-0.5449149959704661,0.5085536442739836,0.5747946241941057,0.019237341182001762,1.75391024649293,1.090633402471621,0.08700052691532098,0.6255767160758374,0.04099274507919998,0.11179298087989606,1.188057366219135,1.0435282532857566,1.2370303366376714,-1.2218624751052387,0.6726453417341658,1.7629123787591394,0.5205405743421393,1.0401480489300539,1.5544595553234035,0.8452692402673073,1.1882998443937662,0.5153601345273244,0.5151184795011032,1.008891764554587,1.0030184977965926,1.1397332917736078,0.7900426912011905,2.0952346761725087,0.7913624077275675,0.9922569666749836,1.4503188864991563,0.4031520015000859,1.5662503883868715,2.2435710759061624,0.4602844861887897,0.5257854163577548,0.41577430587673486,0.17212398147177724,0.4103188501715065,1.6852398213479778,0.6064706210298021,1.488473555827495,2.4049474183410893,-0.6054792653506258,0.3615934697931,0.5234815564657498,0.783366948666138,1.3286278808067518,-0.5880587314901461,0.7525892950269086,0.16930442949438185,0.18342039852334488,-0.24715324656919002,1.226503141466757,1.4065782043350146,0.6435884401641726,0.7438194629984839,2.2181554020599523,1.2342924064531724,0.33300176337559173,0.414246239565389,-0.3447270172660559,0.5109854289203257,0.9619253691284896,0.3662799529495782,0.5852674840004397,0.5776401406571935,-0.5315922508956894,-0.21689698276530398,0.4608505668099866,0.8247711042397555,1.1698289823699097,0.3712287934973819,1.6636475522443612,0.4392692835302531,0.9010213340186312,3.1722794176383173,0.3048244894159375,0.7753136377623727,0.4883972079974099,1.6336448161638306,0.26057352020261515,1.313345899183177,1.0057408764413966,0.00856065751686294,0.7781667183012326,0.8945620556955846,0.3880181725403741,0.6955403134608652,-1.0999963351355357,0.01568828454435046,1.033479556579807,0.4458927501745284,-0.06645131740019847,0.5874606996578731,-0.16124414999808845,0.20233735683375267,3.001581473305903,0.692292279471669,0.9714738322676651,0.9001901108103034,-0.26167225249557635,1.714717107484345,0.9157308569335895,0.35111645306201156,-0.1517639396798938,0.958737264329991,1.2378838486236519,0.333226625235356,1.0464237187620735,1.7382404081640694,0.23792199592462365,0.5554446916925334,1.5414253645108984,0.3693308375573622,-0.32128068804089327,0.8090583722636323,0.05780367919115647,-0.3386366134449859,0.3267787575787573,0.8239905476836711,0.8175257365055897,1.2339353014969259,0.702090725595024,-0.10640106617704505,0.33654854541689344,-0.44888444575370184,0.23103507167680865,-0.38110031888334317,-0.5216509779851739,-0.010728140829126723,1.0551137958653798,0.68241875523847,0.4763718224621521
2008-02-01,138329,146156,4279,4.9,NA,6.6,-7.1,0,-20.3,-4.5,101.8438,265933.108551515,492196.3748274536,1688584.5890650547,258321.83023692606,1101610.0563463147,21.27,8052.1,107.6,171203,11293.815482790613,593,1103,1240804.6887375256,1014,173734.4708198502,244397.0491729085,129.5,121.8,212.687,213.939,88.382,87.178,12141.8,107.88395827204633,70.09050233328408,15.491,2844250,346750,NA,3.0620000000000003,3.736,0.9726790367181107,0.5214319908457334,0.8598001806204153,0.5901224826765358,0.4897724162651668,0.49452147174338823,1.4625936959595218,1.3209451905449547,0.367375655653694,-0.9157804929085128,-0.590174368848764,-1.6082327439723325,-0.2353815768008259,0.582264620082634,1.2198813664346846,0.7992894413224593,-0.018526400687914817,0.6525420582326237,0.24795307567205918,1.7663241628193214,-0.03569055810695865,0.6668345424552399,1.8170850813988966,1.0618297518305293,-0.6388948201844263,0.44148322901425363,0.4744095400812251,0.24026341275732846,1.9460092466695618,0.7760929231979964,-0.003887389298922453,0.355377420582476,-0.27056669524375643,-0.07412775601031923,1.3325358454986644,1.0962951791689006,0.8208467780219612,-2.380905804863873,0.8653265251891779,1.2756406252233798,0.5334167161453924,1.2222853052058478,1.3917304868902698,0.6527133115668605,1.094347180222368,0.6832621189967858,1.5464356121231886,0.8642087421430494,0.5593958969318837,0.924176553739753,0.9533622918139366,1.7683825639071789,0.3787519691729951,1.0584073591445349,1.5394711055372696,0.28003996038657925,1.6087672191853823,1.358273910074163,0.22047296283764997,0.4074547491240102,0.8472122467478717,0.23219311173655066,0.5242936454949458,1.0531239833146226,0.6658051526350038,1.109990887062774,2.3168456470182983,-0.9683770473984463,0.6148719058773661,0.7431968693007162,1.3987934064024563,0.8872001646551676,-0.6476811415129696,0.4297431327018685,0.1308981300266842,0.1937641444717716,-0.8481789523481558,1.056113239409307,1.590711319263335,2.4032082235658088,0.3810845299674493,2.300475200507939,1.0176878883569798,0.7518895518217081,-0.11745799988200467,-0.19377297340495528,1.1740421174145101,1.3540926407498086,0.3774128249707792,0.43183045682272003,0.8457115852272616,-0.14116085019441288,0.434610155810812,-0.4366562706242901,1.3961259725095914,0.7870010458590981,-0.054138461149981,1.0016826567515058,-0.12714860080360638,1.0188562154548197,3.603422161814782,-0.04188320627257757,1.047419060844566,0.22563894973898838,0.366484416693253,0.012180707009739106,1.2282999639262442,0.5259396356796741,0.012563117493777655,1.3487889028692657,0.9625749642297053,0.22749219917336713,0.26868953354145586,-1.2583856682863857,0.16568265342573388,0.9073975202460197,0.21304504186149742,-0.25258547523088876,0.9707266934982798,-0.623712813433478,0.2832051760567921,2.687584374793631,0.09629238608165677,-0.4727080260492961,0.7916081365105181,-0.25030144575120045,0.5884882154752966,0.5243161126388168,0.13364500012877967,-0.6218555709938676,0.9769301994998786,1.404591300649521,0.3030445079897861,0.9580716975647386,0.6448575689708992,0.2859800792143564,0.5045917365208707,0.8856778953668988,0.19124626379926365,-0.13368644398737264,0.6894764911492386,0.21568655500653502,-1.023277767345662,0.27168132124641114,0.7067904373045975,0.32462401735832097,1.1993315081146732,1.5477083948354355,0.10779333002772236,0.02029612414420373,-0.5985290591995918,0.17323782599259865,-0.4363391976777983,-0.22590258082869877,-0.027020351686450745,1.3945816000032285,0.1089810304111092,0.6455794919740285
2008-03-01,138259,146086,4225,5.1,NA,6.6,-14.7,5.6,-14.7,-6.2,101.5336,264983.35871833924,491726.7445140182,1683468.542755247,252163.3666158966,1117964.6866362046,21.36,8082.7,107.6,171079,11322.05110847859,535,1005,1244932.5887064927,967,172290.85575675522,238434.0271901619,133.5,123.8,213.448,214.42,88.635,87.349,12145.9,119.09516556664974,69.08846332619189,15.114,2912800,363400,NA,2.6525,3.5075,0.7274838613412963,0.7063368885875552,0.03954177424744704,0.4879563563187392,0.9101154436147626,0.0769117446101081,0.87573856372772,1.1203237932195234,-0.21360006420589184,0.31339277063613846,-0.7233842293820714,0.31126846549582893,-0.2854750730418786,1.3756727967426692,0.9436247279353117,0.97612848386935,0.10125665055914847,0.5131889769357865,0.6566734412993814,1.9893163658138473,0.3634810364443407,0.16120382436595496,1.4795839832293094,1.2056264027845074,-0.41778566648478555,0.2898316204573189,-0.5226825268391493,0.5561794419909173,1.0950677537240923,0.3019679924784352,0.002863922709635794,0.11925323353573207,-0.5607852821907001,-0.05325639139276984,1.6509228513810035,1.1422283989168391,1.0739244537804995,-3.337344932546084,0.8679046390268436,0.9418165758002134,0.18752604256991343,1.2527810324927615,1.0857066780167763,0.8976263254273722,1.3022200209107155,0.9985438618359164,1.533988123461842,0.4851255098125226,0.4043865572917691,1.1059192852908044,0.9103835974203857,1.5465958281043222,0.5993586740825092,0.9360108925819695,1.2897968005327791,0.33046467906179267,1.0786135404484587,1.0740495361134326,-0.005908302196475488,0.44187637421258164,0.3135143775982262,0.6173808722995014,0.48932514460168874,0.697615297949697,0.5886487012853866,1.5567758121136621,1.8998823517320094,-0.8804555362411091,0.839448045705776,0.4231310564000049,1.5948140770517298,1.1818344683867772,-0.7825438431977207,0.48368495393731786,0.14802373424135834,8.974314036382398e-4,-0.6846855258243252,1.1990932888908905,0.9364532123569772,0.9880422124976059,-0.0367684647342906,2.4530689540620703,0.5064488614469069,0.8055414857471174,0.012424348620371005,-0.3313278503447711,1.1104052973047047,1.379187326414822,0.12329778710377265,0.5733583201006562,1.063111987825154,-0.4761285738046215,0.407909360229785,-0.37651588069116954,1.2245923394803448,0.8020244523921279,-0.2895360710650175,1.4198007998806152,-0.0950996319971878,1.7000552603039694,1.8635390440641924,0.5962369889567671,0.487013835331586,0.41176732836932334,0.39669072410232836,-0.3358935487888948,1.331715611817255,0.177222667149867,0.009596860014707267,1.3764057952101254,0.7970408667095983,0.04312903232646974,-0.2094396207469445,-1.316073392798633,0.4311093763543899,0.746317498695617,0.09639049181568629,-0.10204028965062627,0.9581240058316635,-0.22524824694880305,-0.062054296048332666,2.1887102915174625,0.3475623310210615,-0.5829808775146565,0.5782730818702021,-0.022436505463714788,2.270613036335127,0.07328326801945804,0.1708515879873402,1.1886663271932407,0.8419287942680279,1.317104273315548,0.36306647286221266,0.7102990385979008,0.7900164280664964,0.244075486511991,0.32558755040709386,0.702521887712093,-0.00846075070340453,0.24762324393676902,0.732434404882379,0.39015070001065466,-1.3633821153141596,0.6110538302519465,0.5787138470987025,0.04829737437815643,0.9294070299475536,1.0093502623454602,-0.157388544747328,0.262050842628538,-0.8068175520313964,0.08491517204036148,-0.4783290299685821,0.1758915064464368,-0.02760073230068046,0.7006122004132272,0.3070402008492013,0.7555841752634992
2008-04-01,138040,146132,4035,5,NA,-3.9,-3.1,-3.1,-21.3,-0.6,100.8785,260234.91255532153,498735.34611876257,1689892.5879049755,257571.59427471028,1124755.909413394,21.38,8050.7,108.5,170521,11340.5556368878,536,1013,1240162.6144438563,1008,177191.18458541197,246956.60987173277,137.3,124.4,213.942,214.56,88.799,87.4,12100.8,126.76944560186487,62.35814417725572,14.605,2964000,359500,NA,2.2725,3.6425,0.6481756847776661,1.0948117484102458,0.527090322681656,0.38030014081280905,0.891742692373904,0.824367586111688,0.9048499678215387,1.197460919170805,-0.3388183402361207,-0.13538871366256625,-0.7234777324507191,0.2477224488400733,0.08112182574725624,1.0224985211815545,0.20790834974363845,0.9480576414532476,-0.22123806747744615,0.37127754582277256,0.5242889476940271,1.3774338985044774,0.624889626791966,-0.03383217336563425,1.543198189443084,1.3357594692445476,-0.46716844003888214,0.0670874734784773,-0.7539088228675467,1.8329993103249709,0.5751925860982271,0.9538913555612037,0.12495756890895468,-0.32224778081780175,-0.5801742519058726,-0.010570815929852019,2.208225623967672,1.5143944199908832,0.40560277970640635,-4.672318826808331,0.6792931540309541,0.9515198752211229,7.465737925593967e-4,1.3458368628396,0.9906164051421738,1.0663912646601748,1.3578226216801512,1.5564286861217937,1.0552971401107654,0.6254676692400436,0.6875722776187894,1.175634886726333,1.1351003207497241,1.8957008503182269,0.8376364508061371,0.980587777195993,1.084836228876846,0.4863846044573772,1.309217657789239,0.5725182781221648,0.062307354907192296,0.4435778589449604,0.43219075110540495,0.40974995630072175,0.3994596846284007,1.0398211405900142,0.7664480515908277,1.2084267000963707,1.8257822720442163,-0.8881173169315142,0.7960587633954679,0.7007190617509476,1.7254688108053782,0.9694331199291203,-1.0005763623525719,0.7108708902075287,0.18145201999241345,0.2914069676597918,0.5496907549735409,1.2159235071140828,0.37587190233631046,0.46008737196410043,1.0405118837401712,2.8225284215391344,0.6041585911935049,1.1762368012934663,0.3397941997350581,-0.2960273457446671,1.263925496382863,1.267802489074656,0.1643292797229371,0.6278573628273924,0.9105042166481141,-0.42021309439647775,0.12439152935882157,-0.245142805670463,1.099991668005812,1.0940804007940963,-0.2136958326677311,2.752537362180047,0.8112243187057658,2.1058441208903633,1.6146284139632023,0.7787603546690821,0.3734931851276468,0.4376201495786237,0.037282140376854914,0.7186921634953225,1.356759828302595,-0.4809803565338219,0.025012608914982113,1.4427472075926475,0.7863965722826982,0.09307652228079648,-0.146278840728794,-1.0311811038401975,0.30027413407813935,1.0587870353872124,0.1472584539645571,0.2537720474788491,0.44939974755856493,-0.320468284960068,-0.09803238865683614,2.5211275782577927,0.4343144754783891,-0.49067610462287997,0.43140012052525195,0.2452841106484083,3.859384375383572,0.3641372365513298,0.5002867400148775,0.3460973941248793,0.8097845950786189,0.9699006086481604,0.05921005048087913,0.6277850917384605,1.0147615719868854,0.028143328247585007,0.4561819566413778,0.3049910164353096,-0.11568143411770627,1.1099226095518928,0.843753786079863,0.37729868535958777,-0.8567666003128349,0.3554670707224783,0.8037630835223432,0.34474311290791615,0.8509580488963764,0.19960339220729068,-0.15074605971768248,0.20816097944628897,-0.4873965416449607,0.12960927280074916,-0.5042721171194172,0.32036365211854223,-0.01768081880468027,0.6733277192357854,0.4802585721919309,0.755664914704477
2008-05-01,137851,145908,4194,5.4,NA,-3.9,-3.8,0,-16.1,-13.2,100.2674,254956.26822157434,499424.7589145548,1687563.7366515591,252197.80219780217,1128732.899753308,21.47,8054.9,108.5,171116,11361.628167750616,504,973,1235195.1110114374,995,178184.5705315093,246271.58555729984,141.2,124.8,215.208,214.936,89.18,87.559,12696.2,140.60327427674366,59.66727538292947,14.697,3013600,366800,NA,2.024,3.882,0.9881958539784148,0.909377538823059,0.7896612113867344,0.3229714092706334,0.979732633731861,1.688528254862662,1.234154018301675,0.9453046339886828,-0.009957300908478437,0.03332365488512496,-0.5511946917448044,0.8095299182283046,0.19319692319767048,0.5214616742391417,-0.19778559107087704,0.7084369827981544,-0.3966426335717427,0.2221900743367363,1.5516349754816792,1.5481255678336188,0.9458012720427417,0.11849159372020478,1.930402168832906,1.6679737274261055,-0.4459062468974414,0.9676787429671431,-1.051550582301463,4.213767616413328,0.08162918321160015,1.174600867591772,0.2810354565015404,0.00705843037050208,-0.07774273081060494,-0.016192307581965302,3.388727245622517,2.1090473606409637,0.7643053797381972,-7.285275556855954,0.8015850285632883,1.9716629088037847,0.18095818319660523,1.3305261346600281,1.1444207013137488,1.256311761502176,1.3851455435693762,1.2156348555777652,0.8711705436910513,0.6218837715633042,0.35821072207689253,1.2444345867019353,1.3967374849895176,1.3887979998615132,0.8638402999690912,0.7728244012145992,0.9189214478953553,0.34551207666299694,1.1937399556133195,0.7225946999244228,-0.503377635456585,0.5601333122664889,0.8210693931049723,0.7244759152565857,0.7509134142401603,1.5693148532282637,1.0155563308184372,1.6947985002015975,1.2289241787386829,-0.9681123035567407,0.9923781226267694,0.657872010380485,1.4416329656464646,0.6070704827993029,-0.10473762283191221,0.8571822766096555,0.20035819937249025,0.24326606313450438,1.0805052635993169,1.099776966892443,0.24084263965968147,0.1366949062127164,1.0257406801256477,2.9350313338710756,1.0516938242317857,1.4027956665225578,0.5674391803172855,0.13841894009711167,1.4912006219324583,1.0349436918872474,0.35947828946670424,0.763495352216887,1.6752443383291729,-0.6110139717962821,0.18356254860215318,-0.09878190781280935,1.0639594921964672,1.3126171802507713,0.13715821991549107,4.552907471666002,1.3826974303451214,2.491359161235784,1.524527653150014,1.7024360419435611,-0.14686793564871004,0.6192298922460522,-0.09341775843296428,1.0098429478373185,0.6798304299157667,-0.04837079167463377,0.011794457461724016,0.8588431181895306,0.6939166530633883,0.3964433876768131,0.16539601588688885,-1.1634037280964973,1.0727399836336589,1.3564000622103913,0.22514213602584524,0.13235811467391273,0.39813069503171533,-0.2731632616018942,-0.1452381639188516,2.0025219694521064,0.580261199290048,-0.7995679017537294,0.5146098938059274,-0.251369106451427,9.25086090939472,0.5911377540939683,0.6332950621457947,-0.10228727777177303,1.2835905101903906,1.5547639787481198,0.06879581880972761,0.7781537893378407,1.494086409962672,0.3555044848485477,0.3727295528634864,-0.10225115975537424,0.6155649875867036,1.0343704958944677,0.7528730026469379,0.5105089892902966,-0.7327757318930643,0.13655600862080913,0.7136058564462334,0.32579343283530604,0.7197239292261783,0.15283076603565887,-0.03672932109403425,0.29731590296158006,0.014683225942130552,-0.19464219717767328,-0.1633494746079612,0.4493462897294963,-0.019999368725796756,0.3191712382683634,0.6232894335287945,0.6374310149497973
2008-06-01,137700,145737,3830,5.6,NA,-3.9,-8.2,-7,-16.8,-6.2,100.0335,255226.15694612978,503003.5512707761,1690649.0084165172,251727.20896835026,1129737.1614325314,21.52,8059.1,108.5,169650,11340.799536887573,487,1046,1213552.7180023824,1180,182441.80480256493,248384.11613434713,145.5,126.1,217.463,215.424,89.827,87.76,12376.6,149.09771004263752,55.6619562339933,14.377,3057750,383250,NA,1.9849999999999999,4.105,0.5925315512110373,0.0775348100297584,-0.04548947969760514,0.7120895238960507,0.9933873512418595,0.6058266665501972,0.8287620313437192,0.39683752801223743,-0.35921579882089283,0.2285726503296651,-0.548677827903625,-1.0074507863764763,0.1828696472550026,0.09929315961434199,-1.4719078571547817,1.2521146217670394,-0.6938534694185281,0.23876743353584626,0.9525660955275974,1.1483533851464038,0.9051414545423601,0.009598663933929946,2.9817981419938904,1.7096352804579333,-0.48727611308812707,1.3400871878358145,-1.1319820703901997,7.695696973001674,-1.5675026025829224,0.4730439756820237,-0.17147371996330196,-0.25447413704660815,-0.15394077587855493,0.23521556048907327,3.2546158529033526,2.4121042201386267,2.0224911370941796,-17.900436539456653,0.25516265974548175,1.4836086917652613,-0.2638404284682298,1.0406143266066363,1.4421234762777588,0.7947902406388695,0.7473372876876488,0.7112746775697528,0.8757814571571203,0.14208964857919903,0.23676071838611226,0.8126188430381401,1.262909532401971,0.8151923223694603,0.8159205565401406,0.3886830390519935,0.03171661942685867,0.1783348215543544,-0.14717036376835477,0.138011474975026,-0.2686162338769106,0.08282374915864593,0.542851524572051,0.8913312397433485,1.0462758909846752,1.026969074570788,0.47148678445320735,2.059150396810076,0.2517527785400318,-0.7241334911537871,1.2790249779399698,0.05618501551368224,0.7719498760258581,0.4600598038094364,-0.7094347415541399,0.9287539342384925,0.23594559997792802,0.007493280778160346,0.4780631499175821,0.787528243401277,0.5555680238870886,-0.32200143960715194,0.44953114004990746,2.8967012112879855,0.12354172935707719,1.3524470282596648,0.9268040472595697,-0.05417076005521416,1.443058826869837,1.1536230957304061,0.18099852349807127,0.5721073061784453,1.779329363147234,-0.9704049489082462,0.008947105450491053,0.02878494274264108,0.7288183258631015,1.415485807729707,-0.010488228589551068,5.229915374029002,1.665182717802128,3.3388789446147733,1.2651046706239732,0.5227348419268617,-0.07659299985471718,0.7614510568839555,0.4620852461283406,-0.3945957093206958,0.4357686423866132,0.5952769832844883,0.006631256734823847,0.9009483985507456,-0.1938209497218949,0.2529642043273974,-0.03303326871461284,-1.0185644803302345,1.3899916246695545,1.635964558339766,0.4498513849714748,0.3869920449935683,0.1598133406452674,0.4608226239665742,-0.07774449029234463,1.5347311279071232,1.300870279175689,0.02794526594842836,0.5868392064970869,-0.10819974707516354,13.541712069704953,-0.10101896768021651,0.6277408954759712,-0.5107664242406125,0.9756701837285234,1.373379721570118,-0.2517986631140772,0.897203462330139,1.6402851464989414,-0.31418611963785237,0.0959941030805593,-0.043108757629866094,0.13311202850038734,0.45279643662558977,0.3731345077510363,0.41784547768657637,-0.15669549303912633,-0.10062724371822832,0.7890267639444387,-0.008431957956790226,0.55628345740551,-0.08643586766328851,-0.1843534851006165,0.0182678872911189,0.3015990206219434,0.003034156233451929,-0.15173371502067418,0.523229212539832,-0.006021354307982116,0.2600288630489689,0.753652428305775,0.2912527467765276
2008-07-01,137497,145532,3749,5.8,NA,3.2,-5.3,-2.1,-16.2,-11.7,99.676,244236.24577538922,506971.023325392,1696158.027521491,247581.58346722808,1127547.2325336584,21.6,8057.7,109.2,167839,11286.054629065322,477,923,1204445.6756607015,921,184011.30256523908,256358.8010416089,147.5,128,219.016,215.965,90.245,87.918,12188.7,147.86414759820488,60.95701570503349,13.006,3176250,398000,NA,2.01,3.9975,-0.3210029826364255,0.3629789032665078,-0.5499953659446336,0.8401518511019098,1.195180207264014,0.3827625057243809,0.30174264732732414,0.18148962265289686,-0.3880725065169454,0.8645855692585518,-0.34961065302516736,-0.9298044856524291,0.039968531381123065,0.688984678114609,-1.7310582625856092,1.2978071291237259,-0.8209845031882388,0.1462634190859747,0.7625686088000846,1.340110361312501,0.9055453833738403,0.10341249207830404,3.5065655312814337,1.3495445073633008,0.41235152989747875,0.9325599663315302,-0.9779180977261005,6.2642123887587,-1.9596485670432424,0.7999294622290455,-0.2854073314711435,-0.09071045353893564,-0.4923826483938225,0.23015348663927437,1.771204361644677,1.9818084177333948,0.22741902823725338,-21.897787129156164,-0.19884194019066254,1.054019837382319,-0.7348859292493742,0.7855110512626602,1.1507695094808787,0.708528426315826,0.8257812588092021,1.041015790254096,0.496160192175266,0.18951492618549134,0.386197314870634,1.0960348087292697,0.25401495399888896,-0.22593433951163017,0.812407454692278,0.13618152388491386,-0.24271434749098728,0.013661283122977968,-0.8568026485205311,0.30304957738323757,0.09743100185119118,-0.2710041561046545,0.35811495434233215,0.83077152927063,0.8139770375035661,0.9294027956720606,0.3294473265609182,1.8950923778377469,-1.0392477901709187,-0.2459231700263185,1.2227149313005397,0.0364216801816094,0.7113178692408975,-0.18027898637434905,0.43688894875550766,0.7663297299266856,0.03755528482014651,-0.22166365219676273,0.3523487646306676,0.5589373149347546,-2.2131904060523353,-0.05541364204210277,-0.14410903259367808,2.3775181817911686,-0.0339741024056867,1.2199142916880497,1.0755986847248615,-0.17799172457006732,0.7311467509001149,1.5022432610643806,0.12563526550967208,0.4385797219017815,1.6306012542678427,-1.1564362382841886,0.3375039719093801,-0.03124055092739064,0.11966619957503895,-0.21746959730229914,-0.21716885906882036,5.984330334556783,0.8202214451319262,3.435767772596727,1.112289493196944,0.2798433414700057,-0.3004234451217322,0.28873022494117384,1.4298720696095966,-0.6122988694406201,0.5225189706742884,0.7664963154148138,0.0029241014738042564,0.7027996704474618,-0.27337387547213465,0.5333593792575274,-0.16963406815393678,-0.7406135008980531,1.001484108367787,1.4805238307159765,0.5059684522675666,0.5264851256204551,0.7383083783649191,0.5419011876825478,0.06342839447827336,1.6722748209597273,1.0003804132712968,0.6088563329972827,0.4251045184196637,0.25550416880180593,8.540172017437898,-0.5013784299749058,0.9254630235005771,-0.9004761637995032,0.2453404880308771,0.8688324138978545,-0.07054184549456126,1.0281862998406817,1.8843431675223148,-0.20546268447818847,0.16550663072633107,-0.6369106098026933,-0.5383488502716187,-0.43122435652828944,-0.19237998891178118,0.13544613695223234,0.6065793044896886,-0.011655771862077903,0.7432270108273833,0.10834234946224709,0.6655822709845235,0.30674554154727246,-0.17579333205780825,0.15815508264239184,0.27549934311355256,0.0853755733321662,-0.4346772131502752,0.3690912523933867,-0.009290483810600098,0.047203424960732134,0.2651361981482973,-0.12612350545973391
2008-08-01,137211,145203,3674,6.1,NA,3.2,-0.9,-3.4,-17.6,-10.2,98.1111,237441.77793550107,511708.73441866663,1696375.3333775897,240493.72310695116,1130895.399902409,21.7,8078.5,109.2,166725,11284.766889943665,435,844,1186704.2984518476,858,180899.83586922768,248190.12553786096,143,125.9,218.69,216.393,90.172,88.026,12120.6,129.31952268997028,63.721772649477934,14.119,3378000,433000,NA,2.014,3.912,-1.2957376305437909,0.45092203285666743,-0.7896734694745507,0.8923243283071003,0.19275851271586328,0.6486281207803474,0.096699296251289,-0.19995214331363076,0.1085238903983388,0.027439324942114783,-0.33000152348059575,-0.6995805558127752,0.022509881790638973,-0.16737041875860448,-0.675497827925101,1.0494194907184897,-0.9558958150421917,0.13592432981806854,0.18432221720834252,0.9686309707179532,0.5025928181159783,0.30992554810287504,2.41484392727738,0.8471910435559356,-0.27492810303859583,0.956015109667858,-0.9771005834989589,2.6646611253681716,-1.1766102952686117,0.4703701962002749,-0.5444754280357659,-0.07697027383889472,-0.4049504930217049,-0.11520606659439372,0.24631947492011538,1.6293454911014507,-0.4867447068387792,12.256876500643008,-0.6060865207897611,0.5586617493098202,-0.4318065011807644,0.48003769242035393,1.0520444845047838,0.010337094271013923,0.6282914541523257,1.0185751757426054,0.2842847355678348,0.08535021068552782,0.3965229765222688,1.053776811831106,0.4983485007901023,0.2923980369795961,0.4847621801998149,-0.21003658615667792,-0.6018598857125919,-0.0033043317298349067,-0.18625557836007728,0.18013864943147612,0.03191378219505091,-0.430753470351496,0.3189537059778186,0.728536200733514,0.6483302346925112,0.41278904526177573,-0.14717264812654787,1.3916758201909245,-0.21700325883422222,-0.536818249321088,0.23657054823943427,-0.6000011296040005,0.08579878549033311,-0.2210196187517863,0.8469080547091068,0.22848194578698577,-0.23842305061705057,-0.038203585300212936,0.21490624501347103,0.5101873249260253,-0.16941723169215747,-0.6571609031203737,-0.4379662960380394,0.8313369576213117,0.026134086457970763,0.8436384808460687,0.9784841553637821,-0.10174386883824457,1.1597575868840588,1.5926776711676622,0.2488325027195394,0.7586095448865218,1.3896724416172304,-1.3165808514800144,-0.08254778377465741,-0.17528527989379686,0.30566082548007323,-0.12120343034549853,-0.49263215525592474,3.5059739190033974,0.6524453726516415,2.7785456856871993,1.2638812969226347,0.23945663410502335,-0.4192975629748375,0.16808906521882144,0.888151644655376,-0.39891542922841006,1.7997206562310828,0.7664633728124572,0.0026374500635863263,0.5997885841796418,-0.25463480098504615,0.07677468777791992,-0.13139209428354973,-0.4839633510661713,0.48514731978444836,0.823999947350961,0.2622103052567427,0.5997020760810177,0.8769444683500558,0.41617440869371064,-0.016533857040557914,0.4801604654148587,0.8600410834519524,0.48598892300494373,0.28019488448460933,-0.40467565978448405,4.1705168340432355,-0.2545999682260075,0.7572353057722634,-0.2574102463869005,-0.42171509790599526,1.199268081257192,0.2537295516237819,0.9271669247327131,1.5672110776170545,-0.20827440123892862,-0.10067213502948726,-0.6052677904786513,-0.4892459320561787,-0.004070700623717913,-0.2273764367236127,-0.020475214816162015,0.6914658805658359,-0.28370558009730906,0.5224341929128502,0.023655673850430423,0.4166673089454449,0.48263470069928527,0.07981966922035909,0.7063477466005704,0.1320954089499974,0.037318727284645456,-0.5526603171296307,0.29491414596308246,-7.907622743969626e-4,0.6627187582808787,0.37378766317928735,0.11920679402515166
2008-09-01,136760,145076,3222,6.1,NA,3.2,-8.1,-4.6,2.1,-7.2,93.7895,238506.54315378907,510292.8629206511,1685624.0883413265,239340.9199197757,1134492.0052744136,21.73,8087,109.2,164015,11209.680100169535,433,820,1174087.78131129,797,171083.8033397232,236134.1651246025,137.8,124.9,218.877,216.713,90.247,88.116,12149,115.12848072512108,70.80475876058904,12.961,3521750,464000,NA,1.875,3.6825,-0.22326081588708477,0.4753986081332198,-0.4905393711288208,0.41902306510748305,1.7378569684384084,1.0217173214983937,0.5998606702635945,0.47217589189314146,-0.13527861121042326,0.033343408163149346,-0.5591949992041767,-1.5424134691660405,-0.06041218609681855,2.0960820220288494,0.14824797453107635,0.4617839533520943,-1.2207758981253305,0.278861338703415,0.2985720393820479,1.3086141055445035,0.5377861056476564,0.5963640769622602,1.3312179500579233,1.2049306530495005,-0.4444142550390758,0.82109899453896,-1.2378857348914403,0.928088452132994,-0.3648007317861889,0.37561076170020685,-0.4776844249906103,-0.5478069876707579,-0.21744964449961796,-0.06673023486134672,0.6779534136093557,1.6584825721347565,-0.4798564888829274,-11.14564203429752,-0.6444749629530023,0.7311047852483609,-0.4846970989940817,0.7285235392566632,1.415593815555181,0.2960250180331212,0.4659163116736727,0.5613589389135052,1.0080169454120091,0.3343667373714442,0.37882103339748324,0.3779709241853711,0.47510830160183737,1.160521224845445,0.6528634441173515,0.1843425636833286,0.20881373981592077,0.011006405555925408,0.2617826255301545,0.1257416544500357,0.16116981546613357,-0.19874794926736278,0.1937465979810173,0.746939575044647,0.5140755260614263,0.2065557742426679,-0.08170420723305401,1.8616509523999587,1.4337781531770346,-1.0626510191878489,0.47069096553252915,-0.6133860596186894,0.2682838563032672,0.011913294919624656,-0.5725031958096025,0.13350267543455008,-0.3310761294081888,0.16462227673745974,1.652458706100248,0.6719683831692016,0.6834439825695686,0.39508187860336924,-0.030627986599704282,1.0646833759708354,0.24092723469551078,1.2017197178581291,0.5593676286517811,-0.15356849587348675,2.2499115314883062,0.7456337394869731,0.4803901971222228,1.159196917716037,1.145148643747518,-0.7203341243786345,0.08382027091367618,-0.16739971500051173,-0.10920854481268312,0.9443413599237759,0.12800824056325194,2.679052447060948,0.3556320160329167,2.7831608799752083,1.6157887040747423,0.5677698838606691,-0.06288279900296756,-0.38555764588126523,1.2961432560240365,-0.4604753462347656,0.8658118911064073,0.39768199652774605,0.003215386244639367,0.6061662063998595,0.15418631056071413,-0.3129011055601513,-0.29927088470994573,0.07445901263824832,0.16572652462970264,1.016173876092698,-0.6843135386728697,-0.03208566999606801,0.32135368813343107,0.988315387201874,-0.11558296184682589,0.556237129940213,0.3634824499172811,0.6286667237932702,0.48431646804000744,1.891475284907184,1.6714350788363064,-0.5175034770605565,0.7648171207782188,3.0098888062225067,-0.3387548581071742,1.0585724632331404,0.19010918656652082,0.5096037735437137,1.2810078822025126,-0.07198126739088696,-0.3341913554608718,-0.8348951924898991,0.14917739385364237,1.1189633119899733,-1.0065613209519066,-0.08498472720785717,0.04067137809089275,0.05904081825230221,0.5989735315962004,-0.025244118406077404,0.5055053759424232,0.5687229488201919,0.5592358213491138,0.9046504526375589,-0.28662249541747914,-0.1424489462887052,-0.5246788077695109,-0.058524445038323096,-0.0026139035181591405,1.7864722414330103,0.09515948901427629,0.032638263698953826
2008-10-01,136291,144802,3377,6.5,NA,7.6,-25.9,-9.8,-37.5,-18.4,94.7219,214065.6545939253,506310.02442805993,1679752.53130331,229499.94980535636,1132473.7035838976,21.76,8110.4,109.7,159514,11192.401646384313,393,777,1177855.2386476446,736,169188.29683996833,235086.05592798744,129.6,122.3,216.995,216.788,89.651,87.991,12240.5,85.49820972437564,59.021685843922384,10.933,3731000,475250,NA,1.022,3.814,0.20349789385753364,0.5656457151756523,-0.6882579693655153,0.7126504500180336,5.768983385276425,1.9123833177947898,0.7477314744906718,0.5548892474898856,-0.09893782624082025,0.08433937763706836,-0.6143802022277581,-0.6880604358328112,0.192604095750085,3.6835075650590285,0.8644618505002878,-0.03411674901828361,-1.0187936152888886,0.5259279692503352,0.1515512983063757,1.6413170327666764,0.8194303233541932,0.686445235193087,-0.031985003903603974,0.8238247305672407,1.4722324438117413,1.0066134621797664,-0.8386519917580232,0.9355320980018134,0.3499142699848673,0.7783463267310777,0.12376305836471038,-0.8255099452362904,-0.2289513625463788,0.07625005358727698,0.75722575830752,2.139437054243611,0.6823813111428622,1.425302126135492,-0.5897744610682456,0.48532055669410573,-0.42026983846752225,0.8400103807521967,1.5943822027339853,0.43331193040691035,0.47594391858176494,0.42727771743285914,1.1751471991877611,0.4285163941339452,0.12698475073975377,0.21142560384683526,0.8179536326593054,1.46603212237469,0.7611769816663264,0.08156977319345105,0.24580780787269368,0.017782881563299678,0.46103965078001,-0.165858593047754,0.7576485898913714,-0.5343955798674829,0.06534049411583043,0.7291634509624928,0.4785276313742048,-0.01577788237150286,0.06473162591911286,1.8116875312024106,2.4234046486574994,-1.662651572301688,0.8171416345243362,-0.5355127597426039,0.9376794207063684,0.2690575425437625,0.9602508302122345,0.38031483648411757,-0.18651039861425384,0.5326813217788532,1.8459872111471196,0.5486904530473244,1.4278103073471382,0.6690079097162388,0.4628386361313878,1.3928284414639338,0.03292979524089562,1.4280014601614228,0.365648541839797,-0.35688141660584344,2.9568152511126313,0.698582880046491,0.467283795983484,0.6579868634428538,0.5085900671559662,-0.4450851897576696,-0.4335198999730315,0.015975242239668445,-0.002010779597066507,1.122227426518596,0.28947173740176074,2.6080013696029445,0.34807515695108043,3.0599421241863416,1.2849406324543449,1.0342122274094523,-0.5701920802086552,-0.049271725555186545,1.5715892787126358,0.321226318448927,1.4165376031546284,0.2916347527688268,0.00805434145581341,0.8274607911913909,0.6826398459790001,-0.2997670943937739,-0.38307530823640945,0.6612104810853026,-0.09794042935109748,1.3624421064463637,-0.15227824378902086,0.4262990010435246,-0.591203670425885,0.6340947539281985,-0.13452924796290375,0.7079269991473381,-0.025877974676190484,0.17035225339750465,0.6945687028302964,-0.2759851691501649,0.856862226385041,-0.18480839720757553,0.5837397200823824,8.11121310223662,-0.22736107507410003,1.1693537450049865,0.6266404266036761,0.5821066069848407,1.4685583790802248,-0.14269304962569826,-0.3843344537288401,-0.9340111802489947,0.5736727391014581,1.1037122684665384,-0.6325502827118823,-0.1880951868471384,-0.08950909934863858,0.09648528507429846,0.49990267273702055,-0.022017825470743064,0.3588812106309212,0.813998022747235,0.2179025307359467,0.8038051014985856,0.003014866118743324,-0.07217090710961585,-0.5311123185890336,-0.6209244632752983,0.011769849837140273,1.6984189604482118,0.010731658414965128,0.5183784465388129
2008-11-01,135541,144100,3231,6.8,NA,7.6,-22.6,-4.8,-40.9,-18.6,93.4715,204928.1545946068,508671.1139706297,1679455.8921194642,221692.45877213776,1133953.02111905,21.86,8065.8,109.7,155990,11157.992166423985,389,652,1168301.1073109615,626,161212.51114647885,210036.91036537875,120,118.4,213.153,216.947,88.593,87.952,12345.9,64.83582224329236,56.65267542725571,10.526,4096600,519800,NA,0.3775,3.52,0.19038403538770945,0.8868651224942478,-0.00247342434834024,0.9863005353163036,1.962752485426558,1.3241319325267336,0.7709702451532559,0.5645026539623477,-0.1493537994620236,0.11748705641713464,-0.7115885269457503,-0.9933902198446758,-0.01923381007909871,1.1550415396949514,1.834445163019926,-0.17878815858892722,-1.1603927040622593,0.9357851867382794,0.08877767455079495,0.7882538356262394,0.9836921649978136,0.7280305080019072,-0.2294938546957246,0.7276330064333126,4.483097393058558,0.8445860005401078,-0.6018859936463467,0.3310202055286253,1.3003706793326648,0.4362794352640775,0.6245391772590315,-0.5767819063573776,-0.24430278386081847,-0.21550577662701906,1.1257282762777197,2.1298013950437453,0.609022741089645,1.3434764485789126,-0.3055691263962265,0.4759059422090466,-0.18484486828635374,0.6051090261840576,2.1187260784730384,-0.22904678526977848,0.5896737233107106,0.07697219380363067,0.8125382319113481,0.021373083525959347,-0.20162453937429145,0.06564465180112385,0.4078861991076893,2.452846609883811,0.7145680414256933,0.35232936751385613,0.306190534750012,0.33623341969235515,1.119500323370826,0.11421876042604397,1.4124047599843785,-0.20838816223177722,0.22924042779892162,0.8395982804043377,0.36128385983121347,-0.4042935682404714,-1.0594407468264777,0.6873995563334633,1.8605298729418647,-1.678107653255446,0.7767094538257817,-0.5423673881233023,0.9095259683576736,0.04607151350823724,2.355806165001407,0.5099422776470324,-0.4046805749820586,0.312831279204731,1.5995813393075988,0.31756379322566014,2.002689654610133,0.23894131523817333,0.7965560938359602,1.395511765166723,-0.19836644796471498,1.138975415708323,0.502190507923457,-0.4273013182181018,0.46037077927951686,0.4836059587164015,0.47164103950074154,0.15691277072659968,0.053311775141045285,-0.39123695823841764,0.5887229333326548,0.3562284040249165,0.05527844887332241,0.7348554308325028,0.28184069431707587,1.9790265795080417,-1.1405249939885083,2.420905336331945,1.088517577253138,2.12346211449053,-0.6085510898346349,-0.5418185113217365,1.0893586127855663,1.0369603615444087,1.384331317346699,0.47385463276434553,0.032132384015500746,0.8023868466322258,0.7941290394134911,-0.43741513129328846,-0.42799464872093507,1.1590736655366298,-0.10961847889435797,1.1258668518202484,0.10855657852268938,0.32974309189309986,-0.25104680663587303,0.6918522256606059,-0.43727139757751043,1.921957976439021,0.38569274633061834,0.16109170260036806,0.8174198414223385,-0.4977488670443745,0.3189238091572445,-0.15880190559854146,0.5557498410037076,6.2251163764494555,0.10995939528641807,0.7864394238663344,0.7934345042288422,-0.1307346552371253,1.4250579157846346,-0.44993409615463853,-0.26556220695625665,-0.6979686550056006,0.4520181296185268,1.0541337159601656,-0.6921289740190953,-0.6917382081116069,-0.17911421685179307,-0.3867630261872074,0.2597046004817005,-0.09988780889756153,0.0029687306467968432,0.30681325433790413,-0.2754123360946801,0.755146054544601,0.27152453937343696,-0.6292168174222806,-0.5075864649932015,-0.745019921892305,0.05247156442907316,1.418832742430844,-0.16821520964523293,1.0563258160472608
2008-12-01,134847,143369,3146,7.3,NA,7.6,-25.4,-9.6,-37.6,-26.1,90.8357,197335.9213603033,506003.54151059047,1651957.6551953785,215503.1896297305,1128407.0012940136,21.95,7953.2,109.7,153628,11125.678221980068,377,560,1134122.2275193536,554,150158.91393675227,197871.68834706803,114.5,115.8,211.398,216.925,88.098,87.909,12288.8,46.561783468410184,60.3868768161446,10.383,4522250,564000,NA,0.1925,2.4425,-0.9123929071574326,1.135861894706861,0.23657298467165824,1.6547046279129685,0.742849657702097,-0.03776125660031231,1.5150254207908789,0.6572751674591435,-0.4598774058811212,0.44089876214601365,-0.8424097510244738,0.21999899771009188,0.15394868238838064,0.560352341852088,1.9898489662873091,-0.08915506193055157,-0.6694152583726096,1.0961363354446327,-0.8849424798860269,1.0657981862316401,1.0709637679515918,1.427102604001751,-0.6742520765936243,1.0204783871004042,5.476378159131412,0.9424346931773141,-0.7917122963929196,-0.11980400277199388,1.942974270469353,-0.07967351669865919,0.710634850496074,-0.9150284860714112,-0.24120093897018546,-1.1180586365436893,1.6249028933533363,1.8237043957983265,0.4912567230671768,4.751574898061012,0.014004117618526954,0.9105287112313527,-0.3688328477341628,0.13735877470969718,2.6691976490710037,-0.7148028192864686,1.0782092977760358,-0.01663548389610737,0.1642230778723292,-0.6798034702545417,-0.07947480914011507,0.35110334886858746,0.5277832081620963,2.3681175951315203,0.26471093577435595,0.839443857569934,1.2302570151085932,0.525624602210504,1.388939698239372,0.9783767738691429,1.3794134741317599,-0.44315504055630645,0.01582883097273004,1.3846247783292256,0.1532349899351942,-0.35375084311266547,-0.8751269323529638,1.6740571248895735,2.1135924338876286,-1.6152951398044266,0.11564854148817427,-0.9427823110332947,0.2783453763722945,-0.014983940213246581,1.4268159138600027,0.2925558834855513,-0.8656396459302751,-0.4901620502436884,1.4244021354072425,0.10912683327179545,2.108364027621237,1.9038427134581986,1.103364890808177,2.113436755029197,-0.12475277588602778,1.0096607292315316,0.36761624903677115,-0.7926943005932653,-0.7681997720681679,0.3292551580615852,0.4791794854653707,0.07813763313319823,-0.6416345969455292,-1.073406030549631,2.880585768182903,0.6053277513740032,-0.9174457712685927,1.2064653746062601,0.29894626343820707,0.9311882403615747,-0.45823032639559813,1.5886170065979657,0.686955251413837,1.9409951230301277,-0.03406603069960596,0.005345765332407667,1.1071825299936666,1.091930153682052,1.2717598637089684,1.1989071294757079,0.042368625598759854,0.8561303424966535,0.8054555002286183,-0.6329542714549854,-0.4756963879579627,2.1499678886575313,0.02357419363056877,0.9986222264712983,0.1557469032476301,0.6168367245430687,-0.2812473685545878,1.1048284267949082,-0.7326835101709828,1.2682551913552844,0.6660944108217752,0.4162353580604541,1.0703031748613319,0.09900865948723972,0.1580086666638988,-0.16800510398517948,0.6826633364578026,3.745371528271432,-0.07100933274362656,1.1573695684010263,1.1342486786482573,-0.13884107355025307,2.0360479320139677,-0.9447960155995486,-1.1245629318683072,-0.361536548651304,0.03297639598494926,0.8712961334486732,-0.6259257187458956,-1.2687825453795554,-1.385504900037526,-0.74187065796624,0.5029911734459964,-0.6420330941167132,-0.3941388160987085,0.13383654502474698,-0.2553620003430122,0.4302791085014025,0.4261752226098661,-0.7593351070695176,-0.3828781295512078,-1.4483077672202518,0.09884438271449628,1.4026584584697608,-0.5810346148467121,0.9786805559808702
2009-01-01,134079,142152,2738,7.8,NA,-14.3,-26.5,-18.2,-31.1,-27.2,88.57,171477.050892087,500473.282789304,1626742.154376386,199876.28819176464,1104311.753756753,21.96,7796.8,110,155609,11176.283651881782,336,490,1106708.8119126526,545,142732.78249421163,185520.04358287557,113,116.6,211.933,217.346,88.108,87.882,12361.5,47.37367775911381,59.388873343922384,9.786,4861200,572000,NA,0.14400000000000002,2.466,-0.8932121000198783,1.0416891902958694,-0.6044451698086496,0.9397481592737879,-0.37146179837838916,-1.3662427440947196,-0.12939708006822734,0.2507966930257074,-0.4093374308750737,0.16472058075192605,-1.256248490330368,-0.22929875706210853,0.11119612357352306,-0.07435079120457551,-0.2873095619827137,-0.09056313696508848,-1.0803403754416214,1.5132721632425796,-0.8263647763812733,0.9233600796091004,0.09738864290699398,0.43003112972049834,-1.3208460970864535,-0.24056987502482163,1.2567023619429218,-0.39853963319410934,-0.6629471124648977,-0.36836360058635387,-0.5978531648337667,-0.9006501075335115,0.3472264620011219,-1.0403418162788731,-0.31205475285973333,-0.8539271695688883,-0.5468993348254532,-0.3619547900373604,-0.2608237344322924,9.265557232435743,-1.5517248913050563,0.13904261500318235,-0.9908501756153838,-1.0145195822016417,0.08705426170000044,-0.20703284608673267,0.32311514992880824,0.04105959200353191,0.47892028912667073,-1.5150776832238744,-0.5899987362565778,2.22641893532035,-0.45163572929478024,-0.9227220510981057,-0.4646687418566467,-0.6662791687493724,-0.48561267852411494,0.023431648906784126,-0.687349724484489,0.8006145258692204,1.8668754467916608,-0.7112695579099227,0.036761275105100626,1.861847473386897,-0.4174599883489858,-1.0269598162244995,-0.8341184313300971,0.9517665022890563,-0.2946293573971637,-1.954370214109802,-0.12670363793561418,-0.4689204853712075,0.05811258576721572,-0.8930175628154593,0.14594128384068228,-0.7287739958271149,-0.8474699830501632,-1.5031998012530694,1.2818892023955912,-0.33288005422788153,-0.20447453012389008,2.2748757090785006,0.473495293203892,2.0004117061275495,-0.4110178139278869,1.232476036400925,1.0982918061437368,-0.8026121030093883,0.10513607861328689,-0.09940686927468748,0.3325061954106778,-0.1313794051016461,-1.278633150521328,-1.4596292699433193,2.2501023844189807,0.11630710115254754,-0.46629764741277324,-0.4880051929545037,0.33418028993159576,0.2899174649442572,-0.16338115006694742,-0.01645217033922587,-0.49228610952758184,-0.8378251965461562,-1.4296456858543585,-0.5769616725779214,-0.33582217668336684,0.2876130995404464,0.8017551389532912,-0.3032162416949617,0.037366499846704135,-0.9858213633388505,-0.36045069868398366,-1.5630925029314442,-0.7671317736259471,1.3064881299963707,-0.5977729004276501,0.6981859888964063,0.14655121572243884,0.1573960134140325,-0.7232009843748302,-0.48084002180936114,-0.48876294742628784,0.2374386491954379,-0.02569314865827345,0.527043369589916,0.4619906613148557,-0.15019816260920751,-1.0050194692321115,-0.7787935985174967,0.7972363713256795,2.684396423772961,-0.755930702560259,0.17227627455990116,0.8907976807903355,0.05149618634604933,1.2727547965716701,-1.1025817399355997,-1.1960109085685935,-0.3303853688033618,-0.2530564404395549,-0.662343454332403,-0.8195450926474263,-1.1625437824969724,-0.5702976921485484,-0.8460754363561337,0.21615390018026712,-1.1124638088205225,-0.6748675441252587,-0.027232258034870865,-0.33755055255356853,-0.2579251181761409,0.6970480315511579,-0.7524404357469593,-0.5430716647982954,-0.7682272663351395,0.051446352551174655,-0.375965239571855,-1.0491761332310092,0.733803752170079
2009-02-01,133318,141640,2864,8.3,NA,-14.3,-34.1,-12.6,-39.6,-28,88.031,168619.85362427207,490408.5378288355,1598196.1701079425,199180.8850520019,1075746.0403779484,21.98,7715,110,154381,11130.559898488658,372,582,1100885.9583531597,558,144799.80966623613,175610.08768948403,113,116.3,212.705,217.792,88.266,87.952,12241.9,44.36589400222055,55.59050233328408,9.223,5297000,644000,NA,0.2225,2.865,-1.1415365566005033,0.54395985305046,-0.6378268933645046,0.727805625783585,-0.3460997965664191,-1.1710204863662323,-0.23390847121123842,-0.7811713971960093,-0.15189865961817664,-1.0139187868063055,-1.1794768158096447,-1.5521498061602825,0.19370182137071973,-0.5332881574475509,-0.8875787602734169,-0.07511219207500372,-1.6457347661033515,0.3629758943420516,-1.0118411199364135,-0.2233856652233772,0.020775810306923197,0.1337286486306712,-1.440567197453189,-1.5535891455837314,0.7857584040032429,-0.3734449039801181,-0.8385305953041113,0.16105754897862734,-1.3044847803764197,-1.1102776304864739,-0.3134144415376965,-1.1562217680696267,0.04272328369086154,-0.9125275944696283,-1.4945964982792723,-1.5740526084826085,-0.9288817414029411,3.8924980489177474,-2.288596567868567,-1.1824868232035983,-1.1443088703069422,-1.1153804835119898,-0.31210237033200205,-0.6731158859248829,-0.2134953373890933,0.14439578318217644,-0.19908205214528402,-1.9196341236077208,-1.1211663570541448,-0.19013054905518578,-0.3961134795570757,-2.371094353067946,-1.3838142625772936,-2.278725774805381,-1.511146340544978,-0.3875415924706632,-1.3330487404614215,-0.35488037332557343,1.4160219390691386,-1.1784031827555064,-0.1462563423543769,1.8661466761674237,-0.8212121544996607,-1.1858622064115096,-1.2495901989079912,0.14322543015003808,-2.0255313591533226,-2.0405096626382058,-0.3932208449212255,-0.9732599923081946,-0.38834795997918414,-1.221476952318586,-0.029487789757185377,-1.3066022485609299,-1.1670817378966074,-1.4562443994245995,1.5957849047026258,-0.47869055573760844,-0.4456125852997327,1.6162491628818902,-0.7237498778049918,1.6156558880955678,-0.3363296000302207,0.6641306001823541,0.7043321924541509,-0.8370585354117227,-0.38191692901139884,0.09469062831725157,0.12200923953468618,-0.19724998128310237,-1.718678317670738,-0.810383412128894,0.08505078981996766,-0.09661508572615632,-0.30940610206968955,-1.2586840787028362,0.4057811288290808,0.8103510506879542,-0.08081048657372997,-1.2270937658724321,-0.4630774419079796,0.14944228292058048,-2.313906388918554,-1.348278306787949,-0.9850419321138906,0.7122552529090522,0.6345274694123824,-0.4881554128772271,0.04149969655665075,-1.8303075826720305,-0.5248351764459938,-1.7951019202529492,-1.4868067244261522,1.3537264189981304,-1.4062164959971284,0.31980207873221095,-0.4735329855561497,0.5940226796048095,-0.8091207870210558,-2.0731281889071678,-0.22048508205013498,-0.4955435203460029,-0.020455316601215436,0.10093911505832273,-0.0864275841660416,-0.42761401460727677,-1.0219475106269298,-1.2741721205763004,0.9033112288965205,1.936257343167243,-1.6085217588706218,-0.3062073291346105,0.6362933270686237,-0.5327960511416825,1.3007799564133244,-1.1801975822285105,-1.1405226076365729,-0.32489247198506016,-0.25283863170861315,-1.1550964818517067,-1.3005272106772467,-1.5603443065183353,-0.558415979468791,-0.812646537067723,-0.09989344713097302,-1.254314876318923,-1.127238200190114,-0.6210661586149218,-0.0858674851863357,-0.024136721219159978,0.6725077930471358,-0.7607988066698063,-0.754012208084011,-0.9802336514506662,0.022479630974163414,-1.1714970769229256,-1.430698107548342,-0.13448152883051692
2009-03-01,132494,140707,2534,8.7,NA,-14.3,-33.7,-12.4,-34.4,-30.2,86.6528,165957.4226769046,481787.2494867811,1577205.5290080563,195201.261214259,1051901.4619650897,22.05,7679.3,110,151831,11084.621579013034,339,505,1093120.0308498451,513,143351.97178146514,176002.90351484081,113.6,115.5,212.495,218.253,88.169,88.015,12242.7,54.41821955562612,56.88846332619188,9.748,5765750,659250,NA,0.1875,2.8275,-1.2694883738913254,0.11612244837290811,0.4166374068911135,0.4553735462320488,0.3242888252097138,-1.3175331386039042,-0.33949901283352174,-0.7276324383352399,-0.8304496875629963,0.24741220810685954,-1.1313134775437936,-0.3612303259758908,-0.0444613431013999,-0.2666708585167681,-0.9363685111037313,-0.25460398546923946,-1.51839316138351,-0.27696172000253827,-1.0336960566629487,0.4085728692340242,-0.33496633646252616,0.35865836164704856,-1.6080853524863281,-1.9463633563824587,1.375871863259123,-0.5191250789235705,-1.157631531723959,-0.2012926654727148,-0.37514724230101193,-1.3381681445107891,-0.8431508719264513,-0.9158820836629213,1.5732143573564021,-0.955452275617714,-2.0279704589900875,-2.131495925162874,-1.4556674883560476,2.328541886559752,-1.639057815613504,-0.8804515874676305,-0.9794510122612583,-0.8328800314055176,-0.3553355857175444,-0.4933776903942197,0.221738864693645,0.2239287053969567,-0.6170683589360783,-1.6480530784454603,-0.9762413762424921,-1.6986530059185714,-0.5555510272683185,-2.492998190534005,-0.9526414238079107,-1.939513838618697,-1.3368284313894525,-0.12854189634589297,-0.9236741199248988,-1.1152471485354003,0.9202288823329949,-0.7737798677560316,0.08248336569294405,0.559485451731321,-0.6525542937328149,-1.3389760777134583,-1.0341044252651141,-0.3874779013522677,-2.1406845886296786,-1.8296556925465663,-0.1834923484432983,-0.5785081427721473,-0.861023812543528,-1.122394647210564,0.3395467453608306,-1.211715815294641,-1.2269452170915764,-1.6032230781156742,1.2225213616798798,-0.5087191064744339,-0.40261747816918797,2.177328936871714,-0.7199706882193425,0.18551183890081357,-0.6643189863665421,-0.04411248808834542,0.5680551719169056,-0.7975132194814988,-0.47569388012286684,0.29519351610981415,0.32982364691464294,-0.20269856203484685,-0.9359245776800823,-0.17776557315218636,0.9333275251129373,0.43105774083832177,-0.06960654964037423,-0.744791671497872,0.6863415444780473,1.4688172467447895,0.16484064482578123,-1.3850580311351899,-0.3833264165227883,0.3309210669652269,-1.959546301979962,-1.3724293750385796,-0.390860910534902,1.3379931196456076,0.8855671526996096,-0.8078067384173618,0.033762026651006784,-1.4525728550770247,-0.5237535967156617,-1.3937491513584828,-1.505377997893076,1.486495469534186,-1.5368872865798102,-0.07430963714061521,-0.30829247744977206,1.1291621843175104,-0.9863568092100464,-0.7046319493607254,-0.07181814107816566,-0.15383747333752065,0.3522715406207886,0.25900278615249417,-0.8837648097940398,0.006065921449477539,-0.7693077927171178,-1.0603782972290396,0.9216782290952034,2.105486762158444,-1.8624245766669132,-0.8077267624851328,0.23888243324752323,-0.8340900900085018,1.1864869844646553,-1.1531981788847125,-1.3261949591643665,-0.7925449244532808,-0.19928489337831273,-1.6357324072490749,-1.5108750681024732,-1.1578760441628966,-0.8076515339502393,-0.986874004148022,-0.15797911217587518,-1.1222788149188967,-1.1349708358634938,-0.6049468572725122,0.06203281535864806,-0.9158791167389005,1.3147275129392295,-0.8344397093015412,-0.8363136030806899,-1.0774884480848972,0.034028444347847145,-1.4697915696364658,-1.0170852887045165,-0.8127416671324512
2009-04-01,131822,140656,2295,9,NA,1.3,-19.4,-5.6,-25.2,-20.8,85.9344,167016.25233591936,473876.21043094166,1555603.0569497019,188917.8322668328,1033168.3560790533,22.1,7740.9,110.4,152473,11068.010646129453,337,478,1056098.3068123902,521,141832.4933461691,174702.98431394756,114.8,116.1,212.709,218.706,88.295,88.211,12320,56.390509088849875,64.85814417725571,9.379,6184500,627750,NA,0.1475,2.88,-1.040335708367157,0.18498340453479536,-0.4567536243176694,0.6905798814896446,-0.17604140106903898,-1.0640137474651168,-0.5542394175166417,-0.6705119869835668,-0.7024637856177773,0.012682507757769563,-1.0024694047493723,0.07003606794785627,0.38286220748740224,-0.3557257602776875,-0.5208624210183787,-0.23698253307455713,-1.6881525035237002,0.12083460437340728,-1.0426166385436804,-0.42626900947810636,-0.2914851316548698,0.2535542402140377,-1.9377588254109237,-1.2974665113649948,2.0987470843700855,-0.6272774077315357,-1.1734216567543723,-0.9294917984158179,0.35815528058982915,-1.250148866972177,-0.8675160086281468,-0.9855569493105987,1.4095933881250238,-1.0196428870055172,-1.850318799336007,-2.1952723757821717,-2.3375233557874955,2.603934263543352,-1.6357653729183206,-0.5930053539977318,-1.0133521911554333,-0.22925337947238353,0.2024488685644351,-0.36048792199982677,-0.2637745404849341,0.2795936709066535,-0.47679514536967915,-1.3390936706100685,-1.0808609772769135,-0.8459979646948633,-1.265005715017273,-2.8223939942444667,-0.2422062127331724,-1.3003585060284366,-0.82091712802647,0.3910977803438474,-0.40405550720526723,-1.1014526839190342,0.9551834053329097,-0.9188518289551175,0.13465416895844196,0.33510404682914124,-0.7225751449325232,-0.8874632241622509,-1.2554739696958173,-0.1752331681400426,-1.8008357645730921,-1.9419207478873877,-0.008858840127751334,-0.7862806995613449,-0.6414022362652149,-1.2250030714534894,0.2250708416581213,-0.8179685037589577,-1.212555752617094,-1.6427504064344922,0.9234769932247319,-0.5650472219517227,-0.09363214034518087,2.0158483227455153,-0.3556629617628621,-0.23259576877652352,-0.9642768467347912,0.5532951080538415,0.606836874176428,-0.5598492104448205,-0.561281094738296,0.1318132020218698,0.3953880532876571,0.09486999417212885,-0.7878670221034172,-0.22151364707356078,0.19884019856918508,0.5065685725226615,0.08876658846223535,-1.242471766587632,0.6749113507464888,0.9663658353476781,0.20488356363325094,-2.3623149192279635,-0.058518193007718766,2.672226140192622,-2.168686088374198,-1.1817655357855597,-1.273119535380728,1.594525585364178,0.7489474973479051,-0.6486110377229163,0.029219090448726125,-1.036827641581233,-0.39317790121020885,-1.3184819030167234,-1.2939426006588026,1.2175619025296545,-1.3201297290832124,-0.23200254312279606,-0.3178601722903582,1.8854658117310552,-1.158228218474929,-0.634924874422472,-0.09522762691228008,-1.084936783022881,0.6517742533694817,0.07481952312657808,-0.38044050499764204,0.47983611642703056,-1.2167749310362383,-1.292275180906916,0.3577617594679769,0.7507960181126133,-0.825208575919823,-0.7357847532823604,0.45578771865464524,-0.6856103521214902,1.1884770556116804,-0.9468583951687531,-0.9111384023406413,-1.2299777819549618,-0.05999604321654919,-1.0060850857461112,-0.7120410782359614,-1.0587073798469464,-0.8821217565336138,-0.9280303875270284,0.0033710092348869162,-1.2660293143844907,-0.8473127122474187,-0.35658358521730843,0.1757164756088234,-1.1775732251919813,0.9894433143512902,-1.0198346862607868,-0.40551713446490123,-0.8959476111529516,0.024826407760681478,-1.3213609760709673,-0.6998541632490307,-0.7405731347359932
2009-05-01,131466,140248,2549,9.4,NA,1.3,-5.9,-13.6,-22.4,-18,85.0665,168865.33087444986,467432.9935397739,1538750.4274903103,185458.2687499293,1020002.9416090602,22.12,7772.3,110.4,153510,11078.09972054714,376,540,1040899.6798171676,556,143939.7196420288,171826.17353230677,116.8,116.6,213.022,218.904,88.387,88.279,12500.1,66.93291999954744,68.56727538292948,10.176,6525600,612000,NA,0.17600000000000002,3.27,-1.6882318009323647,-0.1767360099984365,-0.6685731437360111,0.6880668235288263,-0.5290073817094111,-1.512018438382639,-0.9632206068822534,-0.3219141318774905,-0.7096932836898127,0.052083526419866605,-0.9638087271213868,-0.3132091662615339,0.24510310152404524,-1.004304944556945,-0.18315103624980736,-0.8302747879389794,-1.936029777734797,-0.5659177979317304,-1.3152550359749748,-0.6085859825877505,-0.7941486457893348,0.7474504756704414,-1.9924485787692585,-1.9882348161245307,2.6313593474365997,-0.8509950174676233,-0.8750601114932125,-1.8367740251477331,0.08612938104331119,-1.4293989017839868,-1.2358115330175743,-1.3552557423704807,-0.1746038693198451,-1.1564835960429676,-2.8528575412009007,-2.3067375048034746,-2.674277170781931,4.507925033571563,-1.7815878195371848,-1.6256430837758196,-1.6622184383598362,-0.8086923967184019,-0.0777968072892631,-0.6827790833384528,-0.9383753403748458,0.2796552448027991,-0.5383419014412174,-1.9142441063763653,-0.9231488446890961,-1.2836145577983415,-1.8115195237658008,-2.838443262560375,-0.782206794977261,-1.6223376920896397,-1.0111979015028714,0.050779133310626556,-0.8768187610198792,-1.1958913459152518,0.9697663861962875,-1.5168401056494087,-0.3902749965622836,-0.549917953089143,-0.8503691642552705,-1.6635172596994516,-1.36329562060886,-0.820114811171825,-2.150638021194597,-1.9250834296513015,-0.8163766503239844,-1.767573757272001,-0.8753586088199701,-1.5880536047549263,-0.02491344807066038,-1.2013221764999285,-1.3757021072224889,-1.5857994733253784,1.1534938826589112,-0.6900162503006251,0.004474355852150029,0.525057063664796,-1.222183324668068,-0.8168067835192693,-1.1284415983056544,-0.24539888386204556,0.12749071324790426,-0.6396418630143311,-1.0410960806853344,-0.08407193304112391,-0.667717689479726,-0.13452489840818527,-1.318691918604683,-0.3415079422167513,-0.5720269288137051,0.005600626009926942,0.04082545117123718,-2.414176739074724,0.18513581162788673,-0.3598747162324561,-0.1929611708449161,-3.1313114934047777,-0.7687723616884622,-0.010784491641076543,-3.258263234082069,-1.5839135547217322,-0.7362065272795506,0.823904908263787,0.4129700114829636,-0.4609971063099295,0.03466927767717397,-1.2196018344185124,-0.6613350234381656,-1.4055904911310944,-0.9533244860616792,1.0657502881860295,-1.951149868726802,-0.35338232282941007,-0.41867447894535625,1.606929085639822,-1.203713911440775,-1.5319418399828582,-0.044119555418965714,-2.1569429735745818,-0.3414904486084439,-0.08397478709740189,-0.20136631333263216,-0.03387270137317562,-2.022414032501948,-2.172150008232929,-0.057025690183551705,-0.2847744502315039,-0.8929830077786569,-0.7362576370699511,0.1912218843944937,-1.3279734330095652,-0.1793020945721986,-1.246547805758105,-1.6328728216330732,-1.8186619380774907,-0.3522830644419913,0.10227928378923144,-1.716690259839635,-1.381215029635677,-1.0724528802984474,-1.4141226395948554,-0.06963057570671556,-1.2029007531844012,-1.4041110736391396,0.5885155624930913,-0.20526520010847954,-1.3343672155744635,0.5084240022715988,-1.3498292682081197,-1.014148304962396,-1.1614450325029164,0.03791525828608478,-1.3302968656458527,-1.15349461971762,-1.570318390596672
2009-06-01,131008,140009,2503,9.5,NA,1.3,-9.7,-10.3,0.2,-16.6,84.7459,165369.1290264531,458666.9965808889,1516164.61758852,184050.52186431526,999378.0367104551,22.14,7772.7,110.4,154675,11081.068922080258,393,585,1026329.4043548676,601,145827.33489292781,174983.12938635953,120,117.8,214.79,219.112,88.912,88.392,12273.2,78.36962389778658,70.0619562339933,10.149,6534250,598250,NA,0.20750000000000002,3.7425,-2.064696246302319,-0.2510569771475719,-1.665474532649249,0.5917369760019662,-0.5131778058944635,-1.9821081318799945,-0.8713367894353838,-0.61848536575334,-0.7182319622166073,0.5549162090017044,-0.9158505120707787,-0.7201162995138769,0.23573125553464944,-0.7090263770149238,-0.7269361136652261,-0.7766711965807441,-2.142793621577073,-0.43516829468336726,-1.219528922563719,-0.2387266943763463,-1.3085264309718394,-0.39286600605082417,-1.700652359562859,-2.2045374186525333,1.7281828641625718,-0.5423920904137483,-1.538581062201065,-2.5871984871544114,0.5366422305589134,-1.831420327906966,-1.3405154794242677,-1.4342626491748796,-0.21578159743786088,-1.2031514920975537,-2.271833019458745,-1.7644799847134431,-3.8028847225788303,7.922485986701577,-1.87415319549992,-1.747673202073608,-1.905157593651283,-0.9910562098923918,-0.9156841877501887,-1.108003073152454,-1.1801610025801044,0.15232365561788347,-0.5037134120905391,-2.2239672000469772,-0.844231523299269,-1.407198990304094,-2.635543885214073,-2.4631560909494965,-1.0014650535869274,-1.5283219114842332,-1.6655238471363534,-0.12243987910352969,-2.7686687908988947,-0.9338609860041267,0.5361524234858156,-1.3394216681483966,-0.2849157020507802,-0.9179986955508068,-1.251409555722359,-1.617357276584202,-1.6564014380570815,-1.8131240260601895,-2.3777616390746235,-1.5501748758760125,-1.0907622100862406,-2.035958889777006,-1.375011345608804,-1.5317839321329962,0.26147219387294507,-1.6653859929032484,-1.620506657600229,-1.3918638576221183,1.3178525269657186,-0.8179388055986214,-0.5270166070459481,-0.014738416530182789,-1.4937624953537836,-0.6064461553342255,-1.3073225125422991,-0.7263853632685467,0.617835621879687,-1.151680953175631,-1.1244059700266715,6.397716454814277e-4,-1.41914959779262,-0.8322653492490442,-1.3952825348667055,-0.4736545274825091,-0.2746180097350589,-0.656432549448501,-0.20811640046442267,-3.380023463416548,-0.18254009156267953,-0.8299920418087088,-0.3383371305135595,-3.40325897812934,-0.667129959415343,-0.29391502815412057,-3.6499609571720626,-1.6446832895494117,-1.1667920755717023,1.0571408088080188,-0.279625826580053,-1.0283677009328303,0.030231567111453393,-1.5453971530850017,-1.099761552353046,-1.5458938032496081,-1.4205535437489871,1.1549720742962484,-2.1949516091489993,-0.5878558603752385,-0.17990870238675663,0.7301505145438444,-0.3994986212033544,-0.43009966901250263,0.22954419928275305,-3.380538080949587,-0.4863524163852205,0.3521808018294354,-0.5565841034935408,-0.5874181657621859,-1.7477803798728047,-1.9031721390088838,-0.10692196869273224,-0.6837415942814923,-1.2910078217033623,-1.2607992770162764,-0.2169777281295719,-0.9895094799946704,-0.3750388360845631,-1.3248293875643031,-1.7637438650909107,-2.1369087641872087,-0.8628496996360216,0.2757604935862756,-1.2709936610216521,-1.794050607186069,0.7741834180524142,-1.4524453392852377,-0.5395216439748886,-1.4711884704903637,-1.553672801384667,-0.3933100650862857,-0.06582676111725955,-1.8299288013168267,0.4361433928047086,-1.7168106468912703,-1.2914724582326618,-1.1601217489078655,0.036145243026252605,-2.0042747037837465,-1.3677633083712841,-0.8919806584804081
2009-07-01,130662,139901,2232,9.5,NA,-3.1,-0.1,-14.6,-6.6,-11,85.7027,172837.99284766425,451673.3766671915,1502443.503223915,188064.8208542318,988844.1555520569,22.18,7746,110.8,155393,11117.946065090753,411,594,1024985.9427363308,595,148139.94287128045,184189.51440588382,119.3,117.4,214.726,219.263,88.922,88.468,12218.7,72.07440228514879,65.7570157050335,11.566,6139000,566500,NA,0.158,3.558,-2.3556470875390874,0.15916018504713775,-2.024008377353288,0.6761307473336515,-0.9716296155448347,-2.2523399149876298,-1.2813016432206765,-0.9531767320120251,-1.070298246028055,-0.7017696071484049,-1.3792146539291372,-0.7700799195989827,0.06078645275902538,-1.2207173394054553,-1.2923065037938846,-0.5963809566432736,-2.3176053774809526,-0.9363168175942175,-1.6722865412804933,-1.2805970755674079,-1.6885538723838367,-0.6683191392631512,-2.2269972377083964,-1.9756494038347396,0.3960686735971419,-0.7386012167816806,-1.7171159766795276,-2.6649406962258455,0.091458294156815,-1.954622948315179,-1.5165027743380153,-1.6472799906554212,-0.5453429358136322,-1.3242507702976383,-1.9966461193554372,-1.6702132060724775,-3.346558001733047,6.794962931311075,-1.900774892368591,-2.520374625959652,-2.0036432574893945,-1.5737104585475408,-0.6943938048569848,-1.5644876937239398,-2.179106844115717,-0.21933509893951048,-1.0018161398715246,-2.2036422486061458,-1.4073469686498339,-1.6395235863510438,-2.1924043988189825,-2.8340850178307866,-1.5475953425581155,-1.5918034876843115,-1.5304504741577223,-0.15846912018303186,-2.9033953159807124,-1.5277830207045648,0.32285105377976,-1.1258620589508457,-0.013975579228645231,-0.6634056448981669,-1.201994032952982,-1.776706864512785,-1.6627540336969646,-2.374858517278938,-1.7917214692477808,-1.4010518654105504,-1.4152917853543985,-2.1297559505031733,-1.7775216867456867,-1.9368614967687892,-0.896529463284473,-1.928033065343706,-1.7940713051344348,-1.6676408328306789,0.7483687508099317,-1.0182516320042043,3.0855011357270823,-0.7661128061380356,-1.5581321435669266,-1.9451896018679775,-2.0838952092943064,-0.9765396240574598,0.6819805281689438,-1.1901815105667115,-1.4477745875599066,-0.58996715104685,-1.8895017810797645,-1.1581770468240347,-1.5715690378829728,-0.6866973792298038,-0.408354278824117,-0.49870912210516655,-0.36067568994246296,-2.978353317245808,-0.15888822383413612,-1.1767745172593862,-1.3409965040032585,-3.293835943996411,-1.4505457984368024,-2.5894765088842533,-4.216107874029377,-1.9131719920231618,-1.4470597299230434,0.5518383923942386,-1.2308522313342334,-0.7975380165540851,0.028831791490132954,-2.363718336925435,-1.354361654692088,-1.4381878640892467,-1.4943490793076069,0.8233482282424327,-2.2445041074423737,-1.3516206020935855,-0.3612795377551428,0.06387821018186904,-1.0671665293212724,-1.3574046734800918,-0.08931941150397656,-3.043735789291796,-0.8782905233750378,0.41268997292872783,-1.0702170343352082,-0.08363079318078549,-1.8929571455618037,-2.640467735144928,0.11292091919620764,-1.3714051212654537,-1.6274198920082457,-1.9569461284594085,0.1739687486034583,-0.9218248948346116,-0.7786615515882191,-1.4461381105669338,-1.9842111766570634,-2.0418532854244793,-1.2367480327547145,0.3962030011799213,-1.7472258195689632,-1.4367575506418646,1.2518926124189282,-1.6552556262038127,-0.37226072926596787,-1.7854988288830014,-1.801565045209076,-0.457982423730026,-0.23224622334717696,-1.9879237804660777,0.3166724756891654,-1.8335915429630512,-1.2366655032553353,-1.160287503058293,0.038345653184352665,-2.347517926894462,-1.4702175329378313,-1.5257854682762286
2009-08-01,130472,139492,2338,9.6,NA,-3.1,12.6,-10.6,8.9,-5.1,86.6426,176596.7705763624,444813.859609778,1477852.1704566495,188905.58421170665,978295.5819690513,22.23,7747.5,110.8,157621,11217.87396277192,418,586,1009320.4754429243,616,148444.71854675934,182484.8620766988,121.1,118.1,215.445,219.496,89.18,88.599,12194.8,79.68154294684908,66.42177264947794,14.754,6047800,559200,NA,0.16,3.5949999999999998,-3.0539353071208684,-0.05056489634802498,-1.5857335164507809,0.7970497988988162,-0.9451423509891846,-1.7856388301872197,-0.9025305474397611,-0.5631327532678378,-0.9153434793888703,-0.6965356119861837,-1.4775766496590106,-0.8641593290896407,0.3301540969051786,-1.140844493517419,-0.37271786946043783,-0.787189540032787,-2.1489296801668587,-0.7172682958037071,-1.3034706192463432,-1.5362951345040439,-1.5609132056025137,0.01186793772052492,-2.2939124028552547,-2.228425017186392,0.10400775538339871,-0.5495407627023776,-1.2754395974776878,-2.281503481648789,0.5003812682510518,-0.5808522544473476,-1.435943073084845,-2.249472596473421,-0.5658144003903451,-1.3801415716248604,0.36567362447829893,-1.670942848825472,-2.8369936135649465,10.508934845260733,-1.8300880793240093,-2.6155845085104446,-2.361225129670451,-1.1963520208965694,-0.7002454739824711,-1.4419332093523154,-1.639237602261399,-0.11124277210553339,-1.6203519333572651,-1.6792395664742445,-1.3813275302189363,-1.6200149374877375,-1.741105100914366,-2.6731400766809172,-1.1999018155721388,-1.7320620980074244,-1.7362680878916401,0.07232942530800295,-2.316312415033357,-1.6102842161167552,0.9139295829747134,-1.6863712757886988,0.29886244977291443,-0.35036898312333115,-1.051887027691043,-2.0000698038349793,-1.3786899928522234,-1.8105380953683086,-1.3099964164297002,-1.1455295178753677,-1.1478872641521924,-2.1665369459823176,-1.0309147707112427,-2.1358758214271774,-0.847832538500726,-1.7181454196770884,-1.6329538005637865,-1.4424315383267916,0.42092015085891327,-1.179311322827833,0.6234472585432781,-1.2588825758113986,-1.0565290118196444,-0.5526827596174102,-2.4458972673499226,-0.5255174754096945,0.3905003646106988,-0.6799318559291848,-1.19952893988389,-0.7838428469272442,-1.4814962057404646,-1.1507893654990735,-1.4437200235901042,-0.845616342723016,-0.7807676400100977,-0.16369730496302481,-1.0796878990653547,-2.8826664494731333,0.4116936302292691,-1.2732701741434809,-1.048551698887191,-2.9601217692570487,-1.4660940537293625,-1.7312106961659033,-5.039424121549414,-2.2363866177850236,-0.8112962124555962,0.4457250934392267,-1.1134106810799425,-0.13826138698681228,0.027053230511680623,-2.0206264991501173,-1.5002763858795614,-1.2861620591062206,-1.8035279261005366,1.104296028984297,-2.237612123871849,-1.3043271142839565,-0.47298346742201175,0.05195829618343578,-1.1772723813560058,-1.5116442170286746,-0.0209437107319903,-2.203545482516931,-0.4305920261713793,0.6540878090996225,-0.7572968050873227,0.13399911414624574,-0.8800272031389502,-2.6493473071372122,-0.24282946501755676,-1.3388502405909266,-0.540589615310334,-1.7370099673299422,0.03413831566025375,-0.551344616967409,-0.6879240568947445,-1.407953709693541,-1.9630052733917582,-2.1483878049725895,-1.368414998013678,-0.9300252764839043,-1.8421997724220294,-1.462327218909841,1.140387318424943,-1.4362886489826612,0.06324751502691467,-2.0632931174251503,-1.741541562426841,-0.861523396963473,-0.44047680910120623,-1.8450093473037654,0.30527767726663807,-1.5021943716507027,-1.4880589637075892,-1.1278588598094306,0.044800711114278205,-1.5618549116070866,-1.5023404532683295,-1.3255259014315945
2009-09-01,130246,138818,2487,9.8,NA,-3.1,20.9,1.2,15.2,-8.3,87.4063,176930.05239353364,438929.0672159778,1468596.5373308372,194374.41225202632,963786.8881823475,22.27,7746.1,110.8,153338,11114.370158076217,386,585,993283.9998208769,609,153209.66369620708,191162.50951591958,121.3,117.9,215.861,219.92,89.324,88.755,12230.6,77.76185571626885,74.00475876058904,9.535,5984750,547500,NA,0.1525,3.4175,-2.286077266746672,-0.5699893975250404,-1.2123968686314777,0.17617805166017586,-0.7949132914506158,-2.1841144339386616,-0.6037326656571514,-0.860900393538666,-0.7548700153278056,-0.5050881104132565,-1.6296281131649926,-1.5788004192326128,0.2199510452215881,-0.9008767387628912,-0.9578778591866959,-1.4889616995262094,-2.125941365675238,-0.8183357666868989,-1.4393273964764697,-1.8264895838515538,-1.4963337311409342,-0.3279553024609715,-2.635716823386949,-2.2343843419473672,-0.4041990586397489,-0.935393003478308,-1.054538665639728,-1.6888035614126855,-0.33065993923863274,-1.5027459937491887,-1.6518792231232187,-1.7257730248491732,-0.799437593058969,-1.565271926721087,-3.1376721804091856,-2.190882867311804,-3.1357887407947995,23.252972872757788,-1.6982209772387395,-2.05969711439889,-1.970670341714792,-1.137160690807542,-0.8553384521846451,-1.5941733318766649,-1.3249605930593715,-0.20670193929571087,-1.3690629947735888,-1.9573263303085315,-1.0588492571521109,-1.6855220738247283,-1.9646328132376092,-4.073005067712994,-1.2667644546537187,-2.1608481488671045,-2.081958230831057,0.0737023423929386,-2.1636087787110525,-1.7472651257037266,0.3385452535512532,-1.8115598526531826,0.31864036241553567,-0.5853099541328458,-1.4525693951779575,-1.510659217399267,-1.2285481362654629,-2.7222184946968357,-2.434298260174991,-1.759189289196517,-1.183130624272373,-2.8001223960230828,-1.7516816540954105,-1.7208963577829215,-1.4771314578036343,-1.7653016241344683,-1.6754710974445552,-1.548536207095733,0.10608603426775594,-1.2555820609603499,-0.5782746166737474,-1.352833118905412,-1.9661582280479106,-2.2813385971562936,-1.8591392610459605,-1.427909499068624,0.26622680592907133,-0.8602743026711828,-1.8713235352195043,-0.6425495657053466,-1.7060029511066837,-1.0335543892785952,-2.0136997064161926,-0.750272443753713,-1.4336055088657786,0.13565264252663295,-0.4568551036761264,-1.8161955453345386,0.09648068581932888,-1.379002937756826,-1.4870475957170832,-2.559435926846337,-1.8662435703273144,-1.1426956989744983,-4.59379542449289,-2.2549964699871508,-1.2146210878347505,1.313410405699178,-0.4075780002181363,-0.924856443225374,0.03368792633757892,-1.4569812504181514,-1.408670377260004,-1.3895332895233916,-1.6607244771288465,0.9170696137452893,-2.098251460541549,-0.9767714665311559,-1.4302321962179505,-0.01735600388333029,-0.6274314519876937,-2.1046884126752974,-0.08319988488123012,-3.76887719186674,-0.4207999968158091,-0.33297247536339636,-0.8963582036234171,-1.0912084132989266,-1.2360157067387845,-2.292078175170373,-0.14903145073334959,-1.6915801887108044,-2.123740463625103,-2.130810615523696,-0.40779153004305296,-0.7320488221898961,-0.8012258600718793,-1.480688425930512,-1.9177563488359217,-1.9144714532477936,-1.1642085493168923,-1.610690481579052,-1.3026103085807654,-1.4832707773649878,0.07694513279009722,-1.5304038221399612,0.23231318666035602,-1.4486461353003808,-1.8174276387217774,-1.422237066682202,-0.4409064945567688,-2.5372558784612176,0.015377353134220183,-1.5203174076184158,-1.2817054641614611,-1.284629863119109,0.05296379029302681,-1.147961755727872,-1.629627101379921,-2.111942817491717
2009-10-01,130061,138432,2406,10,NA,-3.5,32.9,3.9,12.6,-7.7,87.6419,179669.42886140326,438914.6024558625,1465393.687294347,193569.25376130623,951100.2308644593,22.31,7773,111.2,154541,11126.886229548421,396,534,971851.2652933763,583,157090.43864247238,194438.0625230028,122.3,117.9,216.509,220.501,89.663,89.082,12193.2,84.56107870582068,72.02168584392237,10.576,5765600,525400,NA,0.12,3.382,-2.015142904560515,-0.5037661477440472,-0.8878613857773496,0.14920983811714675,-1.3453098453694166,-2.3807345926379386,-0.7372250445720405,-1.06423413603733,-0.7350364220468256,0.42570818337651617,-1.609303746424819,0.1249410081644576,0.3595573763573734,-1.197806808634568,-1.7293768818977044,-1.8261691079357376,-2.288208776991093,-1.1440268924660566,-1.5237372689742288,-2.1339796673243834,-1.0001546431867583,-0.37546374324936976,-3.0503878323271407,-1.8990654338078377,-0.8244182565521768,-1.4744545289194337,-1.1603148524250342,-1.436313349503653,-0.9296175419082332,-1.167482050117245,-1.6445116516014202,-1.6749448119990042,-0.8180043511379539,-1.3776653674574812,-2.95169381368477,-1.9835473001055088,-2.6791451826363377,60.29738675830979,-1.7731461742481138,-1.9059606437241259,-1.304691121700613,-1.1237037583934046,-0.6821146608020261,-1.766526184789259,-1.1235444794670588,-0.2958128434995267,-1.2523985988192032,-2.058401244591776,-0.9830535329481491,-1.9146634644476523,-1.6320978531553714,-3.7003956709190486,-0.8804132030278804,-1.7662728759294821,-2.3829100267370475,0.42816040121998616,-2.023789947928768,-1.6637109620033814,0.4111611588187182,-1.3665328466430844,-0.48234048778211125,0.042634399075040255,-1.4417609675901606,-1.3614690207218636,-0.8680949278400039,-2.21361469764498,-2.350685193372123,-0.8058619864377013,-0.2930194770956617,-2.713812131792025,-1.7807997595031237,-1.3217141529184155,-1.153769145620688,-1.471815218983606,-1.5674058281490286,-1.742258927899318,-0.17499335209957786,-1.2047243234199139,-1.4777028511405657,-1.194301246368803,-1.931319082801233,-1.735568348583785,-1.2104351463285365,-0.7917793558309214,0.14286964498103882,-0.8698420356708358,-2.088047084700993,-1.0146676932609529,-1.6275257189640815,-0.780347959528313,-1.833898902357633,-0.6233059692989835,-1.419673833082558,0.309407094403461,0.16788007500559807,-1.0178912723208164,0.017954150648010384,-0.7246112776903235,-0.2977835504441222,-2.5553719045508045,-1.6818848816316636,-2.875500425810798,-3.022722827982195,-1.9918504402162125,-1.3613510920234604,0.8321862179415653,-0.5241098567170689,-0.9172087843217257,0.04310164571597973,-1.2493095062645754,-1.7034676500302053,-1.6584252485919095,-1.3748100108508037,1.1651742393907842,-1.7438897589446307,-0.4867648036646727,-1.0494345030601184,0.6769004223763558,-0.6269119082232861,-1.2265159596981583,-0.34322797343354516,-3.610632691583706,0.014258785135155636,-0.3123647803754433,-1.3217260428033841,-0.9550168096182639,-0.7445993752211856,-2.8150010454423082,-0.3154777843167317,-1.104431846627381,-1.98098966249042,-1.681598265183878,-0.3851923351075122,-0.9531017952919125,-0.6074669985214154,-1.5141054256950923,-1.7650943531747405,-1.7429786157131386,-1.2338974163931336,-0.9164782037438141,-0.9734523746365483,-1.3240569398380164,-0.7688408323441948,-1.4729910800035015,0.4892746212821447,-1.0203325273435968,-1.687261277959231,-0.12017090641163401,-0.49719168938193536,-2.4249549703522852,0.38264033004115355,-1.4754706692766735,-1.1493088309642874,-0.48984139438625085,0.04868303518228532,-1.205937503469679,-1.6460129798199383,-2.2075431811407484
2009-11-01,130057,138659,2503,9.9,NA,-3.5,25.7,-2.6,15.4,-10,88.0221,178467.40908028968,444569.29255620943,1470925.004177909,197278.80561148998,934689.1096599064,22.34,7808.2,111.2,155280,11109.170402839121,375,588,955080.2674469056,623,157822.59948602135,198850.77931180262,124.1,118.9,217.234,220.666,89.887,89.16,12224.4,86.86461891040973,68.75267542725572,11.041,5460500,494000,NA,0.1175,3.415,-1.8159567278647106,-0.5407200122485767,-0.30431715341286797,-0.35917978169588666,-1.208293009607609,-1.8961539835116676,-0.7844635857519489,-0.9521880351403801,-0.5304209863913171,-0.2667598189184272,-1.4548992497987956,-0.6469838566801906,0.46806961444771233,-0.9203174203041609,-1.3229232468292769,-0.41227172994150535,-2.461093060525774,-1.3218756689722186,-1.5964153485636636,-1.9909489066761208,-1.4883211732438018,-0.4626626805334078,-2.933906510551251,-1.2827883632568344,-1.0918348530865989,-1.0566289459793894,-1.047306004687904,-1.0131587575529737,-1.1970627749609337,-2.0634082828576603,-2.110379983271267,-2.011679977093274,-0.7641046050939573,-1.6691381514241055,-2.8448041810000415,-1.9215485693736003,-2.2559850626579383,-66.21153745217255,-1.8873153284207262,-2.708825737202971,-1.6790720415967555,-1.3457259040678107,-0.6489906393735835,-1.638415299678351,-1.0830472608576083,-0.4661162114411341,-1.3364529767778432,-2.0334136605698494,-0.9445644509850482,-2.062732258168576,-1.9231315893262426,-3.4043563052404737,-1.2979007005206837,-1.4096673638211628,-2.3924870638208597,1.1019290876719356,-1.9848374684294787,-1.6477020532323297,0.5295347825102479,-2.0600882512801224,-0.6042239973334848,-0.1092271640939352,-1.6526555204930562,-2.0361371510904474,-1.9678950401128217,-2.765985380606217,-2.6692289357340977,-0.15687573763794777,-1.1243078025043178,-2.365190192780446,-1.6252486087256293,-1.3452722186064672,-0.632705256621508,-1.6299780164419135,-1.655551721702993,-1.8458421105999083,0.33635572499428157,-1.5328853163980423,-1.8054836023648757,-1.1070536710750367,-1.6163706137345777,-1.4517667059083457,-1.064203533551975,-0.6674081476341004,0.28211794615157676,-1.283075744671339,-2.3363371077550608,-0.9353615731036827,-1.5785572871584463,-1.0931810095529924,-2.104973244898441,-0.6542584308167607,-1.2620601479072406,0.2915432118272493,-0.2413272714118519,-1.7390242624807537,0.024778696388813786,-1.3337088843825367,-0.5510740677242973,-2.8332918495852617,-1.0425753975427063,-3.19207520462145,-3.210250083904367,-1.7491492378050042,-1.3510749047403507,0.5613756734502742,-1.2117499641343588,-0.5155934145102887,0.06827077822311126,-0.682687946957339,-2.1260214512592603,-1.9016658124651595,-1.9414413928371697,1.2501541319052885,-1.8129754288744713,-0.5846858197752326,-0.5097061695781933,1.0625442354388839,-1.1148034738103503,-0.4171742919488791,-0.37196318482946245,-2.85153924029867,0.45760639382642343,-0.01724306739978899,-0.5942119896074999,-0.6735225566648915,-0.7313436207075308,-2.6681932922060696,-0.35557957926317796,-0.8588973131055003,-1.6781186578358815,-1.6721427387201824,-0.38692949659648035,-1.2183343697110125,-0.7748706223463379,-1.7465706514470343,-2.2977675822554033,-1.6939573962391763,-0.7913212882222942,-0.2566839066805816,-0.8960633231640336,-1.66761351142582,-0.6632800975290946,-1.311857543228669,0.3888283725901974,-1.4720856956022252,-1.9136608570652,-1.31714332934063,-0.6069024252503717,-1.9244405081942846,0.6428487749808709,-1.7323980892670234,-1.5178894093896398,-2.3034493442578006,0.1221210315118161,-1.1294381150008812,-1.6318718640830614,-1.6027148717444826
2009-12-01,129808,138013,2568,9.9,NA,-3.5,5.2,-2.6,16.5,0.6,88.3793,178476.5229766842,442628.89291631,1471459.1612915695,200118.96952378837,917387.3403084313,22.37,7810.5,111.2,155850,11177.13116667964,352,581,936867.2099978876,664,161549.49465749008,203544.62469006772,124.4,119.7,217.347,220.881,89.939,89.236,12280.2,82.61154782686043,72.7868768161446,11.284,5141750,485500,NA,0.125,3.5324999999999998,-2.254587261579386,-0.5706879520089873,0.1930511201006458,-0.3813053887005571,-1.3301855130744977,-2.3738397532976365,-0.5495611732507313,-0.8177818288798689,-0.24122361828889813,-0.7109175829184685,-1.5972788868958918,-0.9960712003871911,0.5585641456108691,-1.1815661684550085,-1.5274627859908199,0.13518222160176793,-2.536028417546866,-1.5957370914327689,-2.0255923144165564,-1.924750363837115,-1.7214826805569567,-0.40962919167654926,-3.7298010113741795,-1.735154597210692,-0.85328872581812,-1.574536802591803,-0.8316285343758775,-1.081332758688001,-0.9604265013923893,-1.928778286929044,-2.211234460042926,-1.947370212613971,-0.8947420983562984,-2.2255683346895596,-2.5608152534642556,-1.8896168599537724,-2.2143767134647723,-15.55047411698377,-1.7269373786475333,-2.5094569048987347,-2.31218999633662,-2.0433185625210535,-1.302971394231507,-1.7948899876767777,-1.3515319027988544,-1.0165688562984807,-1.0842941555078331,-2.5154787606260602,-0.9531967706676683,-1.3175230944406509,-1.9398787281652545,-2.9970625668964983,-1.8820214580994046,-1.3330610340170406,-2.6073834843166526,0.6749066709623119,-1.959771026988463,-1.9081932910232873,0.188796446236998,-2.541374497401143,-0.9456664116783399,-1.6283652517750684,-2.3518008848442307,-2.200551944034096,-2.406376232830994,-3.1408405518340716,-3.0968661705017566,0.173386573175962,-0.9965497658773694,-2.65566986110422,-2.2770723797767776,-0.8056649518222717,-1.2877311448430957,-1.8256879920074884,-2.051605548890038,-1.959656725541944,0.361413860423255,-1.8416970005588313,-1.88482353748923,-1.458170151907152,-2.1266490585232467,-2.070781080502212,-1.5760632938026078,-1.2047620856468324,-0.053110031823952956,-1.478945241508513,-3.1743932541583404,-1.9961403239383997,-1.8900974171070417,-1.339679977395493,-2.953987013783147,-0.9129118815097054,-2.132120267833642,-0.35957737894552605,-0.5795421096458442,-1.7490069913560304,-1.1098281635834566,-1.3630376466598018,-0.09249481131818439,-2.65328188525822,-2.3731053252632064,-2.873254339913504,-3.4168405752002924,-1.5254704082567465,-1.3611440860351018,-0.5288292297601824,-1.8482848889256305,-0.6822585678478312,0.07507946081045835,-1.2223732858801613,-2.1866083810195853,-2.3756448657147127,-2.1202216849655517,0.7198370375958884,-1.7365066650447416,-0.9346422022097111,-0.23463621222213438,-0.22378842931606527,-1.4902297675755702,-1.5592298066806896,-0.46504889851667675,-2.8201563992384036,-0.4636806431121213,-0.04067258306451229,-1.759752197681053,-0.7241919700124172,-0.17779122167094846,-2.684058666411961,-0.31865610414752404,-1.9189683582270733,-2.494271237079592,-1.3993969522737015,-0.2014531188905681,-1.0087806279861617,-1.5809010454978214,-2.1180555158246945,-2.965972670214496,-1.703972793078734,-1.3472561260872988,-1.2170976451818092,-1.3979579986457642,-1.6978711712197492,-0.3288839309009198,-1.5071966241753003,-0.17690993018179849,-2.074402747822472,-2.267870216586457,-1.3593204673891268,-0.1537047639700695,-1.9837165529745218,0.6136269071860824,-2.313118821570005,-1.5340448304983774,-1.2324942630257034,0.1189086250106338,-1.1428144668293523,-2.3246222958002907,-1.9946330588990024
2010-01-01,129802,138438,2837,9.8,104263000,-4.2,15.2,6.7,12.9,4.5,89.3426,200825.41936629097,441882.2667968404,1463880.1115846569,203622.304073844,918513.1357060442,22.4,7778.9,111.7,155913,11156.585603976215,345,614,912081.7431436941,636,161475.9918345611,201625.32173604332,125.9,120.7,217.488,220.633,90.136,89.368,12285.8,86.77997692375965,72.58887334392239,10.893,4839000,479800,NA,0.11,3.75,-2.2146713535461258,-0.46756685565186523,-0.6363721937468326,-0.8954075264253655,-1.6164534601201441,-1.7970169190824121,-1.0477128520222452,-0.557705266312135,-0.4880059729989616,-0.9508466264818548,-1.653865876090068,-0.6547912454065028,0.6569460793092041,-0.6855683280779137,-1.7149766045957464,-0.16735781011277248,-2.364355153403103,-1.724039971166696,-2.171288630226781,-2.060688645559724,-1.0213895750812116,-0.5331665376538952,-3.0644647901424995,-1.2495891055689843,-0.5107762371472535,-1.564969215510381,-1.1410517589896632,-0.9036589329616009,-1.1115443683827397,-1.8847747895934623,-2.2001358109280695,-1.7653204101207611,-1.3589011064467038,-2.1029310027502475,-2.323723295850041,-1.6039918515592404,-2.053189819205526,-7.160636261261053,-1.8858585630790494,-2.140797067361118,-2.4957499746717184,-2.366134566893036,-0.8670348048605034,-1.9492972601016136,-1.7551243694636343,-0.49338156299342906,-1.90685073210137,-2.6694306891433963,-1.1024410170945995,-0.2517452175205844,-1.958005314017818,-2.4701718468553837,-2.072659200380949,-1.6598971640711317,-2.4271943284262445,-0.04394149827287633,-1.7308744656018262,-2.4278522877368824,0.04928600719468172,-2.6506356249647687,-0.8436840787819239,-1.1792757353792611,-2.277114952448191,-1.8316363881009352,-2.196244835369604,-2.316557434760103,-2.2311530428116972,0.5772190720952114,-1.140442608125086,-2.3363980444738375,-2.4151481069154346,-0.40664108805365906,-1.0873853420897344,-2.5163329141864215,-2.18343645369125,-2.321106310285113,0.3387597844344642,-1.8818015833922386,-2.0996227282887787,-1.968386765868692,-1.4737212090856848,-1.5233237126530086,-1.566789834647722,-1.2164912377132207,0.34367117866197777,-1.3944638323818097,-2.1057687499569977,-1.577490353261423,-2.158859688285011,-1.3980847431004713,-3.4248058195362505,-1.0616558314154967,-2.3005602056082535,-0.2020389778246981,-0.7981483229641467,-1.3940029180254372,-0.18154062340949834,-1.0911476489361374,0.21375923364179972,-2.7139898376150238,-1.637696341405907,-2.434035311715119,-3.4990593538502206,-1.526849335666715,-2.0015952864540125,-0.2415755503902084,-0.7185019355860004,-1.5766604951281797,0.07852872708019053,-0.8209778246715548,-1.9796706911425441,-2.425814118881601,-2.0171032082928395,0.4758896426891741,-1.674647804148361,-0.8826417580471037,-0.3396633163437926,-0.09301995095690604,-1.6042753316370917,-0.8472577858888961,-0.30185546710436784,-2.7670843644975025,-0.7281357663837869,0.21657425883247464,-1.984293812546896,-0.2972411214370829,-0.9950838833600333,-2.2542807416641293,-0.15381856469247698,-1.4811933374765338,-2.1611704242872403,-1.845463621250904,-0.5317667469505365,-1.1273680509593156,-0.3739189477796976,-2.0140624239003775,-2.6024650251731543,-1.6800918942268916,-1.259750435817134,-0.7368005796793483,-1.8632656997680563,-2.3115246925777804,0.19246775791699783,-2.0154344465090004,0.5508618239495047,-2.2939638423513276,-2.385752328347967,-1.4477092421336986,-0.026345588144956505,-1.2634540204294384,0.5851127458593492,-2.1042308444634696,-1.7472727415296225,-1.5776469119340726,0.09437139244901366,-1.6616371940930457,-1.9434196793090712,-2.3719509662014655
2010-02-01,129706,138581,2666,9.8,104225000,-4.2,21.6,-6.9,14,-3.9,89.6779,200201.92158342025,443579.5593227861,1470529.2470183026,200039.9405329842,923799.0103623493,22.46,7744.2,111.7,156286,11198.215989526705,336,604,904081.7005791378,650,162749.90569596377,207144.91756717776,125.8,120.3,217.281,220.731,90.134,89.446,12292,84.78487585150998,72.89050233328408,10.315,4793750,485750,NA,0.125,3.6950000000000003,-1.737150288804508,0.3747310464416097,-0.7032976187735303,-0.5437095901474455,-1.7545209315071106,-1.6605444273657617,-1.172907835912688,-0.10639390288569263,-0.5821150936884634,-0.2693267908085286,-1.6245921110235235,-2.33942058794473,0.5373723535706108,-0.9020250580369057,-1.7428561839734629,-0.6493097246651088,-2.100746467286,-1.6531391345813846,-2.1277508587044283,-2.368732467934852,-0.6736075445705252,-0.7341782086585401,-2.2783321249993826,-1.0936601346812065,-0.6268105132185147,-0.9749454597115038,-1.565648749279821,-0.24174952009310077,-0.1255324125677519,-1.9296056931025025,-2.064817398109448,-1.7263446538909946,-1.4064226803259952,-1.9605350063405975,-2.396413064684788,-1.6504980168286316,-2.3479849923105007,-3.1486895663682386,-1.7933507535393505,-1.8755564753645264,-2.0459512790949987,-1.5023427880357723,-0.749709068316286,-1.966008883775598,-1.6633934024783332,0.7585027075495321,-0.6930294113474653,-2.447781254315421,-1.545805104929116,-1.3599692638030623,-1.8532242729026729,-2.324804654743136,-1.7984468511478584,-1.2971447040661146,-2.3945671375415305,0.09581158978653749,-1.3343703042116817,-1.8426604768418136,0.4867877413623435,-2.436952745324983,-0.501425036162859,-0.6660317421971711,-1.9396459271280495,-1.1458490268796873,-1.6892792664714655,-1.510963367856691,-2.0703535525575276,0.2500118175973333,-0.30786149641416444,-2.092087636242657,-2.199853565872167,-0.4663846510497743,-1.001223276482427,-2.2114982477432465,-2.2770184659129553,-2.470200621424751,-0.3194759188794716,-1.9563723425520823,-1.607954766299172,-2.237211057916193,-1.228538335338457,-1.69220333090849,-1.4580550797158176,-0.9974003734769734,0.6035085442629978,-1.3125980186308441,-1.9975244341050602,-1.2211192387474605,-1.9878897914147429,-1.0134471223704276,-2.490086955011746,-0.9355375878773392,-2.2511279626649268,0.42853048708819713,-0.9207639306672939,-1.2639328492597621,0.6460589485340291,-1.0755445505247905,-0.12196516829682559,-2.5523947162486325,-1.8462891540569988,-1.0615412517043625,-3.305797666060735,-1.0894146472079282,-1.614288419303243,0.15812884542708386,-0.07077502838293423,-1.7215570370547737,0.07977982962110339,-1.1917117912555613,-1.79703607702064,-2.1700468975657885,-2.1113364737263285,0.6386061044371821,-1.6348402546979766,-0.3888888861732735,-0.6472747932345876,-0.30924427317409925,-0.7545320449466671,0.17567107485067088,-0.3298094180445801,-2.76504904728714,-0.40483802464279833,0.2738205072925285,-1.6450068983972201,-0.1780343088153946,-1.1000370876263321,-1.989410419210236,0.343418056315384,-1.0762797451967547,-1.5767749642174738,-2.1691783533251194,0.29412929936190785,-1.1679388014461034,-0.11528939617360864,-1.9729733782146,-2.3662556527054344,-1.486533410054058,-1.2631363419827786,1.0431534808966685,-2.0625775965750486,-2.0222898704191126,-0.5061716178881108,-1.9434941165002155,0.7113165061450274,-2.351604665937002,-2.158630920784395,-1.4286055071630233,0.07039360632609028,-1.5720997915162136,0.8047930287610547,-1.9286705979763537,-1.6400886664010024,-1.7823354008152055,0.09210924081775,-1.6378676005995063,-2.230350369161441,-2.4401798374883255
2010-03-01,129866,138751,2679,9.9,104225000,-4.2,19.8,2.5,14.2,5.1,90.2928,201801.44248346463,445835.96459157334,1478261.2012620214,203025.67000144027,925216.8710738857,22.46,7779.8,111.7,159636,11251.814183312837,381,636,910525.0329599718,687,167166.32875771375,210111.786929017,126.3,121.2,217.353,220.783,90.261,89.579,12340.3,90.0056502808522,73.18846332619188,11.772,4731750,470250,NA,0.165,3.705,-1.8073249204588993,0.5567219972270786,-1.0358354821262168,-0.654736153383476,-1.550763932769318,-1.0635453829477841,-1.2794042474333513,0.13836367240808584,-0.6747143176557026,0.1911384513335361,-1.6792424210298882,-0.6196928537529708,0.9631511519191964,-0.7068142329704497,-1.5759873141383391,-1.1906201756422827,-1.8715713987540141,-1.40973183711291,-2.008669079749638,-2.3291926370199394,-0.823693057258158,-0.19557649193172397,-2.516110058396926,-1.2030027826752228,-0.5330550634702885,-1.0231053119927407,-1.3862361144124113,-0.5643632002058,0.41927901499997244,-1.9878882811953962,-2.2152949065122582,-1.8602480497343783,-1.750089765867664,-1.802496069546425,-2.312413684435241,-2.1072585869565765,-2.0703107649038848,-2.459549647901221,-1.7879380612428988,-2.302564031578115,-1.8482992103054785,-1.3093402611854965,-0.9687971297143532,-1.802186934800784,-1.4033701330321289,0.5090048055219197,-0.6697957778950915,-2.0876877637495155,-1.6079471475623963,-1.79260369017216,-2.1148099893675916,-2.563211897882445,-1.7010187374040182,-1.6950345631466104,-2.3535945171406665,0.39446436271891566,-1.6794029905317762,-1.4769893011600548,0.6659592395141384,-2.6143384809065107,0.0348825102569587,-0.32710770949595636,-1.5976394061423025,-1.263418689736404,-1.4037002460580636,-1.0826011376004103,-2.1645362311886576,0.1601132077374111,-0.4633163307818567,-1.9563354186301525,-2.204108335755773,-0.6925556614283818,-1.0211551869332611,-2.3640118681599613,-2.0325068446284718,-2.405101606674533,-0.007006466949416852,-1.9293373063909023,-0.9971959563318994,-2.2138467750822395,-1.611828744083862,-1.3564408763315345,-2.093234547769013,-0.49533905840860026,0.7914101310608295,-1.116601551181003,-2.0472586121721017,-0.9844957942845958,-2.220641753337392,-0.9541007234135205,-1.638175458548693,-1.0615220607437361,-2.0775335670074786,0.39741531968724464,-0.46281623957222023,-1.6133355735233643,1.0017414509839997,-0.6081239665651773,-0.03523150853000485,-2.426608666556359,-0.6472002608516165,-0.9935168956457182,-2.900514695784229,-1.1571789730338538,-1.741768972345046,-0.22438325627489916,0.012328635460866646,-0.836079930469386,0.06757874967902963,-1.250979923144113,-1.8682582202365958,-2.048747526679865,-2.0119786394581585,0.9711810895805325,-1.7926725917562536,-0.6620306678276894,-0.5493901717608018,0.05871634273540034,-0.5824907295173056,0.17674371834878888,-0.06131109603134633,-1.671710145151617,-0.23280634344501874,0.38450928146648,-1.9793803355799036,-0.5615565625414763,-1.3976609504736583,-2.0265084381594325,0.2785723292298757,-1.6470541611336855,-1.666822870159002,-2.4217225615314883,-0.5117209806252004,-1.2021441002261226,-0.03633232098808202,-1.951347514051171,-1.8354587622095677,-1.343047061765243,-1.3762931464463322,2.210680313874344,-2.2100524078827384,-1.83542284531364,-0.7437116862916957,-1.8090718004596693,1.2282843036348432,-2.440741154037097,-2.3279836926588104,-1.8154782510996448,-0.3666675614591765,-1.5738461428039778,0.9047947012416708,-2.026039393140607,-1.9608553096927772,-1.8877224851422558,0.08145267514989499,-1.786047265885896,-2.4833117203028037,-2.316404966470748
2010-04-01,130120,139297,3153,9.9,104258000,3.5,27.4,2.5,16,1.1,90.5991,202577.78762041856,446929.46517550654,1484204.096040017,207487.54290776214,925483.3351788283,22.49,7860.2,112.1,160931,11274.831137194109,422,687,918684.5310596833,637,166003.76481009854,210146.16321559073,127.7,122.5,217.403,220.822,90.31,89.625,12447.1,93.54445797807553,71.95814417725572,11.454,4728000,469000,NA,0.192,3.85,-1.8066070964265637,0.46222545570418977,-0.8374668556348759,-0.8016512015125047,-0.9740717233591182,-0.7672852961195886,-1.5445875070742827,0.05989830627637033,-1.5556203999698763,0.48860219371239305,-1.4605844126232321,-0.5538435573799119,1.10304900969737,-0.15208010565133043,-1.2225156133030288,-0.9170418292180242,-1.940225987457206,-0.2063846544413351,-1.9326439021642423,-1.895028023197785,-0.9416337702823852,-0.2846769329380456,-2.5357092348980257,-1.4193209650105278,-0.633501177646394,-0.7320861774582381,-0.7638160742008615,-0.9916556244048987,1.0782685691279594,-1.8456676514008052,-2.268126491770667,-1.8218361119659237,-1.6999381596233087,-1.8246945078614685,-2.226922995385623,-1.9687433617684047,-1.655052473582172,-1.87084748921188,-1.7154623426476656,-2.6972578028285645,-2.142250946560846,-1.2198766601770228,-1.0087392656751704,-1.6285064264996936,-1.0343799207969389,0.6848245616546258,-1.2156224629228223,-2.3723234608600845,-2.015357606289959,-2.3560826531531274,-1.7941278789069643,-2.0788933884238143,-1.5548355933341835,-1.1614768634756403,-2.249390766048285,0.856460400180509,-1.956090809350838,-1.6247040614580675,0.8333607544147984,-2.692860782239778,-0.04695211350358271,-0.27727469916417324,-1.4901574089358023,-0.9890226746740838,-0.9832501962641874,-1.3593630753413808,-2.0445494579909536,0.7963551902024336,-0.3698091915318451,-1.6343630297330538,-2.163666683713173,-0.8359758540048964,-0.26824519312267336,-2.071900298270357,-2.027069555073822,-2.424809197953844,0.09009056305352217,-1.9387037777851257,-0.42821198724319903,-2.122099430774431,-1.4280188682423687,-1.2672324357194722,-1.6668733226680468,-0.7472510919725054,1.0522547423809139,-0.9986858435048295,-1.7899531757894895,-1.372770499107593,-2.046027934448719,-0.8998154843340999,-0.6027258264754655,-0.5242780220526828,-2.175785311493037,0.8573442610039839,-0.5772602882359601,-1.350399000988841,0.8483810031511579,-1.0660321888486044,-0.40903383878171307,-2.023125637094539,-1.5111949985301942,-1.4082955642754593,-2.5761510030918298,-1.5309833694452406,-0.5940140770420442,0.024163804407112077,-0.24504225294379836,-1.6479876035949723,0.074115134889003,-1.1768935969419383,-1.917400595353512,-2.258202448934896,-2.1007805701332978,0.8173170686309892,-1.8124798356877474,-0.5943951796385712,-0.31686513320261867,0.7294108836596257,-0.5313674666759982,1.1290381793830568,0.08475184575392766,-1.279011852633342,0.3563626996056162,0.3626541835560583,-1.890439880302526,-0.6724559297756727,-1.9552209619499392,-1.9206739697058097,0.5413731289697301,-1.3600589788583226,-1.7007298634652153,-2.9047329547281286,-0.6541603337293527,-1.623345276346443,0.4852543639857801,-2.2863094612327055,-1.8875505428706878,-1.9314101193764028,-1.5986107637661326,0.4728815827171336,-1.9100601011144702,-1.5172583796272383,-0.6133066857385311,-1.8935524259612493,1.3994042240978941,-2.4612199887155946,-2.4033459132612043,-1.7997079781325394,-0.33993920985787696,-1.57399736394503,1.37835414976682,-2.1899183693359543,-2.0949808721258916,-2.0552137488638347,0.08834002772333606,-2.0349054339550507,-2.5406372595944497,-0.742322710886973
2010-05-01,130642,139241,2988,9.6,104337000,3.5,18.3,-6.6,22.2,0.6,91.823,210243.637852976,448901.3604312645,1491059.609189675,209610.46724006243,931361.8702885797,22.51,7935.6,112.1,159629,11302.759605486002,280,583,911507.7651955413,575,170081.58159820232,214892.7927030408,126.7,123.1,217.29,220.962,90.339,89.724,12540.3,81.73657003066229,73.46727538292947,12.03,4674800,459400,NA,0.2,3.42,-1.6110815622241126,0.8472903182240956,-0.3582142337233347,-0.6179533811564767,-0.444405210336644,-0.9974380870308232,-1.934709238090593,-0.13674185544525472,-1.769984384044093,0.4040181239751777,-1.392608263421811,-0.050913820490475055,1.070945675195966,-0.021254449341017702,-1.5332138239639557,-0.20584765238646358,-1.7774201201563717,2.8616826011489094,-2.222706409970482,-1.416582378036137,-0.8780391909027669,-0.1691713684292159,-2.1065587487523625,-1.2517584447898822,-0.7384563763558231,-1.2702824561844555,-1.3092118675092959,-2.0660576735423972,0.6638449343470604,-2.1819350788834426,-2.2577783009665477,-1.8207323962050226,-1.2287020932305766,-1.8779530361471604,-2.154079111074282,-1.962105606428638,-2.0975944828060142,-1.7090494048204676,-1.6394909574752459,-2.3479757895066022,-2.352468960189161,-0.8212486351128786,-0.2576125743096979,-1.5668582399057949,-0.6851367023863475,1.2633403830222611,-0.6401075965033572,-2.102521815200903,-1.8119114889162822,-2.333764277691123,-2.024394183753128,-1.916709226367728,-1.4951890049670455,-0.47140897378793434,-2.362719046661716,0.8642831491955856,-1.7705600110616413,-1.107415549988441,0.8938300773970546,-2.446684171940089,-0.11023112471214745,0.21755784970568615,-1.7103718329158897,-0.4495553438190342,-1.0664887365781612,-0.4759791592625717,-2.3351016503066586,0.9088368785268507,-0.432139103050427,-1.4453521759185546,-1.930018813228148,-0.20037812802472968,-0.3048332909960673,-1.9950866288362379,-2.285519507259492,-2.4470117045306456,0.39285536608950317,-1.9299466360918274,-0.8872190092043302,-1.6790465985590306,-1.163968921099908,-1.0450956659449535,-1.9791690362550332,-0.7868988091945185,1.158260410292947,-1.029584505018371,-1.5828590032990861,-0.8881746355686782,-2.0838625670950535,-0.8985321771946313,-0.49337619024742596,-0.5462291451473856,-2.759729784846458,0.899653051789341,0.0667570250751126,-1.4309536824710574,0.2687425993691745,-1.4873022378345047,-0.03880926888210302,1.3919504055396228,-1.1523659505265178,-0.5704705457005919,-1.8196268154026056,-1.5343042905142261,-1.3957887408167096,0.5382271699390235,-0.778784218970056,-0.9246379497287371,0.07061392789338167,-0.9840997020131026,-2.226492758624102,-2.4005289414465167,-1.8276272804625622,0.5732629171821982,-1.7881895402216705,-1.1079450719241162,0.05957093891765327,1.1282350140378912,-0.18457879228976115,1.3507517291869353,0.08067507522153965,-0.8825229175412527,0.6967709707996428,0.4188858687504048,-1.814376644895739,-1.014084391859201,-2.738206481530262,-1.6819679763977176,0.5176313691249453,1.2185094141292283,-1.8896538157032718,-1.9750855001452012,-0.7805649403698639,-2.116784058104156,1.140618145962762,-2.0144239548983784,-1.6617278766060677,-0.9931183595860918,-1.4372094912301006,0.029233814148620457,-1.3156663643575381,-1.6895315710824528,-0.7585959847867974,-1.9664864600328278,1.1920414432729796,-1.9302466529436886,-2.4079092662545696,-1.634298565163406,-0.22952336587898567,-1.9233322124092873,1.460865433528988,-2.0338401422134216,-2.132680378242338,-2.019225856802477,0.08692284461044533,-2.108401795182906,-2.5256818167047705,1.8012811325204687
2010-06-01,130510,139141,2801,9.4,104435000,3.5,19.9,9.9,15,10,91.9928,205609.01872625996,451517.701908063,1507309.2045384934,209426.2522009723,932341.8345311792,22.53,7936.1,112.1,159538,11330.217827045104,305,536,910225.8003787334,587,169586.1618365245,220200.21926667477,125.2,122.2,217.199,221.194,90.301,89.767,12544.3,83.44315123863522,75.2619562339933,11.598,4583250,460500,NA,0.1825,3.24,-1.869464390078796,0.805990288893985,-0.8925357588731806,-0.5762561135732757,-0.576283241274647,-1.616560338899291,-2.678132704832051,-0.18805731166373424,-1.7519007303110978,-0.03084011329148373,-1.4270400743682354,0.42100336638836655,0.9474033599374194,-0.4991828882544442,-2.3906564731238946,-1.029908190324564,-1.8523935444244166,1.611375103314276,-2.0177669146131554,-2.176978789870168,-0.7741885546210204,-0.43395177177063965,-1.8771042303243055,-1.2969031209343975,-0.6832261812650312,-1.8622860566732897,-1.9812727090645794,-2.4466252736744143,0.1477788006069688,-2.3482192064407164,-2.531905118986491,-1.52464064767765,-1.3338492994850348,-1.9003891487270785,-2.8759422361354243,-1.7971952950478394,-2.3786800855283485,-1.7878110613827864,-2.1668286968595716,-2.670896725236537,-2.672325237026786,-1.1904730166145254,-0.47412131639075006,-1.9295747459397905,-1.7027639419665488,1.0069160558283663,-1.287265972672336,-2.126361904465194,-1.8804986234021177,-2.238600112859809,-2.7210923716785063,-2.601605205224764,-1.3580247743468374,-1.0228986196917862,-2.2463460194145943,0.7641420063648208,-2.116245701096494,-1.3681928830461119,1.0216465894603968,-2.20110902750433,-0.12847288625923872,-0.049377549464290085,-1.9912228065498667,-0.7389304456003648,-1.3271321327994068,-1.4186526883511847,-3.1153715179037,1.1631126163302823,-0.8760246902186107,-0.9761496135403752,-1.6414287618551355,-1.0818867766004168,0.3601890450983785,-2.443698475301505,-2.457103894650075,-2.431835714532354,0.7247481685980903,-1.949038473295271,-1.1523133716158958,-1.7938709243363,-1.7836441228160689,-1.3039043242667567,-2.3579955512629103,-1.1315485802857053,1.2582882814405572,-1.5414350790365525,-1.4705833297807303,-1.0565334152625783,-2.474498776336937,-1.1116331515936342,-1.44844552665925,-0.6590762163264143,-2.695359251810527,0.03576327539798455,0.026220602961341495,-2.197918834261587,-0.19483657982346045,-1.071916988433624,-0.06302289457413708,5.030726818537868,-0.9669344525479949,0.30323046770374756,-2.6176533547778678,-1.7341272976340285,-1.6314241389773132,-0.28517636636688837,-1.575802670522644,-0.4326633443621639,0.07126036126527338,-0.8678990750129127,-2.694641773525758,-2.3254712731043705,-1.907667145287764,1.1752851878678463,-2.176222477112377,-1.3029103366578918,0.14132557273841784,1.1061337416803025,0.0825413053730756,0.725548312439946,0.3082496665294693,-0.42168630189336526,0.6622976876564386,0.6562057603510288,-2.688542228895691,-0.513870951882626,-2.4511324870409776,-2.2907960659647126,0.2588172498788647,-0.08151266464422653,-1.980668813236877,-2.520899139058927,-0.26249359553644824,-1.5736238193530858,0.8180000589043633,-2.2638915288237245,-1.9672634962307889,-1.4649994239856878,-1.0550974333707765,-0.39485910353602977,-2.197987915664976,-1.8586655110006187,0.7745063562663839,-2.1506099806052683,1.0378666421031841,-1.500633861564236,-2.281755851353318,-1.3908720729775153,-0.3451046039770899,-2.41031031341703,1.5950588389605422,-1.943524592360125,-1.8734139033247945,-2.0562681854072373,0.09788062238142116,-2.6847164360400253,-2.433334326682931,0.7330710185020859
2010-07-01,130415,139179,3082,9.4,104550000,-0.2,5.2,-7.9,7.7,-6.7,92.3421,207468.631746664,456770.4529863462,1521824.7935745087,213826.37367500944,931003.1202283743,22.59,7967.3,112.5,159744,11361.282613025294,283,546,884832.5920024784,579,173283.32116222975,217426.80740888268,125.2,122,217.605,221.363,90.378,89.769,12554.2,84.50065281373786,67.55701570503349,11.948,4528600,459200,NA,0.178,3.0100000000000002,-2.0423192893654436,0.9157882900597905,-0.9552533493141864,-0.7212404208663438,-0.29600637996424795,-1.283373099753596,-1.6864397682247363,0.4445952355551188,-0.8610830405574496,0.5877793500282905,1.5562609886459333,-0.44636226025744136,1.0298186567631422,-0.3925580276650769,-2.2591679314421724,-0.8580479061839604,-0.9142429655384549,1.518618887799665,-1.4935821172974046,-1.3939645018623372,-0.7320816164707441,0.09566143508254947,-1.059769549858823,-1.1909414331696704,-0.5007962420195218,-1.2590818181340613,-0.70344650668822,-2.1494292842030265,0.8252073063236807,-1.6462100077720054,-2.0347584824945613,-1.3932999147158813,-0.7535818732026434,-1.639059304586364,-2.245018574019285,-1.5400521298045262,0.415794315596907,-1.5361188484545667,-1.8156399121891449,-2.2644781655622364,-2.597611242136288,-1.6260836729097423,-0.2500106807666528,-1.8308896104057581,-1.345918523897605,1.024264072089625,-0.9399051706223894,-0.9363648703112033,-1.208212766618722,-1.959192146036284,-2.278772230558784,-0.5501168707460905,-0.705060918575842,-0.9894186531358861,-1.4432415278846833,0.5623680247124974,-0.9656973559858381,-1.4169865801223749,1.3438088895680913,-1.0064471584811707,-0.3161821163823933,0.31417894619156206,-1.5378104399409862,-1.2440141267363332,-0.9992752202248282,-2.231998954027812,-1.9781751098996108,1.7940836687857746,-1.0283283231024083,-1.0847174637901644,-1.1688938516694667,0.17871027123438832,1.4057676844380498,-1.1672906638738083,-1.8397078373348117,-1.4611087780577008,0.5016925811286893,-1.98717962391739,-0.8351442987693308,-1.157620790673743,-0.6506095033188161,-1.2809735830646838,-2.3561348168699268,-0.8622250142976555,1.1688749231367321,-0.8556882667940712,-1.5953724860697414,-0.20023168081016812,-1.151981943982455,-1.3223770164539455,-0.3529961056399795,-0.10844739863089456,-1.4401067927464768,-0.0444157909627359,0.5734076333429495,-2.130501992225264,0.1278814513839265,-0.5770235605678503,-0.4096410804481116,1.1575400859649858,-1.0729828588613493,0.6135961371454443,0.8972188335972278,-1.3276327026482688,-1.1441152278872517,-0.2215054142925608,-1.6458490090053506,-1.3641893870808686,0.07207090628709761,-1.388201345702643,-1.5325971434666978,-1.9386077345098727,-1.68000788017684,2.64661305876413,-1.4805788908660558,-1.096376308587509,0.33502397806093004,0.5702613919443741,2.4634255098556617,1.0134702141383032,0.3976153553412258,-0.003551232638206612,0.29391147767992043,1.0251171456022938,-1.5734289108675301,0.3365970185230696,-1.882893775333263,-1.668788599546767,0.26756783585164,-1.1707254405870196,-0.43491347525410684,-1.178365536397589,0.21132032275443877,-0.9839700761466923,0.6228224138344906,-2.0483318975691867,-1.7579279480554626,-0.1369978226432727,-1.2069371516873302,-0.8702031045201062,-1.9472412150226923,-2.0909385302649612,1.3497241517406757,-1.0739086286450679,1.26140711725548,-1.64891678105006,-2.1476209270100526,-1.4080033630252033,-0.30210387304971315,-0.6779554492704827,1.5593188262386393,-1.6369166377201647,-1.7519058940470693,-2.004451960061821,0.09763110082330813,-1.5719420552795065,-1.9417193301358355,1.034540094388831
2010-08-01,130415,139438,2999,9.5,104644000,-0.2,10,0,3.6,-4.7,92.6805,211868.24600561312,462155.5324744205,1531446.3388800693,212920.15646063074,934448.9624538685,22.62,7988.1,112.5,160235,11388.809087091999,282,599,886201.4099135931,580,174127.64358798703,222703.36567147687,125.7,123,217.923,221.509,90.502,89.855,12591.4,84.8821020529933,69.62177264947795,12.014,4461250,475000,NA,0.1875,2.7175,-2.387144740682142,1.1969655812951612,-0.18902257065324132,-0.9686206012976915,-0.7792740495440152,-1.5837768249927486,-1.0473679867922836,0.5735218173152218,-0.7119734831089705,0.8637933042925109,2.6615047643043597,-0.4587561025388508,1.299159210526864,-0.48893123696366486,-1.4413331933762508,-0.9952994408793361,-0.42673795232742917,0.3975582950617224,-1.6101990257691323,-1.1242944384538889,-0.46410837748619144,0.02475601500256673,-0.5539512989162746,-0.830109004437245,0.030401288795150236,-0.9332211448088917,-0.1440552084463401,-1.3045140308001233,1.7067196189380704,-0.8636362245478914,-1.7057878187317468,-0.9077867212316248,-0.47768457562301736,-1.4690161839341336,-2.0297826414016757,-1.5407880303368497,0.20941517763705844,-1.0351141490445672,-1.6031375121433011,-1.7504096839883565,-2.207214155421684,-1.540378895373311,-0.3577895996808815,-1.9188564841423004,-1.7724615021790548,1.3228521155108355,-1.5045854988348077,-0.5684594782586722,-1.0510198310129022,-1.65976545354783,-1.8788217927106947,0.14452106176803983,-0.4583014664772308,-0.6360110057312214,-1.3155474663941964,1.158162364270034,-0.16933855618642218,-1.5352975345670627,1.7416065768328257,-0.26627130376304886,-0.25591036927339195,0.35759873409025594,-1.3430035876371789,-1.0926713824510308,-1.5446197245787183,-1.3193143728383094,-1.1021808874988155,1.520985600325527,-0.5483567114258575,-0.9891633507420701,-0.7700703757490359,1.1360813840141182,1.5878236194130682,-0.5686236862699676,-1.4847019934873438,-1.099375888284327,0.6049768311647593,-1.9223056163870365,-0.6933836580342764,-1.0734367064377057,-0.6361620088722237,-1.2356927834554767,-1.2551526253335334,-0.6581697424222709,1.0924292557704534,-0.5190502053527803,-1.0894874808025727,0.26661381327731726,-0.601410688812565,-1.3034934602861916,0.1829777806539302,0.19239919122862867,-0.4401794510219098,0.2635368151448214,1.1283932912712438,-1.4784685307367138,0.8479737557460704,-0.33776707207937484,0.15262626676155133,-0.5917949252583777,-0.6964388180062386,0.8974488200557699,2.253164141862753,-0.6176516755065262,-0.4429792554486155,0.6849952950640356,-1.4176141790545365,-1.6978613897789714,0.06975661683358371,-0.6712341167182581,-1.233325971214594,-1.864441313538822,-1.7939899430573476,0.8729875775363811,-1.0748875693426216,-0.4953640526365552,0.48128721205998465,0.27910048222948264,2.099974578619075,1.201443408688866,0.40747240906379567,-0.5704943011705647,0.15614151744190552,0.5866445279505204,-0.8095761687354933,-0.044555522896262044,-1.793411205009798,-0.7004620234485786,0.39583081139187426,-1.151435630790125,-0.2606638247528819,-0.8853491971569688,0.6688375633762643,-1.2749917187885822,1.2503818971753773,-1.5550577296950865,-1.6102816872626586,0.9140229347369662,-0.6125410918800905,0.12383455980225339,-1.8946828732586911,-1.9993029959189057,1.198277869739447,-0.7506026562400687,1.226929804393367,-2.0730110835844004,-2.2093825627546697,-1.5120397458477495,-0.30047644363320747,-0.4881026075519172,1.4714707621926297,-1.2486923543993718,-1.6570038717323692,-1.8663473820808467,0.10086074082368846,-0.7144632049243751,-2.217277062222627,0.5499293854424019
2010-09-01,130341,139396,2918,9.5,104802000,-0.2,9.8,-11.9,4.5,-1.8,92.9537,222902.68456375838,468333.84846344055,1547051.804801083,214982.55916637232,947280.1130342636,22.67,7991.3,112.5,161346,11399.571706110915,317,594,891610.7382550335,563,174876.3687742847,221996.4235252561,125.7,123.7,218.275,221.711,90.592,89.906,12589.9,83.13096079123984,68.70475876058904,11.922,4467750,453500,NA,0.195,2.6625,-1.1914301165026666,1.3986388859519014,0.13923981848268474,-0.9339202354271335,-0.7803771480570678,-1.337290533654783,-0.39633564124439724,0.8839025613528575,-0.5160530898649922,1.2815248642119093,2.275024703859493,-0.6455614009926516,1.3651751485713743,-0.32485466952083336,-1.0499978245179709,-1.1772812205984482,-0.405544241940571,-0.22022960417800447,-1.5664152036883607,-1.1224084620643349,-0.030058604845331963,1.3344724457004193,-0.6440019184348597,-0.29034213928774383,-0.3191497164347919,-0.5131343973285631,0.029587121930792635,-0.9805980614197506,1.3968748959703485,-0.8179778862777952,-1.3457409160916134,0.07253119283289736,-0.4608136406890227,-1.2862855889930347,-0.6958113606527674,-1.6165073116235855,0.12474129401666002,-1.142080946383163,-1.2780649284461567,-1.2313235951011519,-1.8999874358444855,-1.2758648372980914,-0.38102569152840393,-1.4478198134110998,-1.1324885720344806,1.3624729521630312,-1.014539399880179,-0.3343794116798955,-0.7200650769084402,-1.331976370584603,-1.6905702375079732,0.3735703839623123,-0.2897218454348195,-0.2774268165207269,-0.8355045307577001,1.5621964647814184,-0.19463914966122,-1.3066376618138957,1.7334638408003182,-0.20702026572903026,0.2506720182066647,0.6590618961343397,-1.0194497640822946,-0.6363411762671768,-1.5212574076950134,-1.6684951479728711,-0.6973084891608331,1.092898431463512,-0.3465039080886856,-0.9162954462912942,-0.8533000621260652,1.7129122515713708,0.16295394675233818,-0.376054907407205,-1.406518738168746,-0.9575375112905848,0.5094054498407594,-1.6020305516984679,-0.5276812757718484,-0.6311758930462286,-0.14768541349196876,-0.5534404234591697,-0.6081307069229356,-0.9051431579992074,0.582534425986099,-0.48717414221717953,-1.2154209034489953,0.9851455198777858,-0.509545688672158,-0.9010719215501388,1.1334788688966837,-0.2451645373490145,-0.34717268488137154,0.541659965837117,1.02820261150947,-1.0772395477389718,0.24437096018445434,-0.5151749397432082,-0.5390100329306353,-1.278237954620579,-0.27494605423339513,1.039209966035238,1.7414474829991926,0.6781366922022977,-0.36622231736058397,0.6860232751987285,-1.379001003245077,-0.6321516755038797,0.08091210570766844,-0.6570192295965558,-0.7335951775804419,-1.9745105677612838,-1.5933553097663669,0.28315649117495295,-1.0218142576644265,-1.0013364316194344,0.18165891753900565,0.63335062542346,2.0206023021393693,1.725817657891252,0.2950969681779796,-0.660054211886468,0.34487887702755826,-0.02614127672575324,-0.22107002634435696,-0.7021824808005175,-1.455224974735786,0.025493998223159835,0.8371037382755505,-1.4501603024301453,-0.17056947788125,-1.3471817221052524,0.3122997627422814,-1.1424109381441967,0.8711047912943958,-1.5097332496660716,-1.2926053293035369,1.5590286511486007,-0.0849115661688536,0.21935742985032683,-1.4264534401779883,-1.9265198492833788,0.19671030204818132,-0.23202796010138843,1.020801954541296,-1.5931868644621996,-1.8490347614281137,-1.368112526702201,-1.113882408292874,-0.15743937113042977,1.363159368408103,-0.9146657814268385,-1.6246118801229634,-1.778363766759608,0.12890192749244828,-0.05053052261404139,-1.7154891739775737,-1.2425533991523336
2010-10-01,130620,139119,3235,9.4,104926000,0.1,15.1,-6.7,0.3,1.8,92.6903,212438.24341721594,476238.1575906955,1556895.2166445465,213897.29426392756,948508.4891231391,22.73,8023.5,113,162629,11428.571428571428,291,543,881781.6705361956,558,180476.66729019268,223260.08736699642,127.1,124.7,219.035,221.83,90.881,90.043,12592.5,90.1178464145421,69.12168584392238,12.414,4363400,446800,NA,0.188,2.536,-1.0060143519183185,1.220696081358488,0.6277331632873352,-0.8513112074917804,-0.7516867917021227,-0.85422060408875,0.015584478605501285,0.813348782854992,-0.5476381400017449,1.4369646817231496,1.6462894289560444,0.5336810973589414,0.9619350640956359,-0.41824307742210903,-0.7545061271005501,-1.3295788732651004,-0.3859787060227897,-0.5247447607825363,-1.4554128039762741,-0.46493757583817913,0.02423573988542986,0.4193736913086768,-1.256217938041448,-0.16683930685271858,-0.6798950758894747,-0.6164404508775334,0.07618668386945689,-0.4579037347716064,0.8667066402131494,-0.6177209188270248,-1.3480172238312949,-0.0709687618897249,-0.35672501160346737,-1.3028263808754068,-0.4647091330168004,-1.416535216744283,0.7001495491160633,-0.9288764936491353,-1.3240908622204925,-0.908951102148309,-1.7409445503471246,-1.065180082560291,-0.34632520027589037,-1.3422863167973615,-1.2359847900230516,1.4255333805002794,-0.8676448082123901,-0.17210365437158393,-0.13960368487127503,-1.405378401798997,-1.2714999733903904,0.07673156059937028,-0.30217666115521674,-0.12814105068133985,-0.8626495119727113,1.495747081902586,-0.32008192005914443,-1.4181212565596435,1.6335891267813634,-0.05251748678847266,-0.6383862761321132,0.7059326977981898,-1.0061070783639527,-0.5523024010416869,-1.5368532287449304,-1.5567698083617931,-0.9103425215573269,1.3932072834407616,-0.28484609336899724,-0.8195567051396723,-0.7944477963113662,1.8319185929785566,0.17262370768556595,-0.6809279807575113,-1.463772986297524,-1.201745777578888,0.3399737158591613,-1.7442985000475226,-0.3551568052231474,-0.2117924303163441,0.30301515774834686,-0.11003878330727936,-1.2039732609450131,-0.984781163590062,0.4704953082435085,-0.6454586345713246,-1.2701680996080287,0.5860027006190975,-0.6361790694686198,-0.6981920404707288,1.0145464926341985,-0.3453923990246221,-1.0882987923974983,0.5584428876823051,0.8453119618426135,-0.820201600944698,0.4209309462381971,-0.6988095302262697,0.16160217343226407,-1.3590634024022545,-1.0019972358516969,0.335850536267957,0.975878904743853,0.003237059755581772,-0.9686700062412078,1.0186617611699267,0.12310784693023967,0.7579702420008462,0.10398666901957204,-0.4267990281732001,-0.5763184859742968,-1.7165901294604402,-1.546437389497174,0.1270865670230569,-1.2827438343457895,-1.0431210710920478,1.0436467930357118,0.29604799996150133,1.034487703209036,2.390839587586678,0.07945797254095903,-0.24372916133157116,0.03681617291003601,0.059687994176250904,-0.6666936223715004,-0.5882696550605105,-1.0868031689994901,-0.4210203334152422,0.9198187517433639,-1.3642744813735783,0.5420547863868883,-1.2281607439436943,0.7449107727341402,-1.4030232055308307,0.7400022457837684,-1.5490350215250412,-1.1749189033633038,0.9914060327859107,-0.2545733652689034,0.18428946311067954,-1.0973230391901354,-1.899451873181497,-0.735451655858163,-0.29170159973171816,0.8644868686440693,-1.39700575156686,-1.9665644637493893,-1.952165345602672,-3.7994950162466194,0.13629199394677827,1.4974617982206995,-1.0919617104798347,-1.4482726570494988,-2.0320006615133677,0.15559124049417836,0.08764150376731511,-1.7934517293146617,-1.5585822124919344
2010-11-01,130749,139044,3211,9.8,105052000,0.1,-7.5,-9.1,19.1,1.7,92.7709,216557.9495288924,479170.2356636139,1563683.3789126058,213945.44376358963,955276.6247172256,22.73,8028.3,113,163691,11457.688168500583,287,545,883080.7581647668,560,181647.66862137886,222250.77419779933,129.2,126.6,219.59,222.149,91.062,90.16,12605.1,92.39858557905603,72.95267542725571,12.3,4195500,426250,NA,0.195,2.755,-1.0650640571735481,1.534467919372085,0.7580887500639686,-0.971571587097139,-0.47671240120203057,-0.08743987122552252,0.08861377779092616,0.9873179512440213,-0.6038527442812587,1.1603408873066203,1.7140054543210363,0.6363707696812163,1.2101892058605885,0.11178254434157534,-0.5934036192620404,-1.3563243199807204,-0.5713220114881972,-0.4907985684877654,-1.56974043109706,-1.083448844188095,0.12883966332472982,0.8690286369439456,-1.4673979666849173,-0.1864741587734631,-0.4712861446218582,-0.46633536961887967,0.5061242502025499,-0.317107532348671,0.7428956872534725,-0.848489457062599,-1.5428283184470994,-0.07988522535654403,-0.33750409124942665,-1.407640219640273,-0.14645707184520157,-1.2742415025975196,0.4030188166039774,-0.7105476817736409,-1.256285879187417,-1.08297087497162,-1.214900315965122,-0.8718756331747799,-0.3015334802040376,-1.4811726124476412,-0.834291822542244,1.3553314894686874,-0.6127346389188975,-0.6433608817051124,0.46460629735849235,-1.1781899510031948,-1.692432453997485,0.09877060373958875,-0.9659838480295632,-0.15387215225445836,-1.078487332747198,1.6943817899415992,-0.08783005595312994,-1.4633874587591118,1.7730191658965004,-0.0051887706496750825,-0.6234243067365439,0.638148290267108,-0.9834425960247273,-0.8483778695793238,-2.023867506519732,-1.5911594490607295,-0.837026165311809,1.4687018772217926,-0.0902888139644148,-0.7775221226456508,-0.15466455782023467,1.6753983331314788,0.2156093465309785,-0.5836999472929979,-1.512057524128036,-1.1995989868335628,0.4547774404232284,-2.067721992293876,-0.6852496757710267,-0.1550328533850872,0.20943924423181184,0.9910246430616837,-0.7050895253387411,-1.1640598515006033,0.5412057646878986,-0.7734876193581761,-1.0659113118653785,0.39917919525443823,-0.550007024736186,0.17832563119248113,0.3311690417040009,0.007459696745014162,-0.8829081328668864,0.3893849609960496,1.2344064481115615,-0.4108239068248293,0.46020909078326194,-0.45330760282361304,-0.0935285607490127,-1.0454166278907349,-0.2027527657230055,0.32321834138896954,0.28500886182624374,-0.1155137408447712,-0.87222186064932,1.0498426430651548,-0.40576958446790257,0.6367722451922568,0.11849236364067953,-0.1864052535034217,-0.8788011503272506,-1.1217685771611532,-1.5630438677375564,0.21801645694575353,-0.9574609886109798,-1.121413926403612,1.2217179548752006,0.7601955330095536,0.35928464902923,1.9585325804186662,-0.04737922969163644,-0.4309063057513559,0.12267283703686394,-0.04240421770688717,-0.15665835295062247,-0.7456091585665906,-0.750783455648249,-0.33961597970853835,1.0811428828809504,-0.9570206360916539,0.3837760156478119,-1.3770146418707212,0.8876993260954901,-1.6849529669016718,0.5268028109545738,-1.5993718698961605,-1.2181566557716164,0.7648993662933417,0.09854556839571961,0.14203815347940443,-1.2241968451611203,-2.087151834401892,-0.5946132296194461,-0.1806422705557636,0.9851197820127369,-1.575231872677279,-2.122829511145524,-1.6029761203225934,-0.717573015920504,0.2140155017674423,1.7767452378710318,-1.2303777382871366,-1.3636639910220358,-2.2166018429142036,0.15093808083543062,0.3112438976777937,-1.7752095960740182,-0.8829947493685323
2010-12-01,130830,139301,3058,9.3,105235000,0.1,11.8,-6.8,15.4,3.4,93.6787,211960.3804181093,485703.6420212999,1578859.682554701,216236.79712495068,954415.5673401412,22.76,8071.2,113,164184,11472.805364421265,326,539,864919.7966428541,632,184391.02423631502,228200.46456589384,131,127.5,220.472,222.343,91.268,90.179,12680.6,97.55883770872596,74.7868768161446,12.605,4100000,420250,NA,0.186,3.2560000000000002,-1.4568841411721998,0.9663664941338234,0.542371298553082,-1.011410265648677,-0.22039038957495666,-0.9960284138873831,0.15840419617680696,0.8981487033758283,-0.9136993278857047,0.8219551748423689,1.6283686099372283,0.3194805778894124,1.2569074671664386,0.6942434251303603,-0.848521872890835,-1.3266448994948912,-0.42633691688953923,-0.663785480029269,-2.146910308615291,-0.7456153998631617,-0.2748527380530653,0.8221898419453469,-2.648312046929636,0.10394515953291031,-0.31756939161439546,-0.6900354817256339,0.35681934411854177,-0.6568106548585364,0.2667062428023502,-1.3359224896343949,-1.6410989568418493,-0.5594272331023536,-0.6031344941231543,-1.6603144399453704,-0.33950027868989385,-0.7932611149153149,0.8914809087738607,-0.20704165856656415,-0.6143954027359192,-0.7607315808895396,0.8518536038813446,-1.4683943870227947,-0.43628380804923,-2.0863810587206983,-1.277370628427178,0.8530268033683066,-0.6636664355106455,-0.9665178302084709,-0.5876737045788488,-0.6428125429014685,-1.6054089871521575,-0.22394883669400525,-1.3735373750568203,0.07332038899020582,-1.2971422732748183,1.5152775812575894,-0.09805208038658528,-1.9522117234458751,1.8082031387535018,-0.4948143337606871,-0.4019810374817574,0.5746283744304435,-1.2671964494789478,-1.0572775660475122,-2.2617448100638122,-1.0351526208348159,-0.7760589672995607,1.4431383292554016,0.09523186711010302,-0.5261150854986552,0.374676367533187,1.0506105980474592,0.580244084773168,-0.7398784163310436,-1.4796216918672622,-1.2365288242231804,0.5526467528613289,-2.3226595716017826,-1.0295889019047932,-0.6437274802579215,0.08607376570998786,0.340069037630398,-0.8467689626980848,-1.0635733236009686,0.6370099863262778,-1.1370092951862547,-1.2798959674565002,0.3728032567604127,-1.1095600101095588,-1.212149324091365,-0.17854699330416235,1.2424454967106406,-0.8001415005746336,0.23370445787311658,0.4485230175823716,-0.352796613732905,0.27473318925848816,-0.30802947890349053,0.7495023737613998,-0.6677925095715853,-0.457239109578306,0.04848230502514929,0.3424094147142594,-0.14430717710799149,-1.1561063027988794,-0.35633712460831013,-0.9506760967799858,0.3941928055053831,0.13595609936083644,-0.2871143386761046,-1.1732871306634358,-1.4380311508892947,-1.617157186247056,1.2611630295096992,-0.4632107209374389,-1.487924004387672,0.7132720320226807,1.4858959980048452,1.1476099959625718,0.956855847536102,-0.15847187974085378,-0.6481982660319052,-0.020799383228992312,0.10285199085013898,-0.28992766065214304,-0.4569291025693244,0.5128536897134142,-0.41568726424890495,1.1138436788955455,-1.2637637117895668,-0.014365625983897077,-1.8653023382535903,0.5338838185739603,-1.8713116038426711,-0.22015524741733603,-1.9955428090537786,-1.3081906755522277,0.7925230158568212,0.14177865213789786,-0.055219614684904494,-1.8053252670490678,-2.0106314743308995,-0.6196306438590741,-0.5065880518395363,0.5935935929237427,-1.8486394426947408,-2.468244843368991,-1.750354361905173,0.11245919902110042,-0.387188608185113,1.5362371588953483,-1.2092661110380936,-1.6708250945991834,-1.1269776285657314,0.15628276247675785,0.3772883442356454,-2.011741205987372,-0.9112864985361979
2011-01-01,130837,139250,3104,9.1,105416000,11.1,9.8,-6.3,16.5,-0.2,93.4814,222450.8968560879,488219.61504009087,1583973.4519433116,219568.0671167333,960625.7237115203,22.87,8142.9,113.4,164745,11485.766096436608,307,630,830180.6820912805,576,185427.45406480084,235994.40693889142,133,129.1,221.187,222.803,91.542,90.372,12740.1,97.68193834524044,72.38887334392238,12.806,3918400,426800,NA,0.1675,3.395,0.12453126864162502,-1.2614267315701297,-1.0996647529538301,-0.10329360191285036,-0.31423008564226385,-1.771987720602879,-1.4441329476395668,-1.6040566278555226,-0.49652108449057303,-0.7348617787405417,1.93783808463808,-0.35804734017778866,0.052463644315739855,-0.3418206017050374,-1.9600934423340202,-1.2134989687320732,1.0030854163362166,-1.1066179742953075,0.059364856341414314,-1.315283640774421,-2.0522875299293615,-0.6265600748548689,-0.95728840034431,-1.4468750575310136,-0.3354195251515905,-0.5689388696544929,0.23322195040613233,0.3784393277686385,-1.3675408130457654,-1.8140119468275056,0.14718417739044345,-0.16547011539258705,-0.5390747554403885,0.34996939770963087,-0.6182288654728129,-0.3389631179920185,0.11765920951078306,0.3792229264524877,0.9347601332982157,-0.8112729441103087,0.45136858038319067,-2.303713498624196,-1.5248022593482724,-0.30254126018152255,-1.5549834090291932,-0.2130741263795281,-2.141632711682047,-0.14692960436132796,-0.8588502709257125,-0.006661346972242079,-1.851919982149493,-1.6325149297112298,-1.3803713132092785,0.5217603840074401,-0.2534487646375252,-0.9996068901817708,-0.9182032062060562,-0.2656822520866498,-1.0847518793139506,-0.9774023242716596,-1.3918687745410747,-1.0565260477825675,0.10353310241828032,-1.5793087633568017,0.44267731270883254,-1.44782556583647,-2.1323454969347693,1.1945604200695235,-0.8496164042176017,-0.37847270041812053,1.6025872897100146,-1.3375429915356363,1.393387347104749,0.09402672415843084,0.529185446009077,0.7243297456665977,-0.8273034286541102,0.27001087364815946,-1.2738466809702016,-1.7013424218560405,-1.3266417279059595,-1.340673238826321,-0.746688423299213,-0.17044699426738125,-0.6057342974622122,0.23473477327498946,-0.3081089813786224,-1.9559644189267846,-1.1242444253785413,-1.9643567194895977,-1.0911686062196686,1.6831037677490528,-0.31379243422050085,-0.7924788783427054,-1.1043094003244351,-2.301975038528835,-1.2085458737689732,-1.1003231022449236,0.038158493610704544,-1.0612027486363558,-1.0749042524689911,-0.6532186478089339,-0.20928750585997744,1.4970130290599692,-1.7141853253313746,-1.260905692173266,-2.4753325892812583,-1.5793511118177317,-0.05852821250251402,-2.113677138466011,-0.9759332486425151,-0.3697682587817129,0.6207305683109571,0.33743619079966736,0.7804035316517849,-1.485788894089569,0.31416544759124276,1.1012888548570767,1.2092433836035743,-0.9188474319297003,0.010008349291058066,-1.400082106218688,-0.42023872479786195,-0.8438305474852317,-1.2900686365734022,-0.22514660333115313,-0.05115571903336939,-0.47078869308645865,-0.8463386498485156,-1.4272837803118403,-0.46154118312146,-1.640327839133124,-1.1274873595111312,0.5201594687124458,-1.570616510367407,0.14636545937041429,-0.46978348244152035,-0.7385979087360468,-0.29148341968513086,0.0810787759860086,-1.105607396907253,-0.2901853133975705,0.3427880604068758,0.03953981552730743,-1.1911712161792543,-0.4022805538578088,-0.02083312989724573,-0.33903048723944806,-0.15688439398638115,-1.0807517116995191,-0.6156931488691503,0.18425964482503002,0.27509477858881076,2.2749860514252855,-0.0447816800411426,-1.7032783410116081,-0.7883324553063784,-1.7450686044731072
2011-02-01,131057,139394,3226,9,105600000,11.1,12.2,0,28.8,4,93.1102,213942.72143969848,492759.02262601175,1587393.739999648,218375.3281697659,960065.1437410808,22.87,8180.1,113.4,165605,11482.510321688074,270,517,826144.6452498449,542,183622.55847140975,230625.1838295369,135.3,130.8,221.898,223.213,91.797,90.53,12776.6,97.58488839504558,76.79050233328408,13.081,3849250,401500,NA,0.1575,3.5700000000000003,0.27686849820588,-1.565702250277811,-0.8078482855395769,-0.09273140790798866,-0.5325799046412658,-1.5189075900042934,-2.816041683255056,-2.847408637410047,0.002049385821200878,-1.72190699640974,2.324652958534332,-1.8491000332168235,-0.7026238018800139,-1.0801424163446463,-1.9481549606523232,-0.8284485221074737,1.3845661256076331,-1.2931966663410448,1.0275563005843544,-1.4964629337547621,-1.9236763711781097,-1.0941810647745824,-0.2298130273475234,-2.114233553666372,-0.589248611226303,0.04018146673175103,0.4536395731213938,1.023279474555245,-2.3199110841159083,-0.35361896580662616,0.9592747151438074,0.05264619964169264,-0.2092642827376421,0.9714911503440664,-0.3970229804377807,-0.045954228751437814,-0.6282339839592602,0.6452471671067271,0.9067600159743154,-1.2822835526486527,-0.17113973320593437,-2.7336982086221786,-1.5533052317585867,0.4346390037932796,-1.2826778958663494,-1.758489173632783,-2.019209420319291,-0.11312969968278315,-0.5478456497690405,-0.14432857793650866,-1.8061033955594976,-1.187316193014043,-0.6614964240603237,-0.08359371684468267,0.7577716962790827,-1.7289861207973771,-1.649428698779597,0.40330508427968764,-2.391604723989702,-0.057851260275046786,-2.098081869690807,-2.1794870738501,0.7438306817617101,-1.8627800609547263,0.4088431947490065,-1.7786050417638066,-1.5753194317425496,1.1254252798663802,-1.196665335424483,-0.24051908729468827,1.906618244815475,-2.186545920664942,2.264800519590594,0.21968237135556673,1.3223567155549258,1.2007167636704232,-0.6082712401653378,0.9194713619143834,-0.4915595421948975,-2.1026336395907324,-1.1159454823868435,-1.6941721103277254,-0.8177218198192938,-0.34538507581158584,-1.565343570190815,0.5161327223732459,-0.27884841114418485,-2.4575730370119735,-1.6466882372126428,-2.0810300337511536,-1.8064687171758043,1.2191787580014437,0.49701542723317255,-0.10077871384497117,-1.4689319548491673,-1.2499801351750424,-1.603377344379961,-1.7197202375151937,1.0555702343189282,-0.7565138310648445,-1.9814443596570186,-0.6908381676913763,0.2436041086722788,1.1366821516832117,-1.2420799358717332,-2.6113966371497415,-2.9524370265777944,-1.994209051723979,-0.11461955085505922,-2.807669140739262,-1.0472097788089116,0.4673729434420049,1.1374682137077923,-0.17220979323676877,0.9830820634551651,-1.5055609496329871,-0.06444080303361345,-0.7031910875605328,0.6757525317261804,-0.030810344655112294,-0.34321972503211723,-2.900750454197938,-1.0724358464751806,-0.9863158130972282,-0.744556453187847,-0.2360224640063449,-0.7192539447811007,0.3553815094550346,-1.665190311162633,-1.6789643402129801,-0.043298240615339996,-1.5226938241619503,-0.7167123208861593,0.6035409214752402,-1.9850980566032121,0.9556355564895961,-0.3426149691411116,-0.5476882290821767,-0.2747291436938978,0.3539713054207043,-0.50885383045942,0.5614319306508541,-0.559469547909015,0.47097390996486266,-1.598912398024908,0.11246516148412279,0.4030495881096402,0.09081869254977905,-0.29840140578281626,-0.9232586104041371,-1.653771062777013,0.5879791687257085,0.4461756418534959,1.978483388296854,-0.1687248662507756,-2.014998723274176,-0.07344986125754724,-1.4731843383034189
2011-03-01,131283,139639,3261,9,105770000,11.1,12.4,-1.3,36.5,4.7,94.0788,230831.32608554134,495919.3194887486,1602844.1538865885,224718.4428097129,967626.8906104204,22.87,8187.2,113.4,166233,11522.361825401995,300,600,834534.4270121303,583,191624.89421261637,237632.09860469156,139.3,132.7,223.046,223.454,92.166,90.667,12742.7,111.68977714124514,67.08846332619189,13.259,3765500,406000,NA,0.14250000000000002,3.4,0.4513383205392775,-1.7502327045094015,0.22248089564953674,-0.32255075707262226,-0.11505991581011349,1.0474882606165072,-2.788268646903205,-2.2750378510626845,0.18796141668357638,-1.354612214375857,2.330322815327111,0.7188819530301314,-1.9614487434332137,-0.8970809848365263,-1.3051134521746006,-0.2938609514866534,1.9249454730469906,-1.4689835109498774,0.7392336827632701,-1.1929574068631679,-1.686335919289336,-1.335028923854226,0.02101808173845411,-1.7965945381994457,-0.37796679174333336,0.27276518835387276,0.6618743569614919,1.3859122808711148,-2.267923448307157,-0.40972536565828405,1.0705322387405571,0.15063443747113286,-0.18014045427924227,1.1768034481404561,-0.19985865788377524,1.6318990291147608,-0.045896001513780274,0.5398835926604706,1.340037057523644,-0.8178667116651274,-0.32022413536327043,-2.6847961218305523,-1.6802916886359756,0.25057941804006845,-1.0786559445801416,-3.007679743100872,-1.9434712738628055,0.3725985546247451,-0.3401109071699192,-0.9170263220509843,-1.7903579604792137,-0.8272075358105327,-0.5388596538820181,-0.7811478972294453,0.6393139202862121,-1.720029611193859,-1.0386515267884961,0.5982981413894002,-2.5542676817317154,0.4642081119904156,-1.6509902066928046,-2.046967794641879,0.6426780449151491,-1.899108529438272,-0.25832136774900344,-1.5376860129173169,-1.3636868919190914,1.424460260056308,-0.9475986428492941,-0.373576582891373,1.7126822838354956,-2.2706064888659476,1.9740412356932622,0.1794879101018793,1.307098413370756,1.1014486916600965,-1.1083740779669942,0.7186184365930618,-0.054437853540508806,-2.296902998120251,-1.5612946621800874,-1.6089248247369625,-1.0245565191427541,-0.6129192984634377,-1.3475254477665162,0.36006296051976866,-0.3595817288500594,-1.6223911700665412,-1.4874535674515361,-1.819850406391136,-0.8779725164682886,1.2231396096166507,0.6369183160349243,-0.31318615368470515,-1.1728701227854958,-1.422364569308627,-0.5799359117957578,-1.441694348413887,-0.11266806856719284,0.5183175679827496,-1.392606117631874,-0.608893661514442,0.6809631458297531,0.9506740401087385,-1.0852767544745565,-2.3327716902993902,-2.209152733927904,-2.0186359933310416,-0.13731406238870428,-2.668476417749647,-0.6200566440219154,0.9132212946571224,0.9603288907278745,-0.29035620693573794,0.7407217639334512,-1.5533351035154956,0.1333571484201392,-0.3090785958543579,1.116867061848762,0.0010684474273044242,-0.18539841793586792,-2.1522546511755625,-0.8549476429679383,-0.6032497228942834,-1.0252116401449638,0.5312826241424105,-0.34189255443478367,0.6136521634829007,-1.8047683524710036,-1.1740224849424383,0.1562787105449443,-1.292925785521677,-0.38584872156161626,0.38392879012108616,-1.9988611457213785,0.8673291294544275,-0.504903131441376,-0.7038931030951623,-0.017047920354374545,0.0302783962919855,-0.2578426932462757,0.35209517964386156,1.8216973281481301,0.45174234567167676,-1.3679030742564888,0.6666026425606488,0.5479958064502333,0.4751427059922466,-0.020677840947668388,-1.0485716724308696,-1.4233409136629558,1.1209030879937023,0.4109931163672736,1.5307469657917552,-0.1198120065035456,-1.973159732760491,-0.6235994128372961,-1.524915562788429
2011-04-01,131597,139586,3259,9.1,105994000,-3.7,19,-1.3,12.9,9.4,93.7749,216875.0067525957,496581.56595395267,1610067.0064217069,219495.01388333674,966967.3822617414,22.91,8191.1,113.9,166368,11508.691941182191,310,554,831311.5161468068,581,193014.03459489826,237230.0312240025,142.9,133.8,224.093,223.727,92.557,90.875,12721.3,118.88890089350346,69.55814417725571,13.326,3770800,420600,NA,0.102,3.458,0.6372981216970595,-1.7376783140606193,-0.2981436526795408,-0.3963944489872692,-0.0817618420187635,0.9826532893446274,-2.707886958084567,-2.262267165417271,0.4828415204757271,-0.9034921504222726,2.0883693629676965,0.21159598751715897,-1.4492663927462062,-0.4868774966387391,-1.3818086671535912,0.12029501806323609,1.7256459828210033,-1.294198136794785,1.0568958567750733,-1.347746024176992,-1.3414986195903285,2.4848698054507152,0.16685402543029446,-1.6608571372811562,-0.5166203045594261,0.45203882570344467,0.7311288274173998,1.0866481962152308,-2.490590991197669,0.21050855023518564,0.9131813932534855,-0.0014627344030796814,0.3475741094497728,1.1972381534414285,0.1463857495304853,1.855801106120665,0.2851713878212779,0.5529935662380513,1.1289477804656176,-0.3400337775389604,0.17277049026656327,-2.3318141871013065,-0.9843309588076569,0.980986235883094,-0.9734145999451185,-3.1861930772790954,-1.6521621254843513,0.926686902712607,-0.9030868427442722,0.14378533060507265,-1.4611363419793755,-0.4828894130867732,-0.5235687672335572,-0.24722509994704067,0.7354003315500014,-1.9332667924321059,-1.1851354785199644,0.7465338038450365,-1.8835758828170694,0.34844411925859836,-1.2908476998213014,-1.6036184458897063,0.7729255853223923,-1.6264650389516067,1.051784991812462,-0.686922343176307,-0.9226198028787653,1.3364795492524935,-0.5512177091578018,-0.49539117182530695,1.6367280155868043,-2.519721316590204,1.6713179177664343,0.4280169327953529,1.1844775504747183,1.3049651559278055,-0.6171573272678795,0.9908276605096253,0.11648650301912017,-2.0008483109030664,-1.5249217976825726,-1.7135301039581665,-0.31544784208039184,-0.40230546182308186,-1.50579466561516,0.9904024315836074,-0.15429385175221527,-1.5132066092827203,-0.8886082915901898,-1.814793085492663,-0.36358172609882605,1.2073000680583812,0.5042131008702615,-0.21634655081211765,-1.089590834211074,-1.3060318762449936,0.20589207028871276,-1.1512983225242897,0.21775175594760326,-0.18447160375595523,-1.3466647137359202,-1.239933529254407,0.6815691115581812,1.3051239855464758,-1.03995844307051,-2.025473735382303,-1.4987588485039347,-0.9388081237914566,-0.1498491526498226,-2.790360517109328,-0.43010065123942326,0.9577228464674352,0.9831485151571547,-0.38699690303549905,0.6311992559660542,-1.3385408875102316,0.5083990618966086,-0.242890857888169,1.525708722979067,0.38191106345233106,-0.15832187087408056,-1.6247266807404626,-0.7372247461752643,-0.6982329130023955,-1.593629219123996,0.6943356434587964,-0.7389921725167984,0.7618288777256684,-1.8925093212997246,-0.35671179007126164,-0.05945334473197944,-0.7013938904462965,-0.3449025193133744,1.5432463796174745,-1.8340863248376427,1.033900331766719,-0.261986991053445,-0.4583081142413626,0.17548493020043152,1.6492987196382347,-0.4669476606378961,0.340613349805304,1.179812297639711,0.9108820447903919,-1.2258496166480901,0.6998999416097131,0.842463392310115,0.5756644648387111,-0.24417356224641934,-0.6614597957630601,-1.2779139941249609,1.6915500135240302,1.259107677017728,1.4837515801115337,-0.11049520017995401,-1.4402141390273286,0.1122676167847945,-1.5594403045482195
2011-05-01,131703,139624,3179,9,106175000,-3.7,10.4,2.2,6.2,0,93.888,223152.15752170447,505970.6154807299,1625982.1843920168,219653.5901247334,973455.9124496436,22.97,8196.8,113.9,165701,11495.50830478899,305,561,835057.8426937246,618,192475.0640901355,241930.02865206057,143.1,134.3,224.806,224.175,92.838,91.091,12705.3,109.14711648247486,74.16727538292947,12.28,3773750,422500,NA,0.0925,3.1725000000000003,0.09721806868242516,-1.5094044495578955,-0.7474273312824156,-0.13883029251966064,0.10164984757023629,1.2501994390857554,-2.241621792381579,-2.386988253660272,0.9509751203855705,-1.3162883709475957,2.109444057000422,-0.22155663331289727,-1.5624748710684386,-0.8639387200617844,-1.5868289486582206,-0.12544169260433846,1.856679675244025,-2.116375390931007,0.39565856852684145,-1.3192470481198975,-1.6546952525162728,0.43401016022823735,-0.01353118241682491,-1.5811779739486096,-0.5345754724291724,0.8717904133486767,0.5093025576689261,0.9667167741239747,-2.958158310289947,0.5669858750767597,0.7783644257369787,0.11645188604899678,0.21277426115612688,1.1134227969874022,0.09482019834005587,2.228901591764441,0.0848615586711484,0.42778507595906,1.440714961959238,-0.0687117834126461,-0.20824137926902658,-2.498475749125106,-1.2681341182191221,0.6529134480241737,-0.9812418549601165,-2.8815903290193807,-1.983291585697392,0.5338149453758314,-0.6521773407101498,0.24657694740184405,-1.1461094327145995,-0.265896631151821,-0.2758010234243372,0.197659056925786,0.28094078680943657,-1.811644944923371,-0.7295090487273794,0.8141912710205366,-1.5959814529826577,0.7271577561077546,-1.1316875307898149,-1.8527403013867147,0.8739957164937497,-1.9713022277413716,0.4954488161329979,-1.5110507531414534,-0.15636959396551026,0.951333682826983,-0.15020955665794414,-0.46478260093942314,1.8911447032243245,-2.421052475871471,1.156282354643318,-0.028580840734384275,1.2598713618437676,1.3549710233750802,-0.4878172288091163,1.018594566422804,1.2478108765387947,-1.575881048071055,-1.5516427719137782,-2.37923104171767,-0.5531037343924788,0.27749799377327883,-1.603978726869924,0.9006807989411637,-0.04571325418982538,-1.753493038075221,-0.38097179743625886,-1.7802882559136155,-0.8431656842042066,0.9041229999860247,-0.20237599793700034,-0.6322413866510435,-1.7989415472495411,-1.0216109919504033,0.5152678977886643,-2.1531449774702236,0.23872870519648487,-1.0879144590983227,-1.6977635293953777,-1.2613371478650421,1.533781827352933,1.3372766897004291,-1.6154972596226789,-1.5016155597713012,-2.64040192801376,-0.6159646629050022,-0.1601008374257981,-2.6218825788500517,0.0334525936569114,0.9752418885045934,0.9273062157475107,-0.29111967207143535,0.8459694632393149,-1.1236023069141539,0.792835933382745,-0.5838355011240951,0.8894656989339147,0.3454705209162684,0.01905726320084771,-1.787161909560799,-0.03986812996736998,-0.7284724691492009,-1.651754977696626,0.6700928230766902,-1.6591904830567346,0.346844765008152,-2.0429095348939184,-0.7207194935531613,-0.013883216634505448,-0.5541918578179361,-0.4098563800563707,3.947185676767296,-1.8183487437609347,1.0245677100223132,-0.008187927404767507,-0.53173930220536,0.17151138885114292,0.7335477006144097,-0.17166294352659478,0.4259486544713159,-0.24808888362011752,1.2769205150608418,-1.442524219481395,-0.040472346543580305,0.607957417199493,0.05406825809729823,-0.26367926215214277,-0.874283781513175,-1.7173709729947606,1.8880013291704147,1.3278614138115068,1.2800423833405346,-0.14145681587397743,-1.5004483054375952,0.12975123888310228,-1.2851009064459145
2011-06-01,131931,139384,3455,9.1,106428000,-3.7,-5.3,-3.1,-0.5,-12.5,94.172,217174.28543724882,511057.003415249,1633357.7013222561,220734.97882976543,975758.1960589965,23,8231.4,113.9,167072,11522.209892371173,301,608,856332.2164643013,636,190376.97023238777,242178.86424115748,142.2,134.5,224.806,224.697,92.819,91.191,12756.9,103.73953608636164,70.7619562339933,11.886,3741750,418250,NA,0.0975,2.99,0.45350342484090117,-1.2017142941953864,-0.9537353548445944,-0.1288547015189572,-0.42178354294112563,3.004491570943358,-1.9501699276778157,-1.4945736602029782,1.472194927904195,-1.271725363167348,2.1681773004704024,-0.34861663206450144,-1.436184782046316,-0.37260568039812386,0.9641395376277918,0.17393223599555674,2.246815306678226,-1.6109695877515697,0.7593058009607705,-1.0264654776221482,-1.4441953420872469,-0.021250224453811858,0.03135624661798722,-1.459571275961986,-0.31894004380050234,1.1180895826941322,1.3517845140401652,0.5140701895205054,-2.2402275034468957,0.9395807714219528,1.1440045661319438,0.6095774733420999,0.603481246371984,1.1210589353540845,-0.28286904784200456,0.5605449520591547,-0.581430453810894,0.010208734560405304,1.4569518568045285,0.661642428757547,0.11876731081364732,-1.6175502574968152,-1.448536636113628,1.1922920234955543,-0.856703719408554,-2.68242227417246,-1.380282603832344,0.7580839667137007,-0.2593701153148722,-0.6465275732136543,-0.9485839164864845,1.3725182328960153,-0.47044686143721515,0.456040422526302,1.056206516896014,-1.9324938226650608,0.13894532141394758,0.8351454177308947,-2.0209157016818557,1.0277640685841383,-1.0395956190047277,-1.271216820092465,1.0354187059962157,-1.6430809114855935,0.6181624484493964,-0.8370439753430913,0.8660243550173418,1.2735012729161013,-0.020627325342674176,0.4585735465854213,1.2385481601575368,-1.3398657499767492,0.7270281437482505,0.021469985501564592,1.613719110241809,1.5812785253979666,-0.3509900052383507,1.1811347643993733,0.9657874286316621,-1.2551226524632282,-1.268800200085513,-2.596535363798923,0.22276904720670435,0.3013021159745578,-0.9109937922973871,0.938235925068365,-0.296009725760818,-1.2233087620559124,0.749904842241633,-1.8522676758720198,-0.9436209097266147,1.045068561534963,0.2592269004711982,-0.5112314458390961,-1.4160650186467236,-0.3119429352982368,0.576897702448165,-1.046166614626679,0.2614222080054642,-1.5617675728802445,-1.7622386834445938,-0.43151171020980883,1.7840115152958427,1.3725140446078876,-1.2846456415835108,-1.1114207128691072,-2.0196803533289693,-1.2310994557435655,-0.1575772368620399,-1.993286817188236,0.2390398617814412,0.7828373107634518,0.8989589443700745,-0.05642623732051937,1.1360094195089743,-0.8834904881965598,0.5771806381651093,-0.5995723826999771,0.07144183754812386,-0.31280049402059007,0.5496443219464636,-1.2280074063507753,-0.03341197141161746,-0.803252532779613,-1.4440185480395786,0.8958304602405298,-1.789281960388522,0.7467793302128014,-1.7920416887575004,-0.6309546642855243,0.03817196960676458,-0.23622895457960402,0.23305061177414552,1.4378108006475259,-1.553292822244243,0.9445041460929496,1.0688753501066353,-0.13527156147650124,0.4344812263901488,0.4548307703225326,0.4582181831495393,0.578414376235717,1.171378214533052,1.123783734654036,-1.4869578562467978,0.1493307819614825,0.7677724261431503,0.11957963428051728,-0.11264911317024628,0.5303672117560378,-2.166720028247671,1.9689737045093405,1.4608678499760108,0.9879192695533449,-0.13961968698532817,-1.3113801175842223,0.0655510843178706,-0.6914974188704922
2011-07-01,131992,139524,3623,9,106662000,4,-6.3,1.1,7.1,6.9,94.636,222052.76573776308,514003.4632220871,1641298.1833537,223773.62143325768,977897.7596609914,23.11,8302.2,114.3,166571,11542.209363606053,296,623,852233.348032309,621,195026.72704002063,242470.71856480633,142.4,134,225.395,225.218,92.977,91.326,12805.6,104.53122815319918,63.45701570503349,12.72,3721600,412600,NA,0.07,3.0220000000000002,0.5035054797052894,-1.106772827666362,-0.5514038835124756,-0.161904815358515,-0.3294409422475095,2.7283132608481013,-2.2812585625686297,-1.306675350508175,1.8159315415414599,-1.2483115083963294,1.7943800837784853,-0.24512689464639512,-1.4119232539241282,-0.7640419822573011,1.0799775515788275,0.07082216482951426,3.066429500757962,-1.373221599775017,1.0748126472750676,-1.2558168741259748,-1.680159564064902,0.5848714729337658,-0.2317379962631515,-1.5047225203531498,-0.3710675886500954,0.9812722689163922,1.3540457182521846,0.45177150321157633,-1.1227927683497232,-0.1337708028372765,1.0546840784591982,0.8176773722434834,1.1038032895007117,1.1671000703722012,-1.0644248483631518,0.22870079080293523,-0.025667950838851046,0.22706612292770825,1.6431893648451352,0.7688837102480545,0.5415074801466596,-1.4353980640462676,-1.0555390187791733,1.0186597029144775,-1.6003963583876002,-2.7739500601805576,-1.445901480075578,0.43430250889812055,-0.3338065396703926,-0.444348164509875,-1.34998174808864,0.8343462215631594,-0.031043176463036407,0.13222452204692764,0.6601154583783387,-1.8872026573944363,1.3569354340352926,0.5695968726003422,-2.174458597435921,0.8363994636907053,-1.4640031939526557,-1.2178848416519106,1.2330356971386092,-1.4113918933810452,0.6717758031922445,-1.2933364350424406,0.4354839596912759,1.5998259157999095,-0.3988717770763697,0.2969832587439634,0.9256762388896214,-1.4613112153742656,0.4787337176940281,-0.0832424877238703,1.5251635933840242,1.6902231590147079,-0.1890415320594112,1.1827433539102032,1.2105297019582515,-1.2517276118243148,-1.1426945129498705,-1.8768084740852555,0.29173722210486275,0.002654131620521242,-0.7634704735868251,0.37975367867009163,-0.25655156121903594,-1.6852985462129817,0.4448335366009563,-2.084686468069878,-0.8800067130836597,1.0358827928835248,0.5331420628497531,0.1149533215907779,-2.012035516600005,0.42922396005868824,1.2640978142465609,-1.6418068158429713,0.06560412398187199,-0.7073594389713544,-1.7090832307888049,-1.583458496468116,1.443152416096413,0.9182658706693609,-0.4051193422786779,-1.7359949736146718,-1.3888027513525762,-1.5054071855504163,-0.14704671026160065,-1.9272671253002918,-0.11198551308131549,0.6544143278419212,0.8607121557923046,-0.33592878183007874,0.8634330302060302,-1.0413518364016257,0.4023930991810501,-0.24972819002621283,-0.6211333105742721,-0.9128942092118377,0.4240020414526811,-1.5651615507469177,-0.23155603093576296,-1.4231455207100592,-0.43421857878866393,0.9684551681888177,-2.020231561121305,0.4344225602313492,-1.5019287125829652,0.3068909131667934,-0.7370211434501546,-1.1801629783375653,0.08214650254280015,0.6083706915252466,-1.451922606300026,0.9236440178742745,1.1136746817129723,0.13370429915939344,0.4871006565287298,1.028322663871552,0.16141796114563048,0.8715469702809024,1.6458983175820834,1.4345439320639,-1.5364036820919884,0.2472552675678889,0.584071170494683,0.5082424317883305,-0.14648372905978937,0.7300113902776774,-2.1631465082250663,2.0972688873757672,1.148823150076066,1.1490814931938111,-0.11264505400731152,-1.7868171713618899,-0.10142434697631517,-0.53049390003439
2011-08-01,132125,139942,3329,9,106904000,4,-3.9,0,-19.6,-12.1,95.2749,232526.07408043265,514730.2459333018,1645586.254359887,225009.6570668269,989141.1648568608,23.06,8286.4,114.3,166232,11535.151723249925,299,585,871231.5979226576,647,195623.20271256278,241868.74973174813,141.9,134.6,226.106,225.862,93.196,91.508,12799.7,92.63273101849865,56.52177264947793,12.604,3716000,409500,NA,0.0975,2.3125,0.39223268575252646,-0.9178386303492247,-0.7763830732644609,-0.11865909238810657,1.0218643448679894,2.8854165339170557,-1.9410487976235558,-1.6412304395993216,1.6989285939904182,-1.3229112120765172,1.4901397173901876,0.01983392497994079,-1.5745338011295782,-0.4222187266755975,0.26014369469028087,-0.2312843466883223,2.7956044199866366,-1.353732523899217,1.0833039030913427,-1.1568229746883423,-1.310013616204255,-0.17869131673511557,-0.46711420866638953,-1.3772135059335424,-0.15932738075872527,0.4344349161355312,1.0633831695465625,0.5129097157022329,-1.791983258109286,-1.4050292212872921,1.2629816186398846,0.6482014994578886,1.1534895548425332,1.159076387895967,-1.5510745971418383,0.16186562650319053,-0.3529561311474292,0.22467430294245835,1.0907129692282607,1.0716460252996876,1.9663305471039774,-1.2817564439790188,-1.1908082584667756,0.9971839065902919,-0.6865732912502375,-2.1405489066451358,-1.4551946593226435,0.28651849836053034,-0.17591525882384554,-1.0842418423352926,-1.244999811798334,0.37265959834048007,-0.3510417370462367,0.26800788290450345,0.9570859325982015,-2.002308130973406,1.0598039959398629,0.4765168099419154,-2.426453333493202,0.5185184158821445,-1.752974746341911,-1.5107855375221606,1.1117464746038082,-1.384932987639658,0.5161351397034207,-1.5543032409382669,0.5208901543861049,1.5190796692680668,-0.5838791160004886,0.7548726497689775,0.7517300018750956,-1.1749728922254938,0.8025238986045643,-0.13212739266398707,1.5094887205378629,1.4895762565303552,-0.44736123968067165,1.0909388088375096,0.7294767658369313,-0.07836159743454078,-1.0618876542894968,-1.8347175569305285,-0.1520956201655894,0.1961674831069031,-1.1148722722787083,0.739159911726291,0.24182246193014634,-1.2525049658666196,0.4019140338350857,-1.7910298265824347,-0.6693652124271804,1.1267858305804324,0.5513104202997223,-0.5228406948409741,-2.1568342081189096,0.49330316299062604,1.0070309954849985,-1.1872261569984135,0.2132740746136902,-0.6234378500905361,-2.1989245112845577,-1.1476515429345133,1.776290684652548,1.1722168806721587,-0.7729032733149318,-1.3849719671585503,-2.031713795702433,-2.1553620840870695,-0.15713949986625753,-1.4156136548795675,-0.028628239912245,1.1623633789017518,0.9173546130259524,0.18037963422568298,0.8080948614102675,-1.3150688981164458,0.21675627031991482,-0.35758356039352096,-0.5877730680046573,-1.2949967279561607,0.09871621683222871,-1.1255512917721477,-0.3750403473706499,-1.5268931757541546,-0.6416324307940325,1.1652927123668955,-1.7801789028531192,0.3115952481805122,-1.2724170108003396,1.338519894178446,-0.1876946734888144,-1.006658154755984,-0.021398762006532658,0.6148915758993128,-1.8380744124510728,0.6894546939489858,1.3228887849135422,-0.14981022640001396,0.4131220565023671,0.16918270655978385,0.3379636186853694,1.2208091976933597,1.3341252673469965,1.499193466299557,-1.4521198413454577,0.14873392251234618,0.9584019495053229,1.202248609754826,0.20049060413602243,0.8438856700468264,-2.226866979318161,1.7249962462678787,1.255590041776525,1.3043390184456234,-0.12940489319323376,-1.4386185435687817,0.015137576844860936,-0.8592941785059286
2011-09-01,132344,140183,3774,9,107144000,4,-4.4,-1.1,-10.7,-4.9,95.1961,219377.02915554983,510052.82501312584,1639931.8214508097,222339.7301959776,990232.1943274722,23.11,8273.3,114.3,167717,11554.212607284067,304,650,871837.7318460896,610,196767.28063690037,241327.80438672626,141.7,135.3,226.597,226.118,93.327,91.57,12781.7,91.73122461881343,60.00475876058905,13.356,3742750,417750,NA,0.086,2.006,0.7305896222969557,-1.2732725244665553,-0.9785454278714552,-0.37084012375897213,0.22286710396448225,1.4691770401666493,-2.279950038303603,-2.6487973566286835,0.8608239730647587,-1.5192091076366243,1.3224136587194415,-0.5340097576877589,-1.6319313290599817,-0.7091323064074804,-0.7157671372069855,-0.8255156406567332,1.7637004797770648,-1.2796392780678776,1.1830100619282327,-1.0991493250367577,-1.540631071431234,-1.796841830547599,-0.49658595707670183,-1.857266053271308,-0.0692922850248317,0.541252743298227,0.9646599463060664,0.5644927000294444,-2.3750527801022883,-0.8969746422396144,1.1285900461992457,0.5231501245693159,1.0767370501762268,1.2008073749831656,-1.0434877481671654,-0.27896139860489233,-0.7546538721445065,0.06090504466821767,0.786907527067751,0.4667649874294511,1.1770975092194425,-1.0543488973751567,-1.3938165371301103,0.44895318440903503,-0.7579632650720898,-2.2120396846590076,-1.5262635899531773,-0.04023155455458317,-0.24830048557490153,-1.0417246624097234,-0.30210154887809804,-0.7955930877466919,-0.12620358740607354,0.4791579698206275,0.7671525651174527,-2.1814583872758444,0.1712895601445607,0.6184894428408223,-2.210661055151497,0.22345956677363085,-1.9070377880842584,-1.7942376966693896,1.2885185488133353,-1.1728022975306767,0.37030388519411017,-0.7785958337442843,-0.8852733028331224,0.7409850001561857,-0.5244536071481662,0.9479884055933768,0.37438226344692854,-1.8290430880395596,0.3511363444969211,0.2934250177394622,1.3346001758925419,1.2439433590494722,-0.5278895361460356,1.0700534716238939,0.35526981401335034,0.0618854702263981,-1.3688252881703806,-1.7254659213093622,-0.2845500048936265,-0.18935069094918683,-1.7657780119388116,0.7358366231897544,0.19076050692453125,-1.6015768649236963,0.22046712073007244,-1.5703830329863853,-0.7236813173856632,0.8565201631461965,0.35361097835602895,-0.6598168373233985,-2.3068669300648583,-1.0780574116716588,0.39099545139221537,-0.3364690982230812,3.710867064069171,-0.8441669648382156,-2.4092974107646197,-2.0296284719421473,1.436878366873785,0.9063798887565993,-1.3260190065327924,-1.6130043833178638,-1.849908882749163,-2.089629728265341,-0.148469184793029,0.12500520077995161,-0.11143231538612838,0.8939898408222658,1.2396935509053046,0.10139907235612801,0.9647083942162868,-1.1552520096917256,-0.45237373982444357,-0.9807264970950782,-0.9798755903668128,-0.9796360160515442,-0.080454266466784,-1.6314309779338556,-1.2938803112547979,-1.4404184424444686,-1.5385398568941637,-0.1818204325066199,-1.0311554651332655,0.5167506471712974,-1.6901592691764407,0.94791459707477,-0.7087892315629701,-0.6967011792099477,-1.3060775944453382,0.271029285349593,-2.2197745901322037,0.6729751436799132,1.1039185261320914,-0.5171440663307123,0.7026760888452481,-0.33843476581658744,-0.1990003167442895,0.9056873202988471,0.24958104790231433,1.2886171702142506,-1.8312112991174965,0.07964064270465178,0.9836271734092465,1.3804104743456562,0.3459660875104363,0.14682608719680465,-2.113021324368322,1.195553045606713,1.3290648341300264,1.552079419062409,-0.1624340133175309,-1.1096436398643397,-0.08388036621927344,0.48917429489125963
2011-10-01,132553,140368,3619,8.8,107296000,-7.6,-5.7,-1.1,6.2,0.7,95.8568,225866.55809019707,515169.9900352517,1654264.9571287923,226670.16682917424,995375.4995767662,23.18,8232.6,114.7,168559,11575.073128395248,316,610,866159.5002625124,671,195458.00340730106,242171.24366488447,141.2,132.6,226.75,226.506,93.329,91.614,12791.9,92.58644151335598,62.22168584392238,13.73,3701600,402400,NA,0.07,2.1575,0.7156462006794769,-1.779656994883494,-0.6648849769395299,-0.2065942320470745,-0.19313483549335217,1.4845322394419949,-2.1446877560558315,-2.809839414497894,0.6326798764452134,-1.5410041439772513,1.7917690549157381,0.21676774943609953,-1.6240745984140759,-1.1018921022439458,-0.4646770958933939,1.6459508848207831,1.0272161270951436,-1.3522763875620423,0.9611839142217202,-0.6424939079182334,-1.8759363521855636,-0.9148939837510062,0.5854684637289678,-1.7163155643671402,-0.2214187659771105,0.7410778614296091,0.8761231137130223,0.763977571538619,-2.5393103870107074,-0.8778174719662465,1.0837904805725609,0.6836119269036167,0.738327233026836,1.1915222533298506,-0.8709631846621849,-0.2609958276279548,-0.9283649704602415,0.03016420712546179,0.7542937123206549,0.1010719314101215,0.969902469024617,-0.47914004030397445,-1.3831025763589793,1.1746499113904334,-0.3232142281957864,-2.3636685721865973,-1.7263264588859346,-0.024739422784802945,-0.15533491982141134,-0.7601581243027803,-0.34989909800000035,-0.6612795998345496,-0.4658459168147993,-0.1327254857458646,0.3440632608245434,-1.7861031427026586,-0.1452402463931206,0.8105174222266536,-2.2250096488332014,0.2588691685072716,-1.8255228529375138,-2.3290167836173414,1.0884176128487217,-1.0121556508281737,0.224811355717808,-1.7306862105271368,-0.8875049592644825,0.5831728354277216,-0.8038615375757977,0.6574925792713805,0.7781766763056108,-2.5993211355136396,2.258977460097349,0.7672640220731425,1.4828559803932397,1.206480669157891,-0.6171742119579875,1.3050632458482279,0.00689528669986924,0.4462483937003271,-1.4390846469563896,-1.6253978417465795,-0.13584828738450125,-0.16674161666057988,-1.3771397695864613,0.8206880523164987,0.23031986156353873,-0.772164544401036,0.010063840039509393,-1.265789952725066,0.1450408454894471,1.1853589830138807,-1.0503056179985968,-0.6905109273150261,-2.191736913210078,-1.1370157676385737,0.29829079471842107,-0.7284517570483613,-0.21708749898718505,-0.4285359822177011,-1.9089081077145893,-2.075470470215598,2.461527380721317,0.7472958043073888,-0.9375575283982398,-1.4912077438179516,-1.5516057195658735,-0.9906229894349832,-0.15010438673587834,-1.9476379744051193,-0.09214407334966604,0.6466409775044404,1.1959149577703183,0.020465236430941464,0.6896946576131042,-0.5981212564741154,-0.4697833836621782,-0.3847130482917332,1.4425178924175337,-0.740569131975334,-0.3780954346423893,-1.4252583555536478,-1.320126749509793,-0.8128489805043259,-1.5558731884281585,-0.21205652015348847,0.12496032395013752,0.8448636512548804,-1.3633612631879426,1.0120846248656585,-0.4998475453797311,-0.35428157054886594,-1.7277562075502668,0.22989660651698265,-1.424384447198917,0.8731603687353032,1.2011693904583647,-0.3726742020202483,0.9323900343432371,-0.12855807358704066,-0.37419219035593526,0.7928174064192695,-0.5027418187726453,1.1310437996518965,-1.7334114001007466,0.11086161707758281,0.825902607394898,1.437717957869684,1.609411564134084,0.02562666359380633,-2.1500700121931833,1.1005731372945098,1.2275876368575422,1.8262767788155299,-0.23652119975924066,-1.175723025292086,0.06784469170014475,0.7305301519008425
2011-11-01,132690,140826,3565,8.6,107476000,-7.6,4.7,0,4,1.6,95.8485,230465.14114627888,515412.74593669805,1655401.3670930252,225558.16937553464,1003801.3259195894,23.19,8206.1,114.7,168783,11555.603079555174,328,711,868316.9375534646,706,193062.44653550044,241718.3490162532,142.2,132.7,227.169,226.899,93.52,91.808,12782.7,103.94568006843457,65.05267542725572,13.743,3652500,389250,NA,0.08,2.02,0.8387824038089274,-2.085243546174984,-0.9209855273532289,0.45419447011027136,-0.6159743749599278,2.613437470904179,-1.20430065464693,-2.9928728940391744,0.39031699434021844,-1.528960419231622,1.8431645002726142,0.6290427760879109,-1.6105870894305094,-0.706999474857915,-0.9983345788801722,1.3420357758054653,1.055965371006463,-1.1302088516126363,0.6811275816472115,0.05309667277946357,-1.611279916596407,-1.0491622051872782,1.3952328127700548,-1.7342496738542543,-0.5289854626246006,0.3446845645479768,0.7473997417964746,0.8416025867009286,-2.4674778062875036,-0.13292377937438704,1.360901640481112,1.4176199104280356,0.42515666591689855,1.4134817711067027,-0.39146667193217694,-0.44882495118379206,-0.6144479195086806,0.21735685399574176,0.7993518842297354,0.08978422352338997,2.1671877459238176,0.3319662935031039,-1.3406147331701108,1.3266030584919264,0.14774495337752974,-2.4185471845293307,-0.8701894090858802,0.07614578160196268,-0.014141039178903836,-0.21884138835696787,-0.8919543398523279,-0.9454840060619853,-0.43718876079826396,0.4083370748081038,0.619050005105974,-1.744776398828849,-0.3924476344482654,0.5699889749303289,-2.3364023386745942,0.30716151003779457,-1.7233143710586305,-1.545559816301428,0.9065421939037637,-0.8112983269573513,0.32737031121093185,-1.1718409308745057,-1.2270098815406858,0.08289076398400685,-0.2805344108225819,0.08042531516578266,1.1444935315179916,-2.5774333984299345,0.5394887191160087,0.9735817916384689,1.5418510859263863,1.4603163808007393,-0.15643774606777566,1.562775518545146,-0.40256523103082453,0.6345643959361519,-1.5075671401060666,-1.5870633974384183,0.31224224991459343,-0.15507183417629467,-1.4543965819236986,0.9122884497160668,1.0208561904153828,-1.2503912990977604,0.27687320119297315,-0.9259090052637761,0.7905825413087784,1.1465059090612455,-0.32289150080968937,-0.717127802916646,-1.7654166108621332,-0.8773421356027157,-0.10480905723685673,-0.8089809908994045,0.3226879340888697,0.0202006966284134,-1.1867421511364844,-1.9534147832415245,1.6967182670195,0.7868478137367375,-0.9905739448437634,-1.5115914999292852,-1.479829275760855,-0.4575766174086745,-0.1493764781074896,-1.1205696388654163,0.08776004795171322,0.9453013815849665,1.0719783318954523,-0.06445285207003316,0.5887886580672326,-0.46081734654770606,-0.07763994137048191,0.7841920575137407,1.7424565209046432,-0.48078793015239707,-0.31767858128350246,-1.5689882975676663,-0.8944329187548448,-0.5923492387539748,-1.242554921046307,0.091760264855973675,0.05580794447589558,0.6146213560928422,-1.2772995413569552,0.8138116555119408,0.29297802514813154,-0.14907508617565782,-1.3905514675347905,0.1699861490034565,-1.902390058898341,1.1930466551231953,1.8196288137612078,-0.4851130384592481,0.746814709595478,-0.37902626106923576,0.012040433993887064,1.6356854706532644,-0.42352781010108775,1.0002900547159594,-1.7595131695220612,0.08953869981658215,1.0685048328323028,1.2790096974610456,0.8866571802059142,-0.2571355973793885,-2.294388184090837,1.4710352245260219,1.1423876149401195,2.4518871078773845,-0.30328608574295907,-0.8789552953714964,0.3655983971349933,0.3188342528899726
2011-12-01,132888,140902,3768,8.5,107825000,-7.6,11.6,0,2.4,-1.8,96.3571,239206.4034881484,522449.6120717294,1660328.3551777466,228127.47130613207,1017842.5631051362,23.22,8284,114.7,168990,11560.68993523842,341,694,877772.6718960395,697,194674.8028298459,245400.43174386048,142.2,132.1,227.223,227.405,93.574,91.96,12898.5,105.33908991813965,70.1868768161446,13.798,3573400,377000,NA,0.07400000000000001,1.982,1.533765220858642,-1.7828756582233833,-0.801130945464164,0.6887866039874926,-0.7523776475769609,1.9140599335941515,-0.7039068456431459,-2.473239994524606,-0.1745210323142427,-1.611651730065505,2.0481737058652705,0.4666687269244645,-1.5364223474531054,-0.35881957182752133,-0.687974541360269,1.1318895398250342,1.0527789084972916,-0.22442544012676843,1.3956734450867472,0.10558055400899251,-1.0949870929735555,-0.9208668949792609,0.6957270350508221,-1.1821031644952533,-0.31394906429426417,0.50717702057628,0.8135385497706645,1.0769827120219206,-2.4339552204630186,0.11132156464096067,1.815919417299347,1.4099144748860155,0.17251275971270955,1.8984387456576497,-0.2519525463244056,-0.18704808926871463,0.603089460508392,0.21424477791941673,0.9072510457969001,0.13835987616738007,2.3852989497172032,1.0714901104148196,-1.4058594295825626,2.0920595192732288,-0.029351279903942484,-1.924602195435778,-0.6017275420139951,0.2777464343629913,0.5608803760859861,-0.6385023420036942,-0.631756935567612,-0.46413463678104744,0.1332229894115388,-0.21100837315735838,0.3376686938298182,-1.4399155402735406,-0.3619956447162856,-0.24361097217415065,-1.7784087047641064,0.6134757385149268,-1.7503468622875182,-1.126489978856819,0.9073428895816121,-0.3334526876669895,0.29816280492293384,0.11099239851364374,-0.8468185802474868,0.22680799394845128,-0.3876979714503702,0.919941256423564,1.6117655457039104,-2.047799012340283,0.30082831826770634,1.306146627781341,1.681542872556158,2.136832792834879,0.07916110924127825,1.4738445297126612,-0.36062403671185,0.5407183352599806,-0.9514976910049664,-0.9644104292551736,0.373636888669494,-0.716659274992086,-1.3540868025921513,1.130747027808203,2.4521136224632727,-1.3572291183497727,0.6950065285447957,-0.5146750681342313,0.6122822838549635,1.7536743896037887,1.0532041787278807,-0.24591733248992406,-1.5547435266176828,-0.8481110971830649,-0.028335673337126083,-0.6645209250344332,-0.07038195472136576,0.19438682099071458,-0.6812619741205032,-1.1390590028391174,0.9137419717545392,0.6789250278754418,-0.23854255075558187,-1.5066995664591274,-0.4536208949068452,-0.7826710275412955,-0.18413826859859359,-0.585764955845734,0.32187853795736027,1.4171576087669082,1.2997987224556444,0.15603098884348096,0.48670934127519117,-0.6538599490194021,0.27249932348307865,0.34480546581210564,1.1395691303962991,-1.3952816609794578,-0.24856130731215412,-0.8596004894554015,-0.9463774606294433,-0.6274415913672812,-0.5350923362079882,0.06423825971758303,0.04994003439147536,0.03360094025810882,-1.4753604337110569,1.297316997799214,0.5089870051900407,-0.06959156102065914,-1.237290847356333,-0.04599728642140312,-1.3374450033167145,1.5153251617149646,2.1104310329054226,0.08874253086873758,1.3156515498900494,-0.41608424142135264,0.45445044542207286,2.289582532652674,-0.2566402471542129,1.1128277502633515,-2.2541567351562652,0.8606694134001387,1.406156598403479,1.268348793310853,0.5593386199560053,0.05363602879397171,-1.9632410416143293,1.9583376902608527,1.4113709795825156,2.4525959865738978,-0.36205685678020516,-0.7299054244962107,0.576766845230882,0.7071882919104217
2012-01-01,133246,141584,3909,8.3,108070000,7.7,11.7,-3.3,7.5,-5.7,96.9318,241011.14022195237,522647.87952371815,1662344.7476707203,233303.51247151042,1027375.5511534282,23.26,8396.6,115.3,170088,11605.427396851768,335,723,884625.2156687328,712,194146.59083647517,245353.2707095235,142.2,132.5,227.842,227.877,93.894,92.235,12967.5,106.75868532600592,73.18887334392238,14.395,3451250,377750,NA,0.08,1.9775,0.8716756046665023,-1.2254855682672747,-0.07086713663169461,0.4117056454138083,-0.5301480009819377,0.3808181022946664,-0.25632051257655386,-0.7661229344215719,0.6334531719136174,-1.405877960974884,1.7353165500668313,0.6152047309660186,-1.0554823603974626,0.14730698315993473,1.0387986875680342,1.1694358895534813,1.1362669607560245,-0.7441966880815528,0.843560827433423,-0.10891930842228269,-0.35254154288627915,-0.7343455211588872,0.5916904592562733,-0.4841017179152225,0.07529095257547183,1.5055308595904315,1.0376987262103619,1.6443588456817948,-1.2595360061734542,0.7616770968209967,1.277607041208875,1.5408286272050646,0.3853005614361609,1.4078329550423636,0.44111721367084716,0.33181333243414934,0.17831382465883486,0.34555305368423667,0.6977234171523012,0.3393621100372542,2.7313102904666886,2.771758272961297,-0.8258364951272137,1.389784761653466,-0.038931752833412867,-1.0097796517773174,-0.18894779673415993,0.9023270349634837,1.0140190998292702,-1.308326425194334,0.231249595007034,0.777099976573881,1.0003782524663274,-0.2920307293321411,0.9328241142828475,-0.28851027929115236,-0.14355071430366198,-0.0012262336014265793,-0.443176354402383,1.1068263730405214,-1.5550936414793306,-0.3915632526277325,1.3224649384441989,0.6045729989232931,1.3686723917426793,0.19743944726558327,0.35694695057989223,0.8637905702810151,-0.5154327956785517,0.549349435253589,0.5910282414486128,-0.7013139924579432,-0.1876726472761027,1.434582311734622,1.05454774417011,1.5446372125675971,0.5111005356289422,0.9568454755230494,0.5630753905593975,0.8698413977064295,-0.3008672490678651,-0.7212360910390516,0.7580874602505714,-0.6221032030623759,-0.6776288942889945,1.187950076560078,1.5005181981219746,-0.6696510675247537,1.2086213655662548,0.14214966186515307,1.002937222355785,1.657628490684947,1.020099702740911,-0.131690147735949,-0.9690794329888385,-0.5398738636052001,0.3345116181479537,-0.05660115926708291,-0.056569082804395,0.8431375956483655,-0.5629157204514871,0.8978346001261409,1.0312101192513117,0.3479148876608759,0.030163248511149578,-0.672199384082328,-0.3908186315038406,-0.17361496690292902,-0.11855193353623882,-0.13233567279314348,0.6626754615305205,1.5554458286568957,1.4310486948434078,0.3412648466869542,0.9209853347756904,-0.9345374718418563,0.40926358112267686,-0.06856648294696098,1.2160007731749278,0.42324910705063656,0.10900034030769155,-0.9169642281016662,-0.40802158168087105,0.11118957743767892,-0.21839868518316732,0.1493312527083719,0.7488872093099946,0.3208159157882697,-0.44626533073269453,0.27503538072423767,0.25868543081019657,-0.13823278078204612,-1.27761552668243,-0.4879940395566455,-0.8411846308374511,0.7595811549111495,1.7888828794643712,1.0854317212228417,1.4019175698832782,-0.10268840796372196,0.8515462891829417,1.646391825554371,0.6896976495398387,1.451006898053039,-1.75179997841726,1.256690577273871,0.9913855652541252,0.61430767416855,0.46267187068992965,0.4553969596805141,-0.3727499794105428,1.713709546193747,0.9406877792085251,1.3161288477227793,-0.2367597518708696,-0.06089545881358118,0.6540880400380278,0.3838684290013049
2012-02-01,133509,141858,3616,8.3,108337000,7.7,17.6,1.2,10.3,-4.3,97.2435,240991.88132279183,528540.7634106945,1671809.7333880353,231488.5658420471,1039663.563716739,23.28,8469.4,115.3,171818,11675.592960979342,366,704,876018.0226132788,738,196599.50692850465,239745.38808127175,142.2,133.1,228.329,228.034,94.104,92.364,13029.6,108.6563801751254,74.59050233328408,14.975,3381750,363250,NA,0.10250000000000001,1.9625,0.9010437915760205,-1.0099880170961966,0.15296735783021,0.02886576399121331,-0.2230133660939035,-0.2727169691179583,0.4203966079870544,-0.39463767773115177,1.0364232250172574,-1.3590263308390353,1.5044022574157199,-2.4530966389651656,-0.7979634870748428,0.24171981778643262,1.084351243028521,0.38729544303225355,0.5986646190376173,-0.5377027496559046,0.34970535638144895,0.18761809550486733,-0.3191973492408715,-0.051175606483282704,0.9294938259874973,-0.47832065308696203,0.15078883702869597,1.5006088856664621,1.2571147182919686,2.138460859782512,-0.5162250163182172,1.0716120063849721,0.9880525467794298,1.4643971736482113,0.5298575825362798,1.5228940767048427,0.843431283889309,1.308318121025927,0.4844053450476266,0.3423598076921315,0.6167714969138116,0.5306675211464404,1.9592664898998084,2.6302503857700588,-0.6900773275829833,1.396518155101606,1.07737656347906,-0.6980034098864398,0.578772865562333,1.3451205504943728,1.024920054796877,-1.1461888239443823,-0.0700800251224435,0.054367741514003566,1.5535885855543718,0.01290084945130049,0.467210960053941,-0.14413159754821273,-0.10471644379313819,0.2616113556248744,-0.7458104626023168,1.5452010388630926,-1.4132399422735684,-0.498848687038593,0.9788158697970428,0.8515665526926658,0.7636717832902092,0.08923611359092878,0.49902239032118945,0.27774019327116395,0.09042712196444246,0.29819691673875764,0.1844279869534437,-0.7291405454558365,-0.21034055429395046,1.0603566594687288,0.9945885232840187,0.9593380770417299,-0.3879124017613458,0.6337178072402673,0.8162649893879571,1.014961857483124,-0.2553124916451793,-0.3407105320921672,0.5074430549470108,-0.0210371279018563,-1.096332728475854,1.0133021356771401,0.24494714904594078,-0.5296345527143843,1.442155687683175,0.6317557725950697,0.743874221702649,1.1782624994114332,0.3201840047110483,-0.16741330100841717,-1.0719127285496644,-0.5177109972754371,-1.1139901058260167,-1.0162179521628876,-0.9991885363988706,0.7066173709600836,-0.41645659037863486,0.2151037648713985,1.6095824410114734,0.03028802006657298,0.5022413659221702,-0.06504404046109057,-0.658835133459879,0.34010219107652945,-0.08058218727348163,-0.7262210164247177,1.133887894631091,1.4254789662367557,1.4194512432533428,0.15033108104777854,0.30334373347495996,-1.0359238893130795,-0.06766355271312412,-0.6829362168957955,0.21934377680585704,0.7402093353126302,-0.10050125280751906,-1.1152254733948268,-0.7340897467557077,0.4909475188172548,-0.06640761156509965,0.07046857799468657,1.0798819777950577,0.9104663695582763,-0.7362735973607505,-0.780927875201451,0.5309622974043141,0.5167506188899444,-0.7848358130896977,-0.4165985376089197,-0.7528702167523899,0.6971793652985039,1.4697937860299712,1.0452324245393922,1.0783651149239917,-0.1451640498097456,1.2710122092610783,1.310935735504771,0.03757115262060095,0.6501058295565242,-1.1198749810474624,1.711359410540731,1.140968126015444,0.07012028112232464,0.15925063881866786,0.32414838228676696,-0.2561920084704991,1.2296215429928967,0.9355102289738765,0.8001894759416704,-0.24078886945867864,0.6131048238121372,0.6565561351431368,0.5113467554074855
2012-03-01,133748,142036,3979,8.2,108556000,7.7,15.5,7.4,8.8,-8.5,96.74,235171.39705570403,529217.04637054,1677284.9506502834,231606.63527215642,1044787.0264307836,23.36,8503.2,115.3,172066,11660.408977132916,354,695,879563.8708582579,806,199811.20868864283,250265.15633617577,144.2,134.1,228.807,228.478,94.284,92.521,13066.4,112.62780535403674,75.78846332619189,14.594,3336800,366600,NA,0.124,2.144,0.8181781832152106,-1.1119216695723821,-0.7151765554295839,0.18332083059143056,-0.6742587136060832,-0.15450504869996112,-0.265739668927461,-0.9054134849538017,0.7863556873352836,-1.0848655546586785,1.92923427764703,0.8355541139010445,-1.2480948779887173,-0.250532725568721,1.3141726200129589,0.865880318111222,0.9305678866473148,-1.0774006105469696,0.2266022775566741,0.2798831665965255,-0.4015108323343407,-1.5087442073399269,1.0970487197535224,-0.593762485038405,0.03670135464459035,1.6250344485137767,0.767012826043823,2.08631232591884,-1.2765248281720531,0.6234362655121186,1.1346716583703211,1.361230969406925,-0.029439779211859324,1.2287990261252772,0.636752823395936,2.088643192155517,0.708711207037008,0.29018169941051514,0.42182540012134223,0.6077613169129866,1.3029193882392434,1.5637822036268891,-0.6820427157157769,0.9937797283667104,0.7160315294520843,-0.7527770651610098,0.369141853407034,1.1724208548116366,0.7887413013803276,-0.8303206443386755,0.6381722677753493,-0.15547149264450524,0.9404779625238949,-0.1153810046527865,0.48567330229563394,-0.5719590915783721,0.07414936910721279,0.43025137423975407,-0.722738166386134,0.7422197499617299,-0.9023915862092398,-1.1741723951555672,1.0797391806056749,0.5305299761558312,0.409577354917869,0.590774299594853,0.29211338190842556,0.04555613346228885,-0.13047271389720122,0.31121726372459063,0.7619214682211928,-1.4696458080966825,-0.2389141772408116,0.37374208425978844,0.4818902237409405,1.0907654812317125,-0.44192714540134426,0.6998390433973503,1.3582901781332017,0.6946355669043565,-1.0982833529986138,-1.5066437249090785,1.8534862830095122,0.12653050673094082,-1.5393502900209033,0.8168930335545286,0.42069060207648035,-0.836544504645195,0.9524480283395624,0.6241158195036984,-0.365445603956303,1.0414017200292975,0.51310115008259,-0.056528109666244664,-1.1338870603300395,0.7078424955502332,-1.548601412079758,-0.6033316461003657,-0.4872628200272244,0.8926138804735105,-1.4662885043817178,0.07065542749274784,1.0709062123070312,1.0294506748858427,0.03108192499482,-0.07137557122555709,0.02001651120937372,0.6015227327429574,-0.06632809262197954,-0.8335947518892874,1.6540548075702792,1.3771551894718874,1.3215893976599518,-0.045661427354169955,0.737635841846861,-1.1458287616517215,0.11076175816310421,-1.296234970422727,0.5133039879714177,-0.43513545675882737,-0.29675539100684745,-0.8622674265743686,-0.916375957819004,0.05223658593653107,-0.3039866860227437,0.11884037597584712,2.2061422902551824,0.721617030520662,-0.7893559237759654,-1.330564694584409,0.38241039888073686,0.02075985111753714,-0.47122113995782455,-0.4884728445061961,-1.0016733185364273,0.4595777611879498,1.2530147131167373,0.7287337688116537,1.0108600147424887,-0.5429518839269986,0.9464757852841942,1.083030965883608,-0.24036721167088024,0.4169258002888292,-1.229957650064501,1.3100464918715606,1.2701359666528362,1.0169701549745653,0.26753938409141503,0.5220887184833505,-0.618385874421203,0.7862560471773142,0.8369587851192767,0.6460443183376746,-0.2446418088782501,0.9294294949364078,0.8827968287836849,-0.3794310787167826
2012-04-01,133825,141899,3793,8.2,108754000,0,7.4,4.8,5.7,0.1,97.4359,231383.99288195916,532567.1553258199,1682871.9167165277,232290.6957037539,1046668.714515719,23.39,8517.6,115.8,171071,11671.150749936445,354,753,891598.1696466401,732,198121.98118803493,245360.562664181,144.1,134.7,229.187,228.905,94.408,92.661,13116.5,109.45047029912718,76.15814417725572,14.769,3323000,381750,NA,0.135,2.0575,0.7600908021524868,-0.5662274177097684,-0.4132550167943936,0.1416026069285742,-0.8834909357839893,-0.18288958173399705,-0.5726775554444206,0.5988440828603465,1.1362027107882715,-1.2343709688613376,1.3332250121890432,0.10509151774997808,-0.81951149442097,-0.2875914993671172,1.443137900136675,0.6471012096644494,0.1182236621871453,-0.28252222823956485,-0.016010993784225453,0.46093120166181456,-0.2631983852172499,-1.7684673516196763,1.0591490933155863,-0.39597895549485207,-0.12431534289897256,1.4621722849028653,0.9846042461129025,1.78381045438869,-0.6073028476307601,0.586100528168336,1.3493699473384462,1.552488514721146,0.007308498676900299,1.1283045387257882,0.571574465360564,1.3413953717881189,0.6116714353891056,0.3103331142680979,0.5909443348720411,1.075313365528077,0.7397911901165891,0.8955376203853764,-0.4222215620766797,0.6706954797247358,0.19101279556628253,-0.631307669883972,0.5034213334034956,0.9960000233406462,0.97600504543694655,0.3756342911778114,-0.2065363361469096,0.17793352563677803,0.9353909014914102,0.03937169849720208,0.41804864012301124,-0.573682428101778,0.416694073072114,0.5200698229927481,-0.6926880967475779,1.0664781490275974,-0.7833080737926873,-1.3717907687288742,1.0776660543389958,-0.047473998580689854,0.35195351706776695,0.5232024737898602,-0.19363892210422673,0.23643114668305507,-0.27087709201258936,0.21778688778429764,1.0811289472153771,-0.9478254134427201,-0.04363200294396007,0.3427886783572761,0.6035549744794696,0.7880628783234398,-0.3061869582585349,0.8376677545684023,1.0579177845489254,0.7838632879379877,-0.4367912940798777,-1.2137102393863837,0.8444422956834561,0.3762500989969649,-1.491406676861217,1.0275405800507262,0.6428040729352712,-0.6285893023170721,1.171945961437495,0.5090236693999964,-0.062442118469460815,1.666924017747038,0.9479287316224446,-0.10009134801149322,-1.0014835584570578,0.22830257888805422,-1.7538596031097788,-1.5586395006150555,-0.26484041194752045,0.6256729298338184,-0.049438859832480704,0.7450642478722191,0.8669727361301113,1.3364214486525305,-0.1101566614166244,-1.6279197170648707,-1.0876788742119605,0.8936245477682818,-0.08873863711788187,-0.6213864260489851,1.0819698686650445,1.4216116100697136,1.3370946324751907,0.0016167617227755798,0.8217227108726007,-0.9452307597981643,0.22834009975597963,-2.0013828382963705,0.07798809052817042,-0.6291348988068632,-0.3176169540902074,-1.5481836040053636,-0.921160697226341,-0.20722609641382922,0.28086743233919176,0.09216627679855464,1.3593748557550176,0.5023274731038176,-0.45919847260227564,-1.1269397241362586,0.3941843236021111,0.6247523291995104,-0.3055474638797969,-0.6814818380807021,-1.1435344458061176,0.41159018075128123,0.6794215010380729,0.5099728024759921,1.0133710308158197,-0.7379352576668126,0.5155189876210327,0.6283942494569135,-0.37085537930382345,0.3587551795299214,-1.0522603941739248,1.3344896353898514,1.155280310750308,0.4055427925668533,0.34769621312283566,1.5202501292491517,-0.5481855168439159,0.8466538340067615,1.3402563131208625,0.49501997138034126,-0.2394656831865088,1.0973832304062845,1.3799814455939838,0.26030067623321107
2012-05-01,133932,142206,3835,8.2,108917000,0,15.2,0,-0.8,-11.1,97.6609,232747.97989438183,534058.6625946427,1693270.9172083945,235321.62626455427,1049520.6888507137,23.41,8488.5,115.8,171121,11671.862738860256,370,708,902343.5346015991,796,198587.5167016606,244235.54113380413,142,134,228.713,229.224,94.302,92.755,13112.5,100.42204831286716,79.16727538292947,14.496,3328000,373500,NA,0.1575,1.8325,1.1143576826267259,-0.3581028205613711,0.34940201360159884,0.282302130351019,-0.4134480922879878,-0.21289664451296175,-0.1905692987802847,0.35405370106015016,1.3430782093650246,-0.7376809397963876,0.9836307292599665,0.7621624718735408,-0.7326365508873804,0.9627900024954065,1.269088715209925,0.5221711330072576,0.17997730281830376,-0.6734444419946369,-0.10589919631843604,0.5008119728335868,0.41748153090418333,-0.5331086134900264,0.8869888996468789,-0.07024523670350834,0.7712211990895728,1.0278564095754104,1.4910674240768524,1.121628664331315,-0.22291539925338913,1.0135277802749683,2.0514309088314904,1.6567583083332582,0.33909300719239444,1.2520287898358833,0.44533755439902295,0.47165276423902286,0.5614042254669334,0.3193487454582064,0.6993806624883193,0.8710968115250668,1.7206797046648483,0.6641554184347264,0.038209074609434346,0.8178501323734517,0.5888296074128704,-0.1614013775248691,1.185560502367802,2.625391155378459,1.6808407672461847,0.6315704966364092,0.15731933116179783,0.42225006387333736,0.7300861304286734,0.3334663882586963,0.6542215124105076,-0.6669820686016411,0.3596366719751416,0.8254809098837927,-0.3257500382081994,1.1849785326263171,-0.610485564211455,0.010358979819397271,0.7386695035941815,0.33943678648279985,0.7037415843036724,-0.24217113890386896,0.6010473225114925,0.18801990395663615,0.4842748972033447,1.4223606215273976,1.272987441581227,-0.45317484273524045,0.04877364422209321,1.577870176501208,0.6453879038033081,1.2893182979038902,0.6638222477275482,0.8109128752075266,1.0854328118159795,1.3559807769164125,-0.4775187985886609,-0.6071160126597378,0.6322763123064643,0.8526937518452343,-1.2576625673814401,0.9996217280742083,0.7993805794034483,0.11468668807469243,0.6906720160365994,0.9799450653729481,0.370900602763446,1.26553435454674,0.9954283863113618,0.3362265955037295,-0.1443593055969619,-0.5157404764685501,-1.4810372539906245,-1.9587488057600242,-0.018980684980501712,-0.040263852602517816,0.7709901166107173,0.3202696737691961,1.503569084156444,1.2134754563324912,0.014285902247289988,-0.18482031665584917,-0.4518073400493644,0.9280157726196893,-0.08925216099570794,0.6524827455735271,1.34444442464203,1.7869921825438029,1.1732257296766975,0.2601494967676783,1.0495370349248896,0.5175540155996039,0.6718104926902891,-0.9498486102275865,0.551712047202866,0.22905793879950564,-0.018631617185535677,-0.3904873164774681,-0.6838647813037997,0.06662267203068668,0.37275896158285127,0.27565982237224473,0.24730734117119693,0.5240429264167614,-0.2868515324145214,-0.20789334974288337,0.2325703896635576,1.2872766100207627,0.5028695565044625,-0.75200787229043,-0.7305783675253877,0.6459125784431042,1.1708794953429802,0.6052627668928784,0.8677488438211207,0.281726425939116,1.3624812495029466,0.7667844047962565,-0.30997894283517835,0.9789050473524846,-0.9244916865269692,1.394724186964041,1.0612471159930346,0.08666692584375467,0.28945282206741885,2.089077136614331,-0.5553642460647846,1.2436228315069815,1.536487454171222,0.4943025277311694,-0.21196394334489677,1.1196984106655596,0.9345849204006149,0.11813338301700357
2012-06-01,134013,142391,3911,8.2,109073000,0,1.7,0,-12.6,-11.9,97.6663,231215.6513251427,537205.8480276699,1694885.3998666422,233925.35064824834,1052008.4028264051,23.46,8505.2,115.8,169742,11659.770407621956,360,757,910315.7425679547,794,198561.3342669807,241860.29240138351,138.7,131.7,228.524,229.623,94.254,92.85,13097.2,87.43395505761028,72.4619562339933,14.467,3324400,379200,NA,0.162,1.624,1.0134804825840313,-0.2257936932357911,0.41207984542138254,0.4712293882381338,0.13397902370519948,-0.6848904665594175,-0.028491233650683255,-0.011694279101326845,0.9470801310492309,-0.2807795011678179,0.9818412236107162,0.5501509013086205,-0.6449728757043534,0.2542691264524978,2.12359045452846,0.7723090336565307,0.7624129670734434,-0.8788322401086412,0.024239024618651718,0.9569371436615755,0.6173548056733879,-0.5640594691592838,0.4136371348914994,0.1352892199865967,0.5364784596298398,1.208041698633833,1.5446190954761285,0.5724164841779117,-0.08749378711463102,1.3505309772587866,1.7780234324462705,1.6081319038424615,0.09580422491550761,1.1815698485873,0.7568794486116799,0.8198007870009423,0.9321520641731736,2.5594755480966813,1.083264623991962,0.48743979248053676,1.6614496971274186,1.1737724363237094,-0.20323140009062737,0.8778648692628453,-0.19935979197707576,-0.5013345524003487,0.8618808546041429,0.6735952260611048,1.791787541840521,1.0701435618863737,1.8505097372344288,0.549306806702996,0.4224225053051243,0.02161360582311267,0.4088029904142937,-0.5462472906297924,2.4853204466183896,0.9208062662065882,-0.09000872787384565,0.5316055483605762,-0.21128585121061508,-0.26658697360339295,0.8897492892784272,0.3642114647979055,0.48647765312501107,-0.47318977653426597,0.5150268890767857,0.7992270950453818,0.4112197615287657,1.5690277496147624,0.8670147505659536,0.1575974152675867,-0.2154805526546766,0.875677188741378,0.7001723588141513,1.6075708974928293,0.8262144095624209,0.572542351633439,1.3240124015855912,1.4808533075601436,-0.17404675698590744,-0.8173810729477649,0.5736928563295641,0.9240780422819176,-1.0266832491352234,1.2627848970660347,0.5946711946242099,0.02782235352852217,0.8096511665500012,1.1816513874810892,-0.004682877475781569,1.3672672803540724,1.1025951588509648,0.014740492343513207,-0.08389053448346866,-0.4291309212355676,-1.2984938402219128,-0.6815565432475461,0.05681891146829711,-0.4354137036330767,-0.02208573253660281,0.7625859288503625,1.1007254517910943,0.619734948684089,0.9618494200721587,0.16639136427205808,-0.4751924150758242,0.9023995355270005,-0.10222132992857474,0.09163793548629488,1.6941942165433168,1.8247856421145645,1.3956271538886165,0.31152475179513067,1.1573144210562372,0.514626536173478,0.9137722328264963,-0.6876970078458284,-0.10415407097098049,0.15410919314371938,0.8127323203587772,0.06553810590904569,0.11948211050763075,-0.9222378497230012,0.6882793989634736,1.830944890730962,0.21183614027970984,0.6997943041991059,-0.42509203094290055,0.6939184261384144,0.2441356058101901,0.7951889672490813,0.10485680864026152,-0.30191926606023434,-0.46545618397502975,0.6431266806203088,0.8936122235925659,0.5567350283800415,1.0175440086872622,0.7776890093068551,1.1200358169598248,0.707315119184667,1.2210895824008945,1.0277371028839002,-0.9294441940152973,1.4654877120179564,1.0977485150872581,0.22992747458366142,0.1686637457100497,2.8260492064818936,-0.9169129753695239,1.1942470674177466,1.8814555932257444,0.4983832840559563,-0.2216565671915571,1.3204574396737072,1.1131519390739615,-0.5536709260477229
2012-07-01,134157,142292,3735,8.2,109183000,1.1,2.5,-1.2,-12.7,-16.3,97.8713,236351.39148141866,543582.4283047684,1710589.6953342627,230247.75156965893,1062067.2832173766,23.49,8496,116.2,170474,11684.201595112845,369,740,910968.521975225,849,197898.99032750723,240645.68131681657,137.7,132.2,228.59,229.97,94.288,92.946,12999.8,93.25683013745122,72.05701570503349,14.38,3305750,372500,NA,0.155,1.53,1.4560706255573816,-0.6875408619321631,0.37964466083781395,0.6035010549917175,-0.19547271248039902,-0.47846446516332536,-0.5357507717979503,-0.049619314945747756,1.5215363916167304,-0.20976728777176756,0.7619401426373907,0.45461303960112986,-0.5834304521018834,0.6277315626933367,2.5532450532031707,1.4097759381510144,1.0251300325954331,-1.034395033628601,-0.05504765310460675,0.9852236592344066,0.6876570276299502,-1.1258490713655411,0.3560818077975501,-0.19991285191491273,0.315995251123657,1.180955448152095,0.9371752423209693,0.48833272662362665,-0.043029425917275495,1.7318430227680512,1.6983616530225705,1.516098810265852,0.3307936073765394,1.3441402008043317,0.6389933427373199,0.8321259577762351,1.9510868371629457,1.2199883055865544,0.9718670102598916,0.42001756588720307,1.2019950872038336,0.6882790732264444,0.4432595818072652,0.9699761239931376,0.4881957278952294,-0.4834098242735142,0.9181917852250869,0.5161305776024221,2.3890114434419094,0.6658962757519482,1.7026112327974152,0.4151079041061458,0.8900303281198289,0.18159327222737592,0.38823789750109594,-0.8343027515719768,1.0372267044690107,1.0177043645860449,-0.08178758256786679,1.0233714438007093,-0.266147715922016,-0.17816784282498496,0.9688846525997314,0.4798025054936937,0.6240498591615706,0.970712420390953,0.6752911850363583,1.2337952307433502,0.6897545763064334,0.9940295175495798,0.18581701792763688,0.08978113104251138,0.02458174091968496,0.8555267741080312,0.5456332761644026,1.4234218736195166,1.1793075691757418,0.5920723449442388,1.1299420997415892,1.6599990349457703,-0.28817694016854845,-0.8615055751543014,0.5930929956370925,0.7004611452170647,-0.8249916961387868,1.1094070382749892,0.526558892559077,0.40921094880764347,0.9286986976667311,1.5838717289691553,-0.3286555078049162,1.373637279640237,0.5300555317744259,-0.04803058176699536,-0.08536674824861858,-0.2870969341688094,-1.1955467238218975,-0.213276669653097,0.6230588197756093,-0.037924068859983805,0.4794054102506,1.7037760780274727,0.5164548647627366,0.8550665989851073,1.1863424372729685,0.5588708603062519,-0.31122593976881424,0.5434214739112859,-0.13033101677642986,-0.5315485093825423,1.3766173654486094,1.2821149961216236,1.3260928335552205,0.3443763301483225,0.9997549228047091,0.18824998569125667,0.9513293082828367,-0.48640024975473384,-0.9960094910908938,-0.25259380141583454,0.932086721831175,-0.32834069389051257,0.2195156370164828,-1.523170550238731,0.5712032416889858,1.6779246471723794,0.6734018323275166,1.280993570622814,-0.448790615051423,-0.7083052769069766,0.15350578367472373,1.0123964530339826,-0.7543173010981236,0.1020469620267159,-0.19885959589967686,0.6022855188383491,0.7701296696553908,0.9538106210426539,1.8925908146664865,0.6729349331904934,1.3826905562573937,0.8096381234225555,1.9493495141459867,0.568547477324003,-0.7153734597916829,1.5414655161816864,1.5009353335682702,0.3114902967204751,0.4797978440684246,2.14352184781686,-0.8654021658167352,1.119441662025835,1.7829996902063616,0.47109008446171385,-0.32142056138314246,1.7146915588244693,1.2327259328269755,-0.6424227036299861
2012-08-01,134339,142291,3809,8.1,109315000,1.1,-2.8,-7.1,-2.6,-8.2,97.4525,211833.41261032716,543917.3405211141,1712503.1083063688,226989.05977485332,1047039.7970508959,23.48,8525,116.2,171593,11686.485915120766,375,754,911924.3168965699,840,195417.7897574124,239912.26679350983,139.4,133.4,229.918,230.233,94.605,93.005,12961.6,99.52962317002272,75.02177264947794,14.444,3306250,373250,NA,0.132,1.664,2.3081644631013787,-1.006841953030237,0.915414900782722,0.6847354366049152,-0.5368397098537596,-0.17071529370742008,-0.5518096674019807,0.17864692490736245,0.48126938142463827,-0.16454993442684945,0.8916773232539925,0.14808379969498023,-0.6143319979451071,0.32794887073115336,1.4321093126799322,1.3623458913819004,1.0687284203680048,-1.1022498767451632,0.2526210058774991,0.796370656571134,0.7557833572587825,-0.5762795083625939,0.48269206342975934,-0.20631263339744924,0.5457002589221269,1.493261647685603,1.0550656001628558,0.41381658962914203,-0.19719904312694309,1.7076542478624819,1.6532914477569982,1.4733463746815663,0.6266771139677364,1.4262235804412398,0.3815126569229313,1.007316863776459,0.9205342974656192,0.06661592586671687,0.7784924013308069,1.2960939246447738,1.026960297016128,0.45869779938523025,0.17036821056719442,1.3484923797142805,0.9527665458755189,-0.3071477804013623,1.3631262224911262,0.6316907239030722,2.782053699994931,0.4409743033188631,0.6636584037077762,0.2504691563720442,1.4790094071847586,0.0800086207367271,0.6277586367022524,-1.0099724121709956,0.7767949985168279,0.8380061645143054,-0.296447127773815,1.3008912612647927,-0.28052538636777347,-0.24490213317999832,1.2875165160434248,0.5162621422115893,1.1878875527978643,-0.013343197127383574,0.6041108804662427,1.0289799858110886,0.45182187531361334,1.6503404008275555,0.14646727681235694,0.7473773117791427,0.24672917118425033,0.5956340785727381,0.43490047199743237,0.9859757408068929,0.8929039060710782,0.9175650686741996,1.9373832984082582,1.3887358075271805,-0.4008403820293045,-1.1142940398794081,0.733713786106673,1.0261355367469482,-0.8465036816131032,1.0755070270482547,0.709000491137219,0.3155303714013946,1.0501438342374585,1.957864158941058,0.44937341764775646,1.3332896785090547,0.1510114355124685,-0.0851508191653307,-0.006676385615455912,-0.4944019312730661,-1.2671500581500048,-0.06331555101468454,0.35888833289793004,0.26981087659647796,0.5846402390685713,0.9712917444445808,0.1965176765753807,0.4993521046435888,1.0378176692749386,0.909760647214026,0.7396919924382386,1.2717688918665506,-0.1358586786565883,-0.10197229933986564,1.235941693292555,1.2631957870061523,1.6553854202729104,0.4500286673104589,1.112458558273574,0.16324856835085536,0.863701494846407,-0.9344494180791771,-0.45381201936967014,0.40487768352995135,1.1296289654412721,-0.14719284522549192,-0.16622849038669738,-1.521921641534305,0.45510884085644304,1.221259832451728,0.9001422068231955,1.1345477945843736,-0.3535183025505528,-1.1693945879635272,0.1918130929578588,0.7006560199386384,-0.7545458557857765,0.10884502550680973,-0.06326953258105031,0.48228016702367343,1.0948900188318362,1.8724121307146904,1.9966769376215483,0.521401873024128,0.7807878737722633,0.8714592486909639,1.790812228747244,0.5353888836614913,-0.47227326522005897,2.21061143375683,1.5182117227309815,0.6091865044631534,0.4228354452908236,1.1827632611144339,-0.7770430827574588,1.0528857055903873,1.760814609817109,0.5095807999078207,-0.4635933557977826,1.4259019448986638,1.4048597142841563,-0.7640974524470023
2012-09-01,134517,143044,3882,7.8,109445000,1.1,-7,2.1,0.2,-8.7,97.381,228535.29765103853,548445.0907864647,1720608.6550171215,228276.05829724006,1048191.1205252231,23.57,8617.3,116.2,172145,11702.970714383568,385,847,913226.4761362798,930,201347.83387604987,240134.67800575387,140.8,134.5,231.015,230.659,94.893,93.119,13053.1,99.81768939753195,78.80475876058904,15.099,3314400,381800,NA,0.14750000000000002,1.7225,1.9486921891250732,-0.2603467093541237,0.9108437572042078,1.0596501593829568,0.11970491556906007,1.0922334986001372,0.01975709083196317,0.16018559773902652,0.18001880067959308,0.25611071174255595,0.5973689133407984,-0.5627450200237782,-0.5361382476833247,0.5938748466747493,1.076888642575387,1.9029508985946673,1.2435623811302523,-0.9143419664686613,0.6295461223117229,1.3562623714712692,0.8268589216359038,-0.5967684366524473,1.2739057201828135,0.07643563098976683,0.9746682207185854,1.6772214314638192,1.3673158734063802,0.9672696478854841,-0.6736509257252393,1.4100147120355793,1.4103546168786267,1.7748116937202505,0.5843018357415897,1.4852718422959301,1.1789597567687238,1.0570556822969224,0.11206102781580965,0.061477066307007854,1.1311359082783967,1.680072026278063,1.225063297094061,0.9784571288296191,0.17173344047363195,1.3581238619823837,1.5730800841851638,0.036448710429399615,1.68921270702063,0.7852982753376582,2.2296575966768324,1.3305684385157757,0.858458206125692,0.7739912148910599,1.0918793457993257,0.36029470658176177,0.6050682545143827,-0.5680508705943069,0.5379045497693501,0.9828122924417203,0.02123930757885958,1.4038364554291922,-0.056034737173283874,0.5494961393021444,1.3879474760845516,0.6440965427892802,1.2248995038412351,0.7671239367967545,0.5661621564463144,-0.054948240548527295,0.8143644668974324,1.6185004804393528,0.5602252590606431,-0.2954758547406523,2.296267298691507,0.8408278220080715,1.0265822960313522,0.9941018729260663,0.622506452696105,1.0023455008339568,1.948650459973683,1.6627482835236103,0.49546635123931704,-0.006157705705462039,1.4576209779917093,1.2497677040820456,-1.061027825385211,1.149241702035966,1.0544889973695322,1.1769486345313118,1.4445334281516005,1.8570168757456125,1.1613059817876663,1.0083319665929968,0.7477545249050856,0.43978767966543497,0.9021943373044852,-0.01493566536334743,-1.3791462481579564,0.14380730328244007,0.024990635833754427,0.33908759083333234,1.0290945882583855,0.21408647066094974,0.04199198541189062,0.29232032179146344,1.2153782643424789,1.5214477956020962,1.3908037910419908,2.282205184866336,-0.14207438036333353,0.371116471707457,0.8409595037170945,1.6980713529312625,1.448062220306531,0.7899559437001512,1.111062701386107,0.7847349683636164,0.3030132375234825,-1.0522959073006468,-0.1350887360307265,0.16790436657840618,0.6922240519893657,0.55400364156877,-0.32048707825805717,-1.0729434282985386,0.738844820625085,0.4417360705112892,1.8088559851631214,1.6620202319355075,-0.3556790969698189,-0.8456890651401155,0.6729580713837925,1.4208909261644525,-0.8629938701176694,-0.012863637915508533,0.08741142445549029,0.43932124620000534,1.8181304659240152,1.6271137628560617,1.1960186557378698,0.9368761968980333,1.2054850947975944,1.141978229629485,0.574723915118046,0.4637166853454888,-0.5709031782162709,1.1320100912714337,1.3111624533088553,0.9582426430542125,1.0177268159069088,1.2221678791063333,-0.27603703972191285,1.0457844376350558,1.1521753110938433,0.618702697104833,-0.7060746361323116,0.424346674280026,1.7079479564677813,-0.5164274122347142
2012-10-01,134669,143431,3775,7.8,109643000,12.4,-4.6,-4.3,-1.2,-15.8,97.7193,229427.15447496163,546051.4426208838,1725656.1054896615,227330.99375879965,1051250.3414798158,23.56,8659.8,116.6,171601,11702.145543951077,358,915,919753.2939668396,887,195419.96763822052,236920.79769684997,141.2,134.6,231.638,231.024,95.174,93.345,13142,94.11183726648032,84.02168584392237,14.83,3276250,368500,NA,0.155,1.745,0.9196247949728357,-0.46048070574533023,0.8220166592340553,1.0073142202582912,-0.6633842319404635,2.553166635550164,-0.49061055800322384,-0.19242344063784744,0.5017412244517135,-0.40339417961541785,0.5885068253993697,0.344704289043028,-0.46206363424157726,0.3728115743875982,0.48711489654844425,1.0069291485649823,0.7343551101094938,-0.809500940688554,0.6133575940518958,1.0154399916120627,0.8667654836113358,-0.4020092179008838,1.488544503126957,-0.2445265981151127,0.2936193611692969,1.206629752288888,0.8290868288234122,1.2056009566481767,-1.667977391426953,0.45673408328750803,1.0298180536582986,1.3414618196771029,0.3938286062392177,1.251635213789086,0.3336578778612777,1.8089140706104294,-0.3663710349727456,0.11505150504965621,0.7708852218218539,1.0351996908013383,0.14180844469585258,0.3043791005467007,0.33753558448406484,0.7880464161221359,1.1093765889510414,-0.27568406714956073,0.8072960947269482,0.5595075963429655,1.2284265492073243,2.633471136196221,0.23507556383497274,0.13035396018618195,0.5396973074882847,0.32614553286917486,0.07454770538321091,-0.45346104080633975,0.04655909708387337,1.0144071249017377,-0.402621959961268,0.8995519401430804,-0.5210754801190128,0.36732104338690935,0.716619975258855,0.042760541305563206,1.0125923879539276,1.7684190733303335,-0.041202053121204014,-0.33057783857812706,0.388984784961792,0.5311970403150286,0.5124018358805865,-0.2522426737536965,0.502421426586821,0.9773820267608216,0.4417886097301616,0.6683574376143996,0.911111002915456,0.6681811920201677,1.5759507022618628,1.8150244206607473,0.6054574343534191,-0.60168848434756,1.4586672535248886,1.1126201097469446,-1.1531598273799137,0.6727024278877816,0.12108954392263474,0.06305264622672456,0.6285819638911555,1.3181188353130069,-0.21734786775016599,0.9758880027448842,-0.26185994329517787,0.12381297755416895,0.05317815050438174,-0.4144299272576243,-1.3420135165469327,-0.2223094272441719,-0.23000988390230326,0.44717192427695424,0.7930574878603743,-0.3771110282751672,0.9353228446530379,0.4854809374801204,0.6899987056622766,0.2726675865235001,1.0236713871189447,1.407247020464378,-0.1326264328909642,0.22947324974887062,0.805956486712545,2.0253980902734035,1.213390189640424,0.428299106388117,1.2510819094304784,0.8948651095615178,0.30895434330941535,-1.333228801188293,0.628752896708054,-0.1458027823591848,0.14853249062778454,-0.6120107570741037,-0.3001256554650429,-0.47222281915353664,-0.10544930836778965,0.4766679928201644,2.18687684446527,1.698318559629619,-0.7161698503993035,-1.3364155251552943,0.11175943096257439,0.21886802902212127,-0.5833283374581577,-0.006829539644939677,-0.41311226100002785,0.3608899025507008,1.3975690139012715,0.26179750269176094,1.0188199370893734,0.9562492164823606,0.5603182093437362,0.9495524664442966,0.04403116085119825,0.4654639892031514,-0.46970339303092523,0.4793385799042184,1.0215370798501393,1.011790638492742,1.943918639975477,1.0939703505006053,-0.5610795466785674,1.0476668852367788,1.0245427585921651,0.9107087335889033,-0.8864600757932668,-0.25526663602700445,1.0917453676179412,-0.4311265427976084
2012-11-01,134825,143333,3878,7.7,109970000,12.4,-0.9,-1.1,-10.6,-14.7,98.0777,228344.32072674512,551590.2806253877,1729571.7108847715,231753.04124741087,1052251.6270805078,23.63,8760.7,116.6,172847,11753.25153245224,392,833,916897.4544995743,917,198041.1948396051,243851.79110283992,140.2,133.8,231.249,231.33,95.109,93.445,13315.7,91.11650842717303,84.05267542725572,15.456,3326250,401250,NA,0.162,1.662,0.839565103633511,-0.5883131057438349,-0.09031263394753108,0.5037297972439282,-0.5410643155599812,-0.6143164777213209,-0.7438317165196368,-1.1403319198652062,0.8438343185737281,-0.8253500416440719,0.5887734812386851,0.3535221525070028,-0.5616889229546658,0.39507268736087087,0.11102079389006383,0.723146168939994,0.7037635160605126,-1.331843959513418,0.7206175683246732,1.4666252555002006,0.7315696008696179,-0.7287088083740232,0.9170276580195897,-0.27386646953733934,0.5602087716360857,1.0014429879996976,0.5218057638629285,1.409543506066827,-2.5273985231604486,-0.8609604868681994,1.134485539261036,0.8461776451284131,0.2663910893762117,0.9707585420174198,-0.013300302359487924,1.3639810904660834,0.6830027410203059,0.1438426664141476,0.6045717885545038,0.5236757846799867,0.009262189419552392,-0.006277988379189866,0.12307976192265274,0.8167142137627496,1.2134203107710884,-0.7084120375244325,0.3535494605078041,0.06310411777412106,0.7966403535956746,1.4181990283965105,0.5768919686198949,-0.6807234155430391,2.392880500953137,0.28888437693668045,0.367166417691067,-0.7388795576389605,-0.2094866504730446,0.5728215290183194,-0.9760735483972655,0.8415396275225487,-0.6441200213586097,-0.7466378018336935,0.5222895535219568,-0.5019985391638354,1.3732167453165218,3.009700086960383,-0.3301810950074868,-0.1446906592585544,0.02469271995177761,0.3802790217872065,0.2577639634435725,-0.4088907701270213,0.31943817940917363,0.6508364707368641,0.43271274437171625,0.6974872826259684,1.38474287980636,0.8382279309826671,0.7809487049130773,1.6115118200006084,0.6938021558836627,-0.9786919674253559,0.19868933646997772,0.6421015394198919,-1.4159621093192198,0.635943080313961,0.6737618926431241,0.3283168525980689,1.1101358131460413,1.1412545366215652,-0.7265232686414431,0.8545015127368348,-0.1435934323088285,-0.6761776683487197,-1.5853309336107737,-1.0276408014268592,-1.2155426986804136,-0.2815601733924623,0.35410950542505926,1.4576750670418055,0.26052820367078944,0.6114617640843404,1.6594352861254946,1.8610352219248083,0.3344391384003168,-0.6589163650914815,-0.3017749377994347,0.3563278104808141,-0.13816393339916755,-0.5798101546347454,1.379731765610766,0.9417668006572928,1.0718524349293137,0.9721632058120063,1.7931607071839137,1.2596794363318127,0.7913375499029687,-1.5876567254792295,0.6283291056712554,-1.0665271369201115,-0.28433821549406996,-0.4937083557601905,-0.8263170640377011,-0.6972917450558977,-0.7311756727196502,0.742706901788103,2.2583371754852375,1.414312599074577,-0.8799545104864864,-1.761350436126094,-0.36577766774439263,-0.236158813468155,-0.9482838657295395,-0.49157199287145503,-1.5490088941291376,0.2758149975689741,1.209984543279924,-0.27619296366575335,0.9752603410235349,0.6215968291973003,0.555380557279084,1.3369985210593593,0.3502939662555938,0.2530987295789066,-0.9390641969683073,0.551984042498916,0.7520699975022598,0.5365641062371962,1.36135649780025,-0.5177646232231273,-1.184370496242812,0.6999746995396277,0.8528936971557924,1.192421529379705,-1.428712970980265,-0.16891952610049105,0.34976687916279803,-0.44379763292542496
2012-12-01,135074,143330,3970,7.9,110224000,12.4,-5.8,-2.2,2.5,-4.9,98.3101,243095.2531179675,552744.6526594738,1727928.8441689536,233156.66603571203,1066442.6777714684,23.72,8869.1,116.6,173467,11758.0499295434,399,976,916786.5480471955,941,202030.6223315877,238566.05043430714,139.4,133.6,231.221,231.725,95.094,93.514,13642.7,92.80291080404652,73.1868768161446,15.462,3190200,359000,NA,0.165,1.7175,1.1781223248830799,-0.007994677675507293,0.14065630497668383,0.2990653094249967,-0.5120175384530934,-0.512317720386782,-0.541065721680944,-1.7954006668878406,0.059015310164132154,-0.3127831499052654,0.6386632230947633,0.7170146987622625,-0.5859928727992176,0.5793939062939354,0.14131952766051123,1.0989747433875576,1.1542745606664464,-1.0154505043312776,1.1067243035389254,1.092362883129975,0.9100496591407766,-0.6493469091497102,1.0119423869085151,-0.10096389729732765,0.3712554695553455,1.127198376149668,0.5786833360063127,1.3885504714057895,-1.9510805506066515,0.0836460475085214,0.7767128269065933,1.2088241059743603,0.675919334239408,1.0744001179659608,0.6477318323435599,0.4315832232033331,-0.3916781843165953,-0.010920994989487487,0.1790811488126772,0.3415087593251411,0.9264680031831419,0.41397580438313286,-0.20911419830326347,1.2804342425128654,0.1296640375883873,-0.5916990945188881,0.8508889862732184,0.2402437124753535,1.204807661737622,0.3930196560241403,0.8050037458436577,-0.12486019237266971,1.6869272125520507,0.1465654871624548,0.23964909600063208,-0.574379260773138,1.2856041101606666,-0.3783774014592177,-0.7777655234119611,1.6314480079259615,-0.8186856120959101,-0.3289310232676333,0.5202488230093546,-0.2482762939653585,0.8782500488159547,-0.08786768109776961,-0.008237665480369978,0.3563372013525058,-0.025091801623655707,0.28264662383458866,-0.46141369473696453,0.9576298024272288,-0.028918901283092015,0.684941365895945,0.066642414357554,1.0461340881299321,1.649096437828217,0.17438868415537634,0.8374301530329029,1.5971012313650974,0.2753012912458736,-0.20668785443140061,0.9251405069487182,0.3764861258620334,-1.0095266929267954,0.8704424737436148,1.1416024855677955,0.5108612568958307,1.4337948129780134,1.6814763334560001,0.2560205780833209,0.6372543674885847,0.36285640247726103,-0.5089222849546909,0.24076889630596565,-0.3021525282438411,-1.195880341683536,0.20704785589654326,0.23612222776234587,0.01622213760345795,0.3986079667593468,0.4691602854146291,0.9383536249991322,0.9054496700070319,0.6315935225777968,2.3396095983979666,0.38904275137198974,0.2323243418382625,-0.08783647803741822,0.028295837367838278,1.289086864180832,0.8661330196369165,0.9516307823835521,0.5759349578655724,0.9180034787955894,0.9025623543226049,1.1374204642225407,-0.474083029503336,0.3886858296609879,-0.955517773054226,0.33070491898704946,0.49020583332917533,-0.6466642808596144,-0.0049755592674601695,-0.4509732288644855,0.4253464177428902,2.143206766495256,1.7184525698953872,-0.7051904159525749,-1.426943007573263,-0.4769437188581794,0.2442008398217087,-0.08560894290541429,-1.075086067488512,-0.5897793567009953,0.2238048313137028,1.4768008992094515,-0.602891419368953,1.0308407205941836,1.1458333095794682,0.3178346419393023,1.0539798693579843,0.6019699656079412,0.040018338867368206,-0.887573776472696,1.405647629136035,0.8970193012721824,0.09729306651645458,0.24740910880727668,0.12564339473480057,-0.7615030553644131,0.6417464360219911,1.4125891078846582,0.4696467213821533,-5.14182555704751,0.005095566939325983,0.981989795568448,-0.7085394278719456
2013-01-01,135257,143292,3923,8,110428000,-7.7,-7.3,-2.2,-1.4,-2.9,98.3342,234125.42639727102,556121.7528207819,1742188.3782502715,231459.45945945947,1070461.296247704,23.74,8730.8,117.2,174567,11810.443453161899,446,888,905507.2159538178,940,199629.49357124115,240167.93492521648,140.1,134.1,231.679,232.229,95.275,93.703,12845.5,99.38598792967724,71.98887334392238,15.813,3132750,353000,NA,0.14500000000000002,1.885,0.7862626255232681,0.6065861786479096,0.5003232198367216,-0.5403717949610035,-0.002876033419754219,-0.13923802912536823,0.6175986403768068,-0.24445296516579673,0.6631885117543274,0.4007535602520273,0.36831592218648684,0.09229181338061505,0.2103113740666459,0.7312218925429467,0.8712614147587316,1.4981269681256586,1.3261301375986936,-0.9681323990840366,0.5783326343535573,0.6407410801728733,2.4123104984000645,0.46200097612818547,0.6927718099776379,-0.17248318848748573,0.21000030455909408,0.48034353432362964,0.40136516670576305,0.7081271290316179,-0.33942339714684105,-0.1559300905653823,0.3309319381141478,1.1272148637202342,1.0581325018927306,0.9295377967221942,0.38557232670956865,0.26025605524710865,-0.6874947146935413,0.01849404583976292,-0.10567106708767672,0.478031223730943,0.5783315463998698,0.6201157272222583,-0.38155646569152873,0.14397476275438406,0.4022593861829756,1.168650232330311,1.256855950123799,0.7198292759499906,1.2803042906887392,1.2520012113630505,0.6914673406748542,-0.1447720411626301,1.1473758980243272,-0.4832044755058803,-0.10869445549871548,-0.4100763435263721,0.4457019828596586,0.2261953295255844,0.09259838695239597,1.774285949403875,-0.977559513090288,0.5632798431653252,0.7411166979396959,0.8544961459031475,0.30426486264870634,0.5299620184067109,0.7064897909739049,0.30697662979297874,0.5945821939380213,0.9143312240046131,0.33599577759409915,1.0566126200116854,-0.07619894489334059,0.8920852642267518,-0.007295811279402412,0.8423920101295708,0.8714398096775844,0.11768580782446822,1.2458305998488117,1.3021400814179733,0.2048214107146762,-0.0981713421340943,0.7786923167127588,-0.06971304438529972,-0.3110369858705379,0.8694479563620935,0.68803964485366,-0.04608551048531199,1.5230354236950052,2.06699872177567,0.35218934499962007,0.5847820384296363,0.29518680814080167,-0.20459103207877147,0.875665785492786,0.5855154177835542,-0.8715499897164748,0.23200117842151835,-0.27480438182562095,0.03535122665355664,0.5166870439760879,-0.4287778908798318,0.4793519390259349,0.4322201687798756,0.9267560031085048,0.9271146232879638,0.9509350304433297,0.3503108254016188,-0.08262968727367817,0.5001191149737595,1.2320201293709825,1.1610924037879007,0.6675492835506781,0.5835368980300755,0.6511352458935233,0.27305375702655876,1.7175264137973103,-0.6657059118468845,0.008646573588231865,-0.7434547957797699,0.663934545743459,-0.14949426990779932,-0.06093370103808148,-0.29874776536334,-0.16469702170451161,1.027099936864502,0.8795375212097877,1.7355265729465958,-0.19887506821748308,-0.916676301822227,0.2160320349978228,0.43033057107123296,0.08829120517964895,-0.4297070109120953,-0.051563288229203086,0.2510962486250067,1.030413733864947,0.27351832318739294,0.8812589971474882,1.4625219717145301,0.4394974653965844,0.918209356439968,0.9976365451617586,-0.051481966804687695,-0.8870324609506461,1.2794251394996212,0.7750051020645778,0.5424662686802545,0.18168695421743994,0.2471878535812238,-0.6590508015516781,0.766446086617404,1.5817801615124338,0.36614600907538664,0.8344407345360525,0.9086743396153278,1.3920553157030469,-1.015145031777953
2013-02-01,135546,143362,4004,7.7,110624000,-7.7,9.4,2,-5.5,-4.6,98.7941,245199.44777961387,552997.4689898968,1736121.1030889582,234314.01259229818,1081207.7729202835,23.78,8729.5,117.2,175635,11808.4171774008,447,962,913655.9499654863,980,201202.75273495514,242391.28161147947,141.3,135.1,232.937,232.569,95.614,93.805,12813.9,99.69251364862886,76.89050233328408,15.861,3058750,353000,NA,0.14250000000000002,2.0075,0.7589288334143478,0.6130765153690102,0.3730311808628155,-0.4736469123296052,0.427411252748379,0.13246062882756485,0.5617411457280402,0.2563704231729847,-0.1627802797818926,0.8150658295346911,0.25187812360138484,-1.5778718950774597,0.08569958796319432,0.4007761836091952,1.7486663365631023,1.384106059227843,0.9386494698292084,-0.5605636321400022,1.1557685056580926,0.9972390458935739,1.7389290431010496,0.8811543108850227,0.9426830926445613,0.14016205339198975,-0.3278853006047968,0.3157602713341525,0.9205696263392054,0.15691141056280158,0.20297494240066885,0.5117284172970572,0.2423292943995546,1.1322724930677086,1.2869007186394725,0.9855264436700641,0.13787477806049098,0.9667105830256122,-0.030881064737730755,0.10609387798733053,-0.00424269243215997,0.560360860642201,0.72089424453478,0.7980855062484258,0.342332081545985,0.28943036697871805,0.7705493424284376,1.5450775841153424,1.4589976010290722,0.9814671006705121,1.2315746346444183,1.1852199895938453,0.9676389607719574,0.284615466903745,1.0836130671561504,0.08014960184631437,-0.10419013879356248,-0.2277357763697422,0.319566250679633,0.5520579681318537,0.9129316324069132,1.4334230615196033,-0.38708648935412066,0.5617860650334194,0.7555521651899336,1.917007082370443,0.07531933895373194,0.38292923928039035,0.9285061478702135,-5.752026718798889e-4,1.010383474521291,0.7857712312054393,-0.13341056232934026,0.6026741751031919,0.0680231566962578,0.9968450764551694,0.32713292970517205,0.6635192082705696,0.8728951161888664,-0.1303431705283546,0.5640302540253999,1.3233985892702396,0.6956215786811559,0.14840327825220836,0.6632715755153065,0.22544788245394362,-0.06253091140604561,0.7111604196406489,0.7319734382665056,0.1634210709833026,1.9278450246839423,1.7751032673378333,-0.04398742261041147,0.41636579102703647,0.7306039743123905,0.6265428490016812,0.9004613262036486,0.9792111614541796,-0.4007800209964075,-0.46111904710673457,0.35236519361555907,0.45769105623345896,1.741713741896024,-0.8205953443231455,0.38634822210843833,0.5084125800254808,0.9995609156468569,0.9964137179316404,0.7601295347923714,0.7945862855956656,-0.0958283062855586,1.2791044431729441,1.0931123926408495,1.8792053616658113,0.6311739170002745,0.016186441261920443,0.7720210937712738,0.7302750052386112,-0.06743116720215793,0.4876579134010696,0.9823975533145158,-0.48083598928499294,0.9523693343996347,0.5729746832615249,0.04945550373841685,0.9502249102690938,0.6266339096791222,0.40805820703109025,0.7169779476118151,1.8608259095162023,0.48682172177727634,-0.30224865299373604,0.4769962037268736,0.4271432299380581,1.0970274252599144,0.14588852843721303,0.4085008546034494,0.3016703919259602,0.9516585107859217,1.010499410421606,0.8974007191999592,1.114917560420532,1.0515930346154838,0.7031246874908379,1.001685121819498,-0.25584603632763814,-0.2541881383533309,1.2235603909564547,0.6908400778374586,0.8281233372213416,0.17877051092521412,0.41811838916104643,-0.3786736644338257,0.5489344369838496,1.3279389411921667,0.08448375771693409,0.2232027420702846,1.2608973151777003,1.280090535159105,-0.4663762696294001
2013-03-01,135689,143316,4076,7.5,110753000,-7.7,5,-2.2,2.1,-7.5,99.1921,227756.3672922252,554324.1035522788,1738524.5715389508,234203.25067024128,1080399.6313672923,23.8,8737.5,117.2,174884,11823.579926273458,444,1010,905359.8357908848,936,198689.88773458445,233110.96682305628,141.2,134.4,232.282,232.794,95.488,93.891,12852.1,97.44679959785523,78.18846332619188,15.721,3037800,351800,NA,0.148,1.944,0.8664159553229546,0.4548290541015828,0.29177746717552727,-0.03129568736898697,0.14093537913362741,-0.07643474669232167,0.32870963075778314,0.08848857649318119,-0.01879737495073677,0.5828486113585611,0.10117395800889772,0.7748449363158922,0.13549012922219958,0.3292257620439104,0.45768350685313564,1.348170536586079,1.141967411076776,-0.76957158414353,0.905785999811644,0.47274955661839835,1.7151373328445887,0.2804309296826789,0.38961916367695115,0.9449560101774593,-0.31756541866872995,-0.01624239971788146,0.9350296962163054,0.19525157830320564,0.029503416220614562,0.7580340299414621,0.3346971526860897,0.9572421775772417,1.598529238756983,0.8212212739238983,0.5352186575659782,0.22876115325473798,-0.23247375241261764,0.12885249345203506,0.24997169439381398,0.6629654102258518,1.0167350520555838,0.7733889179534423,0.46911559955226545,0.2963209662802506,1.0863864762072635,0.5952742719379828,1.4694339883647696,1.3795092225224526,1.7299991529332186,3.283673528431578,0.5446337274793331,0.45588913596408415,1.0028081537499716,0.3378919694738817,0.115649910774806,0.2574740274293169,0.6840988541260111,0.719102336052724,1.0225536092213228,1.3277591747091546,-0.5205274060729719,0.475312934210766,0.665038530519407,2.126516097696437,0.7817595573123947,0.23743053413888404,0.7377186926492475,-0.17370018761895467,0.5966725931770748,1.2679991133316433,-0.5078772085839436,0.39733707095488957,0.2472718386176699,0.8762297274682159,0.41977663411561117,0.45525594634703914,0.8478635564277528,-0.1306189829880821,-0.12673759603901,1.5318053350349008,0.8640724124177236,0.8020804673047053,0.07321676390669121,0.11760702330364556,0.17047413381462692,0.3997999525127219,0.16743782305439292,0.13718575359965693,1.5293064197383828,1.4771556695255847,0.4445804241973378,0.23603527098618018,0.7481206583014728,0.28659816561034107,0.9390816733574083,1.2356302381073636,-1.1004047423360408,-0.5805786444641734,-0.003376839124109335,0.27471426695022616,0.6083301293096003,-0.5440615676016441,0.257883661528698,0.3677725006938568,1.3703853965039678,0.9539955949401698,0.522543150117945,1.259321610742103,-0.07185477859531895,0.7131761086938628,0.8528395871373634,0.6896739576945877,0.8223659954321578,-0.18355456008464588,0.9006179795659115,1.4587318072067397,-0.5075045008153494,0.609619015540014,1.5080194681506516,-0.23996340063135063,1.7040302221663406,0.4204394312114222,0.12237686460265633,0.7368882244243941,1.9740876901584534,-0.03238109482606203,0.8800174361349055,1.9278113097979475,0.5470321675166889,-0.6294815045780677,0.5812240299221259,0.4270630915726897,1.3157374593358757,0.36212634918834224,0.6672160206905566,0.44493175107823935,1.4538073698157703,1.348202633808044,0.8167050565791503,1.1979673092030325,0.8624555620842094,1.011281691736146,0.10007886128056752,-0.31221859605496455,-0.10191054341203475,1.236949859196539,0.6877600158868653,0.6966398143214443,0.06301720341414242,2.5132322058723453,-0.4173638997399263,0.8044521687123221,1.0179648176650946,0.3850175951007179,0.48159737111767964,0.9874149176209324,0.6743728440596084,-0.31934117664944206
2013-04-01,135873,143635,3988,7.6,110913000,3.7,4,-3.4,0.4,-7.1,99.1065,237409.1895461836,557094.4848046461,1745740.9180465026,234515.83482718494,1088465.3688503108,23.87,8781,117.7,174390,11826.168087136102,441,835,922233.7537084211,1012,199865.81543332178,238325.41854053317,140.2,133.6,231.797,232.832,95.391,93.937,12893.4,96.51853948485704,76.15814417725572,15.811,3041500,347250,NA,0.14250000000000002,1.7650000000000001,0.7221047949370234,-0.50052861061516285,0.1242979893828427,-0.7773841603336146,0.29754871570374647,-0.5843523911807467,0.019610604336544914,0.004538606052238976,0.03306311095847135,1.4147052432479663,-0.13104028307577129,0.5211908185453722,0.1446085080517911,-0.1769970344468167,0.32417939661995154,1.2216623932566484,0.4986121922123317,-1.7252014296330567,0.33445308966893483,0.6421998630457395,1.6849185582935253,0.8786440383855462,0.026258981938634667,0.6301596090937123,-0.66583493785461,0.23196460187215517,1.0324785947406088,0.04393397201771109,-0.5727758823852419,0.38856163231764645,0.17014523175648283,0.5915085795304932,1.5653088609679298,0.6923113845350798,0.4591952461467697,-0.09200770147274319,1.3384596810945837,0.07531864082210522,0.021505819758852587,0.8522358386226366,0.5649214971495236,0.8549938665782931,0.8694631465612551,0.0324312928126991,0.9045630223554809,0.5681778256863393,1.060315565628729,1.5486336002027166,1.002813593036447,1.994536618399922,0.7690675670716569,-0.18748939148877938,0.8555725214897196,-0.45749195515560265,-0.024388660486104993,0.003870490380921225,-0.3934209998929242,0.060836661170054845,0.5314877178129636,0.5843864880194654,-0.10207637672998401,0.3269735702359396,0.37667862006392483,0.8241467414030053,0.48515248444699266,0.03495115848158809,0.26714805094760796,-0.6774902209840268,-0.2564930256194661,0.6844153890298028,-1.0700380283926334,-0.11646074640431513,0.14706570323107848,0.6821201393209849,0.3942628293542315,0.14722102722428698,0.5824965000321248,-0.23592679639021333,-0.1188787928952633,1.52937742288361,0.6706907086190107,0.2676120948769836,-0.06048225646243659,-0.9282798544174029,-0.33785615691082954,0.1369330753220117,-0.11912559037584505,-0.5544461238473298,0.8626817346812597,1.23787988419516,0.6081339880447596,-0.31437570537048626,0.8763887476574989,0.13231959165377655,0.9501375435819731,1.2589308655766838,-0.780270132804845,-0.7344036137830314,0.1622652809885236,0.8163816570998136,0.6386519237722013,-1.1806524528530944,-0.04794451325585623,0.15566348796425142,1.6343948738182976,0.4451812531032682,0.8732359050467701,0.2281955689165433,-0.0075924802830987645,0.7472112454115251,0.4061385585616876,0.33708110697479005,0.6011514391705661,-0.42145710169866313,0.4002618821260422,0.7349641759907668,-1.4428169846228875,0.26059718665830545,0.4639625240158079,-0.8518114054413092,2.0666618411967903,-0.21619746145273966,-0.3021848420873784,0.6519986841843944,1.1658826501203614,-0.6422361850722238,-0.14223511187398147,1.09986366059068,0.1579147389413044,-0.48066057550401514,0.043265218818488556,0.3184391801727423,0.9102098487130461,-0.306375239210503,0.46764453965665126,0.3652041249090668,0.6857767733060283,0.6256100128432851,0.47681249172166473,0.08907809660417777,0.5499141078127925,0.6651092847079628,0.8839897474643367,-0.7129098863937046,-0.1921461564178551,0.4813623379717642,0.49701838117624786,0.46549298082646445,-0.148976294865542,1.107479797419723,-0.4376769460560979,0.5018331230908439,1.052219136197461,0.625321301131276,0.26520115891210166,0.7485111707291298,0.49438464271208316,-1.7718667379168136
2013-05-01,136096,143882,4145,7.5,111107000,3.7,0.2,-3.4,0.3,-4,99.1839,248208.16878096818,553313.9187731115,1742015.4202720071,237293.76394548558,1102761.3370905395,23.89,8825.3,117.7,175373,11859.92185290328,428,930,931010.5697614732,1003,198768.0833010339,240954.9449513414,139.4,132.9,231.893,232.996,95.461,94.047,12954.2,99.30757063093829,84.36727538292948,15.884,3012250,347750,NA,0.112,1.918,0.22985674690410324,-0.40439789962447753,0.236231330864257,-0.9647737600273919,0.6668460560441036,-0.3407567463337004,0.44887998677740804,0.44445138029394793,0.5408531385402174,1.5997054581236447,-0.22607583989900154,-0.1164560993640197,0.26112117737596524,-0.49655675975615304,-0.017957760542248062,0.9167856079192747,0.9448668122227202,-0.8156160549751518,-0.0577196981409145,1.1654429834826272,1.7738177899495493,-0.4142976540334023,0.31667987171936146,0.3804822861005468,-0.6298961475657265,0.7707138860928621,0.8805343057166779,0.09934761284856423,-0.41537147200759084,0.5241333567646292,0.21693345892365443,0.9659691105245151,2.0290681510862068,0.5927341687696568,-0.19527036076376675,0.27506831927973413,3.754965205988947,0.20434137208860517,0.4354316249491341,1.158087632581085,0.4489174189276154,0.601123137410799,0.7965481179706401,-0.024904768973185613,0.1661785168450771,1.2277222407720725,0.6653400318403064,1.1783014229080613,0.7495710277318794,0.6695686256887728,1.0819899222668932,-0.1409846186436356,1.2874551247290795,-0.12393793368584463,0.12026997159387363,-0.2506255240652258,0.2173941240153159,0.006082718825570366,0.536990454484401,0.7605818261683066,-0.11765009581329307,0.4174529801284862,0.48452701107236945,0.6882738742185793,0.4269706876289234,0.37024124726117935,0.07430349442047197,-0.7270949546296432,-0.017525372203537816,0.6123835444762288,-1.2254511939361956,0.859949770275904,-0.039220845852368534,0.6682366546152863,0.6534174581979385,0.2784712686639455,-0.3863871447510483,-0.19705826335057233,0.6415182176373982,1.221691639482675,0.4016957316697588,0.09495018100149269,1.1388427984697393,-0.4037231446413274,-0.2543999345217773,0.05202857666557895,-0.06056523850151712,-0.462928734136217,0.9481655316374555,1.420701404006356,0.2974383573443635,-0.16541929438109598,0.6189456182435811,-0.3984993007025343,0.710406884596925,0.6131543289003283,-0.21446154089000846,-1.1258621216501976,0.031081027982829922,0.452741330296346,0.7992880459232347,0.15808670697182584,-0.30631103952615135,0.46415036298928464,2.602442738921667,0.43050445026816664,1.3304522619870376,0.058399115247929054,-0.02308201230740167,1.3349852155465063,-0.0071601460806545265,0.39153705245337184,0.6815270839636947,-0.36446839729494956,0.31462224460986027,1.492173926553474,-0.9389519701957426,-0.522251790194797,0.027662056399474513,-0.5033538473856827,0.49577011444304836,-0.3473912067885008,-0.22941728381921211,1.0800882418751752,1.4701561525766953,-1.2889032850969464,-0.8403126764355525,1.166462486680052,0.08585647823202694,-0.9021235184612098,-0.3904619976321795,0.40327619458691,0.5341325150889239,0.1003081458582492,0.20767198581932073,1.066305059995764,1.3284334603932921,0.49629967718765994,0.419076412923818,0.45238399478302843,0.5881117028645919,0.6023615804544442,0.42042338259167245,-0.8813404521434582,0.008416504046757676,0.5655577943957772,0.8191482648914548,0.6508906375127282,0.005079897477525168,1.321370477542195,-0.38690338354860226,0.2005830243992621,0.9938488937931652,0.5273802122425795,0.22199208602194875,1.2332513789407082,0.7768532589103319,-1.5612181278842012
2013-06-01,136279,143999,4150,7.5,111281000,3.7,4.7,-6.5,12.7,-6.6,99.3897,257718.47856762097,552327.1978510134,1735194.1350122867,235677.77742936878,1126668.966166003,23.96,8852.4,117.7,175491,11857.472850229426,470,839,939967.3889185037,942,201557.38818684476,236069.73754350757,138.8,132.8,232.445,233.35,95.673,94.209,12955.7,100.13274382532167,83.3619562339933,16.149,2992800,344600,NA,0.095,2.3,0.41191215797696556,-0.1981459056755251,0.6485272934943785,-0.3524998265742716,0.7768480513361898,-0.4403422157779447,0.7259376447612195,0.22854722115580609,0.912264076477724,0.6569712897492876,-0.3087189141717077,0.181092326514379,0.3123236590551299,-0.32699198979398936,-0.04428898808173647,1.2354662987088891,1.1841887088466465,-0.45056430768562417,0.21516207455100675,0.48645820254713906,1.4201510456306514,-1.1814308783244403,0.41990363961493615,0.19303885381078859,-0.030053996038001227,0.544462389732636,0.9857391590078188,-0.1862453968051527,-0.7478591380829681,0.30164928780459743,0.21068000192026634,0.49872721620115,2.2715323492459762,0.432644293036384,0.7078331790077963,0.39217843160567334,1.8534354038022687,-0.08780037194194654,0.5428052333920904,1.3165597477271398,0.969998339076434,0.9933247366333974,0.2581317769052653,-0.001984270228649245,1.183559620099775,0.6597295042455402,0.6225034920723818,1.2981597601397943,0.7609601353280948,0.3554055191164086,1.2810959890596074,0.4952889273024643,1.5697167077006027,0.1880467176152581,0.477641548331325,-0.04476983781527363,0.702227497754796,0.004886092883893822,0.7380543401935915,0.9506965680754295,0.08091532430138881,0.3086888096443242,0.46849429565824263,1.1005523421056849,0.6956791017671905,0.012819098463980076,0.36985119472490174,0.14428892857359255,0.8380612954366806,0.14325228820933494,-0.6189238506695504,0.6753990924377371,-0.30137165774250857,0.7566048356391039,1.1305231728778875,0.2953913172174595,-0.9207816983715226,-0.13982592636870944,0.34892163883440613,1.7757055932006374,0.7043346139468722,0.036443045871341395,1.4551850401514175,-0.2083716581172805,0.08000890425476413,0.015871025993854225,0.14926324313591408,0.23330807153269073,1.1740120477171827,1.9305109480507714,0.8921888414875733,0.02832511629617557,0.6177967068228832,-0.7604875381540958,0.40278036343986984,0.6313481616532756,-0.3409878519095311,-1.3020465646480512,0.8347339198107808,-0.3409973261431055,1.132126795725152,-0.5393118108372037,-0.04759035518617385,0.14463877846574355,2.8907258955828743,0.6128012742271588,1.8719398110688816,0.08590984354703148,-0.021000480038949106,0.9571602717232456,-0.12341729274699831,-0.06625113843129607,0.6439983650530079,0.037135957840128665,0.661465754105153,0.9412112724631814,-1.091582298070487,-1.1578096336119708,0.674688358851451,-1.268717580917924,-0.30273433722457493,0.10562609712514634,-0.4431289920212116,0.0597194816797632,1.9352278029253185,-0.33713605486374937,-0.15501936390322757,0.8018218153291085,-0.3621474785160594,0.038421415741742584,0.35807826847706037,0.8115078878686917,0.3415228323310363,1.6203779896015356,-0.30392717270840325,1.9576616722156395,1.1312572272628505,0.6846430575325544,0.5714345048533793,0.6948816345387329,0.719757250248356,0.6028137500593458,-0.22497708895037738,-1.1727566846783406,0.1592399929871464,0.527289036331208,0.4543547418311157,0.6771023589711296,0.07446090908596796,0.9284661131441544,0.15933965829850677,0.11946176634080949,0.27010442895389325,0.4319847251386858,0.17142230459124558,0.8504503441632717,0.9368701422411104,-0.5319067802616109
2013-07-01,136391,144264,3885,7.3,111462000,-3.7,4.4,3.3,15.9,-1.8,99.0814,230531.77718389843,553142.2248204442,1743600.5218982478,230225.9061299482,1129536.9133121762,23.98,8821.4,118.2,176156,11872.181393018207,375,880,958071.6552530483,997,200476.03140136963,236960.28895941205,138.9,132.6,232.9,233.88,95.792,94.329,12941.8,109.20536161683647,84.85701570503349,16.021,3020250,346000,NA,0.0925,2.5775,-0.10250765781756649,0.21815043443577722,1.4228039251157414,-0.30758973236187614,0.7294966453644729,-0.30882643152899625,1.0885385972029635,0.40575770741208,0.8670793522917141,0.7708249883812603,-0.5006431265251388,0.9955362530130543,0.2591291470731674,0.6827532198244592,0.42280345300166844,1.3084642225388081,0.712763133714904,0.21485985326266374,0.226426407992877,0.5546336607443867,1.7431664774694828,0.1126767451757847,-0.09300170223086394,0.14117774564298935,0.783797240265219,0.6680963185518792,1.0341053600601513,-0.09216636611119175,-0.2967932819574317,0.2638912441107664,0.11889662500419544,0.49855163235305855,1.8951050203298965,0.3484453446434716,0.8168089844102802,0.286774487838363,1.3350174116894988,0.009921569506671606,0.5480009786575029,1.5280224699351097,0.6072883165314577,0.8654130864627276,-0.09188621939343168,0.2003677017880835,1.6554619803833563,0.8160433159310209,1.4990136957177629,0.9065147284015063,0.9745333780258468,0.41966114228304996,1.8947603806694429,1.5281383560389785,1.966765610368063,0.21160593413271306,0.7033325863941462,-0.04089410976221651,1.00480032748413,-0.07821536000790516,0.4538540955255051,0.9701314239996975,0.025362119768644716,-0.1987318469637378,0.16328890089729103,0.9507920770726693,0.5532412520002875,-0.1946083183937288,0.30927813862746323,0.9727472262234621,2.2522978406038248,0.753289009292617,-0.5073959926873503,0.6627891254434847,-0.5200941369641566,1.1587606823225194,1.0464222693775083,0.5871466664753043,-0.12264398500051343,-0.01497423500299999,0.5146116685001372,1.6677744658261342,0.8388571870359649,0.21928529432481925,2.0383810939956026,-0.816612425859303,0.26991681302367715,0.022838921017144586,-0.1184361977504059,0.20940286565735178,1.1936732434330806,2.181067234033711,0.9519826008338281,-0.09766356599638026,1.2131710769801203,-0.6028695426650693,0.5970243145447551,2.0888660361191773,-0.6923751874503925,-0.7780470535929573,0.4289498737132896,0.49821424182221785,0.9958915575865884,-0.10444124337213172,-0.26223816638643294,0.2871128303697655,1.828195723028817,0.6985477142587928,1.7999379957375226,0.8208151849973033,-0.07485832676915169,1.3766776405135799,0.023437887099188016,-0.2288932508648905,0.7043265626103457,0.12935476729008985,1.7018592674216992,1.154926062976075,-1.1696276074338867,-1.4747259338008174,-0.24660809449787058,-1.205619161137085,-0.2641015256224342,0.2576792216302786,-0.31378345100637134,-0.17002844885181795,1.5969859438723064,-0.1513264890266369,0.9188678141861415,1.2355247691847606,0.11725726943001515,0.9570364103226233,0.6328887821807928,1.436973956987838,0.8368125767344904,0.9752068295431768,-0.018956472206848516,2.0704604524747365,0.7265447535408881,0.6990396557478049,0.722282023648188,0.593420282730902,1.2165267083556512,0.41638625413757147,-1.2126645062413008,-0.7851915021538097,0.23906262367208822,0.4069435984065099,0.6485925060257113,0.8050815010210264,0.06602345505058417,0.620516649890774,0.24814614995609094,0.4640247909803904,0.5605587222422438,0.36183104160769514,0.14432895697944867,0.8713706186399254,0.9528694133622584,0.9933886639604935
2013-08-01,136646,144326,4085,7.2,111698000,-3.7,9.4,-1.2,8,-7,99.6543,234245.4187253737,556663.9564700732,1749004.0711460381,234055.70496382928,1132072.0495340547,24.02,8846.4,118.2,175490,11890.049408968665,381,917,968437.6759021828,964,200521.1916525945,237152.62576354574,139.4,131.9,233.456,234.336,95.934,94.431,12969.6,111.08678883399004,82.82177264947794,15.827,2934400,333400,NA,0.086,2.722,0.539024366984044,0.26134821910468914,1.341710228036717,-0.5953480316914614,0.26938502484283045,-0.2750020296217968,1.0238506118523087,0.2682198450040358,0.596564049708558,1.0412726691626533,-0.6237789861625164,1.0050426642483963,0.47394388876227406,0.609204631440426,0.3982024392890299,1.380022346453559,0.5589591566400408,0.9846519942916266,0.41388188803147646,0.9456059433528289,1.5473906372857955,0.7719527385308498,0.05702908574509317,0.5324163940310331,0.38715064479534383,0.7314468893678225,1.2573029757691814,0.13331792789345642,-0.23221230663310982,0.7401717689360672,0.32228388530353985,0.64825993559603,2.1268439087666686,0.38204658544793846,1.42574586914866,0.05739667050183522,0.3069645055773233,0.03809809586556513,0.5242968907320507,0.5514029296356758,0.2117318381324235,1.07031812529591,0.10433306136431866,0.5376319330545222,1.5400461870578757,0.7034430723732163,2.153853734143529,0.7737226595317396,1.1735651724672835,1.184039520005616,1.479030780864469,1.3094562901535207,1.8493206070248314,-0.16624042996689636,0.6750854650638812,-0.0819296062527655,0.9231951819462552,0.5589496438350213,0.5449397019673805,1.1478033580174647,0.17916145451199383,-0.6709227970692289,0.17062063546519998,1.7509401265712998,0.8395387205664465,0.5143320419549942,1.016934784732001,0.20888974741896713,2.516765466789515,1.5957000774843426,0.14850779887675578,0.995482012407305,-0.4355040556290768,1.7423760141653877,1.2296628806603684,0.6376895951282685,0.45718448162680253,-0.04842944910226084,0.14340505910974446,1.101276602414888,0.865099389382028,0.8209940797539766,2.2391078280407997,-0.4493138064189976,0.28705223485918807,-0.9110206547253835,0.9564822685575121,-0.065682001293982,1.3015826045774832,2.1021405334841297,0.46122099280450546,-0.10691461893420665,1.071170830462815,-0.31156854801859984,0.8961938117128696,0.6097156558596838,-0.7604286053179538,-0.7948276455776025,-0.4311730491155482,0.20429554149670395,1.1691721534351993,-0.22152781976273397,-0.7910833719568314,0.2531287638752067,1.7549837956812055,1.1190380717834099,1.6427837499244509,1.152378790110301,-0.07673662899018244,1.246793433089789,0.8955910246062345,0.017684962316752824,0.5868337795719478,0.11818430493757869,1.2131161680060834,0.6652120205173415,-0.759988505227478,-1.5234911104055473,-0.3725580039848421,-1.163446447263589,0.22301886263398327,0.43220591783949774,-0.2515068514806661,-0.42759488752772074,1.6900099885581454,0.17507161492244683,1.2444504893038952,1.1284128037079133,0.24243039717528742,0.694406151468767,0.5433560262481403,1.3852877196095978,0.510260982532555,0.9992280288904787,0.53971665504762,2.1398969548710998,0.43952208098221063,0.5352484575190184,0.536293106446894,0.3833783305206039,0.7501859872540626,0.6583541690895446,-0.7571548236063523,-0.9131600029655959,0.21220655422116683,0.7947536217984376,0.8894484091796487,1.2918011679418677,0.4512195141305224,0.5715716342488741,0.10512152404550863,0.6884507553630977,0.6837557000226837,0.35599116418466986,0.1225351321879587,-0.011009289657203299,1.0112146919836396,1.159416291600621
2013-09-01,136821,144418,4128,7.2,111850000,-3.7,7.4,-4.3,20.6,-3,100.161,247450.40426773363,559846.2115528883,1759242.0719819507,234718.05451362842,1148576.7275152123,24.06,8868.9,118.2,175575,11925.793948487122,403,850,977453.7384346088,1004,200471.99299824957,240335.08377094273,139.8,132.4,233.544,234.7,95.976,94.543,13027.5,110.74643660915228,78.00475876058904,15.857,2895750,314000,NA,0.08,2.8225,0.2704105770055518,-0.4426667288185281,0.10928169807092755,-1.4701775831766069,0.37504869331432306,-0.579075349631053,0.6307770692709616,0.036726868348994565,0.14266287295383878,0.6435967655869055,-0.5032569882315515,0.24238650006231446,0.10275811609713731,0.4378841356652629,0.5135726679189683,1.4935718662905109,0.3910946473000417,0.8485805086332003,0.43481703592952886,0.96103679787293,1.4668223755220196,0.18624598264561665,0.5410412016324331,0.3501435326849094,-0.06937586287456503,0.572038306746898,0.6431688233588015,-0.03382651916807319,-0.2433991310210372,0.3715539327217511,0.10280111064887441,0.45925006495931336,1.6702617039258794,0.2898162737338345,0.2735142861070385,-0.5327230107852067,-0.46724225904107897,-0.09705681069735965,0.2919562906257345,0.134017820447954,0.19343417851860156,0.48471131000193335,0.2812777104683984,0.12425309586947351,1.0672557129425742,0.6396361443983191,0.8463884262991727,0.438574765004929,0.5852514726793444,0.2124475076334726,0.7302372432135672,-0.2835696346294199,1.4126909913287542,-0.1689617631172422,0.4572166536027366,-0.03224659711162643,0.4886820086763854,0.3816733277398475,0.30892722653174254,0.7993643735420914,0.8056654661608662,-0.3454712457378178,0.1996837244759704,0.5306106779993243,0.7748058759065638,-0.07287515953769001,0.29908292072180925,-0.9500192814179826,1.485218896543106,1.424228962556902,-0.0861474162641028,0.879951323352367,-1.0164462663966891,0.8216734679809551,1.0307062949561487,0.31202019021925786,-0.5851404102973089,-0.15636614750410896,0.34058023142941846,0.819794932644292,0.9666928874916558,0.020281794273393976,1.7057660400492423,-0.8813230258722926,-0.20079394481586116,-0.7257974530961147,0.12944166215927672,0.3164765380299532,0.5755836075295696,1.3926140560922244,0.2240785170582263,-0.3836699214430275,0.9886372460276768,-0.4350833920554906,0.5580970795358511,0.2942160841748888,-0.4714260972805844,-1.2847852145646317,-0.5131972920091172,-0.38043705526433086,0.7164688664834068,-0.5235846082981349,-0.300526663677203,-0.2666842465292275,1.4882811597586008,0.7057933784181031,0.5795740102396361,0.6529696827355129,-0.049495317149945865,1.113756695771856,0.6566616053029923,0.41950023005681725,0.2919950055680024,0.5495823074494369,0.3801329755373367,1.2354668171618757,-1.581758102553506,-0.5170421991351634,-0.18609937769931997,-0.7155047275153189,-0.012757267368808086,0.7071193935845335,-0.24700452792632724,-0.0014409772697043057,0.33868248775375437,-0.1918530664434616,-0.027409457818666477,0.4914574306525252,-0.35865528061063157,1.5818418194598771,0.44264953294486126,1.6788815497771423,-0.5158903904457006,1.0305725295451216,0.9497962495497266,1.8138690577473824,0.11051861281929794,0.9692392034572797,0.41822853930563963,-0.3605618526573507,0.5728137930689574,0.654338003668428,0.6412117034755066,-0.8788294671876584,-0.02054928593111459,0.623572975812886,0.2857127367705692,0.2191512984297353,0.3721481008529602,0.30694489175502915,0.10822088175121525,0.25190476986136184,0.07800582449757602,0.12690950135103046,0.0631033109474889,0.12356739977796687,0.716299192677614,0.5981942429976528
2013-10-01,137041,143537,4222,7.2,112024000,-0.6,3.5,-10.8,13.4,4.8,100.082,241132.9511045441,564946.9839651207,1775085.0044626398,236041.5387656993,1155902.5212532387,24.09,8887.3,118.8,176061,11964.246693651603,444,925,989785.9588150216,1044,204307.87800588954,240253.68614923573,138.9,131.6,233.669,234.921,96.103,94.703,12974.6,104.61692142805117,74.62168584392238,15.727,2928500,358500,NA,0.09,2.6325000000000003,0.21459776003061848,-0.14579182927020945,0.016655758724012266,-1.8178861151097376,0.6770231508436365,-0.46579308656815377,0.4350624095147213,0.18036855740465157,-0.3507850114183425,0.6051268187854479,-0.4830457435136126,0.5276407214261282,0.1159749266994383,0.4257894839674791,0.3510454210615419,1.915410523785483,0.5985068586523667,0.5391143392847121,0.16374244517854114,0.6438546819878739,1.0748802127983128,0.22125837425067915,0.2177840840291679,0.5481205385604505,-0.3628796841823009,-0.2095497324968671,0.5616696597176917,-0.425834104858656,0.12075262487518075,0.40531862936992163,0.34733688832244736,0.38357768058281533,1.1741449343776507,0.3597385432370607,-0.09047531627863718,-0.3531785158166795,-0.403406651000615,-0.09422696899026885,0.3038508117449409,0.4008799349207064,0.08050738142783419,0.5995203771419226,0.30298729405032027,0.019382079272683407,1.1682865188599298,0.7003247785266123,1.3969489817603316,0.33099425417268713,0.36969945344817223,-0.13062339703653542,0.6749338770540539,-0.6814169518573382,1.1748460707621387,-0.3710690066009608,0.2374185414045945,0.05654209151454438,0.0940889583200421,0.04602710978844365,0.2604430691798076,0.3992822410637886,2.800713649151383,1.0360841300519879,-0.10171507580494907,0.974308830796973,0.9632624318560291,0.058343421932323065,0.5811114713634397,-1.1717395942727769,0.785765792812464,1.000766859055944,-0.3732265156605524,0.7003004408520029,-0.6335952063125582,0.4333872240790777,0.8222930012915869,0.282645634070072,-0.4662546546904298,-0.1860628175210357,-0.04267854205571181,0.5433282153763611,1.1236008938390643,0.3542988957950975,0.9491734740869073,-0.8108050660195071,0.007145242373757749,-0.2650258830200751,0.010723211585920284,1.5321872332613786,1.056258583619671,1.2900913349723369,-0.5170956591131287,-0.3142976063798104,-0.0549546577165516,-0.035707667861967496,0.36667343140703307,0.850231822093459,-0.4328481958554552,-0.41062479036505656,-0.4537261871690541,-0.2270551972316812,0.4715988178425482,-0.34427395251634485,-0.5690569056515262,-0.16591252101880913,1.7061999937974393,0.8273510344375186,1.043049167724311,1.0476225231863665,-0.08219872156853389,0.854288962202421,0.49367209741537627,0.6684984486405477,0.30879656595799027,1.4498696770808435,0.518122747797537,1.1633751202773197,-1.1059101007041823,0.5866461784848109,-0.8179756428922043,0.321290844905821,0.9374243253028198,1.2584018062546625,0.7175754278491348,0.8453223953226665,0.7793715042303226,-0.1367303948481974,-0.08945269829344794,0.5502421695997514,-0.6538995028931082,0.024431028374617185,0.6395061947968139,2.1270326784139657,-0.20502508409545217,1.2025876036142302,0.7073158851108109,1.5209756112168609,0.033967810020426446,0.9765818190772324,0.3511945135499271,-0.30533653835001323,0.5807207766796165,0.737834561062532,0.5295172645830035,-1.1059453145520644,-0.0907267965568922,0.6250195938999986,0.23428881922658687,0.18656194873076237,0.4894626815540068,0.1413480629854093,-0.03040841370457293,0.3701110799641207,-0.10335809843330677,0.04943593994088188,-0.017551777930912383,0.3469251169211953,0.7347949640470454,0.5509697270264887
2013-11-01,137317,144479,4119,6.9,112255000,-0.6,2,-3.9,4.8,-1.2,100.3158,253341.43756623653,568907.798765663,1778590.6515651532,241633.93803378844,1170030.962325707,24.16,8946.2,118.8,176233,12013.486274754276,446,1100,1001726.8250109097,1029,204836.56463645244,238351.7237079983,137.7,131.8,234.1,235.359,96.246,94.86,12998.9,97.5209359349999,76.45267542725571,16.079,2851200,328200,NA,0.084,2.694,0.3938476076778064,0.29154396672973787,0.3835111298248046,-1.7919635685447404,0.6799704420225725,-0.46574406650908107,0.7578663920491844,0.5289068814946761,-0.2921651863935804,1.1356859416096396,-0.657373763681902,1.2897053968573715,0.1704899770104792,0.9729066356932066,0.33459420349864594,1.376122711288774,0.6239244133414829,0.7676256698017168,0.3991487723504124,1.0164891965211662,1.3362440068222883,0.9430543885287183,0.009150176585685258,0.3676838049419241,-0.3647424091464724,-0.23827691529949308,0.5413754359423039,-0.6134449721794795,0.7012075080838185,0.7575938109186962,0.14907492589165142,0.26583583780728137,1.3408453338481727,0.4055145707978153,0.36643953877669955,-0.15171137757400072,-0.6784227622817638,-0.031548530828110155,0.3766627569227644,0.10594552471142327,0.30624697372828696,0.6777238207871291,0.813826779228737,-0.013553926725536257,0.8316014542926781,0.9830668991932723,1.1024792509622106,0.28100213996597656,1.0268246715517206,0.0748485962562693,0.9040881657514669,-0.20213059258784735,1.0427743425551026,-0.11594938806948607,0.5554777554092518,0.07286146166074851,0.26925614615645216,0.24680954615443418,0.2544245056273721,1.1729412855110959,1.7961689647258214,1.4153486765769654,0.0015399172771387592,1.0622791833842915,1.287198792734472,-0.44925605396671503,0.43546715236305894,-0.7057408691129702,1.1978767591528245,1.4462704759306049,0.03771081368201711,0.7625460319472787,-0.5044631454627013,0.4780499915783328,0.882580914300791,0.07070187411330589,-0.7747458905230357,0.02122930846231981,-0.22042078381179492,0.6036110325845924,1.3106147829847172,0.31488064303717234,1.5958766120754158,-0.042807404747131905,0.15681050248078365,-0.270560672395783,0.24049667142587705,0.9829553667571591,0.7735114714435686,1.2442348900548235,0.48425584955504825,0.2898980161945132,0.6324013542734332,0.3046960916618365,0.817411530870249,1.359467239382373,-0.18716995722377225,-0.08872229909667624,0.01643904985408352,0.10966228047928693,1.2231123748621167,0.10650495975845835,-0.38465207816676256,-0.6324245886472305,1.5172911535700229,0.45694058616617733,0.18224617323948428,1.2299285132277555,-0.10074790175657553,0.8550681608934341,0.5811077018834102,0.7981780958358845,0.48742517544979064,0.7195834488043001,0.10094574442107056,1.3527816730019886,-1.0852910177016157,1.3460309774409223,-0.7430574251735984,-0.19388809793508066,1.0435976911159899,1.0241348530799523,0.6106690378291355,0.9287117385274597,1.0485157961331526,0.06897792991062361,0.16650036884076655,0.9931128536444466,-0.5377201222828675,0.08900022197378812,0.40961054937261093,2.0665062984233,-0.38538908449571146,1.9396183518205834,1.5601539996697675,1.3883490007034782,-0.060493088556585056,-0.09017114365182198,0.18817605272043467,-0.4763779532307083,0.7351341269331051,0.5351595057379336,1.1260709128362996,-1.22302066531365,-0.009243278517815938,0.5912625403221531,0.47728563874151336,0.1396821131765396,0.6991217018471855,0.03633226251765639,0.3176316802583862,0.2992673885852946,-0.0020018305838967114,-0.12624802418574965,-0.12801261153152096,0.5226088889856637,1.0608478359049052,0.5906221446417645
2013-12-01,137372,144778,4121,6.7,112534000,-0.6,3.1,-9.6,3.9,-8.2,100.5175,247351.00711514923,570884.9337233183,1775220.0459207422,234191.09257991577,1185119.3810027589,24.18,8993.8,118.8,176727,12024.394797436058,433,1002,1015631.5472856639,1005,203523.34723172983,236663.76252411475,137.8,132.3,234.719,235.759,96.414,94.961,13019.1,101.26122762254444,82.7868768161446,15.835,2858500,346000,NA,0.08499999999999999,2.895,0.08141000964670458,-0.8022439806308465,0.3881752239239109,-1.4040657168175548,0.15947863958624683,-0.09555105574551467,0.4078500751030701,0.22422096308481748,-0.11950047846219175,0.4093626631253308,-0.8186359457351374,1.2576623412812313,0.3821743101797671,-0.15565694879402664,0.07022326201548727,0.7456255436566097,0.5245268581739096,0.7893238683627156,1.056761758572002,1.4963807808264944,1.1753462960515269,-0.560870906457091,0.14046045409091945,-0.046376590384740984,0.3318320576563762,-0.8278401964878734,-0.20805405230328847,-0.41381741204745964,0.6547143780782375,0.2997901826164639,0.21556018715849654,0.136082703169698,0.7371923157413378,0.5690464981217918,0.49920384085460656,-0.4558977705875724,-0.16589845800609487,-0.0360626693164732,0.38470115678352873,0.12752911152084517,-0.14922263931445875,0.04476192601066822,0.09498377497141991,0.10097432656465433,0.5888721795540791,0.05923673794918645,0.3013816910860732,-0.1350015985616463,0.18455341496742375,0.3332194601884706,0.8512966275008779,-0.4015987189267663,0.7789744438919751,0.16955456870063457,0.8347895558116758,0.12493477924453775,-0.25397783470664037,0.7316469073136063,-0.04417817497721446,0.47595449877842755,1.4198575089432572,-0.22209337324658032,-0.20732318292230267,0.8191427280671073,1.3604242396598087,0.1760137023440961,0.7987947846371899,-0.636897237788233,0.9376482073072989,2.0271511829690616,0.20033919736988884,0.48541869459946074,-0.818240417876346,0.863485926925525,0.6735783068041027,0.3892442632068083,-0.804672714605253,0.7123001833303825,-0.9829856390002959,0.42261854454691317,1.2944777104532719,-0.22888961288063456,-0.014810554858000775,-0.3137617036945932,-0.048319787013716906,0.09400234664200309,1.6116092060040847,1.0998794053830354,0.11379631524579241,1.3358494456076055,0.8840828476999191,0.7027938853826938,0.8764203682606554,-0.24384847691394848,0.3883811700294886,1.001353980593835,-0.07094764447239615,-0.6158565158616103,0.6645765320117731,0.1459184675236791,1.380535672161818,0.32132463897794533,-0.39418153951702817,0.4966270183810175,1.203390811523193,-0.5610250495954054,0.04465754803206264,1.0422273760896863,0.0041061387204958735,0.4899905795668079,0.9964901620803028,0.9779225259356767,0.33920344670946245,0.482614708243009,0.47107216637563415,1.6866745209127718,-1.1196395383027227,-0.01090543222329377,-0.6947234860754791,-1.1858887911340426,0.022907212861537796,0.9176559879209354,0.16893777793249623,0.3890941425522792,0.9046292550604895,0.4010875916660259,-0.30691608632661943,1.3274623146340456,-0.29394038815537066,-0.08992102888498651,1.0118531314576433,0.8346703748361183,-0.5282764975449449,1.5021267244563454,1.1508156271830547,1.086094884025864,-0.2120490620944291,0.11989197302957823,0.19381172065468663,-0.670059743818666,0.5144328293252792,0.5824496779699554,0.9708053057950056,-1.3274027610324761,-0.2978197826819931,1.2476604539932012,0.41713844135356826,0.3003018795143586,0.20560658296726222,-0.39908118849961416,0.5204604397047111,1.07866710046356,0.08974547447012443,0.11158076747861498,-0.16471285213694392,0.5404700662382984,0.7353472769187887,0.8432140607075108
2014-01-01,137561,145150,4127,6.6,112784000,11.5,13.4,-8.5,15.4,-0.9,100.1599,232407.3115697518,572978.0363094376,1783089.3839173887,232917.5895832902,1186276.3160618544,24.22,9062.4,119.1,174918,11984.59850539259,443,888,1021163.5994783364,976,202577.26623470717,239635.04254041854,138.3,132.7,235.288,235.961,96.614,95.064,13079.5,97.93611691887304,79.38887334392238,15.614,2876750,326750,NA,0.07200000000000001,2.876,-0.08875189227076773,0.5870580699280665,0.35010544056054577,-0.9611315831102074,0.7740488073209619,1.4891803338241343,0.48664134323044667,0.73178371412353,-0.4294028140555393,0.795687105902956,-0.9683833451607059,1.1123152921419126,0.5151639366170414,0.2560268635412258,0.39412106026154997,1.198618415587962,0.47307342394977686,0.6281642402805628,0.8960888678320076,0.9906277485062531,1.5219186029567902,-0.7065067585140977,0.06375569395937496,0.8638532487136672,0.3393570738568364,-0.45446650793663146,0.32348148402938515,0.08941636931112885,0.3801188257036509,0.4847921172475092,-0.161898898997521,-0.08490161031001935,1.4417153755562298,0.4067988714247171,0.14693066364842347,-0.4849676415415066,0.19450877763936789,-2.805354947496507e-4,0.40024071390517735,0.40457142962994086,-0.2141171051678994,0.17713116038496263,1.1589133356497319,-0.21797449668223637,0.5148472852172729,0.8568399221960645,1.100338580764428,0.2391631438802552,0.5932945923717908,0.34186837929530317,1.2817846210336818,0.19431634416870572,-0.1698750106473976,0.8370324395787105,0.4087468032466671,0.020753229082533853,-0.21626958322844855,0.32003312722239563,0.5577376589779097,0.25461700287521083,2.15567628687207,0.5621773350382543,-0.6693720308873475,0.6688352376865786,0.40110797253784947,1.0258683010128098,0.9467900731015406,-0.30328403304324514,1.2128784075336636,1.6255755508915277,0.09026729158290353,0.8951296465696633,-0.8935382875762948,1.2409115501522654,0.33443683949222924,0.06174021443866506,-0.31836035948432784,-0.09350759341420108,-0.6220665503130118,-0.01298303933956169,1.1396213065488692,0.1018769257542576,0.8890828689469562,-0.8125917848797761,0.2229014018587674,-0.5765010912381304,-0.1433174912049022,1.2624693052995564,0.46529320187534917,0.8697682756179866,1.055706186896339,3.557845637713458,0.4696396383128656,-0.37590773849033915,0.2887409197232352,2.1348330244263174,0.49990169175188065,-0.06777231593717264,0.6110937543333471,0.23722536685381615,1.5278311506091578,1.307271460569989,-0.2141292855865193,0.2520089198008495,1.2689450699862705,-0.061757894288074,0.20621807993594868,1.6274993541029932,0.4460541201305756,0.907141088122763,1.1161864091258293,-0.04885491804600479,0.011482921733511375,2.375607601474737,0.40156183268527923,1.2894930939366092,-0.8163751831142451,-0.1700736348178469,-0.6949898580117201,-0.21515472501314045,-0.2237798519109728,1.3714422602528085,0.24329454282163798,0.18430947952348822,1.1090965303611253,0.7978550795942451,-0.1701733414527022,0.8055385991385604,0.9226996144607787,-0.08072292184278394,0.5640046818528418,0.45208761682786514,0.26854282966823767,0.4716186766923862,0.8127735409746327,1.1530943544008978,-0.2504550393741981,0.5802640510600154,0.6355956829549729,0.03136348577954504,0.2791288156429004,0.45001408116369146,0.06427117980389285,-1.5089982074249073,0.24130004707878647,0.4986653312117001,0.055486151715552164,0.3781498740275821,0.09400919118557675,-0.2416871662896146,0.1393552349674168,0.388138946108181,-0.15028334017014505,-0.04424159121989641,-0.020027049870509645,0.9806217442213231,0.8546489751304188,0.7257492393264722
2014-02-01,137712,145134,4373,6.7,112897000,11.5,7.1,1.3,2.1,0.4,100.9168,239375.1293192634,576457.6867370164,1790319.5029044866,237606.04179598595,1191320.0910407614,24.33,9116.6,119.1,176923,12039.00268984068,420,944,1021661.4938961307,1039,201739.08545416925,241523.8981998759,139.8,133.7,235.547,236.185,96.66,95.109,13148,104.30374508586799,80.89050233328408,15.993,2848750,335250,NA,0.0675,2.7125,-0.33406565655505227,0.10998054703503812,0.06429043776668501,-0.8883552756490969,0.9317355167686625,0.986862249851863,0.7771842770359463,0.5901049580179161,-0.9294056962542148,0.31893040629853364,-0.8520379961106771,-2.4161303791038056,0.37758574675796636,0.9812264243636764,0.41672951553936805,0.973052765043669,0.06214437059878271,0.3718594750160826,0.6573263381355372,0.8061575256414121,0.8908619517476024,-0.2690238992387734,0.024617613120455913,0.7053145460208297,0.07464929351472485,-0.821142839618311,0.05270255387765775,-1.0278726075112639,0.18517720842433813,0.16822976735821854,-0.10436026618065607,-0.360766116301885,1.2703307697822501,-0.2435155878293729,0.20949145001092723,-0.37016422131367577,-0.38193692837946075,-0.003605834264626595,0.2575608886911422,0.6089698665738749,-0.26551307690513515,0.15677295070563296,1.1070415796203217,-0.2800510490334388,0.07746324332608347,0.5504946368156431,1.0960287509918838,0.01146354251409905,0.5230634430257597,1.3633278871524879,1.1046023900871442,0.21609110360864991,-0.925636253492665,0.4878327777046731,0.3324549599888161,-0.1312838294205847,-0.46678564363127273,-0.3585362393784323,0.4035310852863017,-0.4270826534985816,1.0067645380442578,0.5231280613129237,-0.7891994784008448,0.8309151160238406,0.3483782323105268,1.4496283579372642,0.6737469854061385,-0.6165985306748922,0.7271780698875953,0.9123698147891843,-0.3986298626347423,1.2190506368434852,-0.5934392975858608,1.0674189806880998,0.18140942964354298,-0.31426311455049105,0.4120091406754469,0.25855225135708015,-0.9359263599703129,-0.32960804861024295,1.3861687644915976,0.5986817578946183,0.7730600846287365,-1.400441246003786,0.09155541316636648,-0.9800518317430192,-0.4888936881566542,1.34889913431334,0.7650958449701958,0.5377895045053931,0.9943956243024463,0.8809589500031966,0.24000780937562005,-0.12729627280562894,-0.14133211822034242,1.0426756723806165,0.39189886042195543,0.16967110774127894,0.7151862125139888,0.08100871018994962,0.6449331843634083,0.5507127332298203,-0.4744108428311261,-0.3494582915976958,0.7872345999438952,0.17682899835268034,0.3112703866655163,1.723002016788065,0.6430018767118977,0.9575157583068967,0.4665078314569184,-0.03329922960008674,0.11489133394033878,2.5851910373909703,0.31085445574348,0.6483414393258635,-0.6893853078714792,-0.10628441284206143,-0.8576954433642977,0.2791972829948691,0.3229476893318785,1.6519512784252162,0.5492890749655779,0.5730558722256671,0.6946133474104541,0.17832335254847864,-0.14621801192388179,0.41705638201861217,1.1984395864439197,-0.1443215977619038,0.9311184888162403,0.2651344468560498,0.10828311053249211,0.3217294116601721,0.8603883914553504,0.5994565240385454,-0.28811464510785756,0.6420363264088589,0.01023072373485499,-0.27922668857681526,-0.27868686066449405,0.14642684733797623,0.09431566187680698,-1.4329787096460278,-0.005575633507967728,0.5940761167080102,-0.09643674983124882,-0.024004872062075,-0.05454037320175668,0.43322134321661465,-0.10277930284775819,-0.02999137414795089,-0.4061718800039723,0.18793307652977104,-0.09406521955856137,0.6566336753503965,0.3866149412806452,0.2549285596864873
2014-03-01,137985,145648,4388,6.7,113005000,11.5,2.9,-3.5,12.6,-1.2,101.8942,243231.9371998141,580782.9365284304,1795364.7088479197,238479.57444610857,1198237.876362134,24.31,9163.7,119.1,178466,12107.937819552755,405,970,1023763.8795641171,1067,206121.98522956154,247309.8176935392,140.5,134.9,236.028,236.625,96.815,95.25,13219.9,104.11609771213139,79.58846332619189,16.985,2779200,321000,NA,0.0775,2.7225,-0.295580995979833,0.2112729242067243,0.03953118535134188,-0.6416050002224928,0.9545023800571847,0.11891604521457966,1.310480326511038,0.8249911841794456,-0.9973048939028105,0.061767034039234364,-0.7814111246472308,0.17070999729949649,1.0237999632803976,1.1054156474052423,-0.052136509602544956,0.46610990662193,-0.22742852700583388,3.8264807972624757,0.20800260012850907,1.5675303168497434,1.1148375228203853,0.16633706774949575,0.0922852215295996,1.2900992268634073,0.38279319919495663,-0.5958287385561046,0.12094793061116448,-0.9147294817220811,0.3134878903187977,0.8260501773671227,-0.24592190238236492,0.09196332903467126,0.9194567864167377,-0.23108947681332573,0.8221965248215576,-0.5425878397096471,-0.1791586169961632,-0.032602055083873586,0.3015858031739773,0.39529370522118107,0.3052113671224948,0.42569234541750495,1.5192152335488673,-0.43921360336886195,0.7299778255365522,0.3334494078475875,1.0212627123861837,0.4153397222875495,0.15262334549742754,1.316523269709461,0.8329207298590966,0.36997366290569994,-0.17763983759577978,2.75541107637411,0.722688807033909,0.27071255210571604,-0.17499492463870772,-0.3206691261814501,0.6451330813517717,-0.03392548465709202,2.3592437567922286,1.133063506161767,-0.49574734031773815,1.1158256451587905,0.4768896400481868,1.0319156191435055,0.8821353197739683,-0.5793952406668106,1.5532559687684806,0.9713453928232786,0.08337149459116719,1.7026589317621637,-0.44917034981500015,0.08193744175369064,0.10603877987087955,-0.4477929005682965,0.4921544292291242,-0.09145618108175425,-0.40420097361944074,-0.18220104344226387,1.9842996662364172,0.35052842795976025,0.47175894304868554,-0.3061962540484079,0.8639311486230933,-0.06009154668811576,-0.20460256268996121,1.4650887039725018,0.3551306796635616,0.9231713406490162,0.5587917315926223,0.49168410098239945,0.16842958495894522,0.47030003845702706,0.6853738012945598,1.6252384265747253,0.8604865428402727,0.6736875848038332,0.38307049295967777,1.0438451247137732,1.0627781172815585,1.1956423609833475,-0.29545842569890296,-0.11889172461556247,0.31031470237555764,0.750055865660902,0.4653211166884016,1.021136541395517,1.2708164800974382,1.5950223200084732,-0.10787877567067332,-9.711243389019609e-4,-0.008746087297054523,2.236690244151521,0.14707307999105365,0.5665392288226235,-0.14978418077248173,0.568425896336444,-0.6840509592372729,0.35640348894148616,0.8893828826171728,1.30759011573109,1.0307387280596243,1.077317826398902,0.7277386682297208,0.44961456304562153,-0.03532928982000834,0.763528213090634,1.287324604235648,0.17519208030705455,0.6485860668232114,1.0259624526240172,1.1168350009343326,0.27541027726703843,1.523597800098432,0.4582764036100276,-0.0937567667242966,1.0841564869040319,0.19433401603526942,-0.6528743726233873,0.39387786254942164,-6.564650677880139e-4,0.44855026538188575,-1.5028759493517945,0.4994901770082864,0.505188393863529,0.030658831373348537,-0.09153953981017628,0.016242160297734155,0.8791618243291107,0.100122670614458,-0.11654734472526437,-0.4613524656132255,0.014095636548058503,-0.057935740684699755,0.8493153332777628,0.16694645326053642,3.133043689323293
2014-04-01,138298,145667,4566,6.2,113154000,-4.7,3.5,-9.2,16.9,-7.7,101.9928,244689.4944683308,584544.3203728335,1802057.7181825808,238090.67194572472,1207010.2178642498,24.34,9159.9,119.8,179959,12127.707837132812,403,1043,1038181.4057554106,1090,205133.67770938374,248819.9449410746,139.7,133.5,236.468,237.072,96.987,95.413,13270.2,105.2409085753761,83.85814417725571,16.695,2721000,322750,NA,0.0875,2.7075,-0.2477103353468214,0.38600327086158753,0.06606923578903351,-0.7511360301768265,0.752497428087313,0.3342093368416103,1.3070253686895033,0.9028509810330788,-0.9471047938602893,0.8329382209664864,-0.7529294982790254,0.1915258808241652,0.8777307494760442,0.9632324767246222,-0.09390765780694542,-0.042883326427068894,-0.3376466178828305,2.2494167219904275,-0.22110538207447442,1.3530024211934168,1.1136727518446417,0.1725174927293276,-0.40764316567755526,1.453171358917264,0.36283101839955617,-0.3977202234277521,0.5514339537893707,-0.5612841949062639,0.11157816173620926,0.8198168944518972,-0.48223737007622186,0.18052217583993707,0.5866848593066583,-0.3020280949191249,0.7199301167281554,-0.10881756080525484,-0.33971089088560097,3.4754408212164334e-5,0.2365247706622945,0.5116051311477082,0.21622037124905877,0.5924198505150019,1.0654192244815655,-0.47195214676677083,0.5692825411290652,0.43032727640004237,0.6737120207522779,0.3639157037866074,0.21907678072212933,0.5824473789975816,1.2410914712994632,0.5470548043802608,0.021420362506436808,1.474325036099169,0.8122228017152014,0.4290693862244343,-0.10863637850310168,-0.4346634207536572,0.48535904485936254,0.7054448760830956,2.3585527502004404,1.09284980027039,-0.44155296906997804,0.570152114996707,0.06479801274690204,0.6368741630339967,1.043468656059841,-1.0140949071878038,0.5600001723986497,0.4887539984614022,-0.029166463885989077,1.428542361459255,-0.40411137420859616,0.15643529993706692,0.12480692526789804,-0.3581480509979018,0.7759965335243225,-0.3448705437332544,-0.46281812380009946,-0.015293104577672514,1.7230086681325714,0.6320955712564283,0.6758512505598888,-0.33305425282388834,0.7911207300726273,-0.20735739815328993,-0.36514545635295137,1.1398411369025094,-0.021018650968610886,0.7647339230320636,0.25797197408633776,0.4202207773825539,0.5304425273698533,0.8425210858596724,1.7279354606886954,0.9962379759980947,0.9273945591630104,0.5002062222807153,0.17132443235859776,0.3576518898304831,0.37748199122905396,1.0840805792587929,-0.2702665728696358,0.57020447008187,-0.21234774980790955,0.006262866975965462,1.3548991156467671,1.4226030043495776,2.6628591729251143,0.9453642646272723,-0.21731339916501616,-0.013589590805095697,-0.09508105635503888,1.8727040897783755,0.09192994022112667,1.1079886114683974,0.02377332543152036,0.7140243395165863,-0.839960683808656,1.546630836687627,0.8442654973242005,1.0947296536288058,1.0432133305079574,1.2489433317393386,0.6446668579696233,1.139622865483394,0.05162435677092824,0.626770629235479,1.3660667184492141,0.23947836952991133,0.7317451650378943,0.471439258437442,1.1921394925526807,-0.13035735156023043,1.2804891396474474,0.12524266113226415,-0.17544524797167205,1.576035428557909,0.1335703832695637,-0.5742050844937316,0.06022555710829961,0.012510813359971213,0.30122691702845217,-1.6383679220408296,0.640414125099632,0.511598907692814,0.008477810205253362,0.2122114490415455,-0.05951499776405505,0.32129643327250945,0.2336202726994977,-0.21231432216882887,-0.5012533535555257,-0.03541519622632658,-0.03566127153727715,0.49605584859401186,0.31976318456308983,2.295650851526517
2014-05-01,138513,145825,4747,6.3,113369000,-4.7,19.4,-1.1,18.3,-2.1,102.3836,241344.56030551638,584905.3496247954,1805519.8208342618,238775.2581139922,1211377.603013989,24.4,9166.3,119.8,179916,12154.055194704932,451,1007,1036724.7573265256,1018,207192.19327411038,246409.0502022708,140.1,133.7,236.918,237.529,97.147,95.574,13312.9,105.18080846552131,81.76727538292948,17.137,2667400,313800,NA,0.088,2.572,-0.38253440997706906,-0.05758419104325512,-0.019307072674041005,-1.0590688786882287,0.2978656962673109,0.0675663675959748,1.3122268827857175,0.8481158281464859,-0.8590892877799712,0.6451607683084012,-0.5713480007116415,0.021336637448471363,0.9504579503640112,0.5917752949859767,-0.005478126247863781,-0.10631911432748319,-0.41890768469078715,1.426105865127651,-0.4025354722628286,1.1682164857253783,0.7110794640801344,1.9355079503918744,-0.31529128865384426,1.256195427437304,0.23693946388860837,-0.6875139563600068,0.23346089541786236,-0.5422314915649201,-0.4306033279505075,0.19339280849965867,-0.41040473479955725,-0.021033858904781138,0.1297762409338918,-0.3970836328762497,0.369868256450237,-0.24463338529569004,-4.60750505533041e-4,-0.11298355955027954,0.20867290473739553,0.06073624629269481,0.2890697694216436,0.32212597193146064,1.5706100912260186,-0.43597101717874204,0.27474069317028343,-0.1526969242707891,0.43515784160825444,-0.12358858872732945,0.09048833104979503,0.12021238436657164,0.656518346098954,0.03949742523084223,-0.13613132095495967,0.2557558177502956,0.3758228682699374,0.23492119022259464,-0.0011833205367940665,-0.6111227956737801,0.442111284785552,0.7682240896233261,0.5799702169227101,1.0772947528041066,-0.5075596057241221,0.3655363168227728,-0.4260500883583905,0.27685470904812964,1.4494751363937557,-1.0686340872130737,-0.018540097347927702,1.8206571588472666,-0.27603077816839583,1.175972201516796,-0.46560173275049593,-0.05239366461229696,0.010893027016345357,-0.37424066002273587,0.0520526791492003,-0.481325022456462,-0.37149394731154334,0.13463755218064555,1.1347450078305732,0.286863179727409,1.0499212519074022,-0.5763578922636902,0.9835599445813872,-0.556068674918803,-0.5495040256127023,1.180908268756649,0.059294500633480934,0.4569118917437916,0.2796473238360611,0.18644272298086167,0.0586800895709884,0.5366068268678049,0.9696439602868742,1.610510397483788,0.975954592817786,0.6260985840581883,0.4207475440575362,0.0018301042976584137,0.06870289975579826,0.5622020433905397,-0.2970665197968503,-0.1712928786754344,-0.22882270635396773,-0.0521419840984051,1.8738378627648966,1.5909763651657847,-5.78992105019517,0.3632836613274249,0.007362037032766054,-0.10825260726252889,-0.17434483362372274,1.177294507182679,-0.009788792319417277,0.11614559096617515,0.23888106917318722,0.31928017786300794,-0.7194686203767998,1.0400227131429853,0.7707578697443946,1.4118577729853201,0.6121536515779613,0.9417516245758152,0.18000774794289728,1.0894272418891522,-0.16601022327404188,0.6762807585932004,1.2330808457864664,0.06966379260452876,-0.04528564976138846,0.2644708802781069,-0.050308952668354515,-0.5912712973042469,0.3853054204413328,0.10485486647361614,-0.45131377180148896,1.9006147526917205,-0.42877036906536586,-0.7464366202450576,-0.31710425921215624,-0.40403943116728963,0.41754280821618434,-1.0667020506422127,0.5347438354199155,0.395982040172865,-0.09057682519766472,-0.027446984818968206,0.25041744339368704,0.7264185289084282,0.365718212469361,-0.4102126297439127,-0.6328893564844345,-0.04067028809491364,-0.03914367534400982,0.20936596806627364,0.1408741360219952,1.3308838578923996
2014-06-01,138849,146247,4982,6.1,113610000,-4.7,16.1,1.1,14.2,5.5,102.735,244209.43312802687,586250.2956207007,1802463.9700475102,239356.11240784347,1218786.052872405,24.46,9191.2,119.8,180122,12196.744573432183,418,911,1034851.3670529445,1010,206043.00124417755,244512.76567303835,140.5,133,237.231,237.837,97.253,95.682,13360.4,108.77813537885721,81.7619562339933,17.516,2588750,313500,NA,0.095,2.6025,-0.48231889258081784,-0.11027741557914625,0.7689811668978509,-0.9665829065606777,0.5715997362357772,0.03309695310056841,0.99970426407411,0.30777116907554747,-0.9760806518599018,0.518111413900115,-0.4273219119625088,-0.12074673670141775,0.9107070336639388,0.3582310084474361,-0.692913841294981,-0.407468417366047,-0.48932478304506283,1.2659528202295984,-0.5957095945920607,1.4423637107857432,0.6930233030129099,3.863199072052372,-0.7483058529761341,1.1630471022770208,0.14895306689680346,-0.9134339004148566,-0.5129299750645326,-0.6824590059327963,-0.5561440303859181,-0.3780480377735501,-0.5690371677394598,-0.6109660739163261,-0.23829326844830154,-0.7310992997997997,-0.2145706983855303,-0.3139025597747776,-0.337296966858659,-0.3041590293420351,-0.28204028542537263,-0.15373121135167564,-0.2678486750365848,0.001654915420190837,0.7453627807984445,-0.5842079195261042,-0.353576908881393,-0.1904310195478446,0.18159373617734995,-0.3447121996070393,-0.31669963901427334,0.14046575242070003,0.03808020484151669,0.15341813096201695,-0.1881257983282343,-0.048935537028229975,-0.3051000791319513,0.03811570696312044,-0.851921463999333,-0.6872680433841634,0.2976411019569134,-0.33291752224745735,0.6752257086960848,0.7780550931888467,-0.5309876643406347,0.7025322432241912,-0.61921962638763,0.15047821097353237,-0.008923538323571088,-0.020000640045291184,-0.24318879724351047,1.2942563109301484,0.13207020751106588,0.03521127824082689,-0.7877500908757276,-0.09002635486220296,-0.31182202716752905,-0.6762961050855358,-0.05069974574661357,-0.26634016003768424,-0.4054369098586756,-0.13854801467949587,0.5045503437230318,0.22499890539887293,0.44475513804086314,-1.407923843664099,0.8680557097455996,-0.47126115589193374,-0.6675197885191636,0.8879387631456563,-0.20124297813885694,0.3872757124537811,0.6483257292064942,0.8149670456208682,-0.45747964773081995,0.5029596804745263,1.3491088347620237,0.8366720682052853,1.0180619220427307,1.3860577173053132,0.1951811164614931,0.060732207013836234,-0.16291769556683267,0.3313731408642181,0.3589202903403297,-0.7119386034856453,0.011374464041205604,0.11404927812152182,0.8115403391456654,0.6436130669650165,-1.7945540786317498,0.18918204562132823,-0.8100861347915368,-0.5904073951704212,-0.3846047529789915,-0.03341388775628974,-0.19436119097187457,-0.2807926953000583,0.11839458794821707,0.1901539344683805,0.30295702870371544,-0.18306443007357423,-0.27803451079080455,0.9037959737024694,0.7588659415180382,0.40609871104975626,0.6408014809753878,0.9814635312577046,-0.41628091523038285,-0.1738794639859829,1.2832960945030476,-0.39098395908804784,0.220635686491996,-0.4152430394473259,-0.36488815966067245,-0.5209327118632099,-0.06845206102290216,-0.3027001393797468,-0.6016803089052032,0.5727191669999332,-0.7949861521439474,-1.5510241406170384,-0.5829550541117559,-0.5481893910416782,-0.7302089051874371,0.6096827509433079,1.057352211394457,-0.05750724071064533,-0.20507120558741665,-0.13663743060594416,0.1837487018117506,0.019148317074708585,0.6924038124378851,-0.4234496023963776,-0.6001471550194933,-0.03904881450101309,-0.04441141224597352,0.2590989435540746,0.11879594642444109,1.4110041256877401
2014-07-01,139072,146399,4846,6.2,113881000,-1.2,19.7,-1.1,21.4,7.8,102.9632,308153.7308375517,585871.3844195048,1811956.7639071057,244884.024191147,1284715.2200922056,24.48,9228.9,120.7,180245,12223.306054974277,402,1085,1042124.01556612,1076,206007.74198847945,244666.34493947076,140.1,133.1,237.498,238.195,97.391,95.848,13386.8,106.36506453368382,81.55701570503349,17.277,2533500,301750,NA,0.0925,2.5475,-0.4853105052913424,0.20455853779985342,0.7880481456830778,-0.5744773324485829,-0.05661605957504801,-0.3682542003311821,0.39483497620140656,0.005312272419266945,-1.5990009873445723,0.19325076026962626,-0.6116263987461138,-0.12672832311827115,0.6467181621778257,0.35106137592346537,-1.326697405040357,-0.24444912320403672,-0.7015210528367104,1.2702556212346814,-0.7090245889431637,0.5613490272198659,0.8570733957037028,2.200278824161039,-1.3659170812067452,0.9931473338377401,0.04630708297120175,-1.105559485995958,-0.7853184019919074,-0.35858542844954244,-0.6115951059369541,-0.8494689123037609,-0.5889783092780466,-0.5864014811180444,-0.4394052359517722,-0.7826975308003672,-0.3356371796168398,-0.23655560486576752,-0.005440779097064713,-0.18901433836276046,-0.4527924803811182,-0.25732291166550164,-0.3802968534924302,0.1583623870430702,0.22970274914477223,-0.6967223083343149,-0.7082313775912116,-0.08989167352677337,-0.010037291858665792,-0.2923298477685329,-0.4840977544027445,0.3388824359926781,0.021138675128608,-0.3630370735138986,-0.15590639096069278,-0.16077472675914875,-0.6278383993505791,-0.188285974469285,-0.8026569301305956,-0.6575242863386773,0.21549102408906456,-0.5519269640703023,0.7196096997457492,0.17711278277807876,-0.7512022856072889,0.5313527411650809,-0.9137722575631553,0.37600670109255596,-0.819139768045304,0.5925152806782334,-0.47098869530418225,0.45157564773081793,0.490048903149815,-0.4000964528224277,-0.9718556671242624,-0.08331185489694312,-0.5259406122043518,-0.7877830162871923,-0.4608381696724532,-0.015802371756016072,-0.9414603756347886,-0.40630004701804634,-0.5193769328862397,-0.2681955156145012,0.2647051349404724,-1.6141103627251165,0.6106579841084062,-0.247993595615431,-1.1412641740730227,0.20186824072648496,-0.46220915814208974,0.33924627852840333,0.17416921872502136,0.45617141306651265,-0.517611289356205,0.5961419513147477,0.31089043106354924,0.011585610683659918,0.550426448360997,0.4114183337986716,-0.23795188243362078,0.1063689370852455,-0.5807486169686241,0.9394207197530832,0.1659865445575707,-0.7765486589263713,-0.3844669583980772,0.2836187444241405,1.2182391764350826,0.3148519929362387,-0.8698026907576107,0.11819765337754781,-1.1309942610939254,-0.7335661478362344,-0.6016057250749408,-0.3909959585364897,-0.5025365142692892,-0.5730471668603523,0.6965924563317606,-0.12286926126133567,4.97176604037848,-0.7448488247886608,-0.9370881708136453,-0.22812534130352083,0.8587919522393428,-0.4747772583449494,0.6533535911041022,1.0157043895902242,-0.14530776237631765,-0.6455802381611911,0.9296429586456751,-0.48345732065952257,-0.005800858216756366,-1.0128235753252939,-0.38120056467712127,-0.40504663090491905,-0.09783238529619528,-0.3697122916279611,-0.7254102467035065,0.6505032123210168,-1.320691172770526,-1.778665931476145,-0.8543192687179781,-0.45860349932008226,-1.4307616044586118,1.2853243174003277,0.9394354578269244,-0.18949176935019257,-0.35025726339625685,-0.500106920700304,-0.05608210507224985,-0.3420964473178188,0.7674204027452528,-0.2358899621994108,-0.8427503249163348,0.022826439668217298,-0.0514036859528908,-0.005878952647025407,0.15453945216612103,0.7093739569549765
2014-08-01,139269,146530,5349,6.1,114188000,-1.2,15.7,-5.7,22.6,2.3,102.7688,242762.8133375779,590189.876667454,1815226.6562741864,243064.7264810688,1288576.5924891403,24.54,9285.6,120.7,181664,12306.246726706991,456,984,1042417.7697450168,1047,207576.5822199858,243962.2505879091,139,132.4,237.46,238.405,97.379,95.885,13445.9,99.13841793405149,83.22177264947794,17.239,2504800,302000,NA,0.09,2.438,-0.5687929645258122,0.021766252897415798,1.6138278952608511,-0.2626506451603362,-0.2054751262366234,-0.2586033368969312,0.2679434939927101,0.06287552414774839,-0.5241174901118559,1.1192483699916558,-0.76948168795712,0.025211709423246437,1.0944881899750398,0.4350780015037311,-0.7604768732387127,-0.04322125313370785,-0.8171677669441393,1.0370028251662116,-0.7053590092479458,0.803713810094112,0.7253731271375373,1.007545532060362,-1.1116976087816792,0.44730658154434705,0.18941319267209117,-0.8834498707191785,-0.6667033554650295,-0.04766842196544849,-0.28202139342921007,-0.3514182100892318,-0.5040403754458608,-0.7205236212875306,-0.4460402681489023,-0.7798742010863366,0.1025356271050965,-0.39960431889442494,-0.21728571183410755,-0.0884617257375723,-0.3745563349599853,-0.010969860343987439,-0.44910494722417654,0.16724632976098575,1.0503311161345594,-0.7380401688742919,-0.21611423341398148,-0.03599472342858056,1.771977720245356e-4,-0.3123197547682007,-0.7643331368011708,0.5472412397766371,0.07006285720907114,-0.14291089769335744,-0.5942323922004301,-0.3109168119573979,-0.6630402585888153,0.017543269319480838,-0.4526240816221063,-0.46429904276336653,0.23856703566904716,-0.502079854596288,0.6686150915913175,0.5766047774688453,-0.7731614319533572,0.7944742372373238,-0.4413116650649678,0.7010779832988616,-0.18512970160881034,0.21688977457752584,-0.2891612543714587,0.0361118592603294,-0.03413815164254043,0.46628878482421904,-0.8401447221609282,-0.09173944701558866,-0.31854259903240395,-0.64792771001558,-0.4224331222485341,-0.452170599078772,-0.77225070432003,-0.4999386661803406,-0.031648106409652,-0.07116503741500825,0.3176288103121598,-0.8323625918847372,0.7609325616926136,-0.285334280980007,-0.754463522169659,0.6095178404245718,-0.16952880408657248,0.16597761395565744,0.36667533616709347,0.26469286457686525,-0.2727371735155562,0.6766865596591152,0.3541880632695908,-0.2534841707225459,0.4777205279057696,0.10534907599450839,-0.310180702448668,0.029075986055466484,-0.4220825794947006,0.32247413477592834,-0.6808191514265148,-0.5172633475586164,-0.3966617372613388,0.14640154814012069,0.9353470828481555,0.5077030929936497,-0.6442340164985361,0.5499847194772339,-1.0310297250872347,-0.5139769438267249,-0.6717515062640134,-0.640270311300721,-0.2402735443936877,-0.5864127222439313,1.015523908376275,-0.45953488913547547,1.1370371090006508,-0.37730123928982323,-0.6489504599239063,0.41346226206919406,0.685754350854728,-0.5603289951177541,1.2919041446063708,1.389949351501384,-0.18801904313821366,0.0709341961351282,1.2316028798247443,-0.4437802357157242,0.12479859246039163,-0.4883584337423194,-0.10206194391641349,-0.2079276717728018,0.04877534613670714,-0.5406239098149235,-0.7866073117629728,1.3350286420418862,-1.0502360994633126,-0.4349194316707894,-0.7526280375162652,-0.40725231808500945,-1.467211424589295,1.4322434466787097,0.6345431121551387,-0.35303928311501975,-0.4673690299113291,-1.0269667045054196,-0.4400638656697588,-0.3189276428665724,0.6460106962237775,-0.5855381400639528,-0.9226299591801632,-0.0036624589245956313,-0.06154934483142483,-0.037715783540897184,-0.15555175414532776,0.8068565105127807
2014-09-01,139563,146778,4914,5.9,114391000,-1.2,28.8,-5.4,21.8,1.6,103.0641,242382.4335560962,591612.0025047992,1820340.3765466593,242883.39338691963,1291554.5153110982,24.56,9327.3,120.7,181150,12309.855974048638,470,1023,1049028.3637707492,1077,204726.2685678503,245841.93074846276,137.9,131.9,237.477,238.786,97.413,96.013,13486.3,95.68538080133041,85.10475876058904,16.959,2447750,295000,NA,0.0875,2.535,-0.7065865587306981,-0.05299553309189808,3.5798146343342516,-0.6245899569203026,0.5281259225802405,-0.6543350702721765,0.33741463123707177,0.5287739993839452,-0.8313039776004392,1.181334970540416,-0.5678556950537922,-0.7039924864988162,0.6238383191763266,0.6656581325596783,-0.24153328510355104,0.14779824147533724,-0.6506196045615019,0.9622714624278297,-0.49774932782477366,1.045879296193618,0.5564253392387523,2.261371489611429,-0.6914919681793326,0.9424679664157121,0.10189594956899609,-0.8379039846184543,-1.0244406441658473,-1.5305272805814152,-0.4347539369176947,0.232917199994222,-0.6522486720922712,-0.9621849023115273,-0.6846319706209633,-0.6662796814581398,0.3502919436463356,-0.615423385239276,-0.39445867921922545,-0.2676441926265032,-0.42698036892887076,0.4750813884757036,-0.18283853224487281,-0.15014945219831916,0.8768982872240629,-0.8568539101184932,-0.724776115601455,-0.15924359536288282,-0.2641653908964399,-0.4160140486835931,-0.66812959313116,0.28489677445298284,0.17637470520573192,-0.6166520433771496,-0.4061635605268413,-0.15422687802647622,-0.47835833116238774,0.26496507561582694,-0.26340355886692063,-0.48149933387721583,0.32280438962736774,-0.43410876800597564,0.6514214593232255,0.5225851740450943,-0.430362560735678,0.2597510771125778,-0.26573134163059836,0.6732077530078259,0.47077460601441395,-0.7696678619289937,0.305565282489463,0.8245823662235593,0.08696196957524706,0.75425182836941,0.7287023457123859,-0.5020824219136533,-0.5054343980068767,-0.6344779890336644,-0.3911164199933221,-0.7251427775679944,-0.6942425736239088,-0.2598324358838863,0.27771533523029646,-0.008363286963708116,-0.5653434864395777,-0.3022197852282947,0.6146653002184294,-0.6729141709584457,-0.5858311108099943,0.560481176006093,-0.7707867135864479,0.05858777413480523,0.2978537219702973,0.29563608866350816,-0.39420639448962,0.8545607508676447,0.8210191810651385,0.7045201119812234,0.4581651652970507,0.16757153480843898,-0.24401777830604995,-0.27573314251529796,-0.518192770016864,0.7396940767915375,0.028376696964284197,-0.5507739809950684,-0.10186924549474395,0.05148750837086457,0.6446852504246421,0.5800654630416759,-0.5543908911039266,0.3208792315817573,-0.9130942932304875,-0.37079044578187687,-0.5655112120581915,-0.82080640501974,-0.3543177900128942,0.378751968906807,0.8553711160463575,0.5216979188107054,0.007747480808776295,0.22168747164561317,0.19976553310673495,1.445876697715854,1.3385018599320084,1.2204089801281275,0.7183847057787999,0.3378132954297632,-0.07314875869366998,0.617136028703639,0.9762451174816432,-0.5089329809119484,-0.2847729569372891,-0.48839695228168856,-0.5291514217725881,-0.30157854329879563,0.9173797884126935,-0.4936196414587021,-0.8251424132071101,0.6898632290701733,-0.5750913451837927,-1.2103638178748126,-0.8189134788984926,-0.525293111119143,-0.08354325537071405,0.8997895737464798,0.4643377046770718,-0.28043753431050644,-0.5612238101831691,-0.9553567338523136,-0.5659371965160068,-0.08722162819859006,0.5562975355901726,-0.5692728312908965,-0.929296172317125,-0.05821866349085747,-0.06845284753650434,0.35473394263652924,-0.09091980363480273,0.8713299794657187
2014-10-01,139798,147427,5012,5.7,114641000,5.9,6.1,-5.7,18,-0.4,103.0764,239332.94997124784,595526.9859525178,1831899.4309524463,242619.93756674606,1292729.811878748,24.59,9375.3,121.3,181908,12388.790766450342,476,1074,1074511.2133410007,1094,206624.291464717,246652.42750349134,136,130.7,237.43,239.191,97.384,96.096,13550.7,86.6672143267888,88.32168584392238,16.756,2423250,288750,NA,0.09,2.318,-0.6405284340619368,-0.3347462783473688,0.9471243305589353,-0.2973514363246398,1.3628750595291081,-0.399756268788086,0.6021393638978922,0.8980441597885049,-0.339670703342594,0.7995978806134656,-0.4184072511461019,0.29350025314546996,0.5841170325208938,0.8660554538576383,-0.1063868168222427,-0.31762921258626137,-0.3193169820325316,0.8975299505837493,-0.40682458252138587,0.6673854776721379,0.3063632911838037,1.628958545706736,-0.2432575698834676,1.1872544459975052,-0.057294762941800935,-0.8723157520361103,-0.7367137377565441,-1.3693182503695613,0.09980057035128755,0.7590859435647448,-0.5832591579142882,-0.5366337646107617,-0.4836348963494447,-0.6910471088720216,0.9945092790706825,0.29434783205304066,-0.2210566690854423,-0.2762293707960478,-0.5274118935487851,0.2991429010189009,-0.08998396574339346,-0.1384856430348116,0.5430278684150966,-0.7047024983290506,-0.4721088323979321,0.05747904631564363,0.0665515901879398,-0.32949488052904075,-0.3640185732282696,0.08400609063415254,0.004104806816752636,-0.7084722887308759,-0.3284054125684108,-0.3796027952217373,-0.6027792059876136,0.49342939597442986,-0.06526870915647356,-0.6360925478770856,0.42894559475926697,-0.643170338922572,0.5552737020968875,1.4612769329948734,-0.5591871004007061,0.019927805613655668,-0.1895256660497874,0.8555887398614973,-0.07116197119770057,-1.1084524364666504,-0.08252357229339823,1.4907112785551322,1.0990467309673704,0.8904375293946176,-0.017577383531477378,-0.5438276770617715,-0.3331714693246264,-0.5729556361750994,-0.7401001267889542,-0.6149700695154345,-0.8189053726013881,-0.10673569109777566,0.11194217999949278,-0.0771435095329637,-0.1727474488622632,-0.1085429536792534,0.7352051526969366,-0.9881832570182658,-0.4260160577536597,1.7691685521173561,-0.5515011747520071,0.021076516538918864,-0.015716775432546057,0.35230679161439565,-1.0906527039582536,0.912913956144609,0.7052572193177338,0.9711916093150277,0.7544633171851433,0.5489077316842754,-0.4107165721353967,0.19212822887538347,-0.5013082500851126,0.24325325529280722,0.4233878020469349,-0.40719414677152066,0.3476833016638336,0.1638313752775132,0.3030155255869388,0.9352207773573393,-0.4263206836500559,0.2742801128068885,-0.6679375633201801,-0.6732551765718214,-0.7661052099366319,-1.142582153065455,-0.31745813392941774,0.11472912033096569,0.7745801080458281,1.1343737505387792,-0.27635239014058866,0.9667551014296244,0.8425331614177174,1.747728326436288,1.7396638612714377,1.6361920648062755,0.45393407110057976,0.63114601926523894,-0.08178285099131051,0.005753339859329843,0.6053315888651013,-0.40356859993264743,-0.2950840843564675,-0.46066059901286566,-0.15952599533538314,-0.6303653021689213,1.1734074802617167,-0.5224212551949953,-0.7803181842232939,-0.09199388164476072,-1.0135820176652306,-1.3057577169176617,-0.2420063748551263,-0.48838778999042526,0.9012647192371022,0.9800992940839771,0.35709366852287744,-0.44565590120893617,-0.6981258616247695,-1.3350016917147198,-3.0092389300168265,-0.6584599644525689,0.5299835116055894,-0.9155870666676215,-0.7400528560290359,-0.47872113689576,-0.09497377695991292,0.4018711963302292,-0.19452845253861745,0.3497425401836689
2014-11-01,140089,147404,4843,5.8,114817000,5.9,11.7,-9.6,35.9,2.8,103.7126,235095.74369674484,600685.5721495308,1834954.2696707784,238107.32750203,1294806.302741261,24.66,9439.6,121.3,182761,12420.367762691309,442,1001,1073987.3164013117,1059,204271.7209197151,243455.20140609102,133.5,129.5,236.983,239.458,97.291,96.181,13624.4,77.90031965957797,90.15267542725572,16.949,2408800,291600,NA,0.095,2.325,-0.9291154984169472,-0.7686405154424276,0.18592383317751232,0.06195515771481337,1.3964808840257976,-0.4011792838701391,0.7325371376588926,1.028803009399239,-0.7038140568799831,0.8524723667046641,-0.4057499051143278,0.9268059390621114,0.899619210035269,0.6013518960275376,0.21731841052352188,-0.8826556726145154,-0.669143788784056,0.5585100713640985,-0.6266869244659763,0.7353326570418787,0.34187555001871583,1.9359135252918804,-0.14663382829499869,1.1706850477887807,0.07000197873092188,-0.9127483595651532,-0.7209153397339897,-0.9062657134796176,0.3839802170949762,0.16017740619023776,-0.8308542026026614,-0.4009070429441349,-0.5277605104506059,-0.8719059521102449,1.6032012500515962,0.6060039309997114,-0.30585588451942164,-0.22312961390598363,-0.5064007922081822,-0.6568685391822161,-0.1813201579242508,-0.40319201818838923,0.5757876835602802,-1.2430276250672336,-1.1686594066250864,0.31345878230586355,0.1403975244371992,-0.643824452844717,-0.4899007492445898,0.9704725053902338,0.06749780721649558,-0.6234757631307755,-0.31677719492665957,-0.8882362748362123,-0.4743987393427571,0.5488960821459873,-0.18908431536257658,-1.0187842552988133,0.5026924742632364,-0.4286755042560426,0.9014961644582169,1.0240161934928425,-0.42739782786026675,0.0475903139663946,-0.9279789517610505,0.6110384614680905,-0.4650138626536101,-0.9315871754148071,-0.46527128992084654,0.898883492713569,-0.2062395663795135,0.5190337386555371,-0.47113143701915045,-0.7465351620551922,-0.6646780440264339,-0.3463025257019103,-0.7798641967461323,-0.5989459187272845,-1.046974321191565,-0.16214384993307057,0.03081819274951102,-0.058724984868504214,-0.4370827114985034,1.4184298734677299,0.5922891652732784,-0.8049413814310346,-0.27471977286924304,1.70044968675635,-0.8846383787541817,0.11992243957240374,0.4552712616002859,0.1697697870024519,-0.4659949230290016,1.008358106481546,0.5093379198462148,0.9885328103332882,0.7654007399534374,0.6009334676310033,-0.3320088994583266,1.1398414096488292,-0.39454875404257495,-0.06351655588348497,0.49165063736121584,-1.0773721241071175,0.4390817915387425,0.2070366383738646,-0.4858646040407946,0.5134934926572567,-0.4328351573144139,0.5866447474771141,-0.766441307040597,-0.8732169332336985,-0.6195678872649087,-0.8129389592946126,-0.5631609780441637,-0.23324017381155182,1.0132463137862324,1.7804557794996307,-0.49190642507601445,0.7201241665276867,0.3446990895027704,1.5523430067075727,1.2992226370953486,1.4582024772624373,-0.01609251306070417,1.0700391915580652,-0.15408945409842031,0.10942333227639243,0.47942379442838146,-0.36666946448252896,-0.09757509081156417,-0.2100629717816069,0.08689612659833645,-1.0188751551256678,0.6860988223168393,-0.6118057594723626,-0.9277729011773798,0.10770889381518635,-1.194643807279852,-1.5788085130341798,-0.8901715737066251,-0.6646242544787618,-0.08004978465852543,0.9534717322189042,0.5828454751626656,-0.5877724339135855,-0.7631257521596786,-1.0603924437565522,-0.4928499561637927,-0.723044997611169,0.904695805343571,-0.2961438876157144,-0.844250066368196,-0.23232889952338187,-0.13501581148025565,0.5174820236934861,-0.18432185891737077,0.10602188847657852
2014-12-01,140364,147615,5130,5.6,115000000,5.9,-2.5,-14.6,21.6,-1,103.7044,231779.24217462933,602845.9637561779,1828638.4422096629,243920.92257001647,1289056.8369028005,24.63,9485.8,121.3,182056,12454.798187808896,497,1073,1087756.3838550246,1072,204165.9802306425,246761.73805601316,130.1,128.3,236.252,239.584,97.12,96.249,13719.1,61.0481878088962,93.88687681614459,17.178,2380000,284500,NA,0.12,2.21,-1.164639081991929,-0.9958848663576448,0.3162063031466777,-0.10276588253502181,1.548149253998688,-0.3507790515966913,0.4527315805718741,0.7537560126982926,-0.870441378888633,0.8952714892079315,-0.5714005845758133,0.2784820596234946,0.8853033675715006,0.1025454981385877,0.27888032311264904,-1.4012322875456373,-1.4514252305224762,0.1559353986203058,-1.0709006624309008,0.03151667334133395,0.22409932300550695,0.4125224615448814,-0.3759075237916348,0.7782904372241015,0.08562392039667985,-0.6092944414234723,-0.9015052611703278,-1.5048162156253335,0.49313250512677664,-0.143380324389373,-1.1648510186702041,-0.8811355144612233,-0.6709632913570085,-0.8629053985548087,0.2326557261274374,1.8004766351810129,-0.5279220720965264,-0.2811990479934189,-1.0605693426272043,-0.9377739697229126,-0.5709312253539446,-1.0012163683341269,-0.15312826156752352,-1.3419835282444406,-1.2703159828547659,-0.08108670814519943,0.3284176547757412,-0.9314206539231539,-0.48962463783636834,-0.5976480891963829,-0.39178890699575886,-0.7333186001710809,-0.6664694578282193,-0.7758445458884909,-0.5059330202975597,0.5111389976317786,-0.5263276895597961,-0.8221091950258691,0.4793419812114248,-0.6435750171227334,1.2106449413888016,-0.5923919351925822,-0.004120041969001179,-0.6171068226231037,-1.4197858439994953,0.1990056442598622,0.20396502614358714,-0.8838952082414584,-1.059475191276369,-0.5732982937495354,-0.7477805616894961,0.3488936943827388,-0.7699630969238809,-0.7324793320919725,-0.9358880454396128,-0.7463797475172081,-0.5193377937263094,-0.4328428137984107,-0.815886698581481,-0.40010971613220286,-0.3777385287541713,-0.4259512976047795,-0.8780104938249645,2.2203919695750107,0.47861740297290933,-0.5798675844438651,-0.5466822237465195,1.0497681704916588,-1.019069914819316,0.1684289017177034,0.18562365753310642,-0.31292375350087354,-0.49481550684893266,0.21980778740193074,0.15142748661280384,-0.27946089952359615,0.3458474885034112,0.3942694662220519,0.4610533785681979,0.7474104687323767,-1.0089841837546496,0.2503066404446683,0.5524105174142545,-0.9508617493060713,0.3709790420147043,-0.40496109987737544,-0.9285580700529147,-0.012853622176980982,-0.40577182910245874,-0.09194127011087094,-0.94199028892049,-1.085375885585483,-1.230344058257951,-0.8962928164606991,-0.37189248662352214,-0.718979449095081,0.41540751071711807,1.0148356372715994,-0.6931696548891548,-0.15393835617346896,-1.0851927653785258,0.5159637944104104,1.060008793922698,0.9547745983335367,0.42795729251692577,0.9106403101434524,-0.33174797592297683,-0.7723666699304592,0.2929133974050341,0.5210684077106285,-0.3830074036773032,-0.7032853419990364,-0.005423023185273842,-0.8472039827402889,-0.33974551181048696,-1.0689477855005955,-1.0200038436663594,-0.5558651959105424,-1.1713986430046743,-1.484239769117745,-0.8531359003693598,-0.9175502476108583,-0.45204709914156116,0.8793019885046092,2.234655649072796,-0.7415723867307391,-1.118929235937437,-1.193934837968481,-0.30352339261580735,-0.8268384001866396,1.0403677750137847,-0.5721870471203333,-1.1641919641617586,-1.0974297450013197,-0.1854138918891864,0.4286008338769319,-0.38806237337680166,-0.3455584709097494
2015-01-01,140568,148145,5344,5.7,115272000,2.4,13.4,-5.3,13.4,-7.9,102.8905,233553.70703747388,606508.7839096158,1840543.5650650219,238686.44856912288,1293991.9713617647,24.74,9529.1,122.1,182413,12484.428994144062,515,1085,1097979.3904028805,1049,200923.9141680634,239437.58147619347,126,126.1,234.747,239.811,96.654,96.214,13797.7,48.85467750946676,96.28887334392238,16.91,2349800,287600,NA,0.11599999999999999,1.9320000000000002,-1.1069525918961045,-0.5989696079441323,-0.11407264521268652,-0.7010729305847867,1.617747819128885,-0.8460145236763505,0.04377634460443141,0.10705798337170577,-0.7633353425386988,1.422477465934163,-0.6337656080807679,-0.12010436469342502,0.5594018929925593,-0.20172815243780703,0.04422137859367959,-1.5859446555923513,-1.5698044962890183,0.09812070275035968,-1.6483773746212054,-1.0153243951471351,0.12034951520850086,0.14362952748685523,-0.8000369694465597,0.332564084735694,0.115169810385688,-1.2397039200591722,-1.1245810129966816,-1.5195347954197802,0.47213689640828393,-0.8651714527290861,-1.005461739894914,-1.1111082893745732,-1.2201241652802464,-1.4873300318004608,-0.5028050235573386,2.0998777749422186,-0.9083243935307667,-0.1714841353035068,-1.3822602876508658,-1.3286948083467134,-0.6300954109294441,-1.3483545601179245,-0.6037629302830033,-1.5578234605633716,-1.76984600460206,-0.4542511269734867,-1.3035103056778026,-1.2635973054346998,-0.9764289778758558,-1.2003629861410414,-0.873330767762876,-0.6976334010865081,-0.9434626544987247,-0.8139034935617658,-0.5576917056128344,-0.10696547592286294,-1.0499839392300339,-1.5159789124437824,-0.26324085292744276,-1.2373604363399318,0.9708786365653749,-0.29213615841625534,-0.8073496578067567,-1.3007475263461692,-1.4419870235623253,-0.3155572186745584,0.31065592471956244,-0.9870274184180137,-1.4985225902406987,-1.466258171240167,-1.285050513331793,0.18674152782569417,-1.127668705765527,-0.9488836951511002,-1.1871293385324329,-1.1161606754782503,-0.5530748283570304,-1.253815824726822,-1.0670408996617704,0.002319032237714096,-0.9126718110697036,-0.9631848368226366,-1.3351981520115819,0.2254017974910181,0.26389275439075877,-1.2585486438213878,-1.5943840548158281,0.9377314425940166,-1.685281466986093,-0.08987587308762,-0.03006690106634762,-1.1186161489409912,-0.574460766995031,0.1215824012365371,-0.2592394295622607,-0.6754934091257889,0.21935854820575423,0.12647646508748203,-0.3370170481675206,0.6334815742929099,-1.9433016394988047,0.5232027072894588,0.7571208491743077,-0.9668173264315157,0.1681472806215029,-0.5481510105180708,-0.9898427013802618,-0.11612968329709246,-0.44511105219979663,-0.1354399788187611,-0.81792744278692,-1.1069724028857633,-1.2939199472499532,-1.1356684982754433,-0.733728562187426,-1.3167564735288186,0.5881525813081033,0.4550359639997567,-1.1314424288412128,-0.433381496977381,-1.6540551787418603,-0.31403635356698456,0.5554323130793095,0.5997495865361776,0.2130207549435839,0.5431494298100493,-0.809444212758496,-0.9503738668740267,1.0976400937254494,1.6550472538043126,-0.45192367649453385,-0.9418354850443608,0.11179167871955586,-1.0430998301536836,-0.5150682487094146,-1.3051270112688025,-1.3160397245563127,-1.2218590004382295,-1.6206678754643202,-2.001206627865511,-1.4880942103650983,-1.4154542643411863,-1.0095821125892264,2.1662048155148477,2.66144575042154,-0.9622817912703296,-1.1341441830757624,-1.2149416037673262,-0.16467904500426914,-0.6626196955988417,0.6342945734657548,-0.8436462492449003,-1.247125264219181,-1.165070073985975,-0.11801348326933946,0.24136761333630488,-0.2390747648971387,-0.45592071563114395
2015-02-01,140827,148045,5466,5.5,115525000,2.4,10.5,1.1,10.7,-2.5,102.2335,224447.19855409244,608798.3475342112,1840604.0087864464,237433.51407177898,1282972.3728375935,24.79,9570.8,122.1,181489,12513.916860315001,540,886,1108076.4265427317,1127,198177.12367673637,231791.37619416474,125.5,125.9,235.342,240.172,96.825,96.324,13848,52.23857474825716,94.69050233328409,16.891,2340250,301250,NA,0.1125,1.9825,-1.0251144005580815,-0.14387701292559954,-0.10433762581969658,-0.9123513945423234,1.63002216562718,-0.5809732999800075,0.5699953595527486,0.7784076472743418,-0.6162835351780189,3.0429001509426525,-0.2618875218158896,-1.9974758277225564,1.1044660671501643,0.5939804951081902,0.005668376957411078,-1.5502024441698898,-0.7263553854370178,-0.16841400438425913,-1.3014001566166442,-0.8482783012696101,0.025313909271694624,0.7447073644840687,-0.6207370226760538,0.9722207721201845,0.2580580903345387,-1.2290702887938054,-1.034016372169215,-1.5135911322654694,0.4014044975901848,-1.2422822109397924,-0.8221822840424928,-1.0200003636388921,-1.119794583623024,-1.199601296917876,-0.279782483143547,0.46130227090885806,-0.5268206313316733,-0.15371387409773016,-0.8532550937305852,-1.0775618213576135,-0.5345213315702636,-0.8430163095541571,0.31525766132694677,-1.4261262554472434,-1.7580419602756585,-0.5215392775742895,-1.1360395430711578,-1.405837647141587,-1.1858810825596884,-0.6855114479427847,-0.47555958660417946,-0.7410755783330516,-0.20418215939797532,-0.3926956296747741,-0.4421838873440651,0.04190632021774958,-0.5356043958914477,-1.2349981844844466,-0.24255918377816424,-1.155910601841551,1.6779757488720248,0.5164385052254554,-1.1641401603503445,-0.22371434654233238,-1.351768559023778,0.4252742007838719,0.7474133515754733,-1.427290897050687,-0.4211540840489877,-0.40533640870436843,-1.0649941844121502,0.5319327222865975,-0.7035380307491406,-1.2704182145692393,-1.1951033789590555,-1.1986197188995131,-0.3463324050184258,-1.4469792358126166,-0.8960600954284816,0.20406814652430436,0.19439869201840956,-0.277373091274868,-0.3695071555103132,-0.10217371220471894,0.4320409700612679,-0.9946895513204526,-1.6460733063523543,1.7475730906994726,-1.6630621570097195,-0.5040460319978765,0.014007634978218077,-0.25968228280169875,-0.6211813898534214,0.12792297703140618,0.21738557002483885,-0.2574161724506018,0.5600507756908681,0.6463956818932081,-0.20405821451648096,1.0570671415327422,-1.049826444687338,0.9898045353016204,0.5060822548919733,1.1886549896212963,-0.3826775155884586,-0.5103959037318028,0.6473232958487117,-0.7489373936696825,-0.4137926123664706,0.042642617690364475,-0.9594875857379462,-1.0212431120660255,-0.9713924567423364,-0.8297778901747305,-0.26902454907298395,-0.6277318503855807,1.4905635991241726,1.4315517253945291,-0.8256395187802725,-0.09593243412874122,-0.3198322702289653,0.09293223648673253,1.2663760590845006,1.4825589426967194,0.29587393756337854,-0.13536317421053354,-0.6003215428420445,-0.4060214207248882,1.4794472519584823,2.12666699959101,-0.4049785018325708,-0.9755682555623157,-0.020187495602668613,-1.163254762027764,0.618718223864832,-1.3584077343076788,-1.1942752738659803,-0.9673024100933477,-1.5464154841065936,-1.5548328802147047,-1.2939590693450465,-1.1219725604273796,-0.2793606491043011,2.118736815395627,0.9568667252806499,-0.901613870204766,-1.1018312534290953,-0.9033093870179145,-0.1674829065376487,-1.0061472892365664,0.43779482497549205,-1.0486097252471283,-0.9511220720269256,-0.7437594470622487,-0.12042360636187523,0.5162126983828367,-0.1279276954806496,-0.6926191347181486
2015-03-01,140923,148128,5210,5.4,115731000,2.4,4.5,-2.1,7.2,-12.3,101.8914,237234.0425531915,610066.180108857,1840157.8662286752,242710.9104403761,1279016.163615372,24.85,9591.7,122.1,183767,12551.645225136072,480,960,1120266.3697839354,1072,198089.84825993734,246893.03974929903,125.3,125.9,235.976,240.755,97.008,96.47,13811.3,49.294903513112324,92.58846332619189,17.896,2326500,284000,NA,0.11499999999999999,2.0525,-1.0048479884060793,-0.22781104662576548,-0.5812861776421143,-0.8092537231358775,1.0234603866495962,0.5454406788400517,0.43641256908103604,1.0311040793327626,-1.5456823183312653,0.34566227061961485,-0.23485498344343153,0.19446036673565165,1.3687775628034535,0.49836342896694774,-0.23466643361303416,-1.4865794519645672,-0.8616578425189382,-0.6524102522171815,-1.054663147169317,-1.0547288929080125,0.10493236232363559,0.23565633981535541,-0.9715155980412763,1.2155834061463169,0.2660351652435895,-1.3721790795715374,-1.433198512810462,-1.5530497056025365,-0.24277684332502433,-1.139298331050383,-1.144049886286827,-1.205411542287342,-1.6913109836470785,-1.1124360918407956,-0.7238796085507844,-0.5719375462522206,-0.7999614047817049,-0.08240133380910669,-0.830732808242996,-1.2548803544635088,-0.6213760909804623,-1.0274809475247186,0.5128034056825841,-1.44708944843627,-1.5818049290074923,0.04714928272410812,-0.9341124220607434,-1.6934998179570329,-1.2735566479602987,-0.4607057054635375,-0.29644339726496394,-0.578144149693662,-0.5045045531182974,-0.9118085543648663,-0.762107939601029,0.3348473255993182,-0.6838601209577051,-1.194836470065375,0.09383329576624796,-1.4799150802200944,0.7293221503066959,0.5420552365588831,-1.4088501543907954,-0.5520520780687007,-1.569454705440748,0.31921051659348965,0.1360436647068498,-1.3955791872791887,-0.5617088453268594,-0.5059476427497335,-0.9310524253751309,0.7881136606488202,-0.8035009608880164,-1.6345330132746296,-1.0607393588713512,-1.3087568154632532,-0.33320333443609595,-1.3655858242973795,-1.1144737906702105,-0.2534105600695017,-0.3493927680402304,-0.2108395745974528,-1.1222285913492036,-0.6003561302520722,0.7525094696129863,-1.0808301259525215,-1.5572251152491758,1.256727740350148,-0.9460049864990182,-0.613383414220945,-0.2284834538827377,-0.3976144982223933,-0.9640200355999933,0.23084517936905408,-0.11756344680975436,-0.690118551472423,0.3939883352477335,0.8175936119112786,-0.5396831961904857,0.04719718869657331,-1.2776123577615486,0.7777105937008442,0.5515733414627787,-0.2375146534708116,-0.6162733172212167,-1.207131252071184,1.3268032262957243,-0.04310520442561406,-0.39534415238873494,0.0727680492141885,-1.634196676862547,-1.112729030309414,-1.2885626433633526,-0.8258716931495059,-0.6635147920982194,-0.35366400009652793,1.6382180377521967,1.6584037857493759,-0.7380436789936781,-0.02027606251346375,-0.6611516301373185,0.2721630542150512,1.2076994921310185,1.031244986193883,0.08653255558026983,0.2982742245652887,-0.7277509405071797,-1.1017766878412332,1.5901044713128207,1.7414397252059413,-0.45041877168032035,-0.5375366324177662,-0.1945690955435336,-1.320357560279845,0.8283388902974039,-1.2335759399085815,-1.278570581043532,-0.4846207839720046,-1.8740480428093975,-1.0421273817587444,-1.4678819143825759,-1.2349774118029981,-0.21276767253519419,2.330939209455045,0.6750384826706174,-0.922325380269466,-1.1260582568739903,-1.2023093044933655,-0.33699065621320534,-0.9615818624864864,0.34145828869819556,-1.1075289146277636,-0.8477596345009385,-0.3858257022085806,-0.09156012129366221,0.5690274853507815,-0.2951554532248955,-0.5476649846966978
2015-04-01,141196,148511,5598,5.4,115931000,1.6,-0.7,-4.3,9.6,4.2,101.3355,232409.8296496179,610075.802830247,1847681.338840443,241302.24318701465,1273588.4812655777,24.89,9625.5,122.4,183924,12574.51541804849,502,1190,1149009.2075720436,1166,198921.66354254642,238559.5402393557,125.1,125.1,236.222,241.346,97.094,96.648,13842,56.07967536614004,95.65814417725572,17.693,2281500,286000,NA,0.1225,1.92,-1.2355118688539928,-0.04795407636444974,0.05588354417124897,-1.224768116592709,1.0304670543002337,0.46638323738494714,0.18370385974222725,1.212616516507655,-1.4879536008814114,-0.1711858860323131,-0.21554089050074232,-0.04565676266040553,1.4464994813257115,0.8186116018300419,-0.48343329418671444,-1.6207985398070426,-1.5174480437238385,-0.3329030271801222,-1.6403413599163652,-0.8980984975469201,0.21903486023649918,0.02455989860895186,-1.3858883248778158,1.3588181062853526,0.38961698649538035,-1.5609852821833947,-1.6478378102932476,-2.0618581733782113,-0.08804960057474207,-1.1854273721628417,-1.362825711501322,-1.3345719017615392,-1.9129993014228863,-1.266415280033199,-0.37205740184014846,-0.6540733027339276,-0.7326699228169031,-0.08099255915951376,-1.141890018378116,-1.2815672918423375,-0.7859591698870432,-0.9935214103814476,1.809578004769013,-1.578406673869316,-1.4298464362958028,-0.33564543315448714,-1.1899943431649118,-1.645408410205973,-1.6233604471458798,-0.6070146153167093,-0.9563949854663168,-0.8937694632735395,-1.1023539652994736,-1.163165440961607,-0.9386734742025485,0.5368842561500206,-0.8307069088167749,-1.3891338442589494,0.2823358968046095,-1.3688203794080347,0.97152461974188975,0.6459638503941951,-1.6371598123922613,-1.3334437939251689,-1.767934446441154,-0.0018742226557900662,-0.4980949594772125,-1.461820770637102,-0.6473981184466022,-1.0166292227446672,-1.0073977320696532,0.697763429376256,-0.85474175956191,-1.8717280287951337,-1.35846461549963,-1.5195419108886732,-0.35052592503025065,-1.4273996873317476,-1.3938142586234263,-0.4489923924294848,-0.4940099661054648,-0.28821114936623676,-1.2240483219191318,-0.9945461321135374,0.4957753687873432,-1.5421102439277312,-1.5204396213604583,0.5992811386546844,-1.7278175323260627,-0.8730314950008133,-0.9254532292192068,-0.8016433978560555,-0.945196166575897,0.48367089843938205,0.11409414344011595,-0.7516969526344961,0.2988175475512626,1.2946558972279911,-0.2550159104795757,-0.7645870019054087,-1.3072234910574776,0.8283635738847448,0.4286320091681667,-0.841906507635904,-0.9676214698600829,-0.8893298253982158,-0.9470244079444534,-0.13514713962393504,-0.3600759214107172,-0.2269934610856803,-1.1982880577199442,-1.1540727244086038,-1.3834185024483503,-1.3383960064552487,-0.9176785536404091,0.03606996130352798,1.4624497542663906,1.4826738713349314,-0.14791035442988212,-0.3625666622426864,-0.815787029280687,0.2674632116949006,1.0736987927628707,0.7593576198474415,0.5501121205211285,-0.19870558219243198,-1.2347260809727851,-1.0531946281112678,1.24166949167101,1.3835317161400913,-0.6217857159521659,-1.7076646169169714,0.6130919031873237,-1.3858530776602194,0.9172737348866865,-1.4044449529367595,-1.4691720953080252,-0.6440759798398957,-2.2054293623241614,-0.7585736916317143,-1.5701900501995851,-1.4766718388145421,0.05509718908236229,2.3663624648617376,0.7681422058630696,-1.2171138282355718,-1.2637737921622125,-1.3001899472412268,-0.3256227048145119,-1.0671261048849037,0.10105194854471541,-1.2267434740056942,-0.9494065096729192,-0.5710847835262941,-0.10537339833052067,0.30056841788663385,-1.0045852566447955,-0.05488946727056514
2015-05-01,141538,148817,5563,5.6,116100000,1.6,6.2,-10.4,5.7,-1.4,100.8883,224311.8559084324,612142.5709207106,1844126.851075098,237966.8540076238,1261537.9082885531,24.97,9677.2,122.4,184752,12612.533007284721,502,1079,1166616.6634130303,1272,197183.720858549,235170.0966843733,126.5,125.7,237.001,241.688,97.327,96.766,13865.6,60.89779814439981,90.56727538292948,17.929,2260400,274000,NA,0.126,2.164,-1.4732243510754361,0.14259436704130163,0.1726248911830398,-1.1734657627679996,0.9124001140870504,-0.45982827890504196,-0.060921184687536885,0.5700523545398517,-1.578878474995023,-0.4379891816508163,-0.538988811261094,-0.19747305800390433,1.6375618677104622,0.5952939991101427,-1.1205907945549416,-1.7238062310355502,-1.1614637388029339,-0.1973811062374414,-1.9007618009605685,-0.9876624788274635,-0.3012551381585917,0.17075685823239414,-1.6439690236083973,0.8495730258261779,0.1882034006214381,-1.750364160039501,-2.2127235457592636,-2.366912100845536,-0.5585268230821889,-1.8676196217852217,-1.6001845764370999,-1.7422047562295502,-1.967381981428596,-1.495999845427871,-0.26675579931126836,-0.6225727923216974,-0.6908430579293957,-0.17440244696108756,-1.1589701122766627,-1.374989208436878,-0.8565388359566263,-1.2304731837156504,1.339130943800578,-1.681812035802278,-1.8505226130416732,-0.5653110396621646,-1.4752272722801154,-2.3774377115618366,-1.9708471333941575,-0.658022274135986,-1.9799355097070857,-0.9811239402720061,-1.1471491020564457,-0.6326655529488048,-1.2397627585295465,0.5589378273391116,-1.1652998424574805,-1.2365616797963974,-0.029950315890571934,-1.6588190654173527,0.8718053960676494,0.29819033503562803,-2.068350423058537,-1.891361801406866,-1.985651056940041,-0.3711674993083005,-1.1903851572764577,-1.621494443427548,-0.8330790701838907,-1.465178309062936,-1.4055444314432213,-0.03885266338975492,-0.9543744840467709,-1.9514322088140723,-1.5131920795418883,-1.5422069052641554,-0.5737810961451044,-1.5184389779410283,-2.050611275691054,-0.03550283478080128,-0.560860118264361,-0.9433907798080755,-1.964830881550826,-1.4448489514534681,0.6013652130232178,-2.032784456832174,-1.4408849489932252,0.22110828865221166,-2.1570833706688806,-0.7712021690771251,-0.6422146616992768,-0.9075792111595011,-1.5890271406550418,0.19038896568359776,-0.2588111447219246,-1.4247468311979679,0.31217058958037464,0.6905306415874738,-0.24478364394171864,-1.4195387673685587,-1.4283061164228754,0.5487746762600327,0.32812963131830597,-1.0033072941604628,-1.0149507753445,-1.1838048752824168,-1.2252641464786702,-1.101470875694941,-0.33437539518167136,0.2491672101707667,-1.5586275587471408,-1.1440584338364004,-1.2760684933361102,-1.226343066603731,-0.6050076131324242,-0.5083740416392586,0.8658867993579387,0.19649987198317606,0.040755911804831006,-0.7687679672496918,-0.7606758747301245,-0.3668080691747462,1.0590478915233532,1.0866767705232665,0.3479635006105325,-0.37766408770928245,-1.1826929649030908,-1.2738801124771215,1.2275579912768677,0.8212505408054923,-0.6349399419050383,-1.7562307301448197,-0.22217346290805892,-1.4483400779986297,0.09920083999118885,-1.5512962640212455,-1.4240729531302976,-0.5504467677724146,-2.243785809987275,-1.7516208187615019,-1.5688582987799136,-1.432498333336065,-0.2988779266864601,1.8121559077888747,0.9766607213330329,-1.5885190100838729,-1.2940862388707997,-0.904291646711546,-0.5943906918058126,-1.5858657301087584,0.5562935484540847,-1.8359480509165198,-1.2260220350092912,-0.5953643971474839,-0.10545785584604471,-0.7693235311097696,-1.3137101517302805,-0.005911727303084254
2015-06-01,141709,148816,5248,5.3,116311000,1.6,-4.2,-1.9,8.2,-6.1,100.571,234779.93354936625,615975.83986217645,1850085.4062823586,239713.48291562407,1258540.1370031585,24.97,9695.8,122.4,184279,12621.415972763443,480,1205,1187695.352557529,1379,196317.52738012222,238351.65511300706,126.6,125.3,237.657,242.064,97.516,96.882,13874.1,61.343779482341354,95.3619562339933,17.889,2273750,273750,NA,0.125,2.365,-1.41349857802639,-0.35573600282476936,-0.43204778452722864,-1.0272454419251298,0.6044734057955232,-0.5597582076703608,-0.11256027471717632,0.0053283015154147245,-1.2973822582107672,-0.3280981025606995,-0.7483486236472683,-0.32489213686713514,1.7087748975389299,0.4777633798255151,-2.185962438567773,-1.0748713836008197,-0.97175478853151,-0.3300497547954731,-1.9763637429448913,-1.1572087060430158,-0.3226006032650124,-0.018909528092303913,-1.812253955224861,0.9010259008670861,0.15578899717707215,-2.4040695754723806,-2.4372114864663303,-2.488606737629689,-0.7709901944213902,-2.0841830482259467,-1.583185553192595,-1.7634118836571055,-1.9843833709100624,-1.6467219551894514,-0.3590296564727255,-0.5485949189198254,-0.6476488735053416,-0.28983448888702773,-1.414506062339164,-1.8796489070405016,-1.0254941840922467,-1.554331192927305,1.2004608167896933,-1.652162901137319,-1.448509127782073,-0.8646932588817094,-1.086866451739226,-1.722834057831338,-1.9077897001836115,-0.3565827394567705,-1.573597142207482,-1.0244733923121125,-1.2431553279062346,-1.302306328129672,-1.753171184259308,0.3099311459595368,-2.127817383518791,-1.2675100315587473,0.08216406995856368,-1.8788231045231696,0.5866154988925136,0.5134133601065584,-2.2130658066502376,-1.6007246173643501,-1.8668281983834472,-0.38493974256232183,-1.7946480723937392,-1.2936931753863357,-1.1234555201130718,-1.3359123750227504,-1.6029095325684195,-0.22189959586912458,-1.4961441642796365,-1.8532358893728824,-1.6852651084880652,-1.6561580638393683,0.17804799455933973,-1.5072146109607032,-2.5832952356642256,0.17451890715499446,-0.5308858574756049,-0.6032322319339106,-2.0139211994267945,-1.4006475949794759,0.47608706533315426,-1.753993438714508,-1.7250356579409767,-0.5940069871170706,-2.140529002966475,-0.8155519094146138,-0.520884591953848,-0.7523071503491022,-1.7676544390670998,-0.1022531355704585,-0.1856905752637303,-1.7529469637108248,0.23762417122153343,0.5208743714951508,-0.3480401829246452,-1.4386280577361124,-1.9576418219704246,-0.5111839582724819,0.3042985907228082,-1.3655523264022709,-1.1211709823882905,-1.3736271463075616,-0.4027469912557496,-0.662667368447582,-0.2948399403652012,-0.2522163172596785,-2.644095374142316,-1.6842955555234393,-1.3690682091462318,-1.0870784684355421,-1.265946709078075,-0.946558791248613,0.6300748470903774,-0.5221806705233175,-0.19920337047845327,-0.5950376773813979,-1.385789126605532,-0.1751630379652601,1.1633893115251348,0.19354031241555159,0.003243693116228249,-0.8523682734891272,-1.581277728340259,-1.3972175165954073,1.6194204088863462,0.2962280965883117,-1.1665686234216674,-1.5992816027937997,-0.0772362541161088,-1.2500553815821212,-0.6879337113408868,-1.4417287394481586,-1.6236309899332273,-0.9049590659946759,-2.390940873131519,-1.7252975157608164,-1.590109306632541,-1.460045695318717,-1.2106237231765318,1.7425414208791183,1.2031855798587154,-1.7081679303528303,-1.2426053293915722,-0.9251096782695016,-0.5355484388238029,-2.0762911744897767,1.3272617607287112,-1.9800679706040418,-1.5321291780697692,-0.5039741200287664,-0.09113893247107809,-2.1312630329135938,-1.4070719021791023,-0.35829066335650633
2015-07-01,141991,148830,6056,5.2,116604000,1.4,0.1,0,4.6,-5.5,101.2228,233950.1050151119,614182.6750678757,1853659.9681745502,239998.9754623226,1255415.1938937553,25.01,9729.6,123.1,185663,12668.305926950463,506,1146,1182891.245325547,1140,195486.91153117153,235397.7767532401,125.4,124.8,238.034,242.565,97.605,96.978,13905.7,52.14896777829004,92.85701570503349,18.318,2244750,277750,NA,0.128,2.328,-1.720228606791289,0.940164888349101,-0.35552248116692603,-1.0983677199244286,1.3739028141864353,-0.09753828947907078,0.2992737312840064,0.18926953672811572,-1.836619617644034,0.034525872221283636,-1.2834507406195563,-0.29782291143911693,1.707141834056037,0.3410688792039367,-2.092901963718344,-0.5034910264695732,-0.9823310427989056,-0.05136887488190637,-1.590569583552034,-0.9712290483854719,-0.2150819341984754,0.6060300329845124,-1.8312680495460518,1.424405739753451,0.23173787172377663,-2.2553100960220456,-2.2247353333752424,-2.220825340598502,-0.4074450226356779,-1.906923772613433,-1.4087266850057125,-1.69033444483952,-2.141131314509952,-1.5657454382708078,-0.3676393735089585,-0.04656496349529537,-0.8858443041460916,-0.17945674825291086,-1.0885327052726788,-0.9843557676283878,-0.8693142431820373,-1.3298223503903561,1.7523169212293097,-1.595799806556525,-1.4092355649866763,-0.5776896539325328,-1.0628784880239563,-1.4808652093002144,-2.1254311423696857,0.09137860041430482,-1.088818205365128,-0.5196851980558216,-1.2783015424821844,-0.42912095394460376,-1.1229691038705083,0.27194521544389805,-2.5148971405190768,-1.1971024600161873,0.21318259860935457,-1.7221744529660763,0.9880321791563126,1.1723007650476018,-2.017706287577073,-1.263022808179374,-1.8056860068333407,0.29577913937068356,-0.9402301213283135,-0.8346903498485468,-0.8780353775475294,-0.6959402088800081,-1.608938608401385,-0.3050624929462744,-1.6996743955350897,-1.9231311381493998,-1.5971510449243216,-1.5333267780520288,2.6954331171796198,-1.5554639189199484,-2.4654574543273884,0.10511939381597994,-0.25895728719767297,-0.23040525343665166,-1.1287783361307357,-0.6251303974373451,0.5427098728335675,-1.7334195943082944,-1.4007080102858527,-0.369464396806878,-1.261423685372444,-0.6053545543905352,-0.04578655009054019,-0.5538919688132673,-1.7744542154454337,0.8275185740353553,-0.044603783033573464,-1.2274224907512945,0.2676453870494345,0.6899794620776752,-0.6536442780254871,-0.8952766444395163,-1.4299535196412678,0.8197385301379017,0.30633756464891027,-1.4215221536004314,-0.5673965644228082,-0.6658238748269509,0.021201636577394673,-0.5657098175535292,-0.27396294612485106,-0.7950296552925817,-2.205203827812699,-1.46556345256241,-1.3129366937441656,-0.8565936285864262,-1.8326782811062385,-1.153068078467414,-0.1632163627439884,-0.3329205193460577,-0.6594315314188255,2.132239168828076,-1.4039476493516247,0.8422876273293838,1.5332524294379652,-0.4818278660434977,-0.18410284771652066,-0.25838096421324347,-1.6539960814101142,-1.072440330904745,1.506658160252212,1.2082461010628691,-0.8201078506602353,-1.2390376279959376,0.09082036545676354,-0.9731996336460967,-0.7030581424980458,-1.4940269494763074,-1.5233041405011638,-0.6646653143048589,-2.343305218354226,-1.4886137782958808,-1.9876051762326785,-1.280710529387135,-0.6789172767296296,-1.5657233099763326,0.985126755603158,-1.5274960633084793,-1.2544881929265117,-1.3535957886780419,-0.6303095713774598,-1.8412614161807024,1.6106696783826044,-1.4585498357338942,-1.1915905421451578,-0.43275498050748373,-0.09255908891635692,-1.429778239558405,-1.2155560387076578,-0.5767571272250888
2015-08-01,142125,149181,5467,5.1,116812000,1.4,-14.2,-4.5,5.4,-2.2,101.0367,227774.24906773758,615537.0241363768,1853231.7395537847,238910.17497848626,1248622.0956439783,25.1,9757.6,123.1,185625,12699.463180756466,518,1130,1192862.5578822277,1165,192688.3989673401,236647.1335491538,123.2,123,238.033,242.817,97.612,97.056,13935.8,43.9187804778101,92.62177264947795,18.391,2254000,275200,NA,0.14,2.165,-1.7577953146529237,1.2568290070016954,-0.8957363988209521,-1.1965627512771284,1.917506067726319,-0.6365819352343636,0.6832621738650587,0.6207590855462519,-1.7020668744017629,-0.2538255484637843,-1.4139208006013737,-0.07633272756362261,1.7161559645259281,0.1199387826098351,-1.3412211846562345,-1.0218169770916583,-0.9427861659183645,-0.2848524683252849,-1.588813715603011,-0.9036755783949905,-0.34496395350583886,0.40080612590139914,-1.8558000366040075,1.0341028647364832,0.3570050297241471,-2.0955574397648364,-2.1881582481431208,-1.5889401050070193,-0.3475674983311682,-1.7391724986843669,-1.5151283341534834,-1.6949347305783171,-1.988854543889263,-1.677155110181187,0.011431229303850873,0.48213142325755076,-0.7210140207114634,-0.2618871030743915,-0.7868442123537353,-1.0888527620768704,-0.7650631646027768,-1.1882941443429758,1.030058573553368,-1.6857968542159552,-1.7034868588981247,-0.3030596571031816,-1.4597792801396354,-1.4337119008557404,-2.4325437617955017,-0.22563130686480998,-1.1656949949301176,-0.6127031934571009,-1.52311708813939,-0.3385113602287692,-1.069935817811041,0.44974825604018215,-1.4925373666496091,-1.3142129828551277,0.33340034748485636,-1.4752297421692782,0.6394693189474279,1.0222228814647878,-2.0832968381990318,-1.472175213166705,-1.8299084482991386,0.1118159044482704,-1.2199082083407984,-1.3404368479704696,-0.40293882662667035,-0.45323713219750345,-1.8888350544414052,-0.2868628594282655,-1.772971932703948,-1.6892045887096896,-1.5796670430510178,-1.5169346518056295,1.344171184481954,-1.5695043746775827,-2.087267768891698,-0.0756198627378386,-0.1275885190848077,-0.38633727685404895,-1.6850443712005814,-0.655145250924697,0.642367623990475,-1.7055130675989978,-1.446754603605796,-0.5976254509711786,-1.4868623205873424,-0.8888480036336495,-0.22485242193393848,-0.8656153860628952,-1.4371450184646386,0.3184558752121794,-0.49177872636070097,-0.3792560617889636,0.0858319279425454,0.9418010032368659,-0.8135564486562524,-0.42803136863608976,-0.9950469109746412,0.07368271014462564,-0.9371397652992898,-1.0027168912333824,-0.8682512054703152,-0.45294620857446805,-0.41469857548862576,-0.46325466524101166,-0.2626532660894339,-0.4855942151918015,-1.7641853898759705,-1.186377968576549,-1.6529025890427205,-0.595254383259268,-2.072635459244571,-0.7220129683776749,-0.2007590080933723,-0.2248760293047956,-0.9148234569070824,2.362305444143354,-1.3386876558965217,1.1412198150161335,1.4954528039085704,-0.3562396516377369,-0.015788569394619197,-0.19919336325899628,-1.2484930859398948,-1.1313649633737741,1.608624318939838,1.7494593139443413,-0.8407087212452504,-1.247889901227998,0.09854365995395689,-1.0515316215033417,-0.3186099782985834,-1.573637502778506,-1.6694440788979168,-0.5076326684394724,-2.443016789670731,-1.1528231625458139,-1.9854461620294932,-1.3170871122242327,-0.2180481519948824,-2.0492485258618887,0.708568381436875,-1.6547420507902255,-1.38317467682881,-1.897160817488865,-1.4909366782061082,-1.6343204658946398,1.5113897055083245,-1.3966187518207038,-1.2280755123302396,-0.6453642386921213,-0.09604193032057472,-0.19570963151838483,-1.2418970470126611,-0.1754331856094349
2015-09-01,142275,148826,5488,5,117005000,1.4,-13.8,-6.2,-3.6,-0.8,100.7547,223379.87422674065,617922.1765134339,1864936.5193895968,239527.2731003211,1238464.4582824665,25.11,9768,123.1,185209,12706.99754813956,456,1224,1194063.2149122357,1144,193959.60072632518,235093.4066497738,121.9,122.3,237.498,243.316,97.477,97.196,13972.2,46.65716015059962,87.70475876058904,18.281,2243000,269500,NA,0.1375,2.1925,-1.5883134342818004,0.8588320420556212,-0.8497305748273147,-1.705564711714418,1.9398243629635505,-0.8565760274068092,0.6047323860815029,1.195065472726609,-1.2804408809542536,-0.0809092051065275,-1.2141071753321924,-0.5072807263310525,1.6048358947526695,0.5418570335636104,-0.82299280460575,-1.4739910500289348,-0.6581262164469849,-0.20202408199691085,-1.7878994310589063,-0.9403507516710454,-0.006246083797959861,0.21929237440511615,-1.754176734623882,0.9887822342389092,0.5136869163344687,-1.8614331786232792,-1.956493624630163,-1.2256922073110967,0.22419410896251374,-1.8515479599363307,-1.370737626889147,-1.6038346126268384,-1.8724864014143412,-1.6695012879757427,0.1656635042567796,0.3320678582376922,-1.5543278838742773,-0.36754061751036,-0.8559380183719789,-0.9307914941895764,-0.8080518012256543,-0.9032056269869332,0.8826259033880617,-1.4931676452833877,-1.9156955187721407,-0.19427513411124475,-0.6661582493745253,-1.022841100897758,-1.5379855169088534,0.16746816270584813,-1.2824179866311962,-0.9197926162564267,-1.5312687552472866,-0.18995799841285196,-1.044436902508216,0.7769641881658202,-1.0700153124975176,-1.2801934461806665,0.7095053429642192,-1.2655576109780267,0.49390588312508876,0.6517905127544211,-1.976150274746594,-0.9651786776291598,-1.7338423129215899,-0.1716941548401483,-1.0278957317990425,-2.2851708890536213,0.018303070061159752,-0.965749381139488,-1.7216016453131617,-0.15381551973377067,-2.450806476929641,-2.000221691258821,-1.572334105641728,-1.4499437504689212,0.9308888898016645,-1.480238172229726,-1.8046707478104103,-0.1330869793675555,-0.43281327350640275,-0.5710576930194493,-1.8960826139908027,-1.0227876680184054,0.5798293111798262,-2.1718239708716838,-1.157660944043375,-0.22048426834494414,-1.6210862944041793,-0.8142927385358507,-0.43626489640750343,-0.9023294710646983,-1.4607502024219283,0.49208760046046646,-0.5691662170250195,-0.2363307120190426,-0.030709519316569126,0.829633168620188,-1.0067009336083372,-1.2760543765751167,-0.7397091623307241,-0.45390220384661173,-0.5845646043136506,-0.5808076393061324,-0.6653024498864992,-0.8410361763389342,-0.3243116774358957,-0.4126563547683283,-0.24752971884081715,-0.5789980826386045,-0.8869175322791395,-0.7505592646385666,-1.6258035429248747,-0.4414955991909982,-1.454544161736194,-1.2485458158982023,-0.5954850263827007,0.14286160575119417,-0.4585841164170053,1.0607592449035912,-1.2554523717979467,0.778863548091994,1.4222569169625507,0.577453234115874,0.5602398446287503,-0.9195226840060534,0.11043921176928806,-1.752388155516815,1.6627288630130983,1.7144460417280512,-1.2884687678308824,-1.3691983081663424,-0.11076337719074243,-1.0186106132638515,-0.34596861736592577,-1.447102490749421,-1.500986740560118,-0.42221354264956734,-2.056260806280387,-1.4222441572015878,-1.8092994519066394,-1.4066547416097375,-0.06555469345419934,-2.1204974272914043,0.5120709232331051,-1.6917593882757112,-1.395400342760922,-1.9743985033991303,-2.0403069644178884,-1.6663353507947014,1.2760215004836324,-1.5208241597181382,-1.1531903747899064,-0.744373992520602,-0.09769819591115414,0.24548364820396484,-1.1854009460724113,-0.37392917723420316
2015-10-01,142579,149246,5773,5,117242000,1.7,-14,-11.3,-4.9,-4.5,100.2675,232379.94603855268,617220.472521723,1872396.50567696,236134.67792402307,1238770.171425054,25.2,9802.5,123.8,184532,12715.717553884506,482,1058,1181338.1618227889,1160,192557.21862593226,232369.68720826448,121.5,122,237.733,243.768,97.477,97.228,13996.9,47.41631359192425,91.42168584392238,18.27,2207600,267000,NA,0.124,2.068,-1.2400983689641232,0.8289862721999753,-0.563683336252974,-0.9426697383341217,1.530306688341375,-0.8988140621902553,0.8446466914736703,1.3831331509809823,-1.445058339563429,0.4232006007623283,-1.1536494551322034,0.2748165453932336,1.731689066858276,0.5468987144585665,-0.1376410447743317,-1.2754047373827717,-0.5449955143664916,-0.033310072539606515,-1.5045719685957122,-0.8511826656342324,0.02872925789177341,0.4488081327197148,-1.4716945150008138,1.3756721293879564,0.21280253425813883,-1.5863960800739902,-1.983686282144749,-0.7556540717654351,0.38227375197513297,-1.6882038176053384,-1.235619492469298,-1.5480261950491427,-2.0414128645859324,-1.5667761785954206,-0.07349499428620525,0.03999734619457029,-0.7820225074662698,-0.3631782626150817,-1.045414522468922,-0.3515617855583768,-0.45234476685883834,-0.9980601370146795,1.272404576490761,-1.4457603456771835,-1.6950932473678264,-0.4172882343093833,-0.5538019097987735,-1.133569198772265,-1.5155853962417645,0.1530051662066248,-1.0391099550616147,-0.6630336365277264,-1.2391254097027868,-0.2912858482986369,-0.8093602396726861,1.1314751078345395,-0.7338448149816418,-0.9820975794521081,0.701919416769069,-1.120857265050788,0.545371812613842,1.0602859711213768,-1.740848500731981,-0.9252821885735477,-1.546720273518974,0.15222946146644084,-0.3042080634969198,-2.165238380332156,1.1254295434971324,-1.1215680166538178,-1.2199052635789778,0.7006431320211447,-2.23336032169565,-2.1498752078500347,-1.6931568075558008,-1.5217580952826628,0.7398113199227677,-1.5472298894912775,-1.4115785793208309,-0.16082155160014214,-0.1763422256120247,-0.13769791359697192,-1.6305885418147659,-0.5805995087265572,1.308188896399089,-2.5988252201442044,-1.0636726054508536,0.3234817605848284,-1.4813127619026327,-0.5997304202495214,-0.4694893090959423,-0.26848574228353833,-0.8289061724905105,0.36062830036606686,-0.006380317663680206,-0.23294743933759945,0.30525811205173464,1.1214805173457814,-0.9413468918151452,-0.8153898622898398,-1.0652798111875283,-0.13752763102618598,-0.5665869606369469,-0.44314157517338393,-0.35636812641240423,-0.2532190940318909,0.07960731328395475,-0.11380881097807208,-0.26233732056467607,0.007413649756900058,-0.8005856293331498,-1.0083252593880294,-1.2713480975552405,-0.38217884091255794,-1.3504362983279354,-0.7761058075029074,0.37041569885890285,0.38892507930621534,0.07685733485628121,0.7055518818904141,-1.0181098967521787,1.1187595887166268,2.3323751559339763,1.5211313631424161,0.7083337046155381,-0.8481526730774782,-0.2617648599872939,-1.1889073734017757,1.2517078627621574,0.9377056005785102,-0.5291587793324088,-1.545886824280214,0.21564186179278513,-1.0572264912807057,1.1343598850901562,-1.582374352839856,-1.4837936405225367,-0.29573920719207325,-2.4135907343307714,-1.389620745562973,-1.4604219199471995,-1.252801523543704,0.44106591752587737,-1.5545959723204217,0.8601721427895248,-1.4705293071765597,-1.3901233746887,-2.165745756671174,-3.447871004632614,-1.3112340969427523,1.3462058248737123,-1.311717383095041,-1.14449956898967,-1.002803506232496,-0.11177055085463643,0.6929681590171041,-1.1559048259012825,-0.5009492193886533
2015-11-01,142808,149463,5708,5.1,117446000,1.7,-10,-10.9,-3.1,-3.2,99.5298,229981.13555742378,614679.4070003486,1864378.353570298,236848.20275174806,1235469.2530090837,25.25,9811.2,123.8,184988,12736.779511574978,504,1172,1174424.3269289918,1244,190018.2492977096,229603.84670589925,120.8,121.1,238.017,244.241,97.538,97.332,13993.4,43.51124689864463,92.65267542725572,18.314,2208500,268500,NA,0.1175,2.27,-1.1220172298781481,0.8330241843203141,0.1661601936639127,-1.078006696227063,1.3284021134083945,-0.28173196682676777,1.0574287428415239,1.6199238572302426,-1.6613246549780758,0.5317309564712479,-0.8344992521430724,0.0022014804560914762,1.833453488003665,0.4885651878952847,0.34275786427752597,-1.1638825336176921,-0.7998064020091945,0.2646282277010361,-1.5991901075684056,-0.8885372579785843,0.3525875106271532,0.7845989549520055,-1.6056756350095156,1.50481674004691,0.8568700664040461,-1.0888314584202747,-1.9984302772685092,-0.01973489803629554,0.4888310478097686,-1.3383086872756784,-1.480020246277937,-1.316202690947688,-1.563182261120866,-1.6021736758169727,0.3325747576729581,0.165324699105348,-0.6937339308466545,-0.31335172436852055,-1.2598100985062637,-0.784091386900307,-0.7210566445314164,-1.1418716652750045,1.0175951242805112,-1.0713518657440446,-1.5462300832398355,-0.5559108407898905,-0.6296814069644565,-1.3629460376267097,-1.0193821102436589,-0.4349981079435446,-0.7717927970642183,3.0621184679378714e-4,-1.4499926841535649,-0.40938612310897743,-1.001873282896438,1.400754740010298,-0.48727154903176567,-0.6496281641611776,1.2448153344574404,-1.4518589074066275,1.097255961606638,2.004679003329821,-1.395370842112842,-0.7750833898922312,-1.520225120159706,0.7607697600251843,0.13863556287527445,-1.8283268239266763,1.3482746948931508,-1.4566424774813038,-0.555508865562741,0.8021906007200134,-1.905861045050189,-2.0806705475398366,-1.6787503608532688,-1.4327026809408272,0.8999276865226596,-1.6145691511121518,-0.8074509459732311,-0.06873764043688624,0.1000950607969376,-0.035840591280658855,-1.6534822725029328,-0.5685935187804274,1.981726664460874,-2.2010629605091006,-1.1148209621377396,0.8815296554088642,-1.1345143914353404,-0.3804268900743039,0.33863680891756975,-0.19925402950761759,-0.47620416552713757,0.5463552376644313,0.0672306329351785,-0.078442182493369,1.0347340951288655,1.1536153937744662,-0.5066236262800052,-0.9355753328523699,-0.9579233288955168,0.28098400632193465,0.0956521200449492,-0.6011872684818784,0.25381805133695245,-0.1414451564275624,0.7911615748304609,0.29859005919432274,-0.27750091378115377,-0.04911009605110718,-1.2636419085941881,-0.8860829608449421,-1.419749466882397,-0.027857626509582848,-1.3976018071539489,-0.5383946795498519,0.7763781055010117,0.913682135797878,-0.03561870234600408,0.6013035027056911,-0.7726399548738918,1.4011897321251576,2.430282026944277,1.7543991244511725,0.5467569205386797,-0.38871981900529873,0.03519022500670278,-0.9802952597608846,1.866885868683319,0.8997874446863153,-0.4171900215389875,-0.5501859196124761,0.9917121182576335,-1.3444761237495761,0.8293152956004224,-1.5936391814598951,-1.45853523463697,0.37214230043702545,-2.0085181613652376,-1.696730800036725,-1.8290341200361002,-1.428376235971742,0.7569100146322697,0.0042786493301946345,1.4953766637394892,-1.3606106928776804,-1.501003512046503,-2.4166654776354948,-0.9695100210223622,-1.2629535104617904,1.8071422359025797,-1.2481942202782654,-1.1661159901865163,-1.7161685655842873,-0.13823308394370049,0.9422897422725364,-0.63705475083673,0.2300742669137431
2015-12-01,143077,150128,5845,5,117609000,1.7,-5.9,-8.1,-9.1,-7,99.0417,223249.46642587424,612430.224922016,1857374.2561504932,231032.4659333443,1232799.417172878,25.25,9834.2,123.8,185964,12777.048103759646,546,1146,1186539.5665736333,1211,189261.82071909375,229610.2856673781,119.3,119.8,237.761,244.547,97.456,97.396,14060.2,38.16081103267115,92.88687681614459,17.503,2203750,271000,NA,0.205,2.2325,-1.0398589601292034,0.9044364327410164,0.16636970771531787,-1.197536670063529,1.0845182644141897,0.08695206427740174,1.4869956684255383,1.5866435364907765,-0.9414686096981101,0.9613283706133674,-0.8474260844855385,-0.16988726969487078,1.9141424642620697,0.5109694131987633,0.6940237494658049,-1.5290387032857407,-1.2522563602491306,0.2603985978453749,-1.4825864090594134,-0.34671591819317005,0.620797317545722,1.1726969237455342,-1.4205190426291336,1.735478287647625,0.4688375066184971,-0.41953828725001857,-1.686227640959119,0.06790981608135244,0.8455186226815803,-1.1761641292366767,-1.6430752927512093,-0.9608929933576768,-1.5170304588436314,-1.7811664671571752,0.3939160718327723,0.25031431025718986,-0.23943626666375845,-0.26284763328171246,-1.005384895777658,-0.3663913706996398,-0.7423712246571903,-0.509741816296372,0.7760742188210598,-1.6235768596966238,-1.3807444997715308,-0.09304844533574737,-0.10338474495938275,-1.6636506042495172,-1.0437133365513658,-0.9884678147340167,-0.5656643661523625,0.17568494005207677,-1.2996215186988305,-0.48074155181417083,-0.6218617485690381,1.2290107358558526,-0.36769786539745103,-0.7547699061594746,1.3767582763857713,-1.6561868479005546,1.2180304383447065,1.7238150975962971,-0.9305062377147592,-0.2500945302604959,-1.9515187088299037,0.7454917936245494,1.0821341474659767,-1.2149938643776366,0.17942538155460439,-1.5542375985223942,-1.0474734567188406,0.90039396705974994,-1.8481451444668278,-1.7304679583301215,-2.000443140258006,-1.3042885400561304,1.283467676451073,-1.6950447372336552,-0.24161526359856972,-0.22449891724393753,0.03741978399577899,0.2765005381792313,-1.1006371215135162,-0.7225475522843163,1.2032712163745167,-1.4568359864147562,-0.8450698706923577,1.4635192573993443,-0.566479451299676,-0.2863780786932078,0.0815968046065398,-0.8346589166162984,-0.9131053051570588,1.1959859486148503,0.2960211400558289,0.7935906149834776,1.279759378830601,1.9532522419915428,0.3628624624745522,0.12984190357786995,-0.5208355448361446,0.4344980581197091,0.2914151640918395,-0.47517271123828947,0.39595575842137093,0.2470898760172092,1.307941902021101,0.9918465509833625,-0.24022606872776633,0.2866559972365043,-1.093453907910579,-0.5101577164886575,-2.1024872231454372,0.14830262754034035,-1.1603789577843833,-0.0194124951707332,0.9670125101772088,1.1291879535830507,-0.055787714457112426,0.19414281865707814,-0.9491069997828123,0.8930635464932883,2.3265564195944926,0.5300960545559257,0.6653055370442925,0.11151587829600405,0.7240975045227884,-1.2782842733912934,2.1763404639728883,1.3146599926670735,-0.42263755910501566,-0.7257841333904944,1.451283682664307,-1.698433284320323,0.8825717850217799,-1.8185554590288466,-1.1925572926675159,-0.11120605336295668,-2.0824601455332874,-0.9368067288350606,-1.1917673191549962,-1.7892999417337796,0.3495200099319766,-0.5256394526382983,1.3114801665941278,-1.388360840559002,-1.689837662884105,-2.3193452538801864,-0.33800589154436894,-1.6119808242134475,1.8484214888383015,-1.2091678410911353,-1.4015410537900739,-2.165479024464467,-0.15594046170002698,0.9770029771423264,-0.9788645145574064,0.28070423943929657
2016-01-01,143210,150653,6012,4.8,117745000,-1.5,-15.6,-13,-4.4,-7.9,99.5607,234862.96873717898,612285.6322310659,1857884.4028246764,234632.1900385657,1236617.912529745,25.37,9849.6,124.5,184920,12798.473783539837,505,1092,1190805.7766472471,1171,185541.97095265446,225246.16394518752,117.8,118.7,237.652,244.955,97.496,97.567,14121.1,32.49364076474933,90.18887334392238,18.054,2207600,279600,NA,0.344,2.124,-0.05947681862502586,-0.3310266337813509,-0.8079453920669895,-0.32462543314999154,0.5685687946851973,0.14700319149015192,0.28293405562035495,-0.162980588409734,0.5250798018449304,0.06844502436513687,-0.5191756522074565,-0.15572245293657883,0.5446368400678109,-0.27577677895528513,-0.2588618819566467,-1.5871973047655867,-0.7157305130270785,0.2671435777473899,-0.1407766584324397,-0.9315843551834664,-0.3976984924492515,-0.09867273008947858,0.008761780090471908,0.5396328110912091,-0.18949416580545939,0.5855663279278936,-0.5522531728513856,0.9732756161434363,-0.2826234669287758,-0.41368298621982846,0.02842082226398525,-0.6989934417460022,-0.9168449048406268,-0.22311911235286772,-0.4466332536743179,-0.0664212347792875,-0.6805498567108155,0.0688797578506499,-0.2679020095267859,0.5338368616665207,-0.6443269174146293,-0.33483882657654324,-0.3237365125737615,0.2589823552641949,-0.5386974490510812,-0.2481764804567268,0.06729005786424692,-0.9812434136919429,0.16405063214597707,-1.162958201542337,-0.5699684187780107,0.13092197509737635,-0.4700307659877784,-0.5749908183571341,0.07638838024159501,-0.24006676341321936,-0.19668266765312223,0.6475373020108905,-0.10313878933126772,-1.157181902887561,-0.2534251173017566,-0.22635066300797263,0.8215011750226734,0.18585071520649063,-0.05825158197676336,0.5117064226501871,0.6113464737706192,-0.9489187867390809,0.6989506754610899,-1.8071415534692836,0.16578573625808615,-0.5477647119695833,-0.8184385380213206,-0.6864764761149482,-0.28740939822255807,0.07083279553998699,-0.9694915507366384,0.3811121066696832,0.6027685586192905,-0.8975265602874656,-0.930465929606199,-0.2910833047057771,-0.7304508387084916,0.3904392726671562,-0.2928344707088532,1.133396540681591,0.40761334151894735,-0.2137961229109276,0.5211181758665313,-0.05686912690796962,-0.5453756928969774,-2.0336712361163545,-0.19416636286743347,0.5843169602725244,-1.1349534419214722,-0.5639069336043642,-0.32801285519150986,0.5318574654638432,-0.16858564760915629,0.16012392874979633,0.2566339123637608,0.36925019005580695,0.4954012950548055,-0.5923586893651958,0.13491132034287917,0.03196669802314284,0.6258718886920396,-0.2394291852990089,0.03424345707925194,0.2974485551080724,-0.02999759464729318,0.3696782501004479,0.03439539465867517,-0.8502874544477951,-0.6674245651953609,0.4000866054108095,-0.622941398363963,0.4427308448897131,0.36852386606688275,-1.0419168410936266,-1.121261435622653,0.18864306789904878,1.7316195958842322,-0.9461261817674224,0.5928975664820285,-0.20381720528996386,0.3471444955550301,-0.4917900990114001,0.3699961581330118,1.2508844968844541,-0.084751631540893907,-0.02337539289372088,0.23398261579670301,-0.3413463086357865,-0.17912685923219426,-0.2675111770005525,-0.22024807070610483,-0.6257517080218192,-1.489373689014273,0.42360374644199145,0.23869995157467344,0.0017275415520891996,-0.29302881227018324,-0.6529446115876443,-0.25998762832611666,0.30451674852029387,-0.17158021067666154,-0.2465251753293262,0.07922522572027288,-1.3473537705420966,-0.18094277184574742,-0.06289415397832418,0.009433151773666009,-0.11764744756912125,-0.018698830894462837,-0.5138693284721522,0.22189794123852208,0.28212991031510853
2016-02-01,143406,150939,5770,4.9,117868000,-1.5,-13.1,-2,-5.7,-14.4,99.0445,222476.2686643748,608578.1723023244,1850711.5106033937,233635.3840628047,1230129.8168197444,25.38,9842.5,124.5,186705,12883.67797218944,517,1225,1203603.0581353586,1172,187770.53722612758,230882.03602031918,117.2,118.2,237.336,245.51,97.445,97.736,14135.3,31.114987941915956,90.99050233328408,18.096,2200500,266750,NA,0.3725,1.7825,0.24603065476923497,-1.0088538426903662,-0.7828467121334954,-0.07482997180198767,-0.14756119465292264,1.2499253037227764,-0.4801567343599527,-0.04952825795277979,0.5989688029122328,0.6123471741250173,-0.2407994612416161,-1.7961634577624634,-1.0995462628400428,-1.0763389575312112,0.07106247285590082,-1.5222778165648019,0.004221977437637687,0.49437192135698615,0.6941849243207302,-0.8943012735802189,-0.6762210024842696,-1.4639891263986147,0.9751687832246918,0.5005140342238206,-0.0032547089997599136,0.6689055981932174,0.12427057366142297,1.1155362296984246,-0.18376174913376384,0.8074985459785785,0.25527026324592517,-0.8896690176492528,-0.43428169339024536,0.4466092408803669,-0.062147429959521605,0.10278388303418337,-0.09797848457310364,0.18796593404477124,-0.29903207420483624,0.5713986898073593,-0.9343434769260249,0.2987890496756572,-0.43662812081739694,0.7710919071237506,-0.42850920146064225,0.028907349126734323,-0.04053456069779386,0.07783424579180659,0.27448987134595765,-0.23500838963588316,0.08877380479657535,0.9647619818168154,-0.8387516590500549,-0.49950553062918757,0.4177595814575496,-0.6972169863326335,0.1585383447665798,1.6102258236878364,-1.1332771231255938,-0.11858131579551445,-0.7809809632860348,-0.13060812843625283,0.9928420777940393,0.4426597122822705,0.6008818281167696,0.26958478874566755,0.16438972108747427,-0.8523265786144043,0.0823644307036359,-1.2267926828700093,0.839947411203839,-0.5221793271832773,-0.011400620287350236,-0.11708161312342652,0.5764467379993216,0.5204853610095534,0.0947340033415127,0.7775476958238178,0.526634755333302,-0.5238736186039433,-0.8394194978538826,-0.3547144486277663,-0.867454479149846,1.374653079922196,-0.5240302656882593,0.5844605938948331,1.2956268157120503,-0.527785093344659,0.3786955966386089,0.05537037688702261,-0.37647405859362343,-1.8265418665426305,0.5274792567411654,-0.7573000527750161,-1.789974320886272,-0.5688440033623035,-0.09271219568044363,0.575271754324288,-0.5666936106737942,0.042051621412741075,0.4046321157266574,0.1905857275289165,0.036456007059013876,-0.3639482637373511,0.295519259245903,-0.25827984416403743,-0.2177172637274309,-0.45848015744351867,0.14792881593280774,0.2860718494824653,0.31422017115559964,0.497753649118306,0.6146019085977648,-1.1471113617341526,-0.3760616849191972,0.77750351560221,-0.45638861972925265,-0.27040406025758457,0.4775306495666069,-0.16596281237975988,-0.2297534292070674,0.8349685807494075,0.10082358957515475,-0.736621332966268,0.3731468780158455,-0.2881965532506089,0.059460025849831094,-1.127582086417139,-0.6952824854699218,1.3081807469211988,0.6322953463654272,-0.0015472497785166703,-0.9478918546372179,0.7286005612908849,0.30558855843738314,0.1451327147264997,0.32485932951648544,-0.8159635909307443,-0.2762497430852585,0.6002891363834516,0.7906592188787416,0.6124264462566175,-0.1361715352964888,-0.02783973863045243,-0.8193689040135378,0.8123464659536783,0.23291660137800207,0.32015489682993414,0.254592670309573,-0.23454527439308667,-0.9794943420361213,0.34493182541399636,0.42271420533026716,0.03912463650886746,0.047018305237584206,-0.5665497366013612,0.04866719298805999,0.34849301364891366
2016-03-01,143662,151218,6129,5,118045000,-1.5,-1,-4,8.4,-3.6,98.3096,223590.96167825296,608319.5970227186,1856154.0475577828,230477.2045498756,1224503.1892129863,25.45,9862.9,124.5,185591,12835.686423064715,532,1111,1217097.867373788,1118,186281.7769496176,222606.04261157126,117.7,118.1,238.08,245.913,97.673,97.876,14135.4,38.44460598118211,90.58846332619189,17.291,2167250,263250,NA,0.365,1.8925,0.24482638940977836,-0.15410873030080668,-0.8716513731917191,0.07549479178372988,-1.525476466448438,0.9873986406239883,0.07195014989788501,-0.40560949004741265,0.7010044732880697,0.6503806985379966,-0.1706440565629167,1.4768737428333794,-1.558704515123828,-1.222515695690201,0.749968241589253,-1.51954290159129,0.16552495180426247,0.10905427883631688,0.8105689347125165,-0.8771543781609253,-1.0077924011681814,-0.9874669226252268,1.0247195088093657,-0.01985185680987792,-0.5229825990903002,1.1373944245301948,0.7729072310846675,1.2177607743923788,0.2359648989643081,1.0271310097713466,0.36864498613450913,-0.4927163169206532,-0.5741103038487984,0.5430460361266343,-0.387550294139718,-0.7697437306456039,0.24384642013940974,0.17249224603977958,0.1503342972883043,-0.4589494768273259,-0.6890894813345276,0.571692169002443,-1.9503277938347365,0.7559910444264892,-1.0142217969444933,0.05563435603486846,0.14501670802310915,-0.07562766998427613,0.30710489395039603,-0.024517679815445115,0.6141894130237758,1.5827571263649558,0.12956973042164566,-0.7204429582086845,0.5326296797779307,-0.7682423109900336,0.50828692740624,1.3129908598109163,-0.8527399647711426,-0.13863527462601868,-1.031425668083174,-0.3031414612863833,1.2671087864308288,0.4273187559883647,0.5509085340952837,-0.5294131787554405,0.23765012647824593,-0.14316733928515266,0.017197520722677672,-1.4576615301947777,0.9009187869973699,-0.13737022934344084,0.3712448814262222,0.14007580419558754,0.5661509987605168,0.5376061225035216,-0.28162680077825586,0.810316447883999,1.0695488002808735,-0.5751868550857482,-0.7209050211925279,-0.7839297420612318,-0.11410670833038862,1.5188914803441116,-0.8428638621585987,0.6598176931529537,1.228949401511795,-1.009173125925383,0.3908914334382787,0.18164287337382057,6.255839385663137e-4,-2.0853046611409387,-0.5591954112325979,-1.4749487676346562,-1.270717307637264,-0.17320133184491954,0.6688107063351741,0.9905302624433463,-0.24749820849446233,-0.15487327860877678,0.4077387954845531,-0.2750617719497036,0.168815015880964,0.36880693843502027,-0.2843749309061726,0.1299668255858946,-0.5342681149500819,0.25759015063534274,0.15750690400909226,0.9598718243009322,1.06412478803175,0.0834449908779817,0.5580990099119364,-1.4906606324720992,-0.1338693481338216,0.5219771903750526,-0.004157977752870455,0.012890071987469165,0.34109081687063914,0.10949031732896296,-0.8058506106126913,0.016318636158580948,-0.9966163311589269,-0.5921981454323295,-0.21347081387204478,-0.27454428851406654,-0.5610932119126419,-1.0959243254296112,-1.066097990418404,-0.2513760002490613,0.7783468729178817,-0.39316034271153305,-0.5310898413295128,0.6668784539663907,0.40853943327311165,0.31653323153349355,0.2750775671032322,-0.5057298879471597,-0.49393378371075863,0.30306068938281533,0.3476581583736839,0.4637778070421996,-0.6342852020354499,-0.2752648377047988,-0.3185944218635371,0.9042150369805613,0.3763303462431751,0.8346412640285913,0.31709366585403215,0.5949434547006364,-0.995007102691011,0.5611803419266643,0.5470177601074051,-0.15934147586419586,0.05114531518800471,-0.15890208896515107,-0.1023643759537061,-0.04769808772729047
2016-04-01,143854,151074,5803,5.1,118253000,1.2,8,1,-1.8,-10.8,98.6421,234544.30418499283,611862.0717806374,1854522.995656567,232154.33755472332,1226981.519088098,25.53,9890.4,125.4,185887,12869.796822221997,576,1163,1210190.5238129254,1160,187980.77413692814,225071.17855357015,118.5,118.7,238.992,246.551,97.993,98.117,14106.2,41.58460298184564,88.75814417725572,17.669,2149000,266000,NA,0.364,1.81,0.25606004175018154,0.1790739250057643,-0.8375119353996582,-0.06506715400560066,-1.6152843688080656,0.3313670791884723,0.3993728139722559,-0.7156916929407899,0.6586688661550232,0.5056690422485675,2.4336439554076088e-4,0.14775906951563011,-1.3665267806254968,-1.0858602251253662,0.628637564120146,-1.613720549864227,0.18764232168122622,-0.1471327783974889,0.8463805505657827,-0.7990270490365781,-0.5973281887544191,-1.228489353934264,0.9786655612910603,0.5815740064058558,-0.526257336183471,0.2845182898690894,1.00965991306831,0.5839497941738696,0.44074832779695666,0.2609499336539109,0.2161758159341672,-0.19518362327467983,-0.6973482328166098,0.5083836998469379,-0.8122225419793648,-0.840998257666034,0.3696201867101995,0.24567734993355056,0.3057904063762811,-0.12119960262543175,-0.50777239476671,0.42912705476141577,-1.862706602849135,0.6594669761203025,-0.013428575070725049,0.2975272937596761,-0.3049080622975187,0.20243197641162464,0.19201048774259624,-0.053622404146861834,-0.10190895370754711,1.2426208710683748,0.08526051261463156,-0.33972065192809264,0.8617027827410315,-0.3611560156841508,0.8236684613066841,1.1312045206216934,-0.9276278172555943,-0.12121861991804544,-0.9558786801064945,-0.07956647324867978,1.1471422989432927,0.45380569600792703,0.7958799059747227,-0.4914441667202964,1.0317595263405985,0.15835881529197846,-0.012176922480536687,-1.5849360793016962,0.872053114063919,-0.467283733195904,0.6404740957171267,-0.021226170045173836,0.3987349685246645,0.4982967499889983,-0.9559348638928601,0.7418539743119458,0.7327209907360807,-0.9954286675133185,-0.7531267112934548,-0.5430405277401529,-0.011369583420005247,1.3329273296655524,-1.0040628836690666,1.6904587357805672,0.8395134513469549,-1.011521663609411,0.24123208141172922,0.16134552338939046,-0.22604816719315468,-1.7928846538132233,0.6736051922688406,-1.173449953319761,-1.4431940749654941,-0.6052050056690073,1.1387672739392765,0.9509210837335927,-0.24137878650517522,-0.47946597993925205,0.6981443617911803,-0.36928935314697503,0.18535694397421054,-0.040058417379331454,-1.1162394503337985,0.09519245697723508,-0.33948960893069485,-0.633567612420785,0.09437463518836701,1.758630018404666,0.6575886117356265,0.1923127027055827,0.2937472592252006,-1.9722150423137979,0.08983409027770325,-0.07794785449381256,0.3275887313025151,-0.043480446808863094,0.5927343824182335,0.004023036390202561,-0.6832500913673856,0.07562046783099334,-1.4145157327824658,-0.6953419652943518,-0.7357025333244733,-0.6542809544645852,-0.27909817399798265,-0.6002361291103976,-1.148510914571595,-0.540643894006691,0.2571475401270222,-0.4766645236008603,0.5556905506649198,0.5128897552531108,0.017749679240855062,0.1362205710315183,0.28162793169886235,-0.3458699279953812,-0.7974771684576405,-0.407347429232825,0.605960091724702,0.41563588574682636,-0.21609013302711244,-0.2310997828191755,-0.18308544849056366,0.5475384626633856,0.39991945814456165,-0.20676437204054676,0.020003459736487938,0.40835771097629786,-0.6494513399931879,0.5852481354059312,0.6248290780610525,-0.12244025857791395,0.04792679408446379,-0.23706734786684464,-0.3786700357840775,-0.3084505007350467
2016-05-01,143900,151132,5777,4.8,118374000,1.2,-5.3,-6.3,-5.6,-12.1,98.4184,227315.51761026154,613439.2224384379,1853422.0455267394,229636.3840127148,1226572.799608774,25.58,9895.5,125.4,185964,12890.792945707213,571,1148,1213090.7868328018,1205,188551.54707446537,226707.28352673887,119.9,120,239.557,247.137,98.153,98.284,14095.5,47.58896824345664,94.56727538292948,17.695,2169750,274500,NA,0.365,1.8075,0.4196049116275131,1.3418337289359712,-0.6863449184811623,0.5288714664968728,-1.5543135853655339,0.2576638753163687,0.037849930702340294,-0.61804135682492,0.7016035383648515,-0.2830072698297949,0.21432239054328014,0.39065609296691806,-1.1410975937059564,-1.4079704357612233,1.2737415657650268,-1.3258850086632796,2.1487664552959354,0.311386465877938,0.6909272022720949,-0.272115094742917,-0.3985970131122638,-0.7986790385577214,0.9476983692422076,0.25708834941792624,-0.6111444088393925,0.11222781004375389,1.243977657781734,0.3103233073763916,0.909588788060264,0.40039718353588816,0.48746098111841574,0.42595921577361184,-0.4510457121133496,0.6184885720390162,-0.7918713066034776,-0.8897719267652778,0.8624658367361612,0.46901575565565273,0.5624345553130417,0.6155752421626426,0.0070104398325284804,0.5521855394313974,-1.5630228208178143,0.9471632577879567,0.4174686809249971,-0.3589127742901347,-0.34422952678307267,0.39143935531860496,0.5966650864716468,0.04628132753325074,0.12398830247463624,1.4414733604755607,0.044094661003318665,0.06691249140042933,1.248896433055174,-0.02458190242572951,0.5989533295226672,1.2333354082554475,-1.0429101083965782,0.36238972009720843,-0.9427349163513956,0.6446534481115912,1.1279921958286396,0.04378664129857098,0.4691538739054832,0.17361650463312794,1.2436995974241127,0.5978520204095219,0.2665520217381447,-1.4192452576680752,0.8096839896066553,-0.32194650373593015,0.38253941346266485,0.3357286376031989,0.4706197355188256,0.6095067611789133,-0.7812691403583547,0.749077951054894,0.4367264067621656,-1.0866288193345373,-0.648224514997873,-0.1779470133105362,-0.28820843680757735,1.8024510907310105,-0.8259221389348294,1.8492438564320526,0.9585323671765473,-0.6753966985059416,1.0791438295809572,0.23855483723616044,-0.30191372745547473,-1.2666924333091651,1.5876522220138538,-1.3473202533147886,-0.4721209405227264,-0.10156964701091226,0.6739966580539404,0.8484499433884276,-0.4330002030125411,-0.27496695270389754,1.1018155820164406,-0.04920913839949122,0.016372011363776504,0.11119652911116894,0.19101101447613963,-0.011437820694152435,-0.20802782404605916,1.0360124445092969,0.11299943620408867,0.36002478056662446,0.75709332748157,0.11246992430223202,0.243699379900971,-1.5537807750478385,0.09950320327796211,0.16741094244578517,-0.25759474067358545,-0.457149084687968,0.7356571179361615,-0.48321044805796753,-0.7678124300468249,0.2463138450933009,-1.6087069183495117,-0.44345238145400134,-0.5694315607845617,-0.3212566554694118,-0.5410385001946765,0.08723238274173029,-0.9519032171141494,-0.7542379522083607,0.5592149902926381,-0.25452048649787545,0.15729411833861387,0.3448123475645766,0.27282211368517395,0.3392592458064877,0.31986918163284905,-0.7744463447500338,-0.2103024406496294,0.07121930710358651,1.0016159707955004,0.417659211121688,0.1894144878335975,0.0454724580523124,-0.14360169177727677,0.4097306523562554,0.37431817249202737,0.014885713185735209,0.3397212750768993,-0.003967568194840388,-0.40878622247597174,0.8898455774612442,0.5429039332750429,-0.011311436768069732,0.04884251417280043,-0.15161722497772356,-0.18720626267842647,0.025600446514429595
2016-06-01,144147,151223,5742,4.9,118511000,1.2,3.8,-2,4.4,-8.8,98.8833,210434.78260869565,612206.4581744216,1852571.8635039967,228701.7543859649,1210009.6618357487,25.62,9929.8,125.4,187425,12948.080345792016,557,1203,1238346.3005339436,1208,189954.74192728198,230798.8812611238,120.7,120.9,240.222,247.54,98.325,98.386,14104.9,49.5906432748538,92.7619562339933,17.735,2156750,265250,NA,0.37,1.6975,0.4673370395151486,0.49452383542726824,-0.5699249422702162,0.8370802325788964,-2.054897426950887,-0.2836782368256674,-0.12432622082861507,0.28485961838168045,1.1871856855077894,-0.7700478667909503,-0.018987471133759693,0.17864827876995795,-1.2903832912822975,-1.882115422908408,1.5534366107440376,-0.9232795902560431,0.5495025174242373,0.25708375113937565,0.6145261841172763,-1.0637448029400967,-0.9623321498269478,-1.2598184009435867,0.5409926437994454,-0.5201474630757102,-0.7024484620451239,0.30087157535211034,0.9915592198721864,0.19953223806978743,0.9577084389607968,0.42644933389001577,0.6044020925552291,-0.2674772752015055,-0.7519690174046095,0.521189526529303,-0.71120396888435,-0.5929543419312671,2.3303633378128836,0.8678506578241861,0.6523710030695274,2.062733963581762,-0.22523163256010956,0.27894315387620106,-2.088687038899656,1.1924392102945716,0.7404684993900381,-0.6973077844337854,0.052619024220726236,-0.023729034776951076,-0.2685233274105804,-0.37420405908047827,0.05479799965406448,1.2643642159063495,-0.3556416195998779,0.016748745223929565,0.08999843582453677,-0.31266475456096804,1.7871123872193646,1.1858210958949387,-1.1307252530578222,-0.1728942924731501,-1.2852386218937277,-0.01624580328159049,1.1364458841997511,-0.2607612957274692,0.454541622647984,-0.805049770194197,0.912509806754754,-0.24926866536539855,-0.4129781856293242,-1.244880869692439,1.2326871862194853,-0.7264636696881092,0.010620689330966205,0.6266518770922782,0.5033955586178283,0.6560696171481246,-1.5964268000561104,0.7539645631692415,0.3433530356849957,-1.1741026616456154,-0.9943514186977848,-0.5973995871239692,-0.019981597661555505,1.1508219414284748,-1.7355029598062257,2.0688665314675188,1.122605027769847,-1.0476500907398796,1.276899299615286,-0.016514902919763735,-0.1692563308219086,-1.3408900391626843,1.2361711307487306,-2.583031072945067,-1.2865783805078406,0.7242552300353118,-0.07538436491453243,-1.0245239878529466,-0.08828815557516823,-0.23657819821739295,0.6947314517103095,0.7073717837854944,0.0862715631599597,0.10301081878873511,-0.024809801660523177,-0.19093814257767666,0.10883481060186623,-0.14166000235180948,0.09570982136321954,0.2744243222509176,1.5537527813705398,-0.17634276383817526,0.31045927041773824,-1.483530881296793,0.14055835952325949,0.575674537013615,-0.7301110695378934,-0.42678502955946945,0.6460523267717297,-0.744409455803612,-1.3690181164651039,-0.46679061318360715,-2.643750795363985,-1.8010106944265956,-0.6425142725094113,0.03024072043436509,-1.0144718288409873,0.0197755105232521,-1.2872372095526918,-0.5247663972903527,0.4759586071258623,-0.020587808446168653,0.011328832930992901,0.541100176576218,-0.5091088572364644,0.41953791615284536,0.5100992184564488,-0.15833358279606474,0.1813998594002288,1.0309426246982132,0.2578972281060605,0.5686710471293397,-1.0004135740729614,-0.07353552926458645,-0.4875991542593214,0.3547175327117636,0.37395289717240904,0.48502135779844036,0.31171724867419875,0.3045405506182155,-0.5525831610679066,0.4416752483602663,0.19339974837563134,-0.18635614625797498,0.042312731180019256,1.7104056845068152,-0.25893506696648855,0.20797625127984593
2016-07-01,144520,151554,5962,4.8,118640000,0.4,-1.3,3.3,1.6,1.3,98.9992,219799.27192857582,611465.0912122999,1851992.8534469197,228600.19116959182,1205078.1964979358,25.69,9978,126,187333,12971.771979418765,628,1239,1235008.4399341075,1198,191272.2946452177,230197.67749283114,120.8,121.1,240.101,247.829,98.342,98.529,14160.1,45.40277806023876,89.7570157050335,18.109,2134600,259400,NA,0.396,1.494,1.1066820610156838,0.31987134569132036,-1.070386337455587,1.2455450519599152,-0.6058196400207376,-0.06351576064877473,0.396963336327523,0.43154242465956827,1.1363040588121056,-1.3455593792118676,-0.07341249351705702,0.15099564789697825,-1.333245516732404,-2.019896711939741,1.5254882393863174,-0.5317808130625116,0.17147986637096563,-0.22983157732076603,0.8879575427294247,-0.2954160443157619,-0.8005838714052358,-1.5259702061679872,0.6657214581585104,-0.5308105826073483,-0.5916289349695283,0.3807684640630072,0.617143485022487,0.3432401761514566,1.3903810967724706,0.5342676878469361,0.6549539778477949,-0.35883558470994026,-0.7693595449438837,0.7199606514327556,-0.32768242023853605,-0.4606248898754596,2.174384539342279,0.6116557923550923,0.5411940375334419,0.5858796862199358,0.026301551075413643,0.3114708252981566,-1.8560590136726747,1.1128204936193415,0.9355416347752858,-0.6370861264713191,0.48164904302378636,-0.035133628981290854,-2.847036027998467e-4,-0.378687962281148,-0.028626432982690842,2.465308786351602,-0.27134429940616783,0.06526125373369582,0.4033410741329173,-0.14013997065849146,1.7696586764019546,1.2721712035455377,-1.0007487089247726,-0.07112204927217688,-1.4911770285537314,-0.6973663502880652,0.9333843393881086,-0.5011422708206157,0.4893808320362896,-0.6672733010644581,0.2968544292401906,-0.9818408364097684,-0.6632578007444673,-1.069503286420506,1.4567230620698393,-0.22734436332064978,0.2093248248728852,0.6958724354140001,0.6728801548618084,0.4970333091943762,-1.0671180243251817,0.8068662607783712,0.4074965641687119,-0.573720714810761,-1.31378548169238,-0.15063402307103546,0.14862778619999858,1.2222693641296758,-2.3967113897349663,1.51903523181541,1.1562096021460668,-1.2403432493491846,0.6657352969642885,-0.12630197814539912,-0.216244282563537,-1.2093905831157707,1.4050510271264334,-2.290186535543363,-1.5413965938746617,1.0843276300471227,0.5233546064489044,-1.2661237907468328,0.7515890485486253,-0.3469276963751101,0.9416150292563167,0.594024884260845,0.0540279417403033,0.06061158003513374,-0.4936615580699829,-0.7048877408543304,-0.8645613668116975,-0.8043028645822502,0.0866407489842597,0.2988902514331042,1.3233562002015455,-0.20877683708091557,0.36917978025370507,-1.398196527794154,0.3219727156805093,1.0808896135399018,-1.136260456881326,-1.5326367849280753,0.44105378050947447,-1.3428380438225875,-1.389500525258,-0.36110601010515425,-3.0660167971940497,-2.3108758448676032,-0.9264824775578472,-0.31526772060680053,-1.0933937298704695,-0.5912432718419701,-1.6672851524519332,0.38658527229538314,0.4238427858553899,0.6686231734487362,0.5971413712742044,1.0875876402819922,-0.9017505550344985,0.495483941665284,0.6434345036206451,-0.12372589533619094,0.3696467344290979,0.21107300159613993,0.24781267695154377,0.3226807275585883,-2.353742457403274,0.24452369851282157,-0.447658087518712,0.45311051723125606,0.3279453959295473,0.1780759953847408,-0.15412426232080845,0.8194746463943025,-0.6448838724521619,0.27477809129574815,0.20016612399662892,-0.06584134188040217,0.04362769371598066,1.092450808522268,0.027414959962661488,-0.30700783862883246
2016-08-01,144661,151779,5677,4.9,118790000,0.4,-5.7,-4.1,5,-3.3,98.85,220944.56686197058,609450.7458442916,1851869.500719179,228303.49617684988,1200325.957818418,25.71,9983.8,126,187053,12985.611145523413,575,1171,1240112.105118858,1201,193034.0478680734,232253.57690472077,120.5,120.1,240.545,248.423,98.479,98.703,14176.7,45.41069669675768,90.52177264947794,17.927,2145000,263500,NA,0.3925,1.5525,1.4190043291722525,0.4847280680568801,-1.0291784154181043,0.6024752103466661,-1.737393655950283,-0.025274490916201608,0.14877449633207937,-0.4218370719739648,1.3043960268404682,-1.4796643327929373,-0.007367826546468295,0.31209849142397733,-1.3685686360211051,-2.097008322790887,1.4595147475650057,-0.6119718162853529,-0.049253575937592456,0.07232471563857551,0.9292099019573402,-0.9197751656500207,-0.09057422221595297,-1.3707190799767992,0.7787243593314508,-0.5844146992758316,-0.4607241645699186,0.38609234440075424,0.16146359767384696,-0.045587390862894386,0.8780142686350154,0.2831742228802622,0.6427241712534953,0.23845021000542244,-0.9568934700452668,0.5472397262982475,-1.2176712221227801,-0.5515971730810864,1.2696360672913045,0.12602926087069763,0.5367970057205014,1.9764361641290569,0.01599278834497855,0.5006086159736428,-1.3991570858398965,0.93378836390614,0.1588055162441369,-0.9433795367313682,0.32865431925538957,0.4734156480166629,0.30485677764945085,-0.4754069659384254,0.1750667807734839,2.006114899625658,-0.48472687446028445,0.8108362819081172,0.8882562217686215,0.16935490220915644,1.8641175923877682,1.4504509785122761,-0.6597389166287171,-0.07330750747273637,-0.8885582127324086,-0.13628171390348132,1.0831997035582177,-0.5781175131107218,0.7151661886546234,-0.3405938978270845,0.19175024939650487,-1.166746746768939,-0.04930966481837687,-1.2337138496099138,1.8666044548700869,-0.6042908899540445,0.5417769279024117,0.37284448389377356,0.6048274178352416,0.3652847351194914,-1.5142304179003996,0.874305193234523,0.5029405522867308,-0.3037435710036274,-0.1550602778148868,0.5881012536102348,-0.05481617721621223,1.6441575177620527,-1.9065281850962488,1.1108842387962026,0.8995631266601378,-0.4837958072955188,0.022872760560962272,-0.5541879358269007,-0.1079906575861366,-1.4534479207812487,0.34605729870180946,-2.2716632013595732,-1.0972458510458396,0.4278653639795028,0.9022488411106401,-1.049037783390503,0.411213675404016,-0.6311599333508845,0.8664731549695631,2.4644978064162686,3.011641010683814,0.45340173151756435,-0.2849402028843147,-0.5329308670758531,-0.28212578616929934,-0.767036072445593,0.07796744605726619,0.029231959946825786,1.3892271605492732,0.5305984221563144,0.33733018377557006,-1.1481211305217702,0.43618149836664305,1.2089338783615675,-0.8844129111237824,-1.4169946333300154,0.7654919252822663,-0.41382990837039724,-1.0288441255362781,-0.09087664041031972,-2.2956544903541887,-1.9401376891505047,-0.8736710109086027,-0.5572081827030999,-0.6688124730178799,-0.39664629953447295,-1.8852178848612726,-1.4708659683030862,0.2561046566207824,0.30595541180228375,-0.11558331067298531,0.8222182441834218,-0.06955519289396937,0.5202668904553381,0.4071876795271529,-0.17680289082208323,-0.015490293123209705,0.09160739000163956,-0.1667354187855674,0.2933662281636108,-2.223020524912726,0.20799752917664413,-0.8057010086855635,0.7591650527381822,0.21940402736045728,0.0923474002245949,0.017309776886985342,0.6614363061901928,-0.6513852458608032,0.20285463760573155,0.26954984467027926,-0.08183067435501744,0.040429575816515066,0.6432783160911747,0.21576400225358053,0.19205227298187322
2016-09-01,144967,151761,5868,5,119003000,0.4,-3.4,-6.3,12.5,-8,98.7457,220335.27253562523,610051.0814262258,1856123.8633423848,229344.45503010156,1193100.966898425,25.77,10033.7,126,187853,13020.290677639716,558,1068,1249101.0074392396,1303,193179.00796627006,229168.10248717899,120.6,120.5,241.176,248.842,98.666,98.834,14209.1,45.790849938175256,91.70475876058904,17.956,2109500,251500,NA,0.394,1.622,0.9353167671069272,-0.09898149455235872,-0.9037327298555958,1.4973959674253596,-2.184844433769148,0.25197045492147696,0.030931413000331146,-0.1266098730371234,0.6637585463534424,-0.998093677203703,0.23251697934543042,-0.2558722524356563,-1.3672903856723395,-1.255232593831376,0.9313654149488837,-0.7053050651131179,0.33700214554133984,0.32298561329842607,1.0192007728116732,-0.6427033102773394,-0.3319778396364719,-0.4422786325772492,1.9820291846857239,-0.4363704735903395,-0.7311815480857092,0.9944507950020953,1.0041356808861372,0.4365843939593864,0.9990309414673249,0.6129149897232734,0.772870445929837,1.0170860257890837,-0.565950647421001,0.8665041466405113,-0.8306083783696604,-0.5267338738286172,0.5655273024404047,0.1692848924440556,0.81481036457633,0.5654918177586452,0.0758138473048988,0.9527601078112399,-1.1072275569464927,0.9715601778578398,0.35459318033895443,0.16283366262492968,0.6148145130382692,0.9194997326228544,0.7763522193739496,0.6265485524239396,0.3974525835800663,0.4986616344481567,-0.14974049743924522,0.3372857688112511,0.9109765367151094,0.3734617978379904,1.5642778191466307,1.4299673658192096,-0.3134961742986409,0.7207236201224084,-1.0723111745100644,0.5804102020078543,1.5451051721799656,0.4398373141771492,0.7853758212283529,0.1639566454904601,0.05566941884768873,-0.14919683315700646,0.9785530467136019,-0.8131406936796339,1.845029441760333,0.09762783528885677,0.6510864857156734,0.6314322791949041,0.6948160155019735,0.47591827204126536,-0.6842555991657419,0.876582549102159,0.8652665482620081,-0.7277161398966568,-0.11985359139248072,0.8208412617577795,-0.034955065630334126,2.0755974479329793,-0.8662075253968256,1.3161210034132926,1.0649105133330672,0.02398313997210618,0.3428254492974757,0.06633464232621303,0.012722966381432938,-0.6781103170422589,0.6767707121374769,-2.0405959416843853,-0.33167806237089126,0.14667573616587312,1.4479551010272855,-0.6794300428796891,-0.5000489837430182,-0.07934419976349204,0.9526416040027517,2.4481554111473685,0.5224730388068538,0.4778280847508986,0.47133971527865404,1.5612914579964245,0.5171158037715283,0.3335166077440788,0.08574298522739143,0.3756921684726365,1.086446643240121,1.1154278344815847,0.49902133933866333,-0.9618474698697794,1.0333840005115125,1.1472610666386835,-0.4774268917659061,0.4547134256481808,0.8807917125786767,-0.6781443448884623,-0.40281290305797596,0.4268307457206501,-1.0689667292228173,0.9379349520852446,-0.34746854774595254,-0.4851610444819472,-0.2754551156442354,0.5316927981401288,-1.0584611641344983,-0.9617388709727176,0.6126176389921281,0.9710553164244788,-0.2815010178644049,0.8139201541517868,0.32234051794787566,0.8483223083758707,0.7746229510283998,-0.4669757018362061,-0.14359155629711376,0.9210383969459763,0.6355260072071912,0.7593305884204111,-0.6592321847187792,0.3911445308668572,-0.6990526893458345,0.6613593895761921,0.559106873114812,0.37378908963788937,1.0913878032465671,0.29819477678563083,-0.42668700295129336,0.6179898342567568,0.36510081221657187,0.13282352328274682,0.0499438849272727,0.034087927147232,0.5734335733831589,0.8744990840057332
2016-10-01,145065,151793,5591,4.9,119207000,1.6,-9.9,-11.3,11,0.7,98.7611,236134.0373022616,610224.7441032488,1854042.7052622996,226962.21224258607,1204216.733422341,25.9,10078.3,126.7,187741,13014.32212647166,575,1313,1255310.1104502974,1254,191413.80426427157,229280.4547477445,121.2,120.7,241.741,249.142,98.868,98.961,14235.4,50.349961564914835,88.62168584392238,17.954,2072600,255800,NA,0.39999999999999997,1.7625,0.26079311854432846,-0.00610293525845434,-0.8949818516152298,1.2471273795319073,-2.0697677873751785,0.3236043248743869,-0.5300611823678997,-0.3822223558818191,0.47116117136018104,-1.1220980687620463,0.18517883672035423,0.16879977197225002,-1.2004117201412228,-1.1969106129759852,0.0172196230812385,-0.930983518477399,0.44040459325449666,0.2625444135153043,0.9479506956525884,-0.6391329597836795,-0.12175516842060863,-1.0761798577500488,1.4513771817078853,-1.0798224390551376,-1.3164005291500191,0.9791831311488223,0.25309367946783734,0.6774127060807066,0.40521999880514525,0.65473969517756625,0.5917650605140309,0.18860162553247192,-0.07067448418001392,0.6294432114310776,-1.2808328704546148,-0.552677207693855,0.45110318554388057,0.11143268202194616,0.7504516640898268,-0.1692300314615058,0.2744105396584996,0.31547822117634206,-1.0121933693318652,0.636943865961337,0.33326360781971004,-0.18115697144412427,-0.09359340484760574,0.3942628083714061,0.5176322187055359,-0.6826161957995194,0.15717764167659232,-0.14138091161790195,0.09062802637159986,0.5297668360102478,0.6221873523357745,0.11065846555588378,0.5933438866975045,1.3461881672540383,-0.7336864170371834,-0.006373092528006767,-0.650999016038521,-0.4074089458009305,1.2821472564344418,-0.19084523025977052,0.31767611282303065,-0.1882828334075078,0.3598280779398418,0.8851503569313265,0.2043929098614526,-0.9492871493745416,0.5925473716497095,-0.6520782722033944,0.4924149047395466,0.5394586544431813,0.5379341540104531,0.5304398198470911,-0.9928697023834763,0.800304146736156,1.0150622532809555,-0.8575589160629629,-0.27696566362577474,0.3451531687663491,0.029240773828134736,1.6595237007658141,-0.28267645588602863,1.234988135634143,0.8430003378957194,0.09129841551665764,0.4972495333516599,-0.14899473280789233,-0.6975381523611501,-1.1483239321661685,0.5744133523116419,-2.188854723944238,-1.0885204343792254,-0.6581043455990918,0.2573326329815427,-0.3445596499411288,-0.1568921581819837,0.3107562882193081,0.7905442242196867,-0.6002002463332462,0.17658963066749572,0.20299021886055188,0.2212597310515929,-0.7124307360205104,-0.13149574558166732,0.32326202834498413,0.08728793077233374,0.1616110570776581,0.6522624714875593,0.890324207785281,0.4961326881878748,-0.9992977614647565,0.8237125801148534,0.7667129550609165,-0.4606769151106064,1.2596326735618981,0.3913658760336727,-0.6747884824787828,0.9440579239395641,0.4816583369646974,-0.6975038496054401,0.5930309986623485,-0.8208686766709015,0.12481175827286099,-0.2903024031469035,0.27447687977428126,-0.5166655455573659,-0.8240078821630137,0.6127685784875789,0.3091547533866404,-0.41779151476798737,0.8961021127294106,-0.23443669628759997,0.3488502768032235,0.43593899428126254,-0.613827564730899,-0.016392423534557717,2.001691499052116,0.2948464534657154,0.6867846612358033,0.7934957482923714,0.5309172843385439,-0.6606871856702784,0.6109648852468957,0.6871925356739549,0.7248243239160962,2.858495361964772,-0.08241462496753868,-0.4428555162502903,0.36232366374305985,0.44637462968383806,0.19003586357075475,0.049651149280927884,-0.4045231016330478,0.777687914242875,0.5692616047174629
2016-11-01,145183,151954,5971,4.7,119461000,1.6,1.2,-5.5,10.7,6.2,98.3491,218757.1409793632,614501.3700569257,1865842.9727762076,226843.0046207824,1200486.3449307894,25.9,10103.3,126.7,187539,13036.268591824148,571,1140,1278936.5122698457,1230,189662.38966238967,232987.532987533,121.1,120.8,242.026,249.481,98.901,99.005,14273.6,46.167379500712826,95.15267542725572,17.792,2044750,245750,NA,0.4075,2.1,0.2194901465527513,0.30131557776254014,-0.8537208080489175,1.0117545230557743,0.14410642956938755,0.2874196553758412,-0.8783266625007213,-0.32707721413507634,1.021346177833814,-0.5736314151085287,0.10349426096751584,0.05780985413580939,-1.1881565407897698,-1.1199551416284497,-0.21497584276854792,-0.41874242153275676,0.23732366921592848,0.4587112788513093,1.033092959455498,0.27167038827644907,-0.0035715240678148657,-0.5029436767319626,1.10758831778867,-0.8027067767731647,-0.5168580657847296,1.0226685327895564,0.21627913700171547,0.8592384419936802,-0.22154123585825608,-0.17693896924053626,0.5414547707967957,-0.05377787351565489,0.07004140503401393,0.7357486225944364,-1.2774997874595129,-0.7579354453630921,0.5231071944572295,0.2953314240554582,0.4359688542916442,-0.5076382109371732,0.24793052006881214,0.5977069912578912,-1.3623376394553854,0.6500469608533195,0.20664185939508428,0.07794173580897731,0.8794005639492083,0.1786402702328116,0.20051736516657237,-0.18477583462257763,0.16323655896940323,0.1076838290848434,0.8802366980036828,0.7207224138130871,0.9974275332963501,-0.10900878414489651,0.16341251625544853,1.2342617071455546,-0.6791468415218634,-0.06957674163413097,-0.5670171025570473,-0.4748092149979682,0.9963674924106237,0.7559783595476661,0.6337613296038377,0.01669681648128043,0.9408410288783531,1.4352798642897933,0.18109204916390303,0.07225607324982346,0.6180660438548848,-0.9338745460760401,0.28894484933728165,0.28581278950616146,0.46233002781938903,0.49286951773416027,-0.8906826461227934,1.164924631237102,1.410398572279721,-0.45063910172002486,-0.6938633847583859,0.2755859329422748,0.026037371289986937,0.8048194444757101,-0.33549599975453376,1.7676881628532584,1.1524929441257563,-0.10132530942708295,0.5343396849899344,-0.21133760925321804,0.2981156349567962,-1.2518950946010363,1.0788191706878263,-2.131054488950212,-1.7090645003671388,-0.5726842339008359,0.4328866931503446,0.5597363635863019,-0.66466389036728,0.288973169935499,1.3267824033839322,-0.32311652942683383,0.14072236745331676,0.3793626142586489,-0.3600674295805943,-0.462919034090543,-0.30849645353876,-0.3860174505320789,0.09886421530945035,-0.19913865431799577,0.7156447144436273,0.8037026781672792,0.6546260566249176,-0.8855672028468697,0.3792442257823617,0.42241136958456765,0.18976708664026667,0.032748874146176124,0.5608451670303682,-0.12677392208114915,1.609260380270038,-0.07196170715186007,-0.5097124441539567,0.2775624490116155,-1.037037761029259,0.8726153024634019,0.09230207642064925,-0.17087242582892773,-0.11614581364914532,0.9051866193786139,0.6284894971431201,0.07841037807296311,-0.6280679236877708,1.053251549753158,-0.03430593457616832,0.47577442573987444,0.3440545283347639,-0.0875943934978463,-0.13070671434001926,1.7552381782397088,0.7495273904215223,0.7849959232792095,0.804061389266628,0.19966887497003227,-0.48346186284241205,0.8438384498179817,0.6085307169398599,0.6762097831699656,2.33263188847176,0.06622907058871194,-0.28170591949707724,0.6089214275359935,0.4002796077898263,-0.13408978448162243,0.04692525358004532,-0.6912712535989203,0.7528817113495154,0.6140315880273487
2016-12-01,145408,152157,5964,4.7,119788000,1.6,9.6,-7.8,22.4,6.9,99.0214,221583.51081547575,617079.6701355594,1861458.6055192987,229302.21760151812,1195611.2283110092,25.93,10145.6,126.7,189297,13127.857798952266,561,1252,1282356.0880580593,1248,194269.76612732283,234382.4126131764,121.6,121.3,242.637,249.92,99.071,99.12,14313.7,52.457328582531716,98.4868768161446,18.277,2048400,252200,NA,0.518,2.4739999999999998,0.35489634581182833,0.22094444251136655,0.11938582526409972,1.4093871607317572,-0.5212736662625282,0.15421028786211585,-0.8915690865947057,-0.585785857440004,1.548048128374337,0.973314263595099,0.05837479297555845,0.04879182961003991,-1.279750188221157,-0.9926637013907057,-0.5030290340778613,0.19522107975742403,0.2299294885115278,0.26811168339166364,1.9152071718819839,0.10356340970826886,-0.02446707818792399,0.734098537029431,1.2826457071918271,-0.28050806842816495,-0.37155970370907637,0.9241058527922864,-0.23812405026819686,1.3149912707695264,-0.5870683058339178,0.7970512929913971,0.845249685052166,0.1797620812501415,0.09722850743271658,1.3262512805662356,-0.36456375167319716,-0.535810445042841,0.3611750359533226,0.2567925088156951,0.6181477148040901,0.817631870965068,0.07666466169833144,1.1800676982958591,-0.9982014611499176,1.3192173990692222,0.839235292265994,0.5736203558151991,0.4963849804010099,0.2939586333790408,-0.31958257405880536,1.172836393605762,0.52671711876422,0.04925901234865862,0.854830944516905,0.3908516276530134,0.8472256530196646,0.035784915021787246,0.4800094292620824,1.4628087807747847,-0.44043560857452035,0.4227392497801217,-0.1624730432145792,-0.565771651458376,0.9811441275818952,0.794297874680936,0.7629643414637477,0.5149397054547771,-0.17788264417199326,0.9277469333829608,1.0557247418684974,0.5861262383970285,1.003632126975726,-1.3538891454284072,0.42169628176266033,0.3836621486302464,0.6627777874841964,0.6204228152266833,-1.1658023054997935,1.8039498628054975,0.6859251781309286,0.4012421696970557,-0.28961842515474223,0.5658704147642256,0.32160526157105346,1.7142557573408872,-0.49570211199368214,1.7496388808676961,2.663571065170187,-0.29453285726239997,0.9095568347701682,-0.6370036798660451,0.11241194129986035,-1.4462072667497459,0.28510467571067993,-1.5346316557264592,-1.0757673768297757,0.4926207123693762,0.9246027337277073,0.5204691830112702,0.0662493195422454,0.8512694817697202,1.418340250173217,-0.793992331438731,0.18733868625367991,0.4547475077644712,0.6720878189744605,-0.34491590272462763,-0.42740691233830835,-0.24147855283608805,0.11547622915144849,0.6367053597226937,0.6023792462120281,1.1094413178646223,1.5730298678901151,-0.7465303936780114,0.4913918576299053,0.9929702858107861,1.7442016887773029,-0.39001137138515934,0.7617677854248956,1.9988859869921607,4.577729868585385,0.2174429435493438,-0.11888772774799168,0.1701616994977313,-0.8849364154784903,0.6249849453326664,0.8059002505075911,-0.20200704377945242,-0.46235614415944903,1.5760653062906234,0.5254429845575322,0.12943285641735605,-0.5960581017225118,1.247501655131629,0.49170380910358663,0.45351614671726986,1.0057426197533998,0.18399925260728198,0.3815036805175383,2.530801656293015,1.4898929341486677,1.0622088393189943,0.532187333309006,0.27271302159627986,-0.4134369153905166,1.5238465569070219,0.6903759582281449,1.8631155992087267,-0.05482826673281207,0.027040506412893704,-0.32934282740537335,1.3710535759013802,0.7134703394571954,1.615676690489376,0.08362154092386515,-0.8613231354388251,0.7277136302608839,0.49303381260340695
2017-01-01,145628,152152,5617,4.7,119980000,3.4,9.8,-2.5,24,4.9,98.7611,220487.4762445828,614555.911956642,1861503.6323193798,229139.97848186546,1187377.7035927242,26,10194.7,127.5,190631,13135.815627796606,573,1190,1262958.6429497944,1303,196663.6836230908,238851.2936018743,122.3,121.6,243.618,250.467,99.451,99.385,14373.7,52.78981609033595,96.68887334392238,17.652,2081000,244000,NA,0.6475,2.43,0.34528470578384535,0.642705345288006,-0.8132925931950421,1.2439560480498102,-1.5926117099990247,0.22198166298241515,-0.18415473239445015,-0.32307636619781643,1.2211578912253085,-0.0341822062329665,0.05388121097497643,-0.11609706755826654,-0.8326742280195257,-1.3754336906322904,0.09324947226959032,0.2304323551516269,-0.10296516724829961,-0.0430612394478325,1.1240776368751695,-0.06664489309477649,0.08579578072256963,0.5794101617764672,0.9078947991321569,0.34330576072679875,-0.14269838828935477,0.908675332530155,0.3890080945748145,0.7209705165991748,0.3928720913378061,1.0688645025427186,0.38441100376927473,0.4515653894566822,-0.3693574306210194,0.44025587167999947,-0.24154766448023296,-0.2574220556642423,1.2524782448812473,0.19433337004046258,0.8954748707816879,0.998321544537142,0.287418736114505,0.8734880987761476,-1.0917801048771991,0.7309994385357766,0.5004242529699466,0.08695744479308574,-0.29868354573840183,0.73693060079001,-0.04120118808069429,0.3126005214869183,0.06535388913451314,1.2902913986751066,-0.19026902797515396,0.6276872624559666,0.5968550524852227,0.5191658260446422,0.7025299979174563,1.0953676626217488,0.2722404165754753,0.35223220430257546,0.017231604869190998,-0.026498595411346054,0.48782823303282175,0.09248465634415663,-0.011701729690107398,0.6132282802226717,0.33155824083262014,0.4404329158120622,1.043147033505379,-0.046929215408622105,1.2516720715596985,0.07010492387515897,0.7314502831742286,0.27732407423335625,0.46136206400063384,0.351422633501567,-0.6800203246686403,1.124870632464949,0.5912269098963745,-0.12697719245649397,0.20760662459988938,0.6301058558398549,0.5665721521109109,1.7696546425575979,-0.24456683536262602,1.0621384966823535,1.0858391559655762,0.07309258750795156,0.40463166131164147,0.040494071852994015,0.2522553650173373,-0.20535514310682157,0.6326577554977084,-1.6196751545624835,-0.44279677247333354,0.19423495199043336,1.2802457975834505,0.46932281955644944,0.5024814168056537,0.3503350234782305,0.8586848848198356,-0.05306674418689337,0.41629826244723894,0.6037664779684254,0.6896920077490896,-0.09585583273033607,0.2083091114780429,-0.23996177020770093,0.06375461870111128,-0.38000291632253125,0.6215444302483948,0.38580262508737934,0.5509121878960969,-1.166467999037598,0.4578667900294675,0.834705654117144,-0.02216588511501185,-0.7858742221041642,0.7354612219230621,0.6075856181955405,4.122591303515187,-0.22912877076947544,-1.1424590194255348,-0.21356455848951317,0.043511898612678235,0.7156377241169594,0.6435007420622081,-0.4474123081261687,-0.8080493967410323,1.1593458247316784,0.5924627513031943,0.3210652215543293,0.07827884356187174,1.2235614656192793,0.990695528365345,0.34385667058839864,0.46295335201174354,0.28149858919686266,0.40791517312866626,1.483326647563703,0.7197143782202934,0.4389025599057695,-0.3146623520207515,0.1790295043900032,-0.0120259204904153,0.2834044856116367,0.36813958456506274,-0.11797133226557698,-0.060080072313405765,0.2780525528578735,0.271892778560927,0.7544069036319057,0.2781477442928542,0.2688513934526963,0.026561513101714652,0.34777502705562274,0.32349932529385644,-0.10125186949970753
2017-02-01,145846,152480,5923,4.6,120156000,3.4,19.5,7.1,41.4,5.7,98.3646,222434.8804048762,614822.3645894001,1859938.9788800403,227363.28399574236,1184824.1720723796,26.07,10231.8,127.5,190276,13142.811238527504,587,1271,1282637.117667142,1234,197145.18104954512,235689.7555881349,122.7,122,244.006,250.998,99.586,99.561,14416.8,53.69228606430623,95.59050233328408,17.699,2059750,230250,NA,0.6575,2.43,0.25866171869347454,2.0961091117902475,-0.6366570799542763,0.8619301765649191,-1.9858913603306796,0.6802436336197951,0.4701177014475261,-0.017854855375796966,1.1201614875713848,-0.4379535118148336,0.1354681132607818,-2.1861344547281254,-0.9169499579031365,-0.264190984747561,0.6440746675175968,0.08465982736688243,0.039133293237716076,0.08739043237789515,0.34410980508685907,-0.4695151888642385,-0.20055917916800597,0.8285735163904097,0.8063903683740132,0.744935562144852,-0.33061266564458835,1.1241385691837293,0.5448009123205327,0.9294299961070851,0.6962351648664938,1.141103009517845,0.131691500032114,0.6296906968770652,-0.12797479715982246,0.3792589733196411,-0.7785699629832575,-0.519877400044393,1.1357138219572782,-0.09011007252226709,0.5934240401882397,1.1163902762527194,0.5634746961643746,0.33680417535390006,-0.546945382340291,0.5651809263621345,0.3199989211725361,0.4117369844286865,-0.8482417946698493,0.9034927444465167,0.34971839774796454,0.07735328423210452,0.46696356228913544,1.0665994430412455,0.11964123913141733,-0.14727496008886445,0.8344425629444882,0.6420940001405765,0.6389652006711122,1.076930710703789,1.0702564465275644,0.16273089117494782,-0.1292414299452109,0.17443859459039723,0.5770056249925625,0.39819853579390424,0.5689542438469374,-0.07330303481029843,0.7225478495034137,0.6294521144904498,0.8701318860937616,-0.05070635354889985,0.6026805766609458,0.7740526453171074,0.9922736152483468,0.897905437048738,0.2914550874050091,0.18900451980644453,0.06344198122201607,1.0674293084365392,0.7783367839800276,-0.6324617957686982,0.39891484320447257,0.5528234799595189,0.7452045366766422,1.9869060910081617,0.8928845700135308,1.112597163744446,0.5338653188975829,-0.22262620141351042,0.4356024508539445,0.03578401701232614,0.503637313209415,0.3189017674513599,0.9813853934274557,-0.10186690684146446,0.15345148123698873,0.03387537572451616,1.7728816724935288,0.6784395657257781,-0.43343667051856977,0.4288954502567788,0.4762891359107952,0.8431675888880128,0.06567659448576456,0.16027300262390898,0.3460629728095687,0.3357664276357474,0.0384003843898261,0.6733815744767733,0.04442823117262446,0.11698759320575419,0.7478600922101695,0.11790415532384335,0.5097742350145732,-0.8450159243265593,0.3645020706949009,0.7296028576772055,0.91336281646476,0.41322906006074356,0.3923359990074563,0.13312387728754546,1.1975103327955596,0.6096678996143929,0.16298626736925764,1.041489777734481,0.272332033610206,1.9140512262203688,0.4528505426408021,0.5017482236396912,-1.0880085500135808,0.29132225628923303,0.5958318556030684,0.06306031898716655,0.1541414243363231,0.9544061642866665,1.4389150600946026,0.29781847734068867,0.21018862604448574,0.4533458081073685,0.4973885624500854,1.5061269751425868,0.5919265881497274,0.31129216936900866,0.37346910410272094,0.03573776745763285,0.7335315946343371,0.2559341901674469,0.38689109654913184,-0.35545125907199415,0.09607607554174734,0.7919369277465911,0.44039366023110166,0.3530130941527492,0.24670159040463582,-0.14190628146006024,0.01160190968862009,0.7361606856837527,0.5379374936334786,0.16145186602352563
2017-03-01,145970,153065,5811,4.4,120262000,3.4,18.1,10.6,29.6,3.3,99.0137,223985.53272718142,616310.8454312553,1866450.3369378746,229351.48440247148,1184342.191189029,26.11,10246.4,127.5,190114,13201.285979806098,632,1190,1280419.952780429,1272,196912.64379364043,236936.7559150048,122.5,122.1,243.892,250.944,99.535,99.519,14476.3,49.56045612096248,96.48846332619189,17.061,2017500,233750,NA,0.77,2.4699999999999998,0.39076475682226774,2.133190544782217,0.27630848581220824,1.0799338701084886,-1.5707733612507948,0.43800082792339373,0.6312359783404776,0.6887872713031377,2.0184556536735543,0.733503852719228,0.13263717147494516,0.2237789695727913,-1.0590789277031418,0.23389271080498258,0.582284586587808,0.24294175076896243,0.49636356703680107,0.07135399752181598,0.6409684604539124,-0.05408671117185677,0.7184555251809639,1.0307762830103233,0.4593027883831997,0.6286357419290713,-0.3592376178160259,0.8960867424783755,0.7914049090005688,0.9473628191680594,0.9867220343942825,1.0487669534333819,0.2753862666589537,0.9738921399090288,-0.1783657175812832,0.32483281425459587,-0.07769438737320603,-0.8757577826608286,0.9184593730642266,-0.11311430219838448,0.8845592927651101,0.744779907347836,0.5207899564844927,0.6499339707331021,-0.9228183487981078,0.7779073049660933,0.8152983080457071,0.4187759588913226,-0.9860312862975245,1.1524110058269554,0.5965983823413895,0.13583860209379345,0.5010445484273165,0.7603645445828178,0.6398626209798871,-0.21800901151645563,1.3080592035033534,0.7840048860778389,1.1751677032668124,0.8940690938358217,1.6262497113501102,0.12624430605377904,-0.1404411125506925,0.1443457599081211,0.5277320652486802,0.7976580479740047,1.0208975440007266,0.5025365671280191,1.1247189200447636,0.8919688675857798,0.609866354033923,0.34261065709142074,0.39337134338096535,0.7892541981136478,1.6020874401005805,0.387921199773647,0.30475957989701463,0.2095384909383435,0.2899664459736066,0.7785775322194496,0.7266891558454484,-1.0932409332831274,0.8553581615627034,0.8430000966303862,0.9099022724129396,0.9878378262967116,0.7783365045615422,1.0668536386965208,0.8170837077119394,-0.32261406250254626,0.22973580882275169,0.07426933437993186,0.763716378845539,-0.19163436557248212,0.9737397602568866,-0.22812077222071034,-0.33350407563005824,0.843743608760874,1.5318406790639,1.1555473316425289,0.1899441880363418,0.072174588483256,0.36087131373489295,0.7834778052705262,0.20903999025099693,0.14558327418862518,0.07896956968518772,0.763286694117228,0.3299410972018569,0.7850537345769689,0.04006682600542597,-0.09993870601287175,0.8037898912240984,0.24879400763802162,0.6106228180965753,-0.6867034946158983,0.597967039808625,0.9777936859628478,1.6869685109209989,0.5213199440124943,0.08831543939306351,1.2442512079022978,1.2171354047372318,0.9556982984830975,0.47219373921261165,0.7211160626743599,0.49971499828044363,1.517283157693397,0.7011366169873625,0.8708620447705746,-0.4419962125044252,0.16299745394655105,0.6086462920978013,0.1437349283268651,1.0938872181252535,1.3124683824398846,1.5863858774736792,0.3794473803210319,0.42628254754925893,0.921832914985453,0.21304705506819469,1.6071623371436108,1.165484927380262,0.6473010053288866,-0.3725288474538692,-0.08846046676730898,1.0206788812762917,0.28355924746516825,0.5348969320876065,-0.07910627661633969,0.03670370343853547,0.6764134681095522,0.4508949899052287,0.6376435583650543,0.4548348573356113,0.014759446568381926,0.018631937988222477,1.0722065572202422,0.6938506297490398,0.14173465521613562
2017-04-01,146175,153255,6091,4.4,120400000,2.3,4.5,16.1,22,10.2,100.0224,224768.11230884938,612674.8558535974,1858223.834679107,227798.44572574578,1183207.82150915,26.18,10298,128.3,190536,13205.515166708448,598,1146,1271726.2471797443,1251,196435.19679117572,239384.30684382052,122.8,122.4,244.193,251.227,99.725,99.723,14509.3,51.20080220606668,96.75814417725572,17.166,1955400,227800,NA,0.9,2.2975,0.4816469400215512,2.53977573205408,2.0695805840297936,1.0677141860613746,-1.4325681544601296,0.23929875190019878,0.9596136894917091,0.9506258328070536,1.2803791820021928,0.3283585289339394,0.07807454657010758,-0.0039687000505826305,-0.7839728820628564,0.07635947609408675,1.4017826737203998,0.3092924109553873,0.35876786933652255,0.9871852672750735,0.6110527492454991,0.2055682166616928,0.5217151598713855,1.1763492089354946,0.2987388962622142,0.7930900268567131,-0.3662136606049873,0.8378534348011666,0.7456407750129701,0.6027398962999246,1.0949867337719943,1.083129949296672,0.31502783242466714,1.147638240124903,0.35405819062239796,0.5484568010257669,0.2613711003558096,-0.6296535336237559,0.43240517092230213,0.07329029615391755,1.3371393335723858,0.9206149142328701,0.8053824655033501,0.3156139015940231,-0.3532375812212081,0.8985033524414882,0.7257994790403994,0.45538350295850627,-0.04257711548853198,1.412988369970001,0.3252479083706701,0.7734599331006976,0.3469109103408011,1.0922113251786398,0.08835588736877148,1.481034962750646,1.2695195077878694,0.7996763535364989,2.601475189056282,0.3406904971678641,1.3345661765054802,0.4512847518425839,-0.16498950899293174,0.20642899894865002,0.5086348190548582,0.8900092551938799,1.0329966019895682,0.33287970592192045,1.055280389887004,1.28973694399522,0.7100042693051143,-0.08075406563987832,0.43789582417757394,0.8119434457748698,1.4138771975309021,0.4648845258457492,0.32755021307643933,0.3872204255425144,0.8343954585213031,0.6220894581417994,0.5055139694138042,-0.7608410421910292,1.1854305009541388,1.3896297247849527,0.30467913232938815,0.8511225890721362,0.7130676872018407,0.8541609523846918,0.7589371970683337,-0.7582793933380265,0.18480728563512805,-0.3917340539040678,0.7924557487265994,-0.3730830430622726,0.4684489887752105,-0.4633198945097994,0.5093881546173297,0.734396638106893,1.025911157901083,0.5986719416261882,0.8271844113359775,0.030360687741318004,0.49092815348262814,0.45396770388213853,0.21443688282674112,0.9081828856350759,-0.4265564272053802,-0.11331062420395857,0.19437747197756622,1.0933916265277352,0.036081932634344165,0.35689407188316197,0.9367966443376623,0.310277957274217,0.537041172562674,-1.5375429053176877,1.0159570738948758,2.3253113419216773,1.596320861538776,0.773939056062053,0.2417398326996273,1.435967217633956,0.46769796840374966,0.4013958922152148,0.4292835479023066,0.10096791495516845,0.1469685424307974,1.2013074159776962,0.5003015068483863,0.8504552538639053,-0.16034690352068967,0.8357158727928524,0.6514562221501063,0.10166237337130393,1.1432410351633404,0.7297468493270779,1.6717814753781475,0.42074475013206714,0.7480848884566077,1.8982376385484008,0.607433250537601,1.4324440779807275,1.0020996884848354,0.5085054193027374,0.6765365918418944,-0.044958662245226655,0.843573058485345,0.45702441191230747,0.5603681178652952,0.7235575482455112,-0.2021481235044673,0.2662583791485337,1.3396486293537158,0.3874832636982679,0.8242478658420775,0.15992324806817448,0.018817313243320446,1.4404560127225505,1.0845038796469075,1.310164893821792
2017-05-01,146380,153069,5826,4.4,120556000,2.3,4.1,6.7,33.7,6,100.1408,223001.1436367649,616438.273710399,1862421.8418027933,232282.6588551594,1178687.2253766977,26.21,10329.4,128.3,189650,13213.9202664473,635,1157,1286209.1450813587,1208,196144.74027407155,238706.0853514175,122.7,121.7,244.004,251.43,99.682,99.803,14610.7,48.63465821311771,96.96727538292947,17.081,1896250,239000,NA,0.905,2.3125,0.4934886404077294,1.5126973311049465,1.386431446167333,0.7322209811280894,-1.0169258449611358,-0.015295609801037193,0.8417495850436068,0.3190708007066492,0.4722357821672905,0.42161147137810345,0.23096933592997007,0.04955403455599883,-0.4945691040241949,0.47595651675574074,0.17724260337727712,-0.06081223163159805,0.2579576155679698,0.8462833088106289,0.4607092171267469,0.5876581675419077,0.4983131012751154,0.04809709191917525,0.29041451271684615,0.34171953746422956,-0.2013997390375147,0.13050459466824027,1.384583722562225,0.2064945291816862,0.8319631537410713,0.7256830951970552,0.21931968932560827,1.3902509542120596,0.15540550987510277,0.2730426496365713,0.38609253673694766,-0.7883042500327038,-0.11647890435163602,0.07642876720553611,1.0883503547406048,0.3564243904425545,0.70818915986971,0.12149679703420263,-0.27764332330367664,0.6937500112666891,0.49946621186625256,0.33751178865010817,-0.23129972148615835,1.306209249169294,0.19446198389988653,0.0013060669161042927,0.26675295978154756,0.7626065817103213,0.48437888343554447,1.2996621261145562,1.3513243976581466,0.7103544857237446,1.4094055940775707,0.6680071313791909,0.3436419824719034,0.5989042032296064,0.01714197867291392,-0.09432549819041512,0.2712435435444627,0.8057367009440137,2.0565384760474315,-0.13223307556667846,0.5659369802892835,1.0032711318533671,0.8132975446815857,-0.05140321981838807,0.6697727829539338,0.4817306267001987,1.41950913840813,0.5134477964937558,0.3370257626026567,0.2811733336911551,-0.05564685193704676,0.6748082103338207,0.28281559525914984,-0.353456386079918,1.8183097539523791,1.5340414436187195,0.5438115335116247,0.9564487789269226,0.6192849131969549,0.40057177867825944,0.8441067265415418,-0.2476949689450631,-0.1857900014872466,-0.278821568669146,0.48430222979903054,-0.4270614704991491,0.5828508257547375,0.05313094188068659,0.7104096750207235,0.1884450677787376,0.8730060707774027,0.02344100512504108,0.6897298613689058,-0.44507166368104256,0.7571080399721447,0.2344140365562857,-0.04505454774243284,0.9930568615692182,-0.6699258275860585,0.7447735461152999,-0.3064650889633306,0.077890303293844207,0.048737672533675974,0.43600214361283823,0.7591521018355328,0.21260139362689565,0.360136981943109,-1.104072970629455,0.9559852048401434,2.0111208119079826,0.8275810245015586,-0.3401289817378522,0.4566329527613315,0.99341049955684,0.22132878823996163,0.02229891385630006,-0.19538078286877555,0.5395880841273006,1.5227730433752809,1.6973044781798996,-0.2680168877086329,0.19421152375097428,-0.9655191006077386,0.6053660690970717,0.5190572711426785,0.07607106866179901,1.2082671977504553,0.24610332921563857,0.4966288607565541,0.39286101849046035,0.8517411092228706,1.2573305527439482,0.6483358977814122,1.3242348869557852,0.5864447003953503,0.8725310236503608,0.801019106176321,0.14810985403164817,0.5523959113576971,0.3310430043770492,0.3525637223529145,0.5578438181100436,-0.2584229761683759,0.3404396664551116,0.63006122095572,0.42587428356265666,0.7011245242351446,0.1758353441558984,0.01703866878896283,1.3661584406031464,0.6964870014282444,1.123344304356323
2017-06-01,146583,153318,6305,4.3,120777000,2.3,19.3,5.4,28.5,11.6,100.3471,237535.83385121182,620965.0582362729,1869877.7988395893,229985.16528677105,1189641.7617224304,26.26,10380.3,128.3,190500,13256.21955375579,619,1249,1280438.2254475472,1353,198418.298819237,239571.5975382395,122.4,121.6,244.163,251.746,99.766,99.937,14618.7,45.28596916785278,94.2619562339933,17.13,1916750,248000,NA,1.02,2.19,0.6408605252020382,1.8175389292981503,2.1668120159857316,0.31986520910976113,-0.6604266886164659,0.2728183754672007,0.754341988398596,0.5132640329809399,0.7822117885478584,0.2779487100376527,0.41657304214608104,0.18301378624721762,-0.4760700234936528,0.6106637531834317,0.8038397012319689,-0.0867430860884319,0.16443265347474573,0.9498988750585065,0.5716664528381472,1.0845016438255017,0.8598275929670111,-0.1371629253433869,0.6566217810503239,0.5924953651854676,-0.09937524366789804,0.5744295939158008,1.7526634751843668,0.24377671075984284,1.214886520504897,1.336700810166515,0.5608137034498123,1.3094503146757503,0.9673803560745989,0.28334180189222613,0.3273514318176878,-0.4333954894470405,-0.31748348546065813,-0.16061896536280773,1.4852657868704575,0.5772631740551221,1.003203117233943,0.46454928450665384,-0.117224933951545,0.6169088990160592,0.726890870736037,1.1328323232084652,0.50346351350666,1.4968242859249614,1.3869071040769168,0.2971399239940302,0.5394017886507115,0.747221389677246,0.8141834090101449,1.2170485280003387,1.7592584307080739,1.2030882669134502,2.1255766765232758,0.8429580753313655,0.3964918630512372,0.7210438149377912,-0.05460986310786823,-0.1871318714603033,0.21903414532131787,0.8208152231192366,1.513899837801257,0.7684276392320751,1.5266495366090214,0.5182764268058788,0.2690857216929462,0.5345408902260524,0.7110654951295142,1.4323582257582257,1.4187257390519914,1.1011446764477095,0.5004133655931214,0.4199379712147659,-0.6076126277368162,0.6904358502402783,0.9244601662925679,-0.07469566391312452,1.795562003538342,1.7250510074997185,1.1183936601403548,1.680222744861744,-0.4331040331857849,0.2493591776325557,0.9848946290834687,0.34208964107731626,0.48528143123933654,-0.00825286976136428,1.2325599201895254,-0.22850259920740212,0.658744414222798,2.340607254073146,0.5923257362374702,0.3773962367320061,1.415695178799605,0.7974611304916266,0.7321110517458734,0.2078430824597101,1.3709591316685028,1.2170290869423668,0.005385770592643627,1.8606250037738128,-0.18188360081432636,0.7206188633734898,0.1615184676816638,0.1250649661735005,0.041891032389028894,0.48157181489652356,1.0317916117662307,0.4025668233957358,0.4175180014239476,-0.7366116564257134,1.2902898764047397,1.3038911219186657,-0.3198446961273064,-0.041308670776902055,-0.13356223648909768,0.5338467355236465,0.20399842089736614,0.5525131164165,-1.0958611765783195,-1.3084745546414698,1.3697577382880446,-0.49764421137310344,-0.20434168956460794,0.19130435595205336,-1.3604379862131324,-0.60786729659372285,0.6864670593379975,0.8937672195537305,2.4211644011142104,0.49800484423943076,0.6697876126861632,0.6488534868612481,0.5366190626787741,2.0970813363556475,1.1130821998119524,1.2664612833515334,0.6040915969303824,0.9645130261380817,-0.2516078005183584,0.0840301133127383,-0.4018912667951121,0.1541337395089348,0.4431954784216049,0.660704926521256,-0.17914948780110138,0.7151718869934869,0.18372924423393466,0.44711768637163324,0.5629831076412192,0.2258487073685709,0.02008735584734741,1.964752878774644,1.4456808129522116,1.4514631016540305
2017-07-01,146772,153569,6238,4.3,120967000,1.9,7.9,4.7,22.6,7.6,100.1068,218168.7925212669,623720.7298377805,1873240.0949237694,228848.8321994329,1182718.9563439977,26.35,10432.2,129.2,190421,13289.480276144004,572,1206,1278137.9317254992,1256,197545.16397302685,239299.41985711854,122.2,122.2,244.243,251.985,99.803,100.01,14660.2,46.72204242357444,93.1570157050335,17.237,1927200,250800,NA,1.1524999999999999,2.32,1.0899512888657816,1.2927035926486592,2.3098586272097426,-0.02793018655788931,-0.8766749222072905,0.616905752641611,0.7121026854682447,0.42673181318035786,0.5710909836738342,-0.7956328147923094,0.4328306033130634,0.4519077334943221,-0.46196119342672165,-0.10966666005198797,0.7779313206998436,-0.32602696481929594,-0.039906387245755195,0.9739231955487376,0.5074690191257086,0.18857337286043557,0.19157817217010056,-0.16335175351818126,0.5149564541254062,0.3923842463598413,0.008317084868000304,0.7003330940278796,1.7280347318253166,0.2164184270627334,0.7937793581337134,0.6171313622649279,0.4030255928715028,0.9787016969751011,1.0654533996982931,0.34286454233021196,-0.15593430018780435,-0.12099498140556766,-0.3988441413083249,-0.03178325079374814,1.5736730470331106,-0.43502731778836895,1.2913601917664466,0.4942207942601059,-0.3365731413364818,0.6826395801234356,0.9051321082938746,0.27994109654953775,0.6534481741726037,1.3088753913090159,1.0422249647206843,0.09193518924276693,0.5931491005001575,0.29034312548278973,0.9053690828934322,1.37140566660005,1.7517014126682704,1.4470224399557088,1.463320623413276,0.6028790307570868,0.26866474656514083,0.7004422815993768,-0.33346344338864264,-0.36603835829988857,0.34648796390047315,0.29558363387983033,0.7523516000927367,0.9102144269341957,1.4150882689284658,0.006364657320769247,0.5156385961779927,0.4754029333779971,0.6568168731266885,1.1548202508245027,0.8628574646641762,1.1919988238969137,0.5865467211855226,0.3837328411627225,-0.3649202748981831,0.6696880857542044,1.0156878933567492,-0.5683724549426072,1.6240855680979507,1.7353521092447448,0.5769445065801242,1.265260741905387,-1.1280579594648177,0.5907998235267518,0.7917113852915257,-0.3093029121529535,0.40399632961268145,-0.1402256324641416,0.78886122604651,0.15960655843699706,0.3816941114589873,1.851912861324156,0.47765721013015494,0.5335344916023218,0.5604771011147635,0.4820409263016868,0.7761485245191384,0.498916578500769,1.2513839168425807,0.18822987369389202,-0.07394406573086167,2.0317225660387686,0.2636425119188909,0.6369958629506729,0.17163129218248546,0.4300244991526632,0.0326670141098693,0.16443306609262684,0.958309804503469,0.42503787383010144,0.4328756955685524,-1.0103028832648493,1.1773216409298732,1.1430619075294153,-0.9490769837779992,-0.21111119857424362,-0.5523850641688711,0.19225095074143,-0.035841107545246206,0.27043597452207896,-1.1406379057578457,-1.7999760189156624,1.281266799785575,-1.1994370367248655,0.6980191043987628,0.6262743594728851,-0.7160302259462571,-0.3081894694523494,0.5180909843293574,1.3083123246878572,1.9086060831043892,0.5356398682828574,0.6647812897969093,0.49472233664766574,0.6938223999404727,2.1312446431136123,0.6764692413648895,1.5374876815423182,1.087266057914654,0.6463032086705539,0.1854923801798156,0.09881524505848849,-0.4418568156806977,0.024946012822640896,0.3709591611894122,0.8119732966211722,-0.39651386968360375,0.32804623352836604,0.1570117653695133,0.011418539624632275,0.43864504548929767,0.06201091093874593,0.018527912558745512,1.2074717897169367,1.140014349056269,0.9129058056505376
2017-08-01,146919,153503,6276,4.4,121148000,1.9,23.2,5.4,19.9,11.5,99.6925,221252.26188928992,626402.8712247693,1881803.4786739983,231026.6228118408,1174523.8785527907,26.37,10467.8,129.2,190070,13291.011426914733,556,1159,1273699.1012426645,1319,198793.32580203345,238545.59268997368,122.9,122.9,245.183,252.535,100.027,100.118,14678.3,48.02703270117068,97.52177264947794,17.051,1923500,247750,NA,1.1575,2.23,1.1029742863785919,0.38978609630529704,1.6250605988910618,-0.14756588492431358,-0.98241116177502,0.13650266960201554,-0.0206667677769119,0.07880312402831802,0.23891511408259156,-1.1365855377839258,0.16675927187937487,0.0965141895026221,-0.5537867320015724,-0.2095640387418522,0.2622712295242795,-0.3184379696593129,0.1054060906286266,0.59117300526985606,0.5485660651814271,-0.2694310141218432,0.10535653429709936,-0.3434849711333985,0.2772254813336557,-0.1684417303566541,-0.12255175847026954,0.15455840404608495,0.8697759665665609,0.1145977680205604,0.2843712117591439,0.06288461403309872,0.2865289421385871,0.517876880538898,0.8777693438741158,0.36232931213387726,0.26703284709654385,0.8884279751535175,-0.2442844324412934,0.08688074316276626,0.8225882272017869,0.06733104197263973,0.5247881517565931,0.21491609205905737,-0.8456709093588262,0.36707356510414124,0.5955939431151568,0.060446146063948256,0.3152605681900512,0.5091527880943738,0.7479805514430857,-0.16332507195873164,0.4581251095803675,0.34093059510622264,1.033617115830283,1.1495364673178703,1.2017070170558755,0.8993812933061011,1.0946391501225146,0.8931695856425101,-0.16836439832421046,0.7162866208249007,-0.5808488792648635,0.014386956675704951,0.816604142833047,-0.13833675184949104,0.14961254644137983,0.11163068646150001,1.0415117554056625,-0.2886181013331655,0.3220874193709791,0.4857155861679151,1.0072461263272265,0.2589260270573985,0.7485982053517105,0.8659132824679558,0.5132544909014537,0.2641524589425614,-1.422760418345891,0.5065599331987923,0.1670486687095115,-0.6331186250760882,0.9631012200213674,1.2407495254872942,0.22738399554402183,1.1393494097533652,-0.8600730043242703,0.8299568675826118,0.3795019910183201,-0.4805829356029095,0.19502509805162135,-0.37785242988381346,0.5118792090716655,0.604336884048566,0.2390410473533274,2.284568836059585,-0.14929425904883112,0.07756403527563552,0.5072853731433568,-0.05862659510989707,0.37539767182555245,0.43728790460645983,1.0938082077242746,-0.17415888819230244,-0.8517582878685944,1.3268743874347517,0.040120198699332366,0.04275163928961346,-0.2167856112436004,0.1362040490060554,0.02834092120594892,-0.039220181149337695,0.5536101240044624,0.2529686029735015,0.4293421624642301,-0.9190459665082854,1.0642863887924077,0.7079919800029191,-0.7682810637323296,0.17257638411979917,0.5449159430421746,-0.06238960470742134,-0.04463473449207416,0.3127630306564839,-1.053087407012942,-1.549763371247159,0.5606308482081558,-0.9190364992023788,1.1164406594039944,0.1012374988195105,-0.17397729544706056,-0.1459418297890682,0.007841806277147449,0.4849926036823435,1.0483209723337503,0.3803719463571121,0.2469020442281423,0.3832558774586617,0.3650664594427856,1.0769734295830933,0.3624769409463812,1.3784513192005388,1.0292153260598118,0.5028010403936688,0.6478047735697906,0.1672222596493933,-0.3611040642705629,0.09166706266719206,0.3411673126952495,0.7478847347631161,-0.7582777819397024,0.670272173522897,-0.02599348094889499,-0.11913919003738706,0.4392234150615436,0.05690485364124323,0.016909314301433845,-0.3976256638705761,0.5236715414317042,0.35367478374736067
2017-09-01,147008,154286,6320,4.3,121320000,1.9,20.7,14.6,24.5,13.4,99.7954,227870.51792828683,627531.8725099602,1881493.1982125468,231516.93227091632,1170842.6294820716,26.49,10535.1,129.2,193042,13363.844621513943,637,1181,1274926.294820717,1273,200195.21912350596,239998.00796812747,123.9,123.9,246.435,252.812,100.4,100.24,14706,49.6215139442231,95.60475876058904,18.313,1892800,272400,NA,1.156,2.186,0.7416409213329168,0.19513741375962973,0.1449359864737454,1.6566975540816042,-0.81523893916642165,-0.4258423838255139,-0.627078819809226,0.3575478379784328,1.1187446523612052,-0.572389532576232,0.4105089721479575,-0.13939513430812223,-0.30228801284409174,-0.02024892080631255,0.11520817120834416,0.20153701755056133,0.11439303626631804,0.25938394258278213,0.6126807576465413,0.6066271267130444,0.6850042778950253,-0.36742082292371114,0.31284485944185336,0.1888642912947632,-0.6587483692664533,0.3458525927517919,0.3579810401626295,0.09678200936068827,0.2298058382105748,0.5062743075611182,0.1254415227523632,0.6545096753608599,0.6229285506809578,0.3889533444150297,-0.038897012977086545,1.7517414528535156,1.3304752253056358,0.20789715688782126,1.0360898681037345,0.6233317637683451,0.45603878087537963,0.16950198370112282,1.0526146291539953,0.15049892618904964,0.45568129165514265,0.18839303837046503,0.4263758011517781,0.3326203996201913,0.6598782556319824,-0.11557579925006517,0.6281158322054166,1.3091440753693664,0.9654473091098731,1.1826110503252296,0.6137616248520931,0.12400321619582257,0.9144919928997719,1.3687474529756876,-0.8697707652216443,0.5418802037771457,-0.4021521571648246,-0.26635417391224725,0.7324779526102905,0.08312352919302463,0.6237610376647532,1.7340633213898968,0.8190740942379113,-0.01841804035588729,0.4850150017967984,0.6492223771215087,0.9629166124135988,-0.0249376967476865,1.555963970269591,0.5802522672779824,0.39739507510432387,0.211728999041753,-0.9991067386906474,0.772427539436457,0.07434869491660943,-0.428609904998517,1.6624685528328447,1.5171568467682839,0.2546635223036132,1.2047517157748495,-0.13097191342747744,0.7462239117940925,0.4584288766518149,-0.20738221172375115,0.3142566223337582,-0.5193833341615302,0.9591211020033753,1.1749469212331056,0.4990699556690889,1.0201697717265459,-0.854708383091393,0.3375108730484405,0.22842879955824355,0.6973694653810792,0.48270072644986634,2.7625695961028742,0.8157859372227967,0.305201660356716,0.034682143293751744,1.8875724993474932,0.01834242265994944,0.14765227979042866,-0.4702805767579883,0.03385017919130097,0.029581247008233894,-0.07974198918304054,0.20246337406841608,0.10807577099985617,0.5035118230715776,-0.522649263081784,0.9627523746973443,0.6786370843531933,1.2689583503199275,0.5280689808458087,0.185707062659727,0.7160927861186361,0.6472938579149791,0.3527510096863494,-0.2821093789561116,-0.14324768139796748,0.830355699497062,0.23954498713128786,0.8698840818770462,0.36291561686024715,-0.6608788424866481,-0.45050933196200166,-0.2946185775330708,0.521310252643704,-3.5395178997649906e-4,0.5224041579298262,0.4954637562075166,0.2552965599198299,0.3933911156353318,0.2443478633044343,0.35877917587424474,1.1957891086613333,1.1574916979998697,0.6207825835246582,1.1718901250294962,0.36024460987474055,0.2320720198627784,0.1513111796296168,0.5184064956529665,0.5649044257947373,-0.004380625016595241,1.940092954264777,0.5296280362770055,0.03961417945408454,0.5972194521368039,0.20209541056089797,0.013225302764790389,-0.8261435880405217,0.4476839078335658,0.19358803149168835
2017-10-01,147149,153609,6408,4.2,121431000,2.4,25.9,3.1,27.8,24,101.0247,227126.95586436026,625075.8472510966,1880142.38577029,232315.4051983965,1168319.2249156975,26.5,10595.6,130,193048,13376.47093931225,626,1257,1277108.5535804876,1356,201669.13688315047,242719.16125374258,124.1,124,246.626,253.526,100.531,100.486,14748.6,51.307556873004344,102.12168584392238,18.482,1902750,242250,NA,1.1524999999999999,2.355,1.076358195174609,0.7409387350425184,0.31944285225466146,0.8554062024661955,-0.8889417297396303,-0.06634565614369162,0.021826510871111284,-0.04509394550277712,0.494603034653854,0.708309040086392,0.40103406696155,0.2700243914143464,0.5420417374616707,0.7158199347899773,0.08693104430271235,0.9529496281761711,0.14236522665927656,-0.10098678015362879,0.6771332121979609,1.7781687553639194,1.4164600287884122,0.1356710172851131,0.5684168922005632,0.9305164396636094,-0.8906710004852368,0.6019083086654139,0.623878053662188,-0.0259123232748934,0.3919580415104096,1.3459060990308411,0.08328145239593737,1.1270881783597277,0.6373316489207873,0.6039077059418086,0.8116011687937461,-0.28717834968283457,0.837292451322679,0.24882011628158066,1.1162251492753033,0.6006213666682292,0.5884884703724081,0.5375568327085843,0.25161294492569275,0.4388314617626751,0.6512440476626828,1.3059581590538099,1.1473873653063638,1.0216653505235818,0.8570411820407225,0.2622260199018882,1.0063442324009322,1.752453137478436,0.6072866174653424,1.25050870036188,0.5904568865139935,0.10200892670679437,0.9713974595377493,1.415103824642666,-0.4312685864342634,1.0249500928072823,0.48356883490631314,0.15969590564805847,0.9318354920182348,1.0632349732522222,0.8247973875057834,1.4599392470320496,0.5350624507376496,0.5353680854412826,1.160229394937226,0.4799919500122297,0.6538422836468597,0.5041122054936559,1.1404915430170188,0.5840955680577268,0.4968306514667427,0.30481837925086835,-0.0866518338243515,0.9118323488449762,0.49408845899527526,-0.17120262741593353,2.0721341409883123,2.158857444395137,1.0093815953105503,1.7667818234480799,0.8842649972754576,0.4482181989270151,1.2016059659987763,0.4059334991744069,0.6343172184625531,-0.32358109997698864,1.905703538424078,1.5967754977907023,0.8178534969459764,2.4505050675057487,0.5306455786232747,0.955106656258185,0.6361816594147223,1.6619802929663132,-0.2542516642083496,0.29384981607410726,0.5293442112706167,1.490065336737522,0.20746359300242131,1.1973077856366656,0.08495827946936335,0.7464228183569007,-0.14761040470342138,0.40182291552105126,0.02959837027483608,0.7873122891474266,0.20001427153624118,0.22455883108033267,0.4257208361903508,-0.3817484401254378,0.7503195100643018,0.9437041363413685,1.835808804851513,0.626087500350679,0.20884229061314655,0.944530336176298,0.8850686322970517,0.7362850970129953,0.5019933937162291,1.107594078360463,1.7968052823857963,0.9836586407252705,1.112714982633857,0.3592368127244059,0.3904495822298842,-0.2443932166429442,0.7188105981450906,0.892663064795143,0.3330693546932746,1.0774633815401964,0.6942690993817109,0.5012143619777426,0.36020075493571446,0.6103359980728006,0.29837655582242156,1.0087136105364116,0.8496071528167469,0.556077139663982,1.1019745033695358,0.12937080166774204,1.1062207303805547,0.5830913942942053,0.6594277295019834,0.8734024871519337,2.422474613495956,1.2060241847044668,0.8271240161675647,0.12654329734231565,1.0838310444074641,-0.15388134998996447,0.014757371812445168,-0.6129624052996189,1.4441439831854914,0.47567304561808565
2017-11-01,147372,153805,6271,4.2,121610000,2.4,17.4,-2.3,25.8,18.4,101.2664,228691.33349888257,627498.3858952074,1886870.9793944843,235515.27191457662,1164136.0814502111,26.54,10666.5,130,194493,13449.81375713931,711,1273,1300521.480009933,1299,205395.5798361063,248977.4025329029,125.3,124.6,247.284,253.816,100.675,100.535,14771.1,56.26024335733797,99.85267542725572,18.003,1963500,247750,NA,1.1575,2.355,1.224063598761592,0.5690285682882656,-0.11893857115328405,3.2639771805312514,-1.0576120076657416,0.11341481343642972,-0.1509441334051623,-0.154942639610385,0.8326506320785271,0.9247453444893746,0.6019960316408409,0.7099930365981486,-0.05424553839124732,0.4868506627261868,-0.04587214022078092,1.1546145205573384,0.2005001280866031,0.031560851986387514,0.694825979659152,1.4701853934491953,0.02740674619015412,-0.14197439434736797,1.1744289264443564,0.06848689319978336,-0.8510964861745199,0.7672941533732531,0.5171747855990152,-0.043262999966204106,0.3153853368956168,1.6969204895837753,0.31650204723457515,1.0596018304705561,0.7682624080860966,0.6515063084837814,0.4730604240108468,-0.039734721052200446,0.9301944053595531,0.21143411290880174,0.9869715124783699,0.6794019417646834,0.6228947202698593,0.4296322154264054,0.46769133300610044,0.4654250248759382,0.9502999007857343,1.4724465123614054,1.6835133276796503,0.6695745165328777,0.747336890434207,0.10602152831571579,0.8183443752602345,1.0800532483606125,0.9165421493122841,0.46995126935088527,-0.008953416888234788,-0.20737012949342068,0.442931389212596,1.623970722612775,-0.4458617482465874,0.8967837056988928,0.20117713498079665,-0.2514018433740365,0.9196871177445906,1.2946746305926247,0.6112114916273679,0.7011843054943727,0.2850372878078946,0.44155955216252846,1.4808437821838276,0.05852304289489048,0.798726634851614,1.0155433607032927,3.033091899957166,0.9186825442688656,0.6190896585490203,0.24716752488522023,-1.0366520755243478,1.0396467248711014,0.24649245905194153,-0.19601642497314314,1.4790981496184927,1.2244192877833622,0.7503549781163624,1.9879342279247592,0.8587173796779861,0.6388839461402501,1.2100826400491749,0.003850487379189805,0.5118663618610324,-0.005238091191253476,2.6670409694780663,1.187546745883161,0.8800075534768818,2.563710558742092,-0.042765385617211986,0.7388144047173258,-0.26429826742880586,1.321716253694072,-0.466198485935899,0.14308439691725752,-0.025276355481105264,0.4863445823562263,0.11779744524173336,0.5367734008954949,0.1297498347362998,1.0762385174490032,0.38422069560853916,0.3152259095306329,0.0363458554250654,0.11723772290439573,0.45627685834837517,0.25417362511242064,0.6993039458406385,-0.4211291521594127,0.6456771569501997,1.0428442089939893,0.8240034288793413,-0.05898269106259693,0.4758912393079821,0.7189065208824161,1.291211566266214,0.6134272026379501,-0.071347875364358,0.278610938439696,2.0168579067762864,1.228490731403493,0.1225969333683436,0.9396555166705733,0.5189467262437676,-0.3949594323179227,0.7506431460251287,0.9036323948380984,-0.0402787645050038,1.0957314436919707,0.7301463206425236,0.5421829392536613,0.19688851139893448,0.3305304875041114,-0.05910829080279205,0.002917472724641267,0.8869560401170902,0.8097336703774481,1.523223654114431,-0.04874243744248182,0.9456070081805137,0.8382400142396138,0.6850064387296875,1.4394959832551975,1.1012432961290048,1.2771265857519674,0.12494774583786798,0.5292895624673836,0.9965048446910977,0.8984698802900173,0.028397400805621108,-0.39251254434943306,1.1848976982661168,0.6055694953054651
2017-12-01,147523,153904,6336,4.1,121789000,2.4,20.3,4.3,29,12.4,101.4644,239742.71233175628,627486.3371718194,1886598.6799119478,235138.5128098313,1171332.3613136152,26.63,10714.7,130,195148,13554.81496910366,630,1177,1303652.0169409153,1311,207847.57143849,252290.6934071275,125.5,124.7,247.805,254.344,100.821,100.683,14797.9,57.40867478005575,96.1868768161446,17.887,1971000,242600,NA,1.274,2.396,0.8997310128186051,-0.22159141586531814,-0.2862346461707644,1.5128394146140483,-0.2887986082865442,0.096481957258573,-0.8451489450218307,-0.45575628610955576,0.7505394267184603,-0.3041556706726053,0.48923792736471744,0.8673258974739594,-0.44463162753920543,-0.08046354714095,0.03559386651132075,0.9007057573732303,-0.3414533060456731,-0.1911491491014301,0.2952681020426223,0.7082683731631955,-1.0306733328526976,-0.6589320611351673,0.6013399774913011,-0.8634435361271212,-0.33701614710837025,1.102412739370078,0.07657037384695445,-0.3008004053542274,-0.07117963313928637,0.10839181619356002,0.06731123230347047,0.6258721831114267,0.5144548641579616,0.5467856314262056,0.7933861412545817,-0.5416785862547405,1.1866436143256827,-0.00428338177838137,0.8860908562587569,0.7969828632182852,-0.15308078535984473,-0.02654232393766723,0.6101309823195296,0.2796632385469016,0.2548768851766987,0.7652266871312509,1.1268262403248464,0.3980538292413515,0.6302959517203497,-0.05493027509906249,0.7137370831527114,0.6886719263473614,0.6290680761068259,0.1678717266689853,-0.5968379820069462,-0.2789468923900506,-0.11149267396886231,0.9887307563600741,-0.5038963062593075,0.49269473661887486,0.2693145470906112,-0.792351311607602,0.3661887371688782,0.17092481489546615,0.11061642301080907,-0.4514053970652647,-0.7377955018476509,0.47535962418572153,1.8845139074916002,0.08877896395788427,-0.286245171820758,-0.7198796723146961,1.6336330149500307,0.465784607072223,0.6135066894619503,0.10211069441841235,-1.440057010003493,0.7849288711296588,0.32270302389307653,-0.43991437962573915,0.4371163711164653,0.8477411723965104,0.42341363789281866,1.078077172959642,0.622287583993677,1.3339735335359377,1.1515504402643442,-0.08772653525232794,0.33556437201191525,-0.4617973338801023,3.117953654043539,0.13587420007916406,0.6845351535255183,1.6290695807938442,0.4316463100547842,-0.42543968416474126,-1.9348428950165475,-0.019281942405861632,-0.3742389697731207,0.3107511245916684,0.0998927420493528,0.8938408406038678,-0.06519845908143385,0.20073922123757237,0.4673411877864152,1.212306168094407,0.09197333130561432,-0.07028035588003549,0.036593534331720516,-0.3171317788978462,0.49859279387183253,-0.29550487966839617,0.46190317677475934,-0.5988061888370534,0.47489060871927485,0.26682972723244364,-0.5138871058070424,-1.0936749242350727,0.15278139315391429,-0.40857276669877696,1.8620666159682937,0.5054195177495058,-0.7057815551501602,-0.6443941162965829,1.476743682617947,0.4818139689051794,0.10007370253273033,1.086027773476908,0.21318522657322725,0.22422798499416216,0.31484364925749525,0.49039201934934235,-0.05668551545368361,0.7520681381332219,0.19158731696274992,0.27865584791656817,0.07722223162373013,-0.8017224185272945,-0.18310492602259612,-0.4613222541549916,0.7404774937214625,0.4377852929911799,0.6469484256833531,-0.359039061751671,-0.12747654112696535,0.2295514327969715,0.6146252414664202,1.2642040515412265,-0.18494882394288756,0.5365404348343555,-0.48773844831778934,0.3430440762861859,0.6669967666768115,0.9551146245404785,0.02334691342002301,-0.6635954964304199,0.2656569140149321,0.1332071899236101
2018-01-01,147660,154425,6621,4,121994000,1.1,23.3,3.6,20.8,3.6,101.4625,225515.0742596271,630787.8536349173,1896350.7321000667,236096.2064842538,1160815.818338126,26.72,10761.1,131,193448,13540.944080475103,590,1299,1322611.8835166355,1317,204771.78628247316,249785.07692763765,126.5,125.6,248.859,255.204,101.199,101.007,14886.6,62.945286020612855,93.88887334392238,17.176,1979500,235250,NA,1.41,2.56,0.4211501181037504,-0.5796733868542344,0.1484882121082685,0.9912059128383375,-0.36734637422956545,-0.1247468826377584,-0.49403272427563344,-0.5671265756384722,0.9595556006663598,0.31643835222180244,0.16256998140921375,1.3092712998385707,-0.08527588869963662,0.03162533246184657,-0.27741107012825833,1.203316581542545,-0.3772603940984457,-0.15139046999699396,0.07909331269417691,0.4132327083446987,-1.4464948105378286,-0.5336628499922235,0.29920744937904736,-1.4374538167991542,-0.25855106731194577,0.6610667863865992,-0.023648289685724477,-0.3228405811902309,-0.2762611822366889,0.3064821665464826,0.11233917209524122,0.6156186240188838,0.16922520977645675,0.22236701024647745,1.346608236962431,-0.39482738506517495,0.9313797822011786,-0.03695920835016021,0.5214696799746741,0.3998728943868842,-0.6436629412885255,-0.3966574642934614,2.0442115533838576,-0.030569668488472687,0.751180559213112,0.048727812942536204,-0.3118521870807729,0.5287857860920585,0.7001264102133101,-0.018289427222612644,0.6184307167530548,0.3879540574952727,1.452265194708511,0.6093837375810425,-0.8773200941699167,-0.31327384085578297,0.29999753694251724,0.1709086404494287,0.8373130109409023,0.6883220043645869,-0.2940985800605335,-0.08888574900391574,0.3013450851979294,-0.48997342599099064,0.004356501321038134,0.011739524778473277,-1.1692710172383471,0.25037961570526635,0.9645539097344402,-0.21522657932092962,-0.21295462962290454,-0.5170644200722444,0.5927158049168493,0.3381672159904052,0.4575718116980391,0.12517117847609183,-0.640855682497712,0.15581305681457427,0.12828632585004413,-0.5012647940542017,0.2968578374122607,0.37869782283819275,0.06178763942018167,-0.24453983241200605,0.27695500617745683,0.3049509251862091,0.550894150083572,-0.4658656123818131,0.10129788861676543,-0.6635064433112072,1.5474377906106354,-0.23972046059757038,0.9599310639464126,0.637676481017637,0.4669697915447003,0.8178234744972978,-1.6890444177412505,-0.44903698410446913,0.36853089613207674,0.201325580815043,0.6535760046936364,-0.26452143030854713,0.049285648421815584,0.4133200132197097,0.17815048964931118,0.8983080157120181,-0.14631917471189182,0.008575314931700995,0.020866196812305622,-0.45431532336330877,0.282218966829932,-0.012595030916761056,0.12180032177600492,-1.067875764221431,0.42042060782801477,0.3693702778709462,-0.8651682088002277,-0.48512988301189147,-0.2226285284998173,0.5520807066963077,-0.009033879660091906,-0.5099511883492506,-0.6645423401286102,-0.6417088804713698,1.1618671175965334,-0.5672088894880788,0.7339842182591834,0.025364062837630926,0.27502166866571565,0.6183022607120968,0.37207019929409596,0.4042233200925589,0.4045693496666778,0.6681973615104394,-0.4419702317926645,0.18774242931053298,0.08435144951013569,0.621046886845181,0.1900212822565016,-0.5221889768950221,0.6395940045956208,0.17564705237175823,-0.0032519912298167005,-0.172597656507829,-0.11454923179075031,-6.059666337852988e-5,0.4264881839220043,0.19106809539800546,-0.14621807955839536,0.5300684050374479,0.6056552939077345,0.3060391553563514,0.27791148259098236,0.8085519588452025,0.006175036284786974,-0.4742837340018069,-0.05295945170978028,-0.2563292331524194
2018-02-01,148054,155197,6552,4.1,122257000,1.1,16.8,11.1,32.3,5.5,101.7085,233641.6344561016,633795.4563382503,1901654.4051308243,237023.74378796245,1159266.7823617575,26.74,10779.9,131,193978,13546.876232547134,618,1277,1335842.4706160764,1321,207442.61260550603,253847.5191291315,126.8,125.8,249.529,255.711,101.416,101.198,14921.1,61.36112644947542,98.99050233328408,17.447,1974250,221000,NA,1.4175,2.8375,0.6205687337471735,-0.3844329392199653,-0.4456992081352791,1.6504058263610126,-0.0783460237916448,0.0042930081914474534,-0.305748896388384,-0.40892217786612606,1.0738358395244612,-0.10386649482541274,-0.010213232645038367,-1.8708692232135185,-1.0919355100470687,-0.4437530159264608,-0.07046005514050768,0.6160215260450571,0.14187403952348845,-0.21125470412536282,-0.028904632822242243,0.6207972271599247,-1.3343772497506896,-0.36790640880543596,0.41581789520981627,-1.0054195033882283,-0.41925678908436853,0.5208055256858884,0.0774409485141522,-0.16500000804551263,0.013774340692785401,0.30244242981637975,-0.002560903908552794,0.49093460171410397,0.04426016290824755,0.11337108807395802,1.5735423600887912,-0.2685444295808349,0.7435342537445786,-0.09672147765623576,0.4470676009655266,0.4066676107777267,-0.4132493668985226,-0.3282430010509356,0.851370827833646,-0.12376379617105973,-0.020456424408510445,-0.15366301148525036,0.16231467224017024,0.4134238729052661,0.714419648776624,-0.34667138260526204,0.22134240384737466,-0.1299963357914657,0.7285396399403096,0.35333648946961865,-0.841622503262623,-0.17754322743721251,0.41775515073995223,0.07909988032428288,0.7422864531382979,1.0535148122574247,-0.06857692370089241,0.5074241990006371,0.38438416703237144,0.16281081924510046,-0.08121674750662099,-0.378870293274631,-1.1000709150918573,0.8116038991101512,0.4252180756329002,-0.6138391756110897,0.06603363410969615,-0.03186702960082542,0.41054142248058606,0.21831056112312902,0.21499399469464767,0.05435378842477542,0.519634810503718,0.06562848741123221,0.6826589737233828,-0.3116339487611445,0.6020004331258332,0.7602910974704723,0.21788669996003152,-0.025624598703752884,0.940685891144157,0.05752221244197982,0.35424997547902914,-0.5863338806394999,-0.07002627622895043,-0.6584979782162548,0.8223720129439732,0.07557632705071772,1.3305247050069227,0.11202259374102835,0.967230211923202,-0.5286200410466352,-1.4788133070765104,-0.6607510545218366,-1.4117195822604145,-0.22035720610673054,0.1188577300988311,-0.1176863804342865,-0.16508906985868405,-0.4404092483018935,-0.2942679002105268,0.49086705142552906,-0.08606017007371071,-0.06359486324741115,0.008334478827968882,0.4110668387057949,0.05729711262407883,-0.011963617845144377,-0.1250377059476482,-0.5882925809614921,0.5916128402255358,0.2824879765085482,-0.47411398786410985,-0.3552097416495305,-0.3240998743258266,0.33168519886968667,-0.29000660388892247,-0.5342208929837549,-0.18326142267082923,0.4214413432109627,0.8192659307445446,1.2626078446850983,-0.11040071819415098,0.08921832239908478,-0.22693960877729288,0.7884624524848485,0.11654454951030653,0.3638701885767595,0.11943307073580514,0.1271473838602335,-0.1131905563384197,0.07105647908923046,-0.04547033048916109,0.6467022352028644,-0.02890010968746005,-0.3231106701930965,0.7821968475334684,0.10404899988062183,-0.006282334341727956,-0.15616333021151435,0.7860957589653322,0.06670098378675977,0.31873233735706424,-0.1055049760724583,-0.11693424939096259,0.5342465099438264,0.670081789371321,-0.04814887630683192,0.19286811158358186,-0.057207239507845974,-0.0033720816974141207,0.0973297191032486,0.023910502525973192,-0.09957766487231275
2018-03-01,148280,155214,6818,4,122434000,1.1,27.1,16.2,19.7,11.7,102.2067,240675.11130373113,634971.0413301288,1898532.7044552155,238168.31488121033,1164781.726488318,26.85,10808.1,131,193972,13586.147117922857,679,1318,1325528.9389700957,1385,209754.34380048068,251065.75785036053,126.5,126.3,249.577,256.271,101.524,101.419,14974.8,61.788345612860006,100.98846332619189,17.662,1945400,225800,NA,1.486,2.846,0.8339401665679567,-0.22634403475474274,0.05830948057732345,1.2990386063952517,-1.0399473067908767,0.21165602392198682,0.017531160262599974,-0.07252118678646642,0.8776561644358861,0.8106626841246499,-0.14640781128785946,0.026072090462348783,-0.903950178151237,-0.5492318021407502,-0.5300449489112161,0.504997576371389,0.26585725389220405,-0.4143631041117812,0.006552936251577877,0.058809732074249124,-1.1106634607133599,-0.11391035082393138,0.5454649930154987,-0.7336348650745115,-0.47336280777089673,0.12682175221293204,0.5522101052775084,-0.0944075617498284,0.2599777828264743,0.47238407007370237,-0.1598005710613044,0.5391379267765164,0.005128766741048112,0.26246074337654,1.2433020343539711,-0.9124437344258867,0.5055627276332472,0.07025713074669111,0.7595340193510904,0.1747460265097037,-0.36891276422996205,0.40844975308965126,1.8949830969295556,0.09496270227363075,0.0081763172561945055,0.2956452996969647,1.353424674334328,0.2928616655653298,0.6195877458403447,-0.05017283036460897,0.14956666606956256,-0.07157247639752262,0.8125919202013933,0.35567866401469367,-0.5553929303457484,0.1705913202324586,0.009387020101899957,0.14720935575192678,1.1152953982973604,0.30652328842381976,-0.3726279909268537,-1.1506604417433168,0.1501461389522419,0.7129769767212523,0.04511183599714098,0.25962799222641436,-0.10790953002212268,0.536868212541528,-0.11064346720771248,-1.005122514849356,-0.026843854823678865,0.3121215624456917,0.8216743659919475,0.20322372281625461,0.28595456991766743,0.25788037749047155,0.6602971453906084,0.5403062516649089,0.18623617512207663,-0.639596129071117,0.48354635021522513,1.0642503940943122,-0.49943813191337927,0.15705333882554168,0.42720167465884307,0.05731754647000909,0.22281097392639906,-1.3475209502348524,-0.1096780359632862,-0.5281747728363242,3.0441394283887493,-0.19124121791740084,1.0451602107643865,-0.569535635889351,0.13493192638815046,-0.11543815671208224,-1.3757681968525368,-0.8562065530958906,0.09406063788918431,-0.12478928787193265,-0.14780198940312697,-0.22641451312687352,-0.0532222806565011,0.5058456134988231,-1.0180948996941743,-0.9290312248977798,0.12660165655846575,0.3790454064382998,0.011518343173275577,0.5152443356083732,0.10060592923957819,0.11660672752404498,0.26442695342823797,-0.7090193077396254,0.8365300223130886,0.23395857948149895,-0.7606236102490583,-0.4416999950561338,-0.34295815182879724,-0.09499829371387117,-0.3704768103061246,-0.9464359619628138,-0.2787546131356959,0.9060967235379376,-0.042184907086227186,0.7222517690089529,0.08952131606728207,0.13777761286030404,-0.8439542892518767,-0.4338170904608852,0.13930043297757164,0.16917234717789384,0.9653691804312394,0.49808074860113155,0.20742431492041144,0.22056173558115838,0.09173539791022894,0.25602290089979646,0.0033448428622031004,-0.14448601102463704,0.5537654690849356,0.3571342823392005,-0.39572882393568776,-0.292837177030934,0.5947113346812594,0.22745438099108375,0.29852775509810364,0.9417976948884459,-0.18618059628515388,0.3462782262460762,0.6869236618327467,-0.21732436792392065,0.5203884886262731,0.169542632323131,0.005455247573313861,0.5131476701783358,0.1446336174104759,0.6526601971244054
2018-04-01,148420,155312,6877,4,122608000,2,14.6,15.6,23.2,20,103.3329,239639.9583357899,633374.6044847984,1896699.997183479,240548.90631448617,1165385.2956783208,26.91,10850.5,131.8,193486,13598.254819880902,642,1276,1330009.0403474637,1378,208305.32790912484,252210.95454277462,127.1,126.9,250.227,256.63,101.766,101.602,15007.2,65.10032820391879,98.55814417725571,17.584,1877500,221500,NA,1.69,2.8625,0.9680284952726405,0.5767261896159209,0.5129973635221541,0.11318402968236757,-1.133539668143814,-0.03391298732676969,-0.21058684836582628,-0.36289900616584386,1.2546084164741116,2.017218541605048,-0.06791454255025672,0.7057754454465084,-0.3510095996677644,-0.19693333947948286,-0.6686205743130557,-0.016311696331761605,-0.0697183751773564,0.0030537688675722225,-0.3763073215680793,-0.38281064494442757,-0.9288091539549068,-0.06255838349308185,0.2113519506086812,-0.5505369407154064,-0.476291644859817,-0.8410165959030758,0.5165943798371877,-0.34320151538982663,0.43307512721236485,0.648620277287339,-0.15372353617650403,1.2143609447054564,0.03240756852070824,0.29385907003473893,0.8458314548183546,0.11228245461772857,-0.11982516007480085,0.2530178831041641,0.9534736540675673,0.08039334082970696,-0.3305307495225041,0.08197654897408198,1.1522096778718995,-0.15806780905018433,0.011406849189927076,0.2625205231472993,0.45756841861832187,0.5614603172825142,0.3683673866209514,-0.3842380444292327,-0.39693787012645076,0.09822097623884743,1.0272216728796408,1.2020414671547661,-0.6463428225849798,0.695675318717509,0.19231568224985357,-0.3072306134953555,1.310420338742146,0.30012848242760243,-0.13972844830189374,-1.2076589787914043,-0.336174759526984,0.536208519603729,-0.1801562198568895,-0.15475672653794834,0.32877925350150894,1.0205491354979197,-0.43410313523253585,-1.026809549705788,-0.7203180457797012,0.5399573141238968,0.4506035009947318,0.20732558681787228,0.2885651173615653,0.03316830561507006,0.4245670102861059,0.21765976973472495,-0.7416536451809899,-0.7017837633503496,0.7684705355352663,1.253546831456994,-0.9310949619043636,-0.3172595706476036,0.6755446954449571,-0.2783392970799678,-0.025048669302897987,-1.5102832887761855,-0.08076658707870948,-0.6461837227716377,0.7966394646713926,-0.4351039690117127,0.4858790622032922,-0.6946231565318421,0.7277500933054323,-0.3199257741983853,-1.197680470378346,-0.9976655515050439,0.6236609896825759,0.1403628858506591,-0.7990456552007152,-0.7037312415178261,-0.005498778244651644,0.7424961718089249,-2.0594990144995897,-1.4850747584479964,-0.8931984618619373,-0.22968726437951753,0.008613373810067658,0.460105552533095,-0.017010225062789982,0.19354597538180782,0.19847342230811374,-1.6869906379515116,0.9152525875517725,-0.3395202183733725,-1.3461823275754647,0.22805620196730841,-0.8683219673722633,-0.33983449525800397,-0.305733446591003,-0.9487055863010805,0.07990776621177421,1.6586925798910264,0.3170024703514945,0.5328404421026813,0.18305357289762447,0.016354358835279983,-0.35455506518338814,-0.2527432663929324,0.015110249653874187,0.19449783604924573,1.3682884292931479,-0.03130863564537433,-0.12242550208760845,-0.06152363497755833,0.27504465625297303,0.6996252952387687,-0.006485491873267488,0.05797749968263572,0.41843124140350124,0.17218789893127587,0.4969092003196001,-0.4019839081184943,0.8171479143116952,-0.10469851913665744,0.18730815938864673,0.20804868332078072,-0.5759178396509905,0.14837524249644274,1.1205939176615802,-0.16269908852501813,0.9629540052484495,0.16153481459815086,0.0013951335487190704,0.05671781426254937,0.3695373272608029,0.09829243742438547
2018-05-01,148742,155652,7016,3.8,122761000,2,22.3,13.7,32.1,15.9,102.4024,238537.9778499328,632127.4070295562,1895329.0043710188,240045.71271617897,1166288.3432573744,26.98,10883.9,131.8,196163,13640.242885590684,662,1357,1334814.2553045389,1338,211315.36869365614,250446.82708625577,128.2,127.8,250.792,257.145,101.941,101.78,15057.8,68.64755103442187,97.86727538292948,17.829,1755500,221250,NA,1.7,3.0025,0.7584092508817216,0.2970285438812278,0.6638962446625032,0.6231794848893636,-0.9958001002172687,-0.3600918502732506,-0.5563447619041609,-0.8576264670630831,1.160008583251311,0.3299977976031816,-0.13422292469215524,0.5011100364424933,-0.09361911767161413,-0.25514264813840143,-0.06376513048125305,-0.13816119425723092,0.2829755867274623,0.4838261554884612,-0.40650841409283917,-0.17164182778330545,-0.9247841873569584,0.2499681661897232,0.3129953232153941,-1.1894893055490363,-0.30790795031804175,-0.6636040001891315,0.4570624234521779,-0.08613272752664088,0.10242604875324997,0.6669154637475275,-0.0853836287516645,1.0227917535756827,0.3476845772132697,0.33419703040322385,0.0927102806963444,0.7611950268579452,-0.17133835059760338,-0.16868238217123613,0.8716054362846077,-0.399433735134792,-0.364882803019561,-0.13356722131888796,0.313932255791354,-0.11587174937959974,-0.18934245219460735,-0.13268064954856668,-0.08716965871799733,0.6475511164335725,0.4964859846467975,-0.8123916617059906,-0.1416771168912752,-0.039924149881234834,0.7538060275762521,1.1196595630277424,-0.2882532191403538,0.793506352991365,0.9457334495142528,-0.27741523968496323,1.0327449884137028,0.4843134095109662,-0.3328817287391886,-0.6238923071936137,-0.2566735397938545,-0.47452541838260315,-0.4673104218077448,-0.48314662874853054,0.16334718523058261,1.2189386906468291,-0.31588245307491813,-0.7842915753890759,-0.665468200261576,-0.08005256596003947,0.1150967922027582,0.34837615688139906,0.3638127196541571,0.04543519718892323,-1.347492566021345,0.0383608484292723,-0.4791855701796447,-0.7810240174399341,0.5772840204879557,0.36986077577268806,-0.17088052146237914,-0.3758600504137197,0.6324010370165527,-0.14537778493465095,-0.23161319361986757,-1.086659975639569,-0.2783746577498333,-0.6441727766948042,0.30273881564556315,0.21615788583655854,0.573708338440098,-0.04233020762985281,0.8337718768640687,0.6294336317851322,-1.0021351921402286,-0.6248252909418296,0.5412751465344727,0.04605185632397662,-0.8517398415585451,1.682986572905249,-0.08377516811323835,0.8806401408560462,-1.031833143922361,-1.1206560534320629,-0.5089145974558928,-0.7471450667083348,0.009800619272346222,-0.29374378863962575,0.04366569630896887,0.06969977200350123,0.11963988716138271,-1.3945541854150405,0.9096500303309616,-0.5084450239854447,-1.9103074362242296,1.795728831947277,-1.0295610087521208,-0.8152038646542673,-0.46979068871003027,-0.6019991216099431,0.06406858062938214,2.189416688444282,0.054728085799015856,1.6649724861624406,0.5239395467247625,-0.029391313856593528,-0.28982440270905957,0.5857159931566981,0.1546346202105471,0.19404620420626564,1.4857465614458274,-0.27930109467613823,-0.3737523215120753,0.12114696563725409,-0.08078981241339378,1.073998780393433,-0.3122858473203942,-0.049951240853853815,0.18225622869124442,-0.29074445586829933,0.34201735365033986,-0.375776105078168,0.628908555001461,-0.1522960398526794,0.040360777063430164,0.1699498016057872,-0.4405165316738662,0.28474152714737083,1.5911489229025624,0.6939261017612147,0.7825214795027026,-0.08609989151727027,0.0010936473766535485,0.4416511004501502,1.0758126096395704,0.517680677169532
2018-06-01,148960,155762,7230,4,122968000,2,25.8,13.2,22.2,7.1,103.198,238930.10810651878,632033.0494271236,1894918.3906441354,241218.6731223476,1167382.8029285793,27.03,10938.7,131.8,195296,13653.37306060042,636,1192,1315375.0404296818,1345,209096.4333669839,251251.114879103,128.2,128,251.018,257.399,102.029,101.872,15119.3,66.52030305109332,97.4619562339933,17.743,1679400,222600,NA,1.798,2.896,0.6276790108195405,1.3819729578003088,0.7788405523181148,0.37920711239142735,-0.8479813025365911,-0.51914648998536,-0.6945838162110909,-0.9869620733193671,0.9339395945193127,-0.5942897140351535,-0.2107573761761876,0.2594758882266692,0.068078061615243,0.09187662872763938,-0.40524935134713297,-0.37484941403333827,0.37260754491138254,0.19234882583378513,-0.21685628639395688,-0.6980893902351953,-1.3390092724563898,0.5988742593532362,0.06730085279390602,-0.4308169370979839,-0.2549939942930193,-0.7344646422187637,-0.07391804584974647,-0.07793168413403191,-0.17554357414776692,0.10726225096777364,-0.03585024820587964,0.6743210489768954,0.44500032974733306,0.3228501249507131,0.49862901123606723,0.6474739673044347,-0.7262544347032265,-0.4111325604057656,0.7524791935664108,-0.1564616323057567,-0.48532233997907825,-0.22199069326710394,0.6099758024633564,-0.19215922227354768,0.36674191356291264,-0.29187853374718115,0.3810285831939211,0.5290782471825977,0.18785100990119769,-1.1279587804472284,-0.23096065123803158,-0.6221398813792108,0.5912446109014226,0.8714593581779684,-0.5912735563991006,0.6695919436881512,0.8189656221649053,-0.27291036702166993,0.33862391349858834,-0.04355171440964805,-0.1351471019227351,-0.5309692522967814,-0.33904732659357534,-1.122017038260235,-0.01273097161072673,-0.37611729106168723,0.10154632885733576,0.1655112874026409,-0.8199801748215072,-0.17022946885492024,-0.7738731674790736,-0.6293115949350219,-0.1082412373030847,0.6921832935722414,0.28865137809418073,0.10948752599981304,-1.3879436245066663,0.1412102047106816,-0.7148689321954659,-0.7927854967244748,0.1096129534691099,0.10960819453988196,-0.30766147450692294,-0.5423146190031084,-0.45400980146219294,-0.1626835306083682,-0.47917653501320523,-1.146944357593738,-0.2127744766868447,-0.9071087271733237,-0.908000890143583,-0.10780671849009968,0.2395300033136217,1.2423242628301674,-0.05000698361755626,0.09777829399485302,-1.4185146484304763,-1.1487197705409244,-0.037823017439713204,0.03816571445335466,-0.7133992279224711,-0.05493954039482402,-0.13319867377209518,0.928668466810416,-0.9110185121059622,-0.7286766155382747,-0.5342033759802142,-0.5752872443183198,0.010229139760178094,0.07477059639482533,0.10982525111628841,0.11458741368042666,-0.0027479931953302466,-1.1172820227768498,0.9031029780931872,-0.4065675503640307,-2.237894027854184,0.6447173976098195,-1.0470728072347786,-1.1709069686542017,-0.801985737277174,-0.6271742890150354,-1.0289043925356276,2.2555832260395596,-1.2108279283895027,-1.8699928087128115,-0.6754589000394258,-0.4018742911703935,-1.1033722483212693,0.6845470743682318,-0.06598644653441227,-0.47681422489033776,1.0441509469778831,-0.14212486125602572,-0.8861150964351006,0.039257790108314074,0.1344140786135832,0.9390988913980807,-0.16463151194464032,-0.04173153279722919,0.16432591157461526,-0.44396861001726307,-0.849819064857373,-0.41141590339584766,-0.2465748663549012,-0.08486037597842208,-0.08336492599051291,0.1422884117164989,-0.43303725057784237,0.10693782550985896,0.46354999886554005,0.685820210688252,0.7067643965262229,-0.13685774339784024,0.003077613644110707,0.1435675762102131,0.3626385084383596,0.1555887374343071
2018-07-01,149020,156146,7190,3.8,123150000,2.8,16.3,6,24.7,9.1,103.3646,230852.67826546697,634167.8334002369,1902874.3863015065,239802.4222367996,1161414.5706257282,27.1,10999.4,132.9,196304,13682.40696319649,628,1208,1307091.455593957,1334,206941.65679430572,253909.94448632718,128.1,127.4,251.214,257.699,102.137,102.006,15184.7,69.49489411280926,97.6570157050335,17.629,1654000,209500,NA,1.91,2.8775,1.0560208352866849,1.488651350968162,1.0684694449338579,-0.7929404509878282,-0.8929183571719987,-0.6932552272136338,-1.1041268065570742,-0.9232600243907999,0.4911966217359683,0.25807890367057557,-0.3562001498473808,0.5844000888275287,-0.3064435715397395,-1.4361632333038232,-0.07434262494543636,-0.7740407236851384,-0.20017585750410907,-0.17456910272910553,-0.43245173230176676,-1.2914032579035433,-1.9079227490952324,-0.6330631544625661,-0.16861664727293565,-1.5544103450371343,-0.3722292279624564,-0.784932465325794,0.333389982098312,0.030468717752055355,-0.6038797804783341,0.11149054627633469,-0.15412665394912636,0.23339010570738575,0.35498312783951436,0.007214621100658916,0.22661652493491868,0.31284003665908666,-0.7778963239976269,-0.17301794945328822,0.6421666266860472,-0.2824629556410644,-0.7105912834269775,-0.3322603545008793,-0.07839774011742086,-0.04892058052360501,-0.2986827355143153,-0.6025705415340541,-0.03641920359667618,0.1504489601742995,-0.38030295011263887,-1.2448795404406239,-0.30462092557912757,-1.2931905020286145,-0.721874369289562,1.0500974044386546,-0.33356041286465643,0.8829662350813124,0.5094181330884607,-0.47299670709380504,0.007325447130586269,-0.23819865998662926,-0.41875723536612386,-1.0348458773769287,-0.2994366992926752,-1.8113747847429496,-0.13879781535042512,-1.24808381578089,-0.7114137327961744,-0.49948090189536454,-1.7517364831241344,-0.8313455732786079,-0.9383062913057384,-0.99966946251143,-0.1734258566374874,0.6158118941969517,0.20676106437965772,0.031876750940988116,-1.8429776638782565,-0.06741267373610665,-0.7068637116890115,-1.3575218326819813,-0.25855969231497733,-0.28871813199111807,-0.8034484516916366,-1.2500936394966735,-1.226914228672801,-0.23114751015492352,-0.9535675686897199,-1.0128444166403865,-0.28419601432806774,-0.9859626865931611,-1.2403008910890756,-0.3569359885981095,-0.04930802285100195,-0.1133754969930552,-0.6475800650589093,-0.023471796863624633,-2.1989750143838505,-2.3444994186118246,-0.011011984553965251,0.2364255596581928,-0.8512453181404732,-1.1097855565516117,-0.10768136723907551,0.9300075830065562,-0.8166109114081066,-0.9164480559015552,-0.7746430235156568,-1.1911716273694641,0.0031511182788715357,2.909384871132712,-0.2264385534972759,0.17477505094037352,-0.16203461814282114,-1.3345514339664617,0.6667639145926921,-1.096458342534344,-2.107564228170219,0.1080659998453139,-1.508454874399107,-0.9456856243589034,-1.0629029951024145,-1.4778870978804648,-1.2155088366419893,1.2185829282784852,-0.8919882839325448,-3.0005336946870607,-0.8200439487286391,-0.793733295897226,-0.7918866490082225,0.22529385691995243,-0.5613188244805506,-0.6706785388238878,1.28545915011123,-0.12250325504199146,-1.343040571767634,-0.13169118428742102,0.012039215404050289,0.23030256100743737,0.13358070765547686,0.21986832096353703,-0.40583853151321286,-0.4635999277656124,-0.9265665273476296,-0.17366549116178354,-0.8661158157620608,-0.023321505662369138,-0.05383291077868111,0.251479176383136,-0.8127785703383127,-0.512336319581449,-0.18562618015974247,-0.373868430217578,0.23735013857035697,-0.06876413263284678,0.0021229480997777793,0.03666226391170783,0.05962361634805952,0.6071365667624219
2018-08-01,149277,155504,7208,3.8,123324000,2.8,25.6,10.4,8.7,7.5,104.0327,240350.0704445836,639607.467125861,1912850.8195182767,242042.69724483407,1163185.8562930494,27.21,11056.3,132.9,196074,13711.255479023168,593,1288,1310211.5294301817,1273,206748.98246712587,253531.03475266125,127.6,127.3,251.663,257.891,102.208,102.016,15238.6,66.58969943644334,96.92177264947794,17.564,1614000,208500,NA,1.914,2.896,1.3304353877640434,1.2865067173935512,0.755857735172349,-0.27279953928947115,-0.7770887091514137,-0.6188434351355745,-1.1000654590555878,-1.2722492277180797,0.12942873504200997,0.03143259049591986,-0.4503433787856591,0.556457345828177,-0.38574164682021855,-1.5701310178718013,-0.7744903161166268,-0.7432958798027934,-0.26412009288333593,0.9684695554681524,-0.6732491614958639,-1.4321749336761074,-1.634285215992662,-0.8245442703920751,-0.45307968617967925,-1.2470758150663028,-0.37460050761411307,-0.958294587654814,0.022713448165738132,0.40240511609913104,-0.6527915493746608,-0.20921173952957703,-0.2946462759925791,0.4490825900592484,0.29185852326473594,0.019041787722998568,0.11909674102243051,0.17371662960403209,-0.5271723399430014,0.3596554426767415,0.7154416553922986,-0.3030303580461979,-0.723056308614846,-0.42550533945722896,-0.3936050514937634,-0.03443606613744241,-0.5823164956028585,-1.0901693252207274,-0.3794972780373609,-0.22854522275778752,-0.3932411301047211,-1.2584266799538504,-0.484639831365455,-1.4149026318454632,-0.6414602861258314,1.0320185748594692,-0.9358639650009946,1.0628162147051106,-0.26377303999968227,-0.9267771380641553,-0.04680190216134102,-0.5417540476165561,-0.4105265690505936,-1.6261250011486763,-0.6679368664517641,-1.7323610953462767,-0.3828573819137281,-1.8270993295085036,-1.6718849826577988,-0.4177235399931716,-1.7896022408799612,-0.901885833185373,-0.2380742269026468,-0.9902966331554123,-0.5256639575066554,0.48767277717440843,-0.16845367901525266,0.06839378400494027,-1.5431354536788793,-0.17899352817444317,-0.42683788320978855,-1.4612793658510845,-0.48080106191519967,-0.4304101325575037,-0.9363341515525095,-1.3195112934331594,-0.9084931451855836,-0.28305488718956057,-0.7069134965025287,-0.9599185318525626,-0.7571227478690011,-0.9618724475036998,-0.5832415385798189,-0.0031768719126163037,-0.026166695925685313,-0.5869997924624262,-0.46544949697847277,-0.6577895243958121,-2.371106294551297,-2.6150307230290344,-0.8971384213035662,0.049590918705921964,-1.146608225347017,-0.3173573917782556,-0.603527076245638,1.187439107112091,-0.2836534902921728,-1.2227776221907214,-1.2184335988853257,-1.2923888749029369,0.005990854890725955,1.077561348232051,-0.6473685696106634,0.06806940747981027,0.015910532556102423,-1.2837889105831015,0.6545214978997891,-0.8874588427027316,-2.424922979878688,0.015382103530142993,-1.6017626693596918,-0.7336342115531305,-1.0638151436630492,-1.2390507580866423,-0.5581526866545433,2.814572132304566,-1.1660022927977292,-3.466785742655646,-0.8851632183076277,-0.7820814431606657,-0.0046736186177950955,1.1006520030222031,-0.7006807515381559,-0.9181265201800751,1.3961940317500545,-0.04272891622637368,-1.3581147686520432,-0.1673321516957839,-0.05050239085420524,-0.5233128325048907,-0.284210067830465,-0.6798594348241311,-0.5422006256896486,-0.46922350290984505,-1.0297615033019398,-0.08582373156552447,-0.45995476372464444,-0.3100090849239933,-0.0031323681319454697,0.02271425982288046,-0.8759159209605246,-0.9612152666726351,-0.14688377650114143,-0.5250932359682646,0.3575932375697876,0.002705364529260758,3.582441814970543e-4,-1.3065923564938264,-0.19593101129694573,0.9111521902035229
2018-09-01,149358,156015,7411,3.7,123400000,2.8,14.6,6.5,22.2,11.7,104.1004,242102.95065320548,642689.7615653498,1922645.6003880147,242479.83752855944,1164691.753402722,27.32,11070.4,132.9,194902,13686.851920560837,595,1250,1292004.3351754574,1314,208670.35091487825,256054.5997773829,127.7,127.3,252.182,258.368,102.418,102.205,15237.5,68.57193071530395,100.60475876058904,17.776,1551000,205200,NA,1.94,3,0.4402809332045665,0.6997688507022991,-0.39573857108187743,0.05660614651554324,-0.266696184959023,-0.5054105510288195,-1.6828262045506546,-1.3771273949318896,0.35777291280165074,-0.8233184513527971,-0.4655811713305416,0.01478306183779255,0.04009010069331471,-0.6781676421618158,-0.5936828570791368,-1.0031014999277224,-0.2592181599857678,0.3366807569445256,-0.4244325041738453,-1.3603788078602341,-0.8827491107847594,-1.2886990954820392,-0.4215702104282813,-1.7465983045312237,-0.6315325811051312,-0.8573558377309679,-0.45870350773261875,0.8313446877439066,-0.7652011799120565,-0.4048982334515833,-0.08015143772442425,0.04793762866241594,-0.04342037939364762,-0.13633289568671017,0.5061649150545667,-0.2564411368969752,-0.6120765494579916,0.4480644721161944,0.268645384003625,-0.10133825629877696,-0.6402471575857324,-0.7787385526419265,-0.4765969096601784,-0.15115696094668649,-0.1581188361392726,-1.2116633591637145,-0.9608859146693065,-0.5211336826860751,-0.7087411021679686,-1.8031106718341154,-0.608255304470654,-0.5448148988232802,-0.3457800591162366,0.7909862748140879,-1.1944988317887868,0.5641577131735784,-0.23370715484406623,-1.230887777275421,-0.14327593625301988,-0.713177487498215,-0.44402869178327187,-1.3954395304302458,-0.5405890755724649,-1.9172689298144938,-0.8598392338611344,-1.9695332648024113,-1.7966720003763064,0.645803097163747,-1.9963323229316468,-0.6756751607134425,-0.43346787013550137,-1.1047957509918807,-0.43372282432085973,0.8393451412373882,-0.21700412217198692,0.02573259124547807,-1.2843663780610055,-0.15927186019116515,-1.0048815755094485,-1.264502636902852,-0.8253391156984156,-0.2698741345777189,-0.5974623409086259,-1.204945654175934,0.08113416293349252,-0.4619535258217897,-0.4365896275039786,-0.9796681467117492,-0.7962540532005256,-0.5972859290229062,-1.2402680491813358,0.25455453743653,0.3773431135484932,-0.09997388396317407,-0.8169473634298365,-1.5688216602389862,-2.417223696780481,-1.7672770343077668,-0.5730587995846573,-0.3992357817432386,-1.0709656165015036,-1.7998738329608819,-0.19863147591495853,0.7524796869730627,-0.6627145040750004,-1.0801503683197393,-1.0314824297700176,-1.2349481724081692,0.007161901016732239,-0.5882910499803358,-0.764701947867394,0.008258478826470577,0.06544520509201841,-1.0614020119101657,0.651024501429243,-0.5863360359860024,-1.5530531882045238,0.3778751332012513,-1.2470745350894596,-0.9255568441053205,-0.4259129273904703,-1.2334170010863967,-0.416991908968237,1.3155208957250228,-0.8724974089670017,-1.0433256213709647,0.0013751742643433003,-0.5535036270917983,-0.5753540161297156,1.3768029841843965,-1.0817711326958122,-1.277168982399923,0.17506293800270809,-0.030534210882827165,-1.4126664057478997,-0.15036978015219585,-0.04398479206938621,-1.0684454506998986,-0.3981383851181739,-0.31430711583009874,-1.0151220373331762,-0.6204436343662878,-0.33613693117782883,-0.13980725966668286,0.08851901697883395,0.10368903932409984,-0.06228499031656444,-0.1307143725442293,-0.4832616801438346,-0.6559609126789894,0.19999388087327882,-0.5726398616268626,0.13633274342626972,-0.1670827805505909,-2.7189377022453063e-4,-1.162924769740717,-0.6477701649214229,-0.24938923698020773
2018-10-01,149527,156391,7304,3.8,123509000,2.1,18.7,5,20.7,5.7,103.9856,232860.27584190265,645746.8687557874,1933204.290500249,241989.37570057018,1157810.80949364,27.37,11074.3,133.9,196389,13726.887275208344,554,1221,1282646.327793752,1272,208833.76382864662,257940.44544081093,128.3,127.9,252.772,258.917,102.595,102.366,15274.1,68.96047565670843,100.02168584392237,17.991,1592750,213000,NA,2.185,3.16,0.1812898215381569,0.24916406186817988,0.5661883248397631,-0.30641752701886915,0.03634903731147076,-0.6955741824394698,-1.569839644527064,-1.0648337554382563,1.0982585353207401,-0.009002542812665939,-0.13106422521210326,0.4334309313659916,-0.30932843399869375,-0.37032615100011196,-0.5426927883874878,-0.2964350822561258,-0.1872834582100223,0.054752584989719466,-0.3287075690522265,-1.0867005186892829,-0.7344076836384609,-0.7371969709791072,-0.17247033012219787,-1.8623304785921058,-1.0015015709698225,-0.8430798492464151,-0.4980271384737653,0.8191538921472051,-0.10101055518788758,-0.29308710079545297,0.005603739529124361,0.4437283343572212,0.042414030708325244,-0.13242734314883797,0.6511823605978989,0.008305947665167224,0.3002396669665605,0.3109730482913098,0.7627063654019716,0.2642060401257582,-0.5758848178655006,-0.63024788302461,-0.023220513781441392,0.21770560731761196,-0.21801114390036788,-0.651290245448371,-0.8110956281163303,-0.42027072721878206,-0.4331705899246397,-1.6553904525693723,-0.4864381492407353,-1.053358432480984,0.27560906242054384,0.7047771218567774,-0.9605672526089807,0.494599770544724,-0.013611087200486921,-1.2812204863816712,-0.40844614475468427,-0.40231638677704074,-0.09934790588875464,-1.1964861703731433,-0.4994961792184188,-1.4265134373095878,-0.5795786582294266,-1.3923371888508758,-1.4455585713941634,1.1779937620367817,-2.1362021463219576,-0.4875048459979158,-0.5076478786310158,-0.513383232011148,-0.35795626359004123,0.38716169305828285,-0.08464159705517994,0.11950156525270048,-0.44738993298580904,-0.13523523330114087,-1.09810739108401,-1.190123782500072,-0.6509859918006061,-0.504845225027677,-0.7675222686658018,-1.5094755043480161,0.8123476377431336,-0.7545462856050291,-0.620280776479889,-1.2210826383692015,-0.42335178204620083,-0.40414480321199503,-1.3571759935549965,0.010523698632775066,0.09050455932284925,0.5646585275028836,-0.4945690959023407,-1.150113672443793,-1.321292726825171,-1.8758090410406094,0.011095655606055141,-0.171126677171887,-0.8599534192534362,-2.248363892364943,-0.0370101177999004,0.8865678751640583,-0.5954486559317276,-0.8792610460275898,-1.0776263742370469,-0.8990116498342364,0.010539423631288646,0.6529353706746935,-0.8147856954152743,0.07123705333361709,-0.3251575335373742,-0.9335792250739391,0.6291808712642005,-0.6893981373851871,-1.513520860820091,-0.46958515113402094,-0.7329896935697119,-0.9107811748310074,-0.48805768826277846,-0.7680976785976932,-0.190446741780098,0.2394875322294773,-0.40050211211107944,-0.6716636216143298,0.12492397974543568,0.33654698326899485,0.41901848879612896,0.8262334202890783,-0.3108163343749116,-1.081346480195246,0.4722431649949262,-0.30768068991921,-1.2174195507851207,-0.05135227518903602,0.005294947349440537,-0.8725873959790115,-0.1478116466559504,-0.731065218518802,-0.5292775769124561,-0.5258048595044083,0.30540318568482144,-0.21218050648074016,0.22266710311469046,-0.09787968477498243,-0.07968033268775761,-0.016404974722169306,0.0630193083055088,-0.3888628567150328,-0.17116348146162033,-0.487789316068536,-0.032185581968913385,0.5178718457003435,0.0022215316370542133,-0.7842419615469319,-0.5487890014916167,-0.1722952129084593
2018-11-01,149617,156721,7594,3.8,123719000,2.1,17.6,4.4,14.8,9.3,104.0681,229884.04949819742,647111.9555685472,1930466.100073465,242921.1731462535,1148679.723277794,27.44,11097.2,133.9,197492,13799.961025041412,625,1181,1269337.4257039852,1340,206342.20013641237,252380.39559582967,126.2,126.9,252.594,259.439,102.63,102.556,15315.2,55.500341030887654,98.85267542725572,18.061,1685000,225250,NA,2.2,3.114,0.3495272328762463,-0.09360339167714843,0.8623237955465,-0.5272847133347496,-0.8883470917566182,0.09224640920679106,-1.5515427263031756,-0.688169932840736,1.2516134130014398,-0.029478535071320016,-0.21672708546947014,-0.016800168878254997,-0.3874754942416226,-1.2673163618652714,-0.88774071679446,0.05381920409723551,-0.2129096511206907,0.016710193641844902,-0.22434323357046126,-1.4619292937358832,-0.9867733428600128,-0.200962580666051,0.05505705646582808,-2.504708156641902,0.6658373469905703,-0.7305078644316745,-0.14817330621975713,1.2135115243228722,1.1116668159723382,0.054080785995263815,0.20574736222606907,0.7803667559340596,0.3911386904621292,0.09659778322919006,0.31789468795913406,0.3883146969498489,0.6949717443509396,0.5375802553504595,0.8503573784360647,1.1444940303699478,-0.6016972729087825,-0.3234146111738638,0.010593145949260047,0.4865170160653145,-0.4424026524877231,-0.24541964498946559,-0.3357656038638265,-0.33040058439335046,-0.6069261562212942,-0.9849447664174291,-0.8326666361584794,0.013238482758341434,-0.23899071449295797,0.8531947166145732,-0.9749664944472092,0.3681422935379687,-0.15176384422964043,-0.8096002345660325,-1.1410404613667666,-0.5403546809558123,0.04047327347923338,-1.6067059747439933,-0.13773302124658887,-0.942078502297735,-0.6676709072533733,-1.6099411296284074,-1.501803303736412,1.3171390545095811,-2.047533217893627,-0.23470042314715442,-0.14118798411431213,-0.5564609165757182,-0.3053584019083261,0.6085340453926443,0.2623269485915601,0.04568326793320912,-0.7994787786172473,-0.1993217063926737,-0.9103480501990278,-0.9873920716434008,-0.9088711893327206,-0.0442669543186839,-0.08875783853130045,-1.3734413821085278,0.7853677261929974,0.4546018707617851,-0.42744147972179813,-1.0040149475077222,-0.2467945116432087,-0.368089059859569,-1.0325330490984472,-0.35148519066155753,0.250753250343894,0.9034083517927698,-0.2884240498015822,-0.5791982385478386,-2.3917013651180596,-2.603689447022054,-0.5856012846461546,0.05882762281875286,-0.8702801585116344,-0.8432323441423617,0.07113283257150124,0.6684228502481951,-0.47206088644475,-0.8498982359311216,-1.1573968156345753,-1.1764164670670954,0.021544447366510646,0.12121426163767288,-0.4787045011553896,0.02078811714920802,0.5214385821327117,-0.8378212996295804,0.8165656570631425,-0.522368645376049,-1.9213077952333113,-0.645564189356868,-0.6093998341098162,-1.191504717982201,-0.6244905259169141,-0.3264112212712792,0.046240506942783303,0.6455957526612186,-0.8615555352311879,-0.06735295157693556,0.32138508648104974,-0.15341674681162804,0.14429378583957014,0.4575783445887234,-0.14415832722233227,-1.2633796844079992,1.1020322017577877,-0.023505492906987457,-1.8696246637678666,0.09349218744315654,0.2503009272609114,-0.7580527769101972,-0.19682776059687718,-0.5768870813874606,0.28314612150060725,-0.28621568620192966,-0.11677555479151742,-0.2992175888906997,0.19352915201277715,-0.1333237170965174,0.26698399105763215,1.5861636612532828,0.192356878838092,0.2513841651117896,-0.2041555894212941,0.09056980801818443,0.28321434452736777,1.8972505313695662,0.015195343126956534,-0.6289660836821495,-0.0019297025810997874,0.2083169764322653
2018-12-01,149809,156817,7489,3.9,123892000,2.1,11.2,3.2,10.9,8.5,104.0936,236999.63973086924,653668.416081635,1939993.4324631938,242240.0950331545,1146862.250610997,27.56,11169,133.9,193504,13682.047886583385,546,1095,1258064.6731774765,1317,203788.66807528652,255525.26265567035,124.4,126.1,252.767,260.063,102.701,102.735,15506.5,48.217641503003875,98.5868768161446,18.077,1749600,224600,NA,2.26,2.84,0.5098954135716686,-0.5555570535373742,1.380448866199365,-1.4201517884346813,-0.33339253531389273,0.19515441821528728,-1.157076619917962,-0.6985572348193567,0.5419802011589182,0.15582255921482527,0.1771829673434328,1.0164187185879145,-0.29154398639133555,-0.10634150407180679,-0.44757801668404723,0.7844798455493042,-0.3888824545118871,-0.03998493340210402,-0.3578460190153422,-0.5542904682933921,0.026929525636107596,0.11927812859880245,0.09863054077073992,-2.2462525788743206,0.681969602880623,-0.5571448477930233,0.2834548315493456,1.1206679527803947,0.06855594494475999,0.48701110394219965,0.022891071109865525,0.5595191883573363,0.23533486997218667,0.04202061821068974,0.39988527034637233,1.1273605909995519,0.9888638721906624,2.7116192425027554,0.7699516428635901,1.091810188948571,-0.24183546367948983,-0.38037504215937984,-0.12089259835223481,0.8416098285502642,0.04107563629458309,-0.1804515148927135,-0.057340331367673095,0.21575771678648956,-0.14144689222547904,-0.9528865559451358,-0.568827663816257,0.9722395679257718,-0.026563435580592792,0.7772357741118061,-0.8304948805975443,0.45661306988157424,0.2781697286963115,-0.603992439370565,-1.0587546992026755,0.505340371562701,0.20279061843220592,-1.723239005594026,-0.5116521383267857,-0.6697198648266927,-0.15796653589100393,-0.32653742581622663,-0.4420771935024471,1.1542950213857508,-1.4243770594345158,-0.0793927630427968,1.1209165570407156,0.006854637438172633,-0.033848778125109336,0.5464185398732808,0.35986942181865006,0.3672837486352236,-0.11202532674484485,-0.41226964192970594,-0.6626413147672902,-0.6188933280104096,0.3265485676084948,0.8316855836629953,-0.3446183318901644,0.11166395184011145,1.1850407961477505,1.0467662843788486,0.06379417800961841,-0.5638685973188896,-0.03486943243313139,0.3242758747748915,-0.695999767372119,-0.5010873114365814,0.8235888147605264,1.1432260302583794,-0.22344028072701785,-0.9403913114185488,-1.8922899575550558,0.04729445300803298,0.2595182872320262,0.44137927729637394,-0.5822433802242359,-0.8943260359517804,0.10174208517309888,0.8828393875490091,-0.2005413293962739,-0.5529403675306046,-0.45158655616713866,-1.3412675129880582,0.01755562447765835,-0.6534499653217372,-0.21642037486826474,-0.30188097721535945,0.31379671704533196,-0.9215687232119626,1.0728680167857434,-0.7177136195152796,-1.5302657262924413,-0.8578778395258948,-0.8790788026970398,0.5718949324210358,0.571183673352309,-0.006017152656733481,0.18563096437055585,0.7395859304993859,-0.8038252447002407,1.6571005441939193,0.9750160825164316,-0.321664110366339,-0.039742565548825604,0.4280520217715961,0.004310642058819496,-0.41324628815146014,1.3042453174621413,0.41818804562213985,0.14341546637541383,0.05614771183519655,0.05718901515390563,1.187920808458702,0.5457230880389046,0.028422148299386423,0.146388621197951,-0.38597931657276696,-0.03916789337587003,-0.41922326846360425,0.2575138918498577,-0.022674479140487987,0.19101772403069933,1.184851726746558,-0.2036987761411622,-0.20544176654437107,-0.10473401490898485,-0.3818020200264988,0.4735032536237234,0.9185605830483773,0.005447227237062581,-0.7889012219464062,0.41000490170518517,0.21624260964708975
2019-01-01,150060,156487,7502,4,124107000,6.2,10.2,-2.1,11.6,9,103.4021,230087.2885979269,659515.0416958928,1965270.6115832224,240926.27230925104,1140800.6001091108,27.59,11266.3,134.8,194187,13721.261008495052,595,1226,1262038.227729717,1254,205576.33855506196,250907.95729093603,124.6,125.3,252.561,260.766,102.648,102.87,15536.3,50.05455537370431,89.38887334392238,16.97,1779500,222750,NA,2.4,2.715,0.4440957119914362,0.14264792806987553,1.5118357839767689,-1.1954417762913565,-0.6370977240221014,-0.15256497326769014,-0.19271622499644758,-0.051267245264174546,0.6528757556518527,0.6399722008000088,-0.1606378619807574,0.10350342901243104,0.36550395450618084,0.22832172529138683,-0.21482410047694522,0.17595883692911068,0.20910221329800796,-0.022539081701777763,-0.524226128499249,-0.37782083301693936,-0.5332980827515987,0.05010344805231738,-0.0214643227111941,-0.8844023180340637,0.1747188884058345,-0.33545230561403705,0.24701680345523042,0.9628566512765527,-0.10687456549788772,0.4694049493827424,0.07990584425444681,0.783237163626904,0.7640567401603094,0.046288816041997936,0.3835890307361004,0.7514826355908345,0.9148082707667328,0.7625456223071082,0.7193737384462208,0.5776370527243603,-0.22388378081981006,-0.09082653335090662,0.921867232264847,0.3552015172849071,1.0632227739714806,-0.4042186059945688,-0.19715413283555103,0.34771277244012333,-0.14164314273137557,-1.2908754868634276,-0.49376908865157526,0.5242093976092421,0.3273327069016269,1.295077830130685,-1.0435738032224129,1.0392818306172296,0.7226074716060565,-0.5558345224162092,0.0873654209558578,0.47594707908780054,0.37933087473525773,-0.4233712524997242,-0.389136063814654,-0.4556374503783159,-0.355537153710011,-0.5308716676180465,-0.5192194737786818,0.56707762690208,-1.699499583418845,-0.583522993819059,-0.281103173789651,-0.4422447535044301,-0.16671129997283068,0.8867959844137654,0.3538366967461208,0.10297188259649168,1.086593098950022,-0.21690998667473393,-0.520699750166587,-0.6300107992253924,0.46988378906134054,-0.028541535002800107,-0.49803539168917993,-0.898993590255824,0.6558249196701723,0.13588972927713952,0.4082379355086174,-0.8100839637434856,0.3615597913843577,-0.22918886869021413,-0.8418398991591346,-0.12741865944839392,1.0101084750394114,2.041652423059806,0.9575140221704639,-0.722027057577597,-1.3017570809711159,-0.1474526135594314,0.8570968700522349,0.3931006300860537,-0.4438321626028577,0.0021697613721296132,0.19701313382274802,1.4072940571869372,-0.26825396066561463,-0.4016566617432113,-0.09245056031394713,-1.0986703280815246,0.0027643401642415723,-0.5855054795966903,-0.07205647052138613,-0.07681900751171952,-0.05665781042595502,-1.176578846061269,0.9049805441579579,-1.1679868840215493,-0.6418804936721859,-0.8253314999116959,-0.8354489970983454,0.26183306765418296,0.42919106858098544,-0.39288400932491296,0.21625151955363855,0.7271617639801522,-0.6294319199108561,-0.6686348732348479,0.06578073383775296,-0.32947103380322185,-0.33325456523307007,0.1901270212582512,0.039196233111287865,-0.29002090337717434,1.5835291830627114,-0.3284822306436223,0.3033519834818393,0.039959911399791145,0.08883402039577556,1.1515244425552185,0.5775743912825693,-0.08153798509964115,0.16694322732679573,-0.1099607570772258,-0.3090269541793634,-0.10432396217566761,0.6237086646326121,-0.10050934682253197,0.030143442914694344,0.44033023669652727,-0.1265828121833615,0.3793087962175912,0.27650570738721364,-0.06178431749800758,0.25201775468096876,0.3345352148432455,-0.007227341504097943,0.3474123022171989,0.1097599697576009,0.10652758823062305
2019-02-01,150067,156863,7066,3.8,124336000,6.2,9.1,5,0.8,11.8,102.8371,225319.92687385742,661133.2607258159,1968154.9569289712,240902.01874829826,1127608.0360963088,27.69,11326.4,134.8,194123,13728.071881442296,648,1121,1273935.197790657,1286,207277.60706367422,251479.05402777236,125.9,126.1,253.319,261.186,102.836,102.963,15560.4,53.43459488894939,93.09050233328408,16.962,1801500,222500,NA,2.4,2.6775,0.510970082297492,0.606555285981305,1.039644068465836,-1.1522841360323417,-1.9485977126748386,-0.20214768483226528,-0.7051985542090974,-0.06509420874852725,0.33845718516220963,0.9029000721610774,-0.26789877700122633,-1.5871740832448822,0.12858514427277912,0.2928651718309714,-0.2766691735002317,0.28607773198191594,0.22088904574837137,-0.20017289171196775,-0.37949477850205887,0.06909155439194448,-0.13658208109984246,0.06203264577510066,-0.07175582657917702,-0.08004724754558826,-0.028962023336007288,-0.5680193964553321,-0.11870349345857857,0.12231606226099598,-0.1977738711689518,0.27768694644878444,0.11631213591602213,0.8892786726709866,1.044158080584666,0.11568726229685954,1.0774783966601063,0.1613124919051112,0.6886176510317648,0.36121531559386394,1.1857422033649285,0.4183220592331135,-0.3989758495033126,-0.04888316663899038,0.7319860153571839,0.18906894133798277,1.1817067617529053,-0.16823233585496822,0.1739361460404833,0.3137638399968285,-0.37561418302307586,-0.4133709107593284,-0.44092423289376415,0.2695277968904483,2.565953396174228,1.9744487885755424,-0.8268679892615364,1.2526066263276834,0.5944035002020276,-0.770572101770362,0.02662223043775971,0.9908834379318188,0.8430753077708353,-0.8894615332853015,-0.3416369550622417,-0.5086782634621235,-0.10154939979275662,-0.18409647907796609,-0.3966413870501179,1.3425679189600934,-0.8912543617990173,-0.15370144696481983,-0.21055821987568804,0.5379948841491018,0.14837094200065853,0.6179565279106182,0.10951168175437831,0.02515761103982583,2.5125003601884237,0.12280373320311286,-0.8826333639961967,-0.6013385233351826,0.534348328464175,0.23834473519259458,-0.26625978371967113,-0.9942746833249748,1.399160209161141,0.10062070736751587,0.21946534882116941,-0.39320280755776366,-0.6722680867783205,-0.29726933354745866,-1.2147036890182552,0.7102351309113133,0.614246797398498,1.2264019033432987,1.4198086360093225,-0.11235882774757677,-0.9019553307135543,-0.5300227223777753,1.041525408272083,0.2333371388105967,-0.36536484401321473,-0.5422165689538934,-0.059074983621366116,2.2469205439125073,-0.6577035003752483,-0.5854137249168176,-0.64731130887751,-0.5271322801105995,-0.0064449123749431856,-0.15369468429798278,-0.04162460041911619,-0.027276238089260062,-0.24509196625758267,-1.1599278414855958,1.1554165964739576,-0.8455908178283648,0.03453470426880868,0.1645025076645213,-0.1603634090856887,-0.23602484282617583,-0.2736351282414082,-0.22325217171910616,0.6289009747638022,0.4423384619049418,-0.43691933554116313,-0.8471273634705009,-0.23849803235532058,0.5443078308670268,-0.26544000868741946,-0.07822142832474185,0.0486821649021353,0.7080247168389455,1.8047724957087763,-0.42467416122417545,-0.6799324186520604,0.18253033274324887,0.24100152269655561,0.4956788260011463,0.2672140726701157,-0.29163263279627194,-0.24580282896375977,-0.08955001653756384,0.6638184936851559,-0.18145277117012382,0.9762289824946514,-0.01306740382876483,-0.059224183731573225,0.5822231165193033,-0.121326829315815,0.005268995171339822,0.5251670418845766,0.30426483243611396,0.2706397913514489,0.6610181845475976,-0.008066217176111216,-0.10731476079833048,0.30023237102795713,-0.25523370308459664
2019-03-01,150295,156701,7317,3.8,124438000,6.2,10.8,1.4,9.1,7,102.8757,233304.87343430126,658960.5021878547,1961045.8458616203,239193.16186244163,1123282.4612638135,27.77,11394.7,134.8,196358,13824.331273224732,718,1191,1280181.237811563,1295,208124.65435776036,252887.87123189316,126.6,127,254.277,261.567,103.069,103.058,15566.5,56.41851575158389,97.98846332619189,17.842,1780200,211800,NA,2.402,2.592,0.6836657102081236,0.9367923885420607,1.3533682955307793,-0.8182705982687385,-2.0215148638744176,-0.3058841715720967,0.04784351475333267,-0.12307811215245335,0.9424162376093181,0.6377902635432925,-0.24555418565839449,0.2754757573528255,-0.6559004929941746,1.0847426815801386,0.19137614941724762,0.5881013888613087,0.4547866933717547,0.16376433017213335,-0.3116532344730472,-0.038131685562596086,0.09198824855941341,-0.009103466685725401,0.10391509047780537,0.5830489097120153,-0.09531339319164651,-0.8138552980612918,0.2920092820211781,0.1033736429843909,-0.014749849215933822,0.985628596542378,-0.07513748432816277,1.2032056016882602,0.8836486320234852,0.18238467465454847,2.250471776157716,0.057397462301209796,0.41463469787258334,0.5947822731796993,1.2830307306268314,-0.05793755518358705,0.093118552880672,-0.07222573858088778,0.32047234523964613,-0.016263497204178252,1.1080681426945247,-0.39295372677555856,0.4819142277771137,0.9845000327832819,0.5186198834168075,0.5153853655548245,-0.3527558298465845,0.06702142105371123,1.3276705265161626,2.110459856833404,0.19326815330742161,1.2499224126269493,0.9155565538153205,-0.7925801376177231,0.6315679630842301,0.9143145824546746,1.0266774108088794,-0.7757587835580879,-0.42152610842240107,-0.17674009092906473,-0.17940721101521623,0.20436794266588604,-0.09433067975740306,1.537114456701454,-0.5611730138379306,-0.35967777819565044,0.3550692853091186,0.604558929938119,0.4187023296245996,0.3745540041309387,-0.04147040707164919,0.035882855425712665,2.121136686251457,-0.1003962546922081,-1.3496682066530172,-0.7822878629789416,1.035701574962972,1.1325591749642145,-0.6350329048550043,-0.4512006543146176,1.3004919411407325,0.0746886340109608,-0.3083332010331264,-0.6884631292224398,-0.6190596613737895,-0.275561586328117,-0.548314321319334,3.1254150024091545,1.1166496844082094,2.126599274697826,2.39172574372326,-0.7790144326065439,-0.2910532879795811,-0.17570448333242336,0.10415981302420636,0.37468760333862894,-0.24845840187513693,0.017117663859032572,0.1141310474274417,1.932247426434311,-1.2249132394832838,-1.5970766947050195,0.4649463197395978,-1.076135770704339,-0.006684825239960581,0.5229041273083663,-0.14992129246850053,0.049062962380432604,0.27188949699453724,-1.1842048744100993,1.5694803822518024,-1.2301357812854687,-0.05274008752742433,0.09645652347845594,-0.6836504771090648,-0.08113275391625603,-2.6135336079558344e-4,-0.37916933108366757,1.4235525518712895,0.5959970202083948,0.43342300111929605,0.61370605193428,0.6399821256849942,1.066356551904185,-0.2628532819070241,-0.6382677449183888,-0.10903749215590051,0.16538120875572743,2.130483040483583,-0.5702714581784345,-0.7126518330108418,0.010278214620222983,0.2101438918104984,1.4304826415201655,0.7177758297642503,-0.2821479454887754,0.17553053671205812,-0.1603904683730398,0.7130430756389422,-0.23301698138961857,0.8747835504108719,0.0789307915306475,0.10792081549030888,0.6984916557617199,-0.3308180935848607,0.10782765220214252,0.701118316011848,0.1825975656026847,0.6553841636788157,0.4162407876596674,-0.003369262941294146,0.19591055169901103,0.6188013453677583,0.24112257490548078
2019-04-01,150591,156625,7272,3.7,124533000,-2.4,5.8,7,8.9,-2.1,102.274,225178.0185758514,662988.5835913313,1964598.218976141,236655.37925696594,1112856.0371517027,27.79,11388.4,135.7,195642,13825.46439628483,702,1272,1308895.1238390093,1322,204209.55882352943,250526.31578947365,126.8,127.1,255.233,261.997,103.36,103.265,15534.2,61.784055727554176,96.95814417725572,16.968,1666500,209750,NA,2.4225,2.5375,0.6648080412196186,0.7370900399405096,1.0148846766590152,-1.778952805887898,-1.4860299906937116,-0.5839630676354512,0.09017939931906409,-0.57861942545420475,1.885566111351938,0.7063870217737853,-0.3263105017826062,0.41177640584072966,-0.3361511942891159,0.8340601163263053,0.017328836046777724,-0.21685448234667362,0.07199666628282783,0.27952249314949246,-0.7005510189351504,-0.7363162376422929,0.12529776139549798,-0.4644388536642096,-0.1778476461807901,0.18167987201143412,-0.6171494408337351,-1.2188155649303944,0.8343429013990696,0.7504787940745554,-0.361362900153052,0.6772870720380224,-0.11374338203425469,1.4821000684284544,0.6304624562252688,0.12702671018624398,1.7893069271261277,1.132396554619794,-0.005005770803995621,0.42758607670627413,1.5216889514867524,-0.05801780000686915,0.09137031138922411,-0.6514399923898232,0.39659915720472955,-0.08800495923035924,0.8334467550567684,-0.6725000880303242,-0.4764776201609654,0.7911959366774762,0.020857216318839904,-0.17222684681100556,-0.4755843592297692,-0.2601613154647458,0.5167724875468543,2.305381818547552,0.5056094900931026,1.5364951557927609,1.3533377284914698,-1.6896898308074653,0.3643509793966097,0.35849292413611633,0.7928646503528699,-1.9831210790585827,-0.6179903864339644,-1.1005052469295995,-0.5168865131019914,0.21793939294262452,-0.08333281059836636,1.0489605270060982,-1.9690408477092256,-0.7009719574650559,0.17656611503459466,0.20508402427633618,0.0347084005126302,0.15939893978572664,-0.12888129851718935,-0.01836982010228095,0.7902270391277888,-0.1453278316659646,-1.3786486393877144,-0.6126282795759759,0.8920625155134878,0.806570404280349,-0.7351827645223555,0.5164447616853102,0.9383151004091835,-0.3092744058426222,-0.8684531363035705,-2.12266701891287,-0.5711489710528516,-1.1423573887920058,-0.27011687225146186,1.5825108279029763,0.17852838253093425,0.4004300085832874,1.76941122231454,-0.07921652545785653,-0.0829301570871393,0.3732634519717375,0.07047420856567187,0.42782739539169845,-0.43296781785069705,0.07650756426101968,0.10287601205434105,1.7917678206751981,-1.8314849495563517,-2.3705921187958783,0.39164916566269214,-1.3378448572424468,-0.005942840602641566,0.1383906361331093,0.06670028077290724,0.10695791433199284,0.24802778418038549,-2.4516664476828622,1.628139570737767,-1.6062532786020967,-0.5716399192323545,0.2067878961124396,-1.141586262971611,0.17233017405239942,0.046623670023156844,-1.0500518986638046,0.8539606867519615,0.2180139558912142,-0.33638700474805217,-0.04488757575460453,0.9232533472444666,1.0291856853366599,-0.3866670860170674,-0.23790800292439696,0.05104924403828272,-0.3757384833773289,3.1161685781392645,-1.0572199504933342,-0.9821224932514655,-0.007813754763712667,0.07316096138222254,1.3699459421453415,0.566757650605692,-0.616944960653412,-0.3705615236185782,-0.49320238569159186,-0.40913587903948345,-0.4878474856447661,0.8594700023412188,-0.012627949800471428,0.015654275957669554,0.8331956488441988,-0.7259959690176783,-0.14657875622341396,1.1119312427569075,-0.1332541527353486,0.773352435656846,0.0717168616897189,-0.008005823721659958,0.011656402700732375,1.2453428991895779,0.6085881119904405
2019-05-01,150618,156821,7275,3.6,124672000,-2.4,20.7,0.7,17.8,1.5,102.392,217107.36211147095,663529.7529849664,1965223.8994014217,236692.6088848069,1096740.9484217141,27.88,11375.5,135.7,197708,13876.637501812733,618,1293,1319268.1394112243,1347,208085.27094310435,255728.7185188766,127,126.7,255.296,262.217,103.435,103.371,15532.4,58.809880601343835,99.86727538292948,17.967,1628000,218500,NA,2.398,2.398,0.7467435002949313,-0.6519999771641798,1.0764167630282515,-1.3890289620020393,-1.1596621559470914,-0.518611593665759,-0.17283882225093264,-1.3299446002756408,1.5212614324540776,0.9033352037028773,-0.06986161100493346,0.06123426536781445,0.10099169896373478,0.9826975914749709,-0.5397964219160813,0.23126459163209584,0.40179020423689493,0.5104726722845142,-0.8231531732081566,-1.2131914929649557,-0.21615252979692748,-0.4783061532751758,-0.3984574275124872,-0.3761898514098026,0.24364998426581866,-2.036676460011766,1.0819185692018638,0.5958306350579061,-0.4758252694426943,0.20884713447942652,0.2006406913921366,1.3018308956044164,0.3656746274000023,0.062177078225432565,1.0330786642545027,0.7424495187366894,-0.3941852516814073,0.21861120545484317,1.8263976892838254,-0.6191129196223949,-0.09727518628761851,-0.873398107414448,0.6186774674374127,-0.12767791105084939,0.39196543535434714,-0.6069220110333613,-0.7968480428944791,0.796464870035332,-0.7026971496988453,-1.2451780820617067,-0.7263412745136166,-0.27261385158867646,0.309489443139756,2.2924073426833766,0.12657673776168332,1.5669171717965356,0.9030297076548379,-1.0770932483650724,-0.45028373794507515,0.4256775827823104,0.21518015045513636,-1.638200676052295,-1.3526070000200787,-1.73577848173667,-1.1504176256795193,-0.014175359803522318,0.003880347346227091,1.5459534643133002,-2.470735211413702,-0.299172617324909,0.3103065476426839,-0.38499568824135977,0.2541315536372006,0.2861378765248397,-0.02468252710866413,0.02800998377595349,-0.5976358802831895,-0.13246622177272313,-1.9846716025357614,-0.04016920692777851,1.0117703328300707,0.19685217978687258,-0.8281628670289162,-0.12078075341596642,0.8533052908027932,-0.46554556746846965,-0.9643868733009646,-1.4736721908543389,-0.5121830654001509,-0.887204247359962,-0.7294780030500163,0.48979317892116175,0.002324167116571928,0.328593526133475,0.9478991017218898,-1.0472098058811559,-0.710280365389457,-0.4123290502717113,0.1582959009872981,0.2722370564677288,-0.20554285516407403,0.31063972063865036,-0.09613125256332963,1.9639660594633617,-1.6671662880945373,-1.948287770205834,-0.4564176256376102,-1.2799244940149512,0.0017330387452603635,-0.41467258736898865,-0.08861490248625839,-0.025798667251796626,-0.1451180445879324,-1.9886940167716496,1.7751444691113498,-1.878723200649676,-1.505832777532807,-0.6019901098026125,-0.8230797720778621,0.17433827643547134,-0.05969147348466577,-0.8443233220552895,0.11018348528393294,0.8106476816585615,-0.7689358211649493,0.36443053809141784,0.15101809493488028,0.8439235617310519,-0.5664063598020128,0.19274614434839937,-0.11340065540060051,-0.7942166253903626,2.4696316591466454,-0.5527776456373423,-1.0929742925511612,0.02807255670795435,0.2392446658741499,1.5047605358929403,0.4084145103795548,-0.48758545431162786,-0.7072493973375766,-0.5871028265088168,1.7292881044290482,-0.034151871205099604,0.43630215420868934,-0.32355751714065795,-0.14419869247921882,-0.1563819935047103,-1.138435907387958,-0.46207969476575017,0.28434346159415896,-0.4511091940987413,0.5804183565637661,0.02739353371033262,-0.012169529568060389,-0.508371475311635,0.6557019245637882,0.8241318442091293
2019-06-01,150838,157232,7194,3.6,124764000,-2.4,-5.9,-4.5,2.5,13.1,102.4375,217318.61930346722,663653.3183873836,1963269.9594046474,236853.04008349116,1080864.6747323258,27.97,11402.8,135.7,197972,13923.601716207339,729,1243,1334870.1248502184,1299,205548.6838545089,250788.52769510262,125.6,126,255.213,262.739,103.484,103.56,15562.1,52.81975957635963,97.4619562339933,17.781,1631000,225200,NA,2.375,2.0725,0.8148026049549808,0.27538045786722143,1.8441253530809447,-0.8900296844721955,-1.0716001338772958,-0.6537394590528701,-0.009144280751700309,-1.3486528411110255,0.8012433669705932,1.175430901442882,-0.1923455551380402,0.7363561683754646,-0.09035427800536809,0.323013350736131,-0.7424711987288699,0.43894975657770335,0.5684201960931646,0.5209609615839133,-0.7306240585030532,-0.9759329699902041,0.32000937220582215,-0.563202695945866,-0.3273854651873212,-0.3400239144542424,0.17373995994742977,-1.2292669194199448,1.1904089125075294,0.6428230838714594,-0.6718716266286832,-0.3770875038820373,0.14009818388488138,1.1093752731695337,0.5649477200924786,-0.11207209014500442,0.659478362279742,0.717336055949036,-0.9217781894411432,-0.40664539700475616,1.6879436749476004,-1.5528731794112505,-0.024690027640044014,-0.5482901450421429,0.7163600497657785,-0.0676180243030384,0.2514663973320945,0.07437704264681044,-0.8311914461962195,0.27522406157064094,-0.2873245178770085,-0.8095691224632482,-0.6437289552018379,-0.5887937001220972,0.28499687035023996,2.531361616830077,0.07684719310220414,2.0627378104110305,1.024326863747945,-1.5766978480271252,-0.494791870497694,0.4884081215783465,0.3153284438216543,-0.9885384353782986,-0.8484929046856254,-1.64811174954963,-0.9259111812751128,0.027906526310549636,0.2839995678175452,0.38684138194284695,-1.5731499712510626,0.06300097707000454,0.7214960261352552,-0.27482868582332526,-0.270674154221947,-0.0035098354988882274,0.061632674067426764,0.11097427034139923,-0.3653581553757732,-0.33832080545560633,-1.6723992756857153,0.5503854988054803,1.4487669263045584,0.39359220075265955,-0.8172180184738961,0.4634228359034727,0.22671918675848338,-0.23921844209131635,-0.8354832286871742,-1.1846872818160767,-0.5057063813850352,-0.5777921626990746,-0.6492687558339394,-0.03131238260216301,0.3112983785302794,1.0773266679162,0.9704900258691042,-1.0371143873258801,-0.8109953264342593,-0.6367640079972163,1.1698727586906308,0.7820586979894218,-0.37243010747589306,0.0944687064149307,-0.01626542461688183,2.004666427806914,-1.1567585642803373,-1.246533463180452,-0.3691691101288944,-1.4350318802063817,-0.005862918118724755,-0.035569197045016356,0.028956694865818658,-0.07962430639962136,-4.4297992859533785e-5,-1.69110230684696,1.4833449149146563,-1.9125183412256075,-1.2146399495824995,-0.4647100030505894,-0.8560522394016215,2.253420443953087,0.00833014154582575,0.0023583844276490774,0.24338472268774303,0.1627025492395736,-0.13611959616590769,-0.6969429039387075,0.10140532041818341,1.5435826347739723,-0.5036603387204692,-0.126145120904918,-0.09944768347366005,0.6292589598694489,2.5628068971077806,-0.579725941662145,-0.8393949724679933,-0.04469661224549593,0.35066715855580977,1.8481379437750798,0.5922481135385881,-0.042647189217542555,-0.896360283581141,-0.661776096531828,4.075006389213555,-0.16564337582831845,0.04307832192126333,-0.439732883807571,-0.009126628339967548,-0.30785715577088213,-0.8694784347262842,0.1904901672273986,0.07893311743705038,-0.6522019989059811,0.31221319813419,0.022150510340216492,-0.007564177028629067,-0.718293988853566,0.3567503854978667,0.8909814582258623
2019-07-01,150937,157529,7042,3.7,124842000,-4.2,-2,4.4,21.6,12.6,101.9408,220953.07946189033,662577.4449441239,1966428.7621709383,232088.74563316672,1072482.6774237133,28.03,11402.7,136.8,199018,13989.307289957731,648,1240,1363631.2752118276,1379,205438.9994402733,250213.27517322576,125.6,126.2,255.802,263.28,103.622,103.678,15581.4,55.34538997510181,98.1570157050335,17.682,1631000,208500,NA,2.4025,2.0575,1.3861569934888882,0.06638461299194452,0.6995450119925885,-0.8473487917972601,-1.0862158367167867,-0.5705218248715428,-0.09107120092598572,-0.9468693938263222,0.989175803691315,0.6801462369382225,0.1014076359800493,0.6955029226459043,0.012566055741329268,1.3831430675627108,-0.7578752300929565,0.06189701757840163,0.43826991355460054,0.599523583659662,-0.7927728036742817,-1.0902847264197952,-0.09612887491672806,-0.4482204525811876,-0.31733634577753317,-0.08588390306892876,-0.06429508390232416,-1.2646077053490272,1.165105891497573,0.4775304640891414,-0.8932589388898546,-0.22110898441108748,0.16268773001068743,1.1791340758264353,0.7103268728118642,0.08460657248756306,1.0036497040149681,1.4529567165191288,-0.6327211673055385,0.5181349886467361,1.7667335044926262,-0.4503354645128077,-0.12971757534364642,-0.4733128380410661,0.7106550488073425,0.13124963054371672,0.42314380810756563,0.2838381418167572,-0.9487768397355889,0.5196974028821584,0.05366448560441275,-1.0654297459790993,-0.6472879879736473,-0.9231957871081464,-0.49294624934866804,2.270921997378814,0.47018670469419144,2.170365039905851,1.3760549006021687,-1.4319972676493382,-0.2570665412920714,0.07105151615949103,0.4534119262681165,-1.4020203835764895,-0.68061521157388,-1.5586319463686529,-0.8957802315169807,-0.016647095305635514,-0.7393909912211336,-0.42501497753620315,-0.9939425281148855,0.2815666111212579,-0.31659986317518296,-0.49514419060478737,-0.5500524668914579,0.57693213357372,-0.0861706400663104,0.06522382384169899,-0.25766715141271784,-0.414719191916287,-1.4422818261922832,0.4805873593648331,1.2966780427637512,-0.053494193365650616,-1.024828938475811,0.994543703031714,-0.3527817444505696,-0.3566519573759825,-0.9381040511804385,-1.9535553190058117,-0.5027892947470911,-0.8613439891659301,-0.6615873131667271,-0.13783652007944142,-0.22406435039916503,0.2949915960803986,0.7190848778015407,-0.24154787427575938,-1.0769753519498892,-0.06749290501694534,1.4273651739333344,0.9022811726901979,-0.26652823416741367,-0.5041519875696394,0.01805236822841564,1.6937150360464641,-0.7564648803965107,-1.443164241060636,-0.5271877032518413,-0.7513550839108967,-0.0012862770385278584,-0.8600173835096558,-0.4288277630231904,0.008927128209930087,0.0637822965832793,-1.8841967509106674,1.7888493013978508,-1.3007972973446695,-1.2825772076795392,-0.3516611273830673,-1.1792542366018066,1.8766635218753096,-0.4872117557090092,0.055227969709395905,0.17811176261954612,0.059066311227308675,-0.0753425759814394,-2.4909269506954965,0.5768598823105441,0.9998160738840762,-0.38790753841558107,-0.43256994901094986,-0.25648148966058715,0.10579601929008106,1.9221906800483393,-0.764495890381727,-0.5221923584015378,-0.07281754981691946,0.41310123313358166,2.0646942414499216,0.597881994238621,0.16789164486173586,-0.4421720944423725,-0.5618425333007456,1.212143922100951,-0.08175064481306045,-0.3538498625848599,-0.27698566640361205,-0.0071374627330619955,0.05736709778804994,-1.2080472035513916,-0.3121938887739167,0.057281855612650395,-0.3779172746820981,0.0545619190283339,0.05462418578358156,-0.007466110815174266,-0.5374739513801321,0.355125019787932,0.680497647316829
2019-08-01,151169,157829,7178,3.6,124939000,-4.2,6.7,0,11.2,9.1,102.639,222200.25079579436,661741.1015722967,1963667.951782811,231787.40233433008,1066534.19504196,28.14,11463.5,136.8,200191,14042.82820488087,712,1375,1375504.9676859265,1482,205093.08382367127,250052.08835728755,124.9,125.5,256.036,263.877,103.67,103.797,15664.3,52.86968264686023,90.52177264947794,17.882,1619600,211000,NA,2.164,1.678,1.5294056738894688,-0.17713065499182984,1.5392917161059725,-0.30424437185939063,-0.8248287014280747,-0.05581887145560357,-0.43371902403672696,-1.030442125840833,0.6581488423438385,0.9852326755455237,-0.05368415479106038,0.5013250610405566,0.11540251277432664,4.842310284568718,-0.6979063335878624,0.041008678033094235,0.5675194391575054,0.13910848343760257,-0.6328374840185722,-0.45243962840323954,0.23292462941823053,0.13610227747150347,-0.18892396541411333,0.07605420489039043,0.028448155488202134,-1.1384082857422764,0.85555155094555,0.6433768199718602,-1.009427105847011,-0.238990781507824,0.2913814003100574,1.4074219534940642,0.7768965574910601,0.08651788626907274,1.517218889911726,0.8506944332673725,-0.14184411890384843,1.5627804244739498,1.775526972897448,-0.4246219148605732,0.17109365760039474,-0.4822835253429995,0.8660501483927835,0.2425559350118066,1.0629046103597564,0.3818067177911714,-0.34261105170382156,0.4243724296754569,-0.004145352706417946,-0.26802251965311136,-0.6965595832805822,-0.6062856047747928,-0.15406174817300494,2.0314548157273613,0.45925491671619695,2.3790672969666544,0.9375883844358799,-0.7075181476795729,0.15656387250505235,-0.0426365541821018,0.6433892971692337,-2.2337329901839,-0.3023023609006172,-1.255596287802797,-0.8505273881988104,-0.00974827634404546,0.08098196943557702,0.09828016639060605,-0.7401291044190991,0.3712506251986336,0.3276168066761576,-0.17380285315283567,-0.4227124843284453,0.7508132800843107,-0.0018160670668764382,-0.034465584502182525,1.0828330854634596,-0.20558768472210165,-0.5716433197220457,1.1291888726786796,1.403407687601409,1.2519738174265325,-0.7845876414141095,0.3957676646114661,0.14917159454063195,-0.18055218089298275,-0.5398670753551976,-1.4912441946391137,-0.14464559680072295,-0.5322091792932325,-0.36090779129185546,0.158745902282941,-0.07149886621961245,-0.4052785160510425,0.974616139653543,-0.28887296001871843,-0.3861259229445533,-0.4257130995856119,1.09290039676124,1.47440973388068,-0.18866171939994955,-0.027976511661717916,-0.40597517715668696,2.1767651713147855,-0.6472561638834837,-1.286553395556725,-0.6937386962444596,-0.6376983981016631,3.441394258821487e-4,0.3092338531367099,-0.14412693450744654,0.01584076555169924,0.049288342245342495,-1.8125025622152608,1.7900510178237812,-1.3939823951687222,-0.9685102523511444,-0.032409484984652695,-0.39964665393274945,-0.2626096434618309,-0.013587480592576074,0.4673782756370025,0.6668477085840093,0.27933580473584796,0.413263638740228,-1.5292214707853315,0.4698677828220493,1.6749265072874966,-0.11345081625835274,1.3393942029200638,0.6223511379939946,0.28180899418286576,1.828578592920689,-0.7304681797885714,-0.5437702959529529,0.06827952896694701,0.38771659744689335,2.2346307051368166,0.948293067052418,-0.5313086575445756,-0.3352068410150588,-0.49501942100613683,0.4681816240921957,0.06926174549516453,0.3705815878116093,-0.21163664845059088,0.10601864612012411,0.6850215566277186,-1.406249232882565,-0.40867647645076777,0.06117819993840717,-0.34397317313871684,0.12674943258372798,0.10705150329095957,-0.00827555761687527,-0.7969633126222176,0.4309918921018232,0.19268347005902903
2019-09-01,151365,158339,7124,3.5,124990000,-4.2,-3,0.7,13.7,13.9,102.2917,218629.55857827305,657717.4091176386,1965378.5883040084,229905.6230900485,1058681.4224981442,28.16,11492.9,136.8,198605,14065.533629606778,712,1311,1386435.3677229038,1469,204076.8125861587,244860.36266183373,125,125.1,256.43,264.388,103.733,103.873,15697.5,54.90056201980084,93.70475876058904,17.72,1581000,209500,NA,2.0675,1.695,0.6950722982787139,0.24856158125252983,1.259359726133638,3.0632211026581375,-0.6445653012775352,-0.1340299282757336,-0.10285662722118684,-0.3914391546741648,1.0386164111811418,1.518628478627518,0.046967987031212896,0.318167702634885,-0.06600049766963376,0.9647390319408357,-0.403197429461721,0.2533239856702823,0.6390443530284455,0.13182051170925627,-0.4470604203734575,-0.11369774080355015,0.5917236498091721,0.8515814064198671,-0.18365576015116208,0.10531010183447059,4.169264407418774,-0.6870890615014225,0.7434931373261959,0.3761179605367567,-0.9551805091102207,0.23724669735273393,0.18052201858856762,1.0769490787088583,0.9473553147895781,0.26930409972804786,2.08343597075497,0.7129729623075228,0.39153517772504864,2.3219776241625,1.5122309803455245,0.014749314171930353,0.38712091694759315,-0.532302300625034,1.1393584804467107,0.19170959115851927,0.8023974470042131,0.3954486204438869,-0.3347452118799548,0.2847354327021305,8.671702928074193e-4,-0.38189580917505295,-0.268776109982383,0.4178709393037269,-0.22698165678396373,2.5992909042180354,1.2523244005223182,2.193428487086159,0.8887639844910153,-0.5272161199402854,-0.2776499693837772,0.36583946211478635,0.7246059380812202,-1.2005736261507614,-0.6293480684990505,-0.9069845273788665,-0.8653172664024182,0.19792305713899908,0.18297063040096964,1.5033112664085395,-0.5229693214218072,0.3203804150902722,0.6557537601620405,0.07393561794312146,0.4047517551548356,0.6618087520367444,0.024359046126931645,-0.064067549204467,2.3697634477222618,-0.12066824286219462,-0.7469257730412254,1.0612159906026406,1.4280902061386531,1.4421729884202783,-0.4224516268855836,0.5837483967781593,1.429459160238373,-0.4532778556431076,-0.35847817006112753,-0.8642734000368734,0.04463147426834152,0.049085798086185344,0.17315608967836377,0.5942065460263981,0.4387715418474988,0.06646525433230718,0.457599818919537,-0.333024313922751,-0.4699761471140998,0.10225033043870269,-0.08943657269519571,1.5090089296388882,-0.4604030542121617,0.017378296168224387,0.13915709954204505,1.8715729945785153,-0.43143637019551273,-0.989102630968832,-0.2563244888988957,-0.681922224875005,-8.556012369882818e-4,0.5310287284400749,-0.40583945908009295,-0.0982918959930206,-0.06385102636376026,-1.5100127647926453,1.4612405614346964,-1.1137021166930678,0.25417670674294307,0.7020280994919371,-0.13947471903043696,-0.1969480117574066,0.42425614430784525,0.5536334574339177,1.227269449534184,0.7320207021523868,0.7593217594801971,0.5910474509685091,0.16435216034894157,1.422372416062888,0.75259164798252,0.8430897647599209,7.804015124282544,-0.2679041838494485,1.5230329132448006,-0.7374605389584353,0.01592309893449554,-0.0785974554142347,0.37178689741060794,0.9247200064706795,1.1162569849980835,-0.4753459626907362,0.14528905918551735,-0.3968064638333858,1.0650202997187035,0.10750695966529704,1.1215793260195002,-0.07309101330012781,0.11048445772266335,-0.014346037280245203,-0.60580143039295,-0.02762222239088177,0.8588852814766391,-0.2593926911436565,0.2987084267749495,0.07476994617203521,-0.00805775069348724,-0.5811455019674673,0.8951298321449884,0.1852690502952431
2019-10-01,151460,158545,7289,3.6,125029000,3.2,2.4,-2.5,5.5,11.3,101.4281,217691.04188920005,654303.9156249699,1967143.914699934,227672.0844520146,1050918.5215123608,28.24,11576.8,137.8,198576,14066.418391600988,722,1325,1390667.5519886063,1523,204294.77371363685,242232.74343947574,124.5,125.1,257.155,264.97,103.917,104.028,15718.1,51.926056371912196,96.92168584392238,17.049,1618500,212250,NA,1.8425,1.69,0.7875394338229124,0.3659111674447426,1.439309534188814,1.6930429641962808,-1.0664485725079327,-0.5790392724834142,-0.40325351527023695,-0.7868333103329831,1.2180545279466828,1.7825799587905808,0.552158118194025,0.3305947626476456,0.128251483028858,0.7884588073880254,-0.6604531499953923,0.8039815609792521,0.6510866830759915,-0.23523895666047598,-0.3347530088876613,-0.3384380167014762,0.7669962250942632,1.0955191903588886,-0.23795535115893324,-0.19796153967611052,7.547043713037351,-0.9533715690704119,0.744795288535283,0.2215822326114984,-0.6740865438843503,0.012963965685756827,0.12645882476407339,1.132037829571516,0.39761584310133014,0.3523620028123696,1.6297021283529958,0.9931982263094402,0.32287327135298427,2.1386231688327086,1.5008870886722672,0.5043532194283121,0.04701469654171796,-0.15185198709512418,1.2092033173689292,0.3457240366730825,0.22676161745267065,0.0681696957640747,-0.5625103043759975,0.4016080374790494,0.033379539970047493,-1.0001774896527398,-0.28585279231613203,0.3947709328437829,-0.13669611763977643,2.1732158634501646,1.4574862403607969,1.7905341434014685,0.3828159163977459,-0.7884554781101686,-0.1974320196423832,0.6055721561735721,0.5413168870847858,-1.3721751880118365,-0.46598063370826465,-0.9786559737898488,-0.808930157942367,-0.35312166916428156,-0.19316200447303564,1.8046146113484693,-0.884656671634183,0.7882767438368308,0.5041167031701809,-0.31798268639735605,0.7436164160120111,0.29137248599525345,0.024202056067356474,0.020523841442443402,1.3729699136141924,-0.11385886422209325,-1.2390222482815962,0.5418212691922306,1.165994432800482,1.1424318993402336,-0.6349618674421855,0.6151528721184863,2.117883742301017,-0.5097124339731413,-0.12474412619974819,-1.0665865889068482,-0.02977087593181149,0.5643128707990203,-0.4274859668580738,0.6389166264903693,1.8671295482753023,-0.18929809257457,0.5728409282542641,-0.7148380883718625,-0.9572175936823987,0.7421141223451461,2.63562609273937,0.6092368083350322,-0.789337059488257,0.47668784336212344,0.39199562712980746,2.1676097607907576,-0.3728221222961108,-0.8097022268554638,-0.7697442183005387,-0.206809544759962,0.003053441655925024,0.47472222517992535,-0.09581010146176176,0.018786554732008562,0.12333546884524035,-1.3960392591838333,1.7013893078721987,-1.0519130050323595,0.27569297389087827,0.3769640196122981,0.555184438505887,0.02976101381141009,-0.08647039777005601,0.712420862832668,1.2631658514290778,0.9273956578138771,0.35908092755160154,1.0909322503920909,0.320154208270984,1.5814727920267695,1.5174160781178876,-0.703457067433199,0.9791127610609567,-0.22211583640413624,1.7749525715465775,-0.5048925460948269,-0.13233510038177268,-0.11303045832335475,0.15624860606947014,1.2856929184258907,0.5231338383263812,-0.5446277832949179,0.32328724585727986,-0.28745951817815657,1.5661244691921492,0.1613250053157177,0.9315710106275831,0.19259934789314612,0.13448181648133498,0.18317790531737135,-1.6499011165060393,0.04276731648892494,0.732324698219314,-0.31011620573427734,0.6679724463978357,0.4119446164566383,-0.007352623553337321,-0.10147694781754205,0.5994811917234795,-0.32569831200257043
2019-11-01,151667,158629,6888,3.6,125083000,3.2,-3.2,-5.5,13.9,12.9,101.9372,210258.20964392833,653924.0944397447,1960427.7460061111,225844.03599169423,1038286.3569945397,28.34,11635.5,137.8,199402,14141.928785664844,713,1353,1408213.489194801,1535,204603.74528954856,240071.52195647158,124.7,125.2,257.879,265.548,104.024,104.092,15766.9,54.823886795354916,98.15267542725572,17.549,1685200,224400,NA,1.592,1.808,0.7090743457511146,0.6840724053292606,2.1048781947759716,0.31974614689210024,-1.2655379088102074,-0.33977245262308126,-0.08369225169154712,-0.10870843417193987,0.9922286849139664,1.8972582164978522,0.7606740476223934,0.5002207245758082,0.045771529594690184,2.2130884249496567,-0.10948436351197148,1.5659510510535941,0.7081041136926124,-0.1877144501378753,-0.17242145898337924,-0.05570291065226419,0.8669300579151736,0.9892017668344018,0.28490004641137245,0.3786385094011589,0.6372450151450454,-0.6558706503127993,0.9270545852723099,0.509508116744459,-0.8824107214705549,0.22826342315980241,0.2944870548813259,1.2786751415171607,0.23112365285041653,0.1725195878573761,1.7152275463280695,0.6125075218363412,0.7640367868640333,1.8430693064756618,1.9422653903754996,0.4493572622588908,0.07660336116328931,-0.2464414000830189,1.2898098192896086,0.6708854606580139,0.8948054404461976,0.09301117903482192,0.09532734333516961,1.1058900058876118,0.4417606265340008,-0.6728275848171539,0.1869784823713761,1.4876853980421194,0.12413008360251072,2.4062375739682436,1.2197810525449575,1.7056838099086096,0.7037808994844466,0.4330324421510734,-0.14028785723785078,0.40350197978693064,1.1966926022498603,-1.6002678809957445,-0.5369876136314781,-0.009346433364436569,-0.3974038120566207,0.5130438494114231,-0.48653544946840743,1.925242208605797,-1.169984178801228,0.8120394037957559,0.3342068190905842,-0.03891376134716586,1.2112948587914343,0.46516435596316247,0.07133584416680183,-0.0037684314689375477,1.4849405195496088,-0.2447699239415707,-1.099494769906588,0.8312265054144019,1.365364773608659,1.16633605747016,-0.12985973609795232,0.5735231067237826,2.1274025152894627,-0.41547195081592886,0.16715114674469694,-0.8131999464059885,0.38918201797839325,0.2501532066878559,-0.9430772412236434,0.9781217143940227,0.5570824019691478,-0.8213804785953447,0.9293187645813992,0.19450239471369957,-0.4535400353337322,0.7100126724054183,3.440215874735363,0.6172612649789722,-0.4474895413161752,0.6829834393167661,0.501355671913236,2.146699993654813,-0.33286309353676624,-0.8353299873755525,-0.42423386352310294,-0.2856323329936348,0.0046662745280161184,0.3558539483544335,0.27288564731094295,0.07527565975353491,0.7051369280468665,-1.2441519925186022,1.916976014115161,-0.7444363077508063,-0.571138232348105,0.41808966110948637,0.22537575545480787,-0.10674602737404064,0.7544215736716862,1.2111396359329354,1.5384142017767182,0.9901429044016454,0.6121914871164382,0.929032913000085,0.7418934168200308,1.7638788860045485,1.0709869631931646,-0.3633531210307921,0.4138011642095754,0.1058871437362705,1.7473939542804948,-1.036724748701323,-0.7555846803804792,0.09706895984221979,0.032445468208188444,2.01653661250441,0.7287866301912619,-0.7171833755827728,0.15197436448160706,-0.3471706850542805,1.5348989348777076,0.14184295784684542,0.8513906678063704,0.03966166523574454,0.19001305779647223,0.3798984693899382,-0.8134988653115955,0.749617824205726,0.6488939380894467,-0.07412224225190395,0.7765429231536466,0.38881484740747146,-9.9562832838415e-4,-0.04261918944563692,0.8159934425359968,-0.5215753196280128
2019-12-01,151794,158845,6699,3.6,125163000,3.2,3.2,-5.8,3.3,13.6,101.7003,213087.32875070703,652028.1476794461,1951401.7803925187,223932.23848830853,1028652.918787809,28.38,11633.8,137.8,199461,14164.725282099955,700,1548,1408662.8893554604,1443,204612.34624713587,244572.2722348452,125,125,258.63,266.02,104.307,104.322,15683.8,57.407460668986744,99.5868768161446,17.491,1769500,236000,NA,1.55,1.8599999999999999,1.142777277696589,2.670646067262474,2.504642965798249,-0.3844260179935878,-1.2938309104385404,-0.3389875124927994,0.22585508516608413,-0.15167014379050953,1.0012799472225353,1.2557586108412966,0.6240422119075892,0.5058587085006179,-0.0472675259294677,0.37271103655616833,-0.09814474104187032,1.024697531602507,0.10926330657455963,0.03600362570805879,-0.3185659373971693,-0.21301315794131814,0.9419929255670956,0.5137368848618465,0.6151686749372572,0.2893243297197605,-0.016280703697503972,-0.3562148725675812,1.0353269337626163,0.2840100971811923,-0.6270153460197262,0.49345889571372903,0.3587126966248677,1.0175149220757553,0.3358033156564133,0.14186512949704577,1.49617324357107,0.6286736828986992,0.8893074947476604,0.3414524106793277,1.85067449988192,0.3938154618692251,0.45950435861003547,-0.04411480473351838,0.6798318741267115,0.7591810869943779,0.8237823946841598,0.7701936808335258,0.029343617341979027,1.1394637961109453,0.38043407281146935,0.40916254241334205,-0.08283548259641185,2.338399978287787,0.17218328315314355,2.616696168738872,2.737199593826998,2.0489005511484666,1.088935825002861,0.9895665352820658,0.06995895044077864,0.3535481955144415,0.9105161489109397,-2.2302927538408044,0.20012452006663164,0.40247888309657615,0.18454584875085664,0.11864947251099384,-0.2253807044679563,1.3429265205004788,-1.7640514674182242,0.6639022745158147,-0.061806190540408805,0.11536828043185278,1.2640380476197315,0.20734131634249492,0.1330923704031884,0.16550010077396768,1.2987072030134814,-0.2858210910823702,-0.2212437200585464,0.7334252850916745,1.5500334827070754,1.2351273836413492,-0.04440401408935071,0.6005849535887391,1.3629642428999362,-0.13022090433319874,-0.22605542042010768,-0.36179433660510946,0.17842857527215958,0.1088722586911945,-0.6969463824977078,0.6586484612250948,0.7895673932368444,-0.5002153061581427,0.3940011559811605,-0.3703432746432905,0.005239761227613709,0.6819366181236494,0.3212322883940718,0.6335128187677845,-0.2579300411302799,0.5944265206192106,0.3728502281236132,1.9805222266178006,-0.4088510014245602,-0.8278369445603926,-0.30547116384267387,-0.7122034638030813,0.004128653428288948,0.4250539533665333,0.18947713962194668,-0.3486184241039571,1.0019089402766546,-1.2807790265985959,2.332979196883925,-0.8557445747577639,-0.4812396966451426,3.970921972552051,-0.289974665237342,-0.053467042192671274,1.616665468899233,0.3237695901907584,1.3668538374895876,0.4684302619729236,0.2763291504646993,0.549138349829647,0.20107984900615397,0.9152306700066575,-0.005446491255444761,-0.6745160159684414,0.3293659699000702,-0.10438479181083296,2.013771124943042,-0.770031487705442,-0.5228811080782815,-0.15354679003910243,0.046256447732201424,1.287478371580071,0.5465377101861966,-0.25876799067847717,0.46139715313139906,-0.2147175606649489,0.6496070301896836,0.17992867155509845,-0.17596080055409946,0.1526185080450509,0.27662094979444535,0.634740853877455,0.13618294339968925,-0.3867742231369876,1.0594156408545408,-0.027951267381026677,0.929014141288414,0.26299706751863294,4.829302671676872e-4,0.16310439717778083,1.2503932631001526,0.3810402713817034
2020-01-01,152031,158508,7124,3.6,125098000,11.5,13,-2.7,13,-4.1,101.0338,223615.65700066995,646000.5742176285,1951611.6158273006,222456.6944205187,1031966.6953775481,28.43,11800.2,139.1,198790,14229.399942578237,689,1581,1427092.5447411237,1490,199948.3204134367,239610.48904201362,125.2,125.8,259.127,266.716,104.49,104.507,15842.8,55.048329983730504,97.98887334392238,16.85,1800250,215500,NA,1.55,1.776,0.7632473721053854,4.448363458657719,3.2930502461349143,0.35916617222191793,-0.8768231431863055,0.1354897975158578,0.5110547584981839,0.3686582238670449,1.1041344204105776,1.4939417956200414,0.7424855330712388,0.6600695969939633,0.7206716780191352,1.2678027718459137,-0.040455186749351085,0.8960645296577742,0.553303106179058,0.028742038801879366,-0.4554101324381393,0.18392835273987632,1.9570005599767202,1.9751558114073022,-0.054187909414869236,0.9969379582175845,-0.19793829823152978,-0.00716056925450238,1.5162115289576368,0.3571035467511149,-0.3162010942533544,0.13078882982078585,-0.0456926546853983,1.375002573655985,0.6015526127325003,0.27573910278356983,2.4868826689430015,0.6667251504943995,0.9023604255463776,1.9268630349791658,2.0075814283644697,0.6383255946550571,0.3999071683212647,-0.32721128480724093,0.5023967780526747,0.2511386597793252,0.694894482837191,-0.1487229712173857,-0.5984932951797477,1.8408031253892925,0.612089667454589,0.1718175899445306,-0.11055431361880945,2.814681984873013,0.44345724269595843,3.150049385996503,3.363887626927321,3.2800072303459125,1.7362676089333613,0.17766652759135723,0.7495516432299945,0.9035365258105308,1.2541214283036546,-1.5747788431762753,0.2621870902385996,-0.5281288824325566,-0.45625343919992417,-0.03157660754153771,0.5474445391370134,1.255009804485061,-1.9582825256411807,0.17169471462821645,-0.6094814503567308,0.9342276900607741,1.0113631862541868,0.3615161938888578,0.11202507049608061,0.15683028422596454,4.007931411903293,-0.3161669097622734,0.18395167391615194,0.4983257325814975,1.3760540150110214,1.462605765849304,0.2894180259413396,1.1996595223567559,1.2777988848502044,-0.28567899753613446,-0.8569778303463045,-0.6336204782040993,0.27535727568347407,0.2888112852306474,-0.19316506209368975,0.5380682616925385,0.9974698377934259,-0.024865838532783673,1.1762893478952958,-0.3717147438812835,1.0365317723030463,1.2225199115571725,-0.30527309647297823,0.43166863142621514,-0.23007994710642535,1.110382424774044,0.5281903043174371,2.2252457189068973,-0.10106225099820072,-0.542974691409253,0.3341374636180585,-0.5663897882891881,-0.003052253108232606,0.23609516342574677,0.007807960757788514,-0.18274166688761914,0.260555900221046,-1.7669090721738179,2.1146404888331802,-0.8120428807612667,1.1424969729389882,6.559570554626331,-0.25627104647993676,1.1643958552775588,1.1549633404416846,0.5003964175699218,1.9596829401838636,1.2020996719032278,0.29309812826273546,1.5604360960763701,0.5510817892848076,1.6869989583771876,0.4866952888685059,-0.5854526743426344,0.27381060077816577,0.2717966714061241,2.215671362347914,-0.7644841932582647,0.013680534191314554,0.034905483795055925,0.13395335543494177,2.471198659684324,0.3559942847671115,-0.08991373994009602,0.24858057980002218,-0.24372320546410894,1.0742122117566093,0.2125560456943945,0.9505279624697728,0.4827777077188982,0.16561726978922267,0.06808922161111025,0.13839496435215698,0.2674651767359654,1.0852112472849655,-0.06850196875135461,0.6719690230901932,-0.1878894888360734,-0.004954508698026603,0.3157721650199102,1.3125724737927293,0.7166315895638412
2020-02-01,152293,158714,6966,3.5,124969000,11.5,10.9,8.3,36.4,3.2,101.3735,229844.22365237682,639990.2460482152,1938471.5285087707,224947.1660944986,1040159.5057997763,28.54,11898.8,139.1,198777,14179.663966798316,707,1549,1432852.6483891637,1461,200299.31244202616,236145.08525145115,124.3,124.3,259.25,267.37,104.573,104.711,15900.3,48.329874824285426,100.29050233328408,17.13,1770200,210200,100.04862068965517,1.5825,1.5025,0.8333861082000478,2.8251488400824165,2.3148554324586024,0.0946769749058247,-0.6019047719470313,0.20286792195596096,0.3507274091267145,0.14195420278906956,0.48912347800489253,1.7903507171183908,0.2232769690578319,-1.8194683558283236,0.15388933095676705,0.49353948592113767,-0.23414216688983003,0.9254770263594494,0.9890529782659951,-0.11129319954594145,-0.5458404597900267,0.32745234986280297,1.5395280791430348,1.866375825891588,-0.12986329191197515,1.175335289260171,-0.0781004889825327,-0.21017741303465914,1.810860441171972,0.24281492552645467,-0.38382009817159013,-0.08307590923684223,-0.10729483164725853,0.9753086604679094,0.27296879365906773,0.012968410863711808,2.5446007937971413,0.6823789362455718,0.6204303251988406,5.35363783072846,1.824611529521941,1.4146122661616807,0.15780887877346067,-0.32900997032889806,0.015206242933118076,0.2644075713680153,0.3116741231430281,0.009070237720595148,-0.7671164579352938,1.2829260242587492,0.21710547170798716,-0.7957084907258305,0.06265315319249644,1.7839232648564347,0.11742396112950795,2.6792089077436576,2.082592874932672,2.752794275127412,0.7922495696903189,-0.2723149724693564,0.37591710987001453,0.774030206102232,1.2360200716085046,-1.1907394427779034,0.12566472810025525,-0.8542202403443376,-0.5289126192319475,-0.032791336489064814,0.05205921883595172,1.3442847482286284,-2.1361295605561987,0.45217801591657414,-0.1189952111414335,0.8203282638768875,1.2760467339654642,0.7954441121163626,-0.07343530242830167,-0.10270474961350431,5.3729701306752675,-0.32870847757475735,-0.18610884932464045,0.7531356797923584,0.6228102449737111,1.2627721377332153,0.6699353516394212,1.3374894708080551,1.8004138793618907,-0.4636056733879822,-0.06043325420464934,-0.3947839449550082,0.7921671860180829,0.2953179934647788,-0.5959103906949572,0.8497478712390556,0.9615457809449683,-0.35825417837396123,2.024320061067373,-0.21509597007418696,1.0705323020320288,-0.16935639297310973,-1.3472078214328367,-0.02408581766343439,-0.3152362717327899,1.1479334753429316,0.1761041053382494,0.942218720870515,-0.1764222952381047,-0.21146044328091498,-0.7923154433303786,-0.3273532818210817,-0.007842520484458344,0.048675639979736444,-0.11173673884817287,-0.10156845652204313,0.027506681357601995,-1.5432519847409092,1.82032472687551,-0.4079801575169838,1.4618084103210431,5.781681965971485,-0.1180420785801599,0.31543022254989633,0.9478198783689408,0.64614432676,1.8141500540346838,1.1382301042301428,0.6468941492862414,3.0380021027644797,-0.15029938633017295,1.4484150655529904,0.6543732925010886,-0.37132440706253667,0.23655375525709535,-0.4913045777921179,2.0197766987953703,-1.0474286949333733,0.30176004239812554,-0.14858802944709018,0.13809266385389557,1.8754457321019447,0.17852342812157407,0.04905269484190582,0.23790035934186823,-0.18525055299809795,0.44444882613921594,0.18442016906778247,1.1848981003632293,0.41671885832022076,0.014106162703560037,-0.20809828211985515,0.4123758451270031,0.15249922506420954,1.0204373074002164,-0.14522219129002964,0.7455181781856899,-0.21445822990522304,-0.00939244787405323,-0.5510310223697277,0.23417158559285375,-0.014096499238141574
2020-03-01,150895,155353,5894,4.4,124782000,11.5,-13.4,2.2,-19.4,-11.1,97.4078,196324.96091914337,636184.5575471608,1935710.1618581517,212431.0690412483,1031107.40282533,28.73,11640.4,139.1,181467,13247.01978498336,626,1266,1440166.4892443728,1351,182051.57714033625,221762.52265730646,121.3,122.5,258.076,267.054,104.271,104.632,15702.3,28.013541636696687,88.68846332619188,11.825,3709750,2335250,94.51903225806451,0.7625000000000001,0.8875,-0.8381721286142593,0.03967394779397022,1.1076644636280026,0.36565789417282457,5.475154042187199,-0.45128098718360404,-2.3939804154768374,-2.2714644942296096,-1.049895310774808,-0.2809100471739634,0.5221425064474287,-0.0691769034213863,-0.3928955692983187,0.8119855865005998,-1.3089219747073142,0.6125784062403117,2.0819931443258475,-1.1526159943647674,-0.35880702627538913,0.26439187012003457,0.18334110248061242,0.15248457499693657,0.7781001784264902,-1.072644337911738,0.9108990099097625,-0.7965279038528156,-0.5748225223378994,-0.7174924059826752,-2.161256678422982,-1.8347751661365574,1.0500162481097342,-1.5067688179792194,0.5245557868368285,-0.27337626515569147,-1.3232202948220688,1.7308245774503677,0.08434298504366643,0.981820362598332,-1.7550829161584354,4.167721074470808,0.08358163464975706,-0.6071369959804549,1.5678032466920373,0.4723986885975833,0.03720494964220893,-0.4744323522469578,-1.7659802862735783,-2.0711774688447813,-1.2854198562942591,-2.5837348666270237,-0.8142568330527521,-0.7802561651083666,-1.4745764309524378,0.42543622284110394,-1.1653759977222344,0.7632277539468757,-1.3252172204189643,0.691079852484462,-2.1717443014088778,1.287943076736982,0.12713174179170836,-0.2779950722521316,-0.14858940009011587,-2.157793261243209,0.5001566521245395,-1.0828015972602165,-1.33855469404674,1.4508137781287707,0.20363505758713366,0.41572355167025693,-0.43687103493798835,-2.2623405885683274,0.8009283462599387,2.8325527675266264,0.06570459244040368,-0.16077348608586003,4.671950338814804,-0.281670455121521,-0.5141703037059755,3.804222914459008,-0.2224847743377058,-0.2925711399955061,4.446672940214376,0.35560808622054724,1.4944690008967878,-1.3763870156142632,1.1211705247875245,2.670914724024191,3.048264397196392,-0.03045925683509275,-1.335660705660668,1.046843157159974,-0.9551841551883649,0.018009584508920574,0.06524758781611047,-1.115237119451755,-0.834105161704798,-1.3327165945034636,-1.5101748464136837,0.09669539086279907,0.8039153543999904,0.1394738611778757,0.20533685911581573,-1.2432114040252045,6.270187470213561,6.7788942677305135,-0.7409398482960092,-0.839725715238106,-0.015447154503644162,-1.3541947126580134,-0.46217697747469066,-0.0687555985859231,-0.9988096466792529,1.2917014391985644,-0.8601278005845524,0.29935388245311884,0.4582866407140127,2.3906772229274806,0.7696173552392287,-0.5685521199134895,0.4182893922695035,-0.3609764233089454,1.2393441359606763,1.374387483109843,-1.3433422890993807,3.664830617307893,-3.635655188375777,0.342095324582149,1.0534046413076625,2.902773058052664,-1.2032422265622114,-0.07951867448814935,-3.2156769800941647,0.4014757853546369,-0.16710065407984132,-0.2165851301104445,-0.08757620614464659,-3.327967803188133,-0.24929482262725433,0.14045402804494234,-0.9130314407075767,-0.4320596749660814,-0.5784973172187496,1.58495797001688,-0.944509301766061,-0.6365327992054155,-0.5862922150885935,-1.559174133945651,1.2333527108103244,-0.6852816358520915,-3.3249842561750227,-0.5969269515311112,-1.2068346911724728,-0.5049692672578647,-0.0075709170980462785,-2.6466233927255862,-2.578256869960766,-1.4136537394044464
2020-04-01,130426,133185,4606,14.8,123327000,3.9,-80,11,-58.7,6.4,84.5619,159061.22999287353,637141.5088888461,1916997.3604400505,171359.23265086,1027100.8686607985,30.04,10710.1,139.6,156632,11796.452165873767,576,936,1405030.9135383964,1079,146223.92573046478,196015.90939733046,118.2,118.2,256.032,265.746,103.838,104.293,18015.3,15.938288487836823,71.55814417725571,8.919,17032000,4663250,68.19766666666666,0.0575,0.6675,-1.9938247060434393,-5.938457182139896,-6.97518529258629,4.132537565781494,4.562192269706409,1.0311372430808803,-3.144517109085342,-4.798206453931911,-3.4941922483480283,-3.2081327241900763,0.9112549018545939,-0.6503236996638612,0.31441875676396475,1.0766011313511024,-1.5522687768490286,2.957070537894138,3.4207891819093645,-1.4369633860898654,1.348258165373563,2.408135355312344,-0.4246944486436052,-2.9752967247567157,3.208703126074592,-3.2915380783006545,0.9925940757996063,2.99138281581924,-5.384533210372529,-0.7541917012891602,-3.205733815628672,-2.5650670266074993,1.4824439569985337,-4.229953810904408,1.2513093586628143,-0.7694044051926574,-4.907625522362241,1.5958771885538727,-0.4660377696666475,-20.607609545534558,-6.5593726714005856,-0.25633605315660757,-0.7743907928134551,1.0693014504633813,-0.2354588676807519,2.062453058639975,1.1516884133508791,0.7612188813348052,1.5059108582406038,-6.50465746394864,-0.9519530901901821,0.11455954627284645,1.3700503084162032,-5.387314870842118,-1.2296186294217355,-6.724294843480895,-6.705688674427833,-2.52319661503115,-6.122297690474251,1.4702740372898724,-2.512023890298889,0.22431706362726803,-2.229367729560762,-0.26832469468702475,1.3299088302241986,0.5288243489615546,2.4095790825157617,0.4349227964392316,-3.9457859405982316,0.4330020631489006,4.000750716839296,4.5514066309835854,-0.6712582486081986,-3.685772206903587,1.5218432598974139,1.4843112748414933,0.5323995323533777,0.33677621265525454,5.275955105612897,0.3593895431835576,3.80940280223797,2.796288059598572,-1.4601894738973427,-2.1939390041374915,5.267689004839092,1.0134687527486328,1.169984043855074,-0.5250448947237956,2.492877750086336,9.46732892456927,3.2878915593153986,5.418341645316646,-1.3195123938414242,4.260772645747966,-5.064647006217721,2.561233503844121,-5.1748269237925735,0.15567001503448005,-2.367432752909937,-1.8092424185995872,-0.3316814331727848,-0.13463693459981246,2.215991461005841,-0.4409748978054772,0.0802337293854576,-5.186425877304605,9.977885452167525,11.811402610760062,2.954352923992996,1.6320757507951518,-0.011178138816877488,0.23986232875660293,-0.26634529302093113,-0.15998009883960154,-1.401612406123586,10.94611068393875,-4.609226147343986,2.0805168107340677,0.16931004161467564,-2.2909679652638704,2.227818906520114,-0.15788425448456575,1.6833490213479174,3.878450623597665,0.8926681734026238,1.3019169989834398,-2.1305635491040613,2.445362409292986,-6.2626912353446835,0.18688010641261507,0.7840156091415192,1.2840191358143003,-1.964946841224311,1.1957861669615373,-7.938111185670224,3.3653967564721525,1.860623690088887,0.06990835741698469,-0.024913431225184655,-9.64038930273027,0.9061783392544145,1.1364356265643853,0.1937422883556192,0.9618552223118039,-0.18180723781593877,2.5837092630416447,-3.1260451656203343,-0.7611072806227664,-0.2385966686746725,-0.02824985486327756,5.94522910029189,-0.5147187076897279,-8.39679297711038,0.8163802738521543,-3.6394046472836097,-0.7033169517146088,0.009214544035654129,-3.1819390444156035,-4.480498430581003,-2.147955124590883
2020-05-01,133040,137173,5612,13.2,121499000,3.9,-43.3,-4.1,-42.9,-9.8,85.9604,177422.98589598047,629121.0482769237,1864843.2205901952,178173.40439860694,1029375.0360778128,29.72,11070.8,139.6,187039,12777.799157222298,707,1039,1393869.6580785438,1251,141489.4845202132,193235.6506513248,119,118.2,255.802,265.412,103.942,104.402,17110,27.476862096169018,72.16727538292947,12.543,20326400,2173400,62.898709677419355,0.05,0.67,-1.6744147058088226,-4.511339265584534,-5.544823261287642,2.53692098138213,3.179473944286507,2.9985507431571827,0.6726734723053243,2.1315989903357937,-3.5510766607012565,-1.9958578356875378,1.0612588222953416,0.18249650099043999,0.7999657668140515,1.4500550726239043,3.204528127300506,2.824968665829912,2.900282022666609,-0.31876966433062215,3.0982994648557267,0.9944987575140002,0.9713047659731605,-1.6679235884830739,3.111966219114969,-0.8338049782180365,0.7437851703534497,7.044732654555115,-4.316659755157792,0.8828348289776129,0.7976414372802235,1.1770025553722048,0.9828870887068025,-3.2693937502482484,0.61321505248936,-0.2793142953719432,-0.8577324999365089,-0.5836627695506131,-0.5425811273273244,-37.27338907261383,-5.996103769637493,-1.6667317121949647,0.032499832256273294,2.8294418332542888,-1.0510889072234737,2.2381547074694312,2.0847492410474406,2.874709444416728,5.700628188614373,-3.559541748580907,1.8317276595247207,6.030183208566257,3.5174194128904532,-4.093923088258028,-0.4389622535322699,-6.032684576056244,-3.8261410798550397,-3.2075501636506907,-3.4559347027356178,1.8137712443039278,0.9109133514418456,-1.493222565242016,-1.78342429643941,-0.5316969615663135,3.5346907029247903,6.0103075107959825,3.6890549700412487,2.2864313078439724,-1.4282828192716805,-1.21651185064484,3.6503509894588624,6.28669507167636,1.5572304239163464,-0.3293376118855954,1.8853473281977648,0.14566327634938342,0.4559465139956861,0.46083984049476373,9.298437814166736,0.6444355992709058,8.763489395488556,2.229072455260718,-0.9045119829929775,1.2702392100063649,3.0692067257813513,3.224173982575343,0.7174170886863811,0.6207988851751436,2.5917262077038576,4.815181877960507,3.5185524348641795,4.73477383145699,-0.0521224691592129,3.045067642997365,-4.419674537023957,2.8212822747504678,-4.173367293676632,3.875240357533494,0.036764682583489805,1.1532366084451195,-0.0953292279615284,-0.24493001503408737,1.9163031927016632,0.12106135347819615,-0.1850808485061072,-5.327745783315876,6.437505885197558,7.635265837452218,4.866108575114521,3.916630963215503,-2.8637610718600895e-4,1.9350722412843686,1.3653235742604275,-0.16111343756815505,0.10927257836843685,8.904423025886885,-4.7285264179610635,2.7727264450055342,0.41753156172383354,-1.0357804998379267,2.775392887262692,2.6911711089084416,2.1997421481029362,5.257088803572131,1.4281659590753604,-1.4594278015019513,-0.6765679527792213,0.18619307485075554,-3.53554411567152,0.5011615524588743,0.7752296752586727,0.15357778992989587,-0.6785732187144364,3.1201509518090704,-7.626932119741531,2.960116257800844,4.559150620245277,0.4850356336846399,0.3758669852419058,-7.158513301704214,2.2532477455735256,1.032471175574665,3.046830837270649,2.3643588075670876,-0.8705518534510952,0.8992959655847556,-2.36838232386188,1.040113571445894,0.5694741668581697,2.1076681634716548,5.084797980438742,1.3073804973213632,-6.039450280857243,0.590884206435152,-2.7105742766183685,0.002227954689503584,0.019102064101874015,0.8255850816592459,-2.980076873466215,-0.6960838573058457
2020-06-01,137671,142342,6129,11,119957000,3.9,-0.3,1.3,28.3,0.1,91.5934,194473.002781241,619294.1402129089,1838314.2656471708,205860.74613982928,1018912.4388606502,29.38,11375.2,139.6,201538,13473.8659250024,901,1266,1401221.8279466769,1333,154133.49956842812,201036.73156229022,120.6,120.3,257.042,265.849,104.27,104.565,17050.2,36.741152776445766,77.3619562339933,13.532,17678500,1490250,70.05166666666666,0.075,0.7375,-1.5596103617850772,-3.5562275930081313,-3.0062880664134726,1.1810928740891597,3.8325260044990257,3.4345415011337734,1.7611302389303842,3.3384349619453064,-4.425771645523554,-1.040740260217228,0.9204805638225886,0.9951898177361955,0.7501609368635794,4.237528561031669,5.557161815238026,1.6386636855955228,1.8811367890380684,-0.07876515165385398,2.5187285345584716,1.554208228503969,0.9734480216639833,0.47195630140647093,2.2894692078118997,0.8856711361625401,0.49628718349164397,6.696995514741773,-1.5613053497960274,1.1131946875164676,3.2341023600857284,2.171293064084372,0.7329638334139617,-1.9738673378557878,0.6733541699243792,0.1565351218316772,0.8044042655626137,-1.1442779287877127,-0.8188972791270437,-48.07346822033492,-5.059291343815647,-1.938769602113803,0.5419831089603107,2.1824643833770407,-0.7712880657012052,1.775537233307892,1.2237470708666929,2.4701669086321343,2.9265439404193234,-0.1984885796430852,2.506117953823565,5.641432258783957,2.96108320479029,-2.4483594485872358,0.497767921833124,-5.389804676390683,-0.07432007513104569,-3.9361186005995408,-2.8753851953305993,1.2575621226687361,1.1923893133366936,-0.5897610824841367,-0.5694782541646048,-0.8119691473371387,3.0301175535183518,5.8940367578647,2.463156385093889,2.1890026599792693,0.1409276182520266,-0.7891778146400712,2.2952923094659514,2.5690004363013355,1.4995646639455722,0.7965146587914818,1.1508392756801749,0.08875314510919227,0.1384725340368938,0.1669174754374566,5.571831191413371,0.3568104780473393,8.06507901509311,1.9475635115850374,-0.0732435094212259,2.512712982784147,2.6304199586216597,2.1462821225715984,0.3755549731701591,0.6778328536814965,1.5353327303188553,4.39438258738163,2.5667546191289037,3.0997465363597527,0.30272760369127333,2.3507586224780055,-4.389300292895699,2.35919296295275,-1.2752331134232613,4.005297098397281,1.9837009607093408,0.8789064654072627,0.22248837647025937,0.018055300499091285,1.5389821472834422,0.1604123678424158,-0.0619356605438213,-5.14166648162663,3.857589720811166,4.6246071043042,4.408301745218792,4.016184568630768,-0.00616545254534732,2.9148808110664155,3.0533265675550583,0.025490327999437318,0.21939304253807912,6.711313814719864,-4.642800435652856,1.9107056651385737,0.8722490326997397,2.5275535287469324e-4,1.765059663686549,1.8020641920651648,2.0186140436858664,2.34102417416826,1.615663272434947,0.19773376719576594,0.15615807161363393,0.3017401236190093,-1.8856235887291581,0.060565575671977324,-0.48873378331022876,-0.5615939121547948,0.2062858196675172,2.511152538564073,-8.7774034612858145,1.6199538412324852,4.343096913133992,0.20903265347081484,0.5221082869730138,-3.7691063081415606,1.8635963769199497,-0.48703788342120985,2.0438903713539363,1.5718160149055864,-1.4444180235231585,0.6029198877767181,-1.2947695499407417,1.2638880803174228,0.5834121072176682,2.32710722739561,4.1195598484367535,1.3453312159699407,-2.3961779870064976,0.4977424369455755,-1.1472630000404658,0.17142209184603333,0.011939245785564765,2.0650723920420537,-1.2162177682985498,-0.6772399725703095
2020-07-01,139255,143779,6530,10.2,119115000,-11.4,9.5,2.6,29.5,-7.5,95.0256,213955.13396699115,618176.8632025856,1836378.408400208,219392.2239859244,1014696.2076153684,29.39,11466.1,140.2,203716,13680.888905888429,981,1526,1410061.3895848074,1539,165148.50159689417,221184.1878789038,122.1,121.5,258.352,267.389,104.578,104.937,17202.9,38.92788158121211,72.2570157050335,15.182,16563000,1383500,78.2583870967742,0.09,0.628,-2.5717730929953695,-4.154171878327967,-2.828882335921792,1.2573364461993966,2.667743290049485,2.621974558590914,2.8685598794233376,2.668489243403306,-5.38256690149304,-0.9139153894273868,0.8189178847491716,1.171179201804681,0.42298682518181885,3.3425647069116633,6.155027930813888,1.5760765904118643,1.6948265277740817,-0.10450942978820131,2.1592447598424074,2.2825657919979885,0.8932246563372398,1.1407257619813098,2.8044728745199596,1.2794478823297686,0.2479752544293196,4.939001942115931,-1.3564358150385047,1.082661081516346,3.361979740380212,1.9055169536753047,0.49863462675429215,-1.4680884977153503,0.4122800186654449,0.34042911105762463,1.4058029764843694,-1.0862741915248166,-0.8915179526562438,-56.13103261064721,-5.193523139949953,-1.4175733941302433,0.807914431567879,2.628485360137415,-0.34734803739809056,1.4445333441362045,1.1441449485799469,2.303919317193331,3.1045838693091756,0.048979396145315185,0.7781279649983074,4.548471980362406,2.5419678009694127,-2.9392941443714733,0.24179969816246316,-6.022295887009577,-0.5818743522457319,-4.769335549312393,-2.7457628113064825,1.6388865462777078,0.8234333208803105,-0.44552301810963724,-0.11249404209059084,0.6248062370301294,1.919508128892441,6.37174628305536,2.5751146923952986,1.7940770061799012,1.2059530773902332,0.01892083648196496,2.517427353046555,2.144166285008997,1.0210639573855775,1.0148315955268452,1.092225729137904,-0.16957474689741414,0.10746096793959628,0.16307975293214647,5.080847422151227,0.1895189798486184,3.937656512935756,2.3371601738591323,-0.10088051833940344,2.1083354646781802,2.9279137019797443,1.6874943981746322,0.5754707166494323,0.8601017845839992,1.0015154556743349,5.473064319294803,1.8552063196757413,3.0473830566591795,0.922310598199865,1.6141311339489641,-4.00276665281838,1.23988259826575,1.790590441784178,3.0459836012881896,2.779226890927633,0.875940357542278,0.02679109569136279,0.3349729788481296,1.3974896246206796,0.35820047155299295,-0.06568839760484484,-5.658575568510505,3.6176861293548495,5.523894664196954,3.2784597849305914,4.482508196256058,-0.003937803287418294,2.339614060207139,2.961516315351131,0.3081608466140409,0.03713240496268012,6.2587419956884744,-5.025932219783431,2.5540670212554417,1.8190267926342651,1.1188981094121313,1.2281073702926912,1.3454800448020803,2.352167738362757,1.73580013209784,1.6875265697048245,2.55873604580119,0.8345565333904438,0.5665938684175952,-0.34746503920056543,-0.46061442234252864,-0.3266617652184278,-1.0437520025755098,0.24816427410100433,2.095483111663391,-9.948167938416377,0.8709992890624011,3.357035334329615,0.26641604777298755,0.31498092116485676,-4.167169992454862,1.4710472536762589,0.29165597780767394,2.3090571706016214,1.5768495190963105,-0.7673573588064295,0.5098208253048165,-0.7649474107792346,1.0952976176604798,0.472759049537334,0.7676312782932764,7.416495376331382,1.8067091878572434,-1.4896623339723452,0.8434178987020043,-0.8095665951379062,0.1198912654125905,0.009391360334147843,1.234440814630748,-0.8062181847405943,-1.0537215941598634
2020-08-01,140821,147245,6429,8.4,118758000,-11.4,6.9,1.3,15.4,6.2,95.9549,216336.41651568608,619942.7863068561,1837597.564234996,220043.86383141033,1012473.5386669209,29.49,11579.4,140.2,204667,13790.597883093355,1016,1396,1420832.4592352435,1534,168587.77534089825,227190.80766663488,123.2,122.1,259.316,268.422,104.87,105.243,16542,40.3737961285401,74.82177264947794,16.09,14013400,922400,82.9558064516129,0.095,0.6475,-3.7504271925564656,-2.926345272940023,-3.0866765728817054,1.2293683632003318,2.347932384376917,2.634502677908057,2.7833371404675877,2.537634522198617,-3.937331434913621,-1.0204259065449375,0.6972545082536451,0.6894767920966156,0.4858103755162997,2.559652557046173,4.289155027563356,1.848292332342798,1.6354349317754826,0.16614057167232354,1.8983836166541521,1.712647834224291,0.9668078244577046,1.412403473369295,2.10571436241299,1.3295294848062151,0.19911068350044675,3.8025949298736843,-0.756886655498047,0.8271808460208225,3.2079480841150954,1.4056852208550563,0.19886036219216094,-1.986012074626725,0.29635089499498724,0.1380158535162768,0.5008323919974849,-1.0813829793551413,-0.4526956787510476,137.97433283417308,-5.4693286239914185,-1.5881892797975623,0.8803354059733346,2.1784817934209717,-0.11766213935729603,0.8518283126134274,0.7590911678032252,2.016273004669776,3.4067059497970313,-0.3767784541915228,-0.06598523861465327,3.778972330202308,2.340687862051622,-1.9777232719690225,-0.010023612865051556,-5.677440493804758,-0.5616520838001486,-4.348706209381553,-2.0838395500147118,0.8826537482490826,0.781345290326903,-0.6376137845420876,0.026224307551690616,-0.032027932843048355,1.5378591369779426,6.020406814367274,2.0477361170626778,2.2767867803222126,2.8406290193047674,0.45329691937294253,2.998766705168706,1.3173019903024277,-0.16798790277261927,0.47035090499747484,1.5883374168361708,-0.33117059686264344,0.23460260782904305,0.10966349571922498,3.285478187422782,0.2445735701490519,4.9460713401993575,2.1430890340367865,0.24410656555656957,1.3839523181680111,1.990326801064617,1.6560023984034213,1.1104958205256135,0.5481221045028046,0.5457336489065431,3.1964496326608103,1.7025629860875908,2.531635952641562,0.9962272153481794,1.1496123844313375,-2.9434328502737053,1.0876450559472672,0.8278100600287559,3.4300256992478175,2.7391245980640906,1.7984938160663926,2.815341010087925,0.061136696745296995,0.7083881827301395,0.01852531104686899,-0.2221960900178525,-5.45107520012377,2.839208065761701,4.324822447237609,3.1097320417773147,2.930726332452643,-0.003386684689174288,2.415103959410544,2.5084518065954335,0.15445946609727018,-0.6182271866530771,5.920772390001868,-5.035498718751796,2.991147069412006,2.044661766943414,0.12531207695985544,1.6700945557465579,1.660641132805474,1.786548797322494,1.1416754153758013,1.6399506482216224,2.820298024010785,-0.10359436972569855,3.790317438733866,-0.21324477609819142,-1.0027780678039835,-0.5643106572882989,-1.4712603638002995,-0.39793648518174085,1.4091260021461745,-9.881416564134891,0.9100634016778782,2.2718893771858424,0.27130260981593807,0.3095396480374294,-3.8023325758468935,1.1774044372104677,0.09273399651451633,2.1050819537011702,1.2317197125243948,-0.1538759611256697,0.4504603016811346,-0.68693205652426,0.17456358577908376,0.022773107702556458,-0.12309873085408632,4.058437451638741,1.0459165176590919,-2.5102277617394195,0.7495478911066035,-0.97444540795827,-0.005194505194935776,0.011894073396085421,1.2976129495978042,-1.1369201715400084,-0.014317623156663534
2020-09-01,141770,147620,6511,7.8,118978000,-11.4,10.5,5,16.4,15.3,95.9669,219386.6186927097,622632.4757036656,1852680.136502467,221466.44202670932,1013231.8646068325,29.51,11665.6,140.2,208195,13962.039654663658,979,1473,1439727.9572041843,1650,173822.78191838716,227626.90729794302,123.4,122.8,259.997,268.933,105.057,105.41,16633.7,37.72237927981953,80.90475876058905,16.713,11824250,851750,86.307,0.09,0.6825,-1.5322362902605582,-2.0183065839174588,-1.6571078871910203,0.15557574840605465,1.869617175784899,3.525008506265269,2.55888008631193,1.917221658445741,-2.365735938862079,-1.150365876682879,0.9506899409700437,0.2420368663240179,0.3259140042929429,1.6277225765464574,1.9781244848769024,4.324437413204662,1.9770221563034087,0.26764568944885125,0.9884154856503957,1.1693020844078557,0.7442029370313271,0.5596491654342238,1.4339807953432526,1.0174991508836686,-0.3412320444534394,2.2107911311720705,-0.3647360768377014,0.6812073439252846,2.3735852075997985,0.5440348965773364,0.15694471192616888,-2.2187949966846006,0.06887845071059705,0.08863997293608092,0.6793032698930287,-1.2060139889667831,-0.5145622587924463,110.69246849953929,-4.790055040880582,-1.2626875033287082,0.6381776175954894,2.3022532680674783,-0.5137200675843915,0.9871560692879058,0.6825057060478306,1.839745335414987,2.3340499247153343,0.5392465918072544,-0.11920997549914851,3.754447937847161,2.148307445540386,-0.9818433270319122,-0.5389415564675791,-4.153088519163944,-0.3901453112001246,-3.3514688026657695,-0.7215109025671188,0.9021727968104138,0.8026574457121952,-0.9158102290605123,-0.11275127291033071,-0.77229795437571,1.0360537219887207,5.2843599668841845,2.059623252316043,1.445816737582798,3.363438501374597,1.5884315195308567,2.9983868846608717,0.5710578016626362,0.13308942914796995,0.48635174823802335,-0.03634036419502838,-0.46642768124736794,0.32233068851233765,0.09608728800530743,1.1228289854212292,0.34197323357712556,4.125338473868861,1.4176610245540509,-0.4207355400755993,0.634797286725293,1.7650192016387214,1.2148823338838142,2.805600990071792,0.12926952513629614,0.4049729407906643,1.4831920037810127,1.7126976693376226,1.6487235924044756,0.2483741312828825,1.2086827474686708,-2.7578295901571885,0.9003926283066618,-0.6716896367455281,2.5307397025073644,2.397883823163866,2.07176042407858,0.8630679885019038,-0.6594418488147371,0.9413419371987924,0.05241178177441813,0.19293427117258166,-4.937355858090534,1.7532207314126331,2.082694683134252,2.847626359193574,1.2392791392849873,-0.005639027934860273,2.3387963994620606,2.404213190798302,0.10121561206404185,-0.14364711074098221,4.8764959027652335,-4.3856048388343405,3.0157194464142885,1.9986858337114783,-0.07877388880460633,2.9764002542269714,2.7903411346776084,1.2460890803912779,0.6032556709586817,2.1898565591585197,1.8966932294422827,-0.020012942959323137,5.720389808101603,-0.19268772085644728,-1.2042981648062188,-1.0656089524611128,-1.7697702904840817,-1.0736575823172243,1.3906567686801425,-7.101109431564115,1.8087126069497959,2.474066339412196,0.2618482506278715,0.20982008010955183,-2.159068215846455,0.9544762303071616,-4.579943114067805e-4,2.0135459384083187,1.061847327846724,0.37575777131351873,0.3490598282285509,-0.31542006375309173,0.21890059934095824,0.04461149406289988,0.7309057908341656,-0.21857580617275962,1.0821100463516116,-4.354068938609247,1.1406736853066473,-1.127631946322658,0.10992696321959654,0.013502431305533358,1.0571664095619533,-1.7201616777605102,0.5066788577410466
2020-10-01,142460,149931,6798,6.9,119197000,14.2,9,2,30.5,21.9,96.7394,224760.5824005478,629237.0020256584,1870169.5103600826,224649.3138439007,1016622.7615524342,29.54,11886.1,141.4,207097,14004.43172199979,1031,1543,1462926.6483438103,1612,176872.30744358114,234484.69344086124,123.3,123,260.319,269.306,105.151,105.507,16573.6,37.46992420423962,83.22168584392237,16.564,7871400,795400,90.46225806451613,0.09,0.77,-1.1492383623816427,-1.7931031671834823,-1.930840390483348,-0.592899207584948,0.5918030194866469,3.0962486369751208,1.4763905710392917,0.9678069893033941,-2.2906553437685706,-3.1653546147794063,0.3131913959557395,-0.21463920443736995,-0.11242468874425364,-0.1888680197380905,0.13588968347676272,-0.3746090840947508,1.2598333870452538,-0.9507571231440282,0.5520963956371624,0.40969090271398195,-0.6991751642751621,-1.5275953199483856,0.9524012930480119,0.09274922482916066,-1.1319269030377797,1.3948645482053943,-0.21052443221553568,0.28470009759272696,1.7104537967678912,0.19411210107810983,0.11160287727374665,-2.7430052324396947,-0.20901151240780427,-0.004858375191532293,-0.2089390779943648,-1.2580871394328363,0.020521086114726705,67.48146135809863,-4.568714901992238,-1.446890127328969,0.4664891766563197,1.5169041557181482,-0.9519350388467503,0.3674221082165006,-0.23279488850114632,1.0577694436452656,0.4309354117042695,-0.30242798316916203,-0.6533013495526611,2.7276055936370422,1.0765971801923442,-0.729857603533275,-0.979492307246835,-4.090155011738769,0.15844182245664307,-3.1626069864171673,-1.494965657525754,0.35135077014021643,0.23110046034996823,-1.2706347257184862,-0.5823019887024061,-1.349460494527702,0.5598052582269721,3.5631233023579574,1.5762380018906548,0.2883478110162847,2.407891192794604,-0.789489565672563,0.6754130098818424,-0.06687859474621687,-0.09886009693592979,0.601020811564602,-0.632662901623794,-0.8290385803190158,-0.059496236874783205,-0.054621587480650095,0.20315298157780853,0.048597850184226375,2.3659677442457028,0.6639688948136744,-1.0012903223820595,-0.3006689647197242,0.9318801557926231,-0.5725437285280168,-1.1050018578861676,-0.8912381871037135,0.1700909596890715,0.03409343744770005,0.4677363394268508,0.188699584435519,-1.1286804690866785,-0.15853711982208735,-3.596465801074398,-0.9207090554607326,-1.1184484481154833,1.7204772157170964,2.2053278453852063,0.5364669886369631,-0.4762428323552786,-0.5648878398626731,0.6310442317696855,-1.2140921201471382,0.1726981942740463,-4.291928309363036,0.5661818741603292,1.3391898451558049,1.8137851983682942,-0.1896388304844805,-0.010357816722643923,0.6513492146829011,1.145113680079922,0.05839772833038681,-0.15372519782578864,3.3114837908157377,-4.1683241074635315,1.359419829612234,1.1521388514922217,-1.4366397119406533,0.9229144760754481,0.5635939441279222,0.027425834213944986,-1.0531197867161626,-0.26187688700243605,-2.47137759802025,-0.5296850223733427,-5.465842548323621,-1.18629004698935,-1.6653191818036936,-2.1661904335728948,-2.482723662231995,-0.1619312212012323,0.7404388537599101,-5.870052597779897,0.8399503248373494,0.7065669772447776,0.016555702704235575,0.12507897946054675,-2.1487800009900666,0.5735774881352314,-0.22523566887742358,0.9079991910212641,0.8361477181459638,-1.0889484397224392,0.0730196469889233,-1.7571592968192422,0.32944490518060077,-0.1893984039272327,-0.40612949845955904,-6.49888607793989,0.600875193156313,-3.485000307420277,2.5472035003740308,-1.2979501357232097,-0.2902956567524429,0.013723875542781861,0.26469116263559095,-2.018475953573641,-1.3518459419497713
2020-11-01,142733,149934,6820,6.7,119424000,14.2,-1.9,0.7,32.4,21.4,97.0816,225270.28824412395,630004.3702141405,1877168.821852398,224724.96152311465,1020550.4569723917,29.64,12013.7,141.4,204645,13967.20439301526,877,1543,1474906.4204146003,1692,180757.7571300994,241343.175815615,123.4,124,260.911,269.981,105.258,105.605,16381.8,38.89490585038667,78.25267542725572,16.298,5948250,751250,93.53833333333334,0.0875,0.875,-1.797552748802957,-3.1197691825865665,-2.3379524417369106,-1.3989112622291715,0.8819258191360616,1.0762520989161772,0.9554050632848137,0.08948967005758993,-2.847829739429126,-3.5398696295113212,0.1783052915372316,-0.1317547107459473,-0.5589505081322965,-0.49502715714922113,-0.0839816295499384,-2.0882638201018047,1.034931072653501,-1.1124810690737124,0.6320890739764778,-0.11595107655203604,-1.2656174458740528,-1.826270083186491,0.8324658310138404,-0.1843127455259713,-0.6395009197963487,1.0708661437825358,-1.6854285329127425,-0.4087038111951031,0.8042874698634898,-0.4831870525850333,0.24812664988201874,-2.500137262626797,-0.20121017190202153,-0.2341897812377803,-0.8555752620303786,-1.3441207604569796,0.348230177073029,61.43779827868041,-4.097308102291913,-1.3733381379764391,0.3033302163628563,0.846145699797559,-1.6668857581451988,0.31406220594962764,-0.4680722120164082,0.3413832091398806,-0.3374459612343204,-0.710991461547773,-0.8455172418734029,1.2616696333786552,1.097671028247756,-0.5513974052962443,-1.6438717662096105,-4.218577204154802,-0.8002302146992855,-3.3607481713684755,-2.19169982994027,0.18588277993830435,-0.2881890168035018,-1.3182311740321178,-0.9469175282034398,0.5273466677618343,0.10790277587246046,1.716355960312925,1.5532431654259764,-0.35626993177470284,1.9921787780826508,-1.523368857285982,-0.349625371802278,-0.8341184213315219,-0.23515550526479806,0.17112569703710423,0.9395315450757358,-1.136169279967499,-0.28955478348970226,-0.04917072663445628,-0.12422064553887908,-0.25640214720423093,1.2427157585317476,0.6362810865583112,-0.42219264051748007,-0.5677964542276707,0.8645651108839473,-0.4577554244846168,-2.6840756135127917,-0.6790808728073812,0.05057957619091381,-0.5151359863194049,-0.015362813840588433,0.0776783458555662,-2.371269982338668,-1.305871018487691,-2.7878683468205363,-1.2864819927378905,-0.24979971232318307,0.7246786206051009,2.220910106593331,-1.1173574813198022,-0.5042791151926671,-0.5604520891327046,0.5847926892262156,-1.5447118931042916,0.12088202427670534,-4.416183753270398,0.5878368125343135,1.31789534112397,0.8949159838855469,-1.7949107408686864,-0.008516040798675068,0.38263388968880135,0.18598550137423525,0.03623961791928483,-0.6658046921677891,2.5202823232877916,-4.1946726808299655,1.3027147321483576,0.7400313179994382,-2.1097087154985505,0.42374380293112074,-0.18452813971959334,-0.4496211750161512,-1.7056759061254343,-1.3795148842379812,-4.08391031251875,-1.260517976113747,-7.404460213261548,-1.4753503407978088,-1.7806255174692944,-2.9221551703715325,-2.113556600387069,0.057064753482860914,0.45181249051670214,-5.319932402270851,1.5867293033561636,-1.1723864742865902,-0.2792493953335304,-0.32004032037537516,-4.290055787770432,0.5859979166148886,-0.4839183888259045,0.847286180108921,0.8196377789928405,-2.398185616805889,-0.12289573930513158,-2.311740166372009,-0.0674842670552818,-0.20646004445309746,-0.8391687096623717,-1.516990031162831,1.0193169751433169,-2.521020066388108,0.15899476631723714,-1.4263408289928932,-1.2070336936967245,0.02894472134127101,0.0024142482837957308,-1.9270771009435188,-1.6980841526322228
2020-12-01,142548,149975,6773,6.7,119612000,14.2,5.7,4.3,12.3,19.4,98.363,228776.0527535738,630295.4616410751,1885116.84601938,229075.01490080322,1020407.9508793838,29.91,12071.4,141.4,205517,14022.83843744974,874,1614,1492450.2596997134,1755,185826.73440619116,243904.86191922345,124.6,125.5,262.045,270.341,105.699,105.896,16397.7,44.484810641538715,80.9868768161446,16.906,5384500,836750,94.83870967741936,0.09,0.9325,-2.3878855060623856,-3.3057008609426,-2.9754759705469294,-0.655296964910467,1.432938269943551,1.006130834616465,1.0060065562907499,-0.036564755597608495,-3.5420511738459806,-3.5316858710014927,0.028680089576116837,-0.36378096786604064,-0.6479698003097099,0.5603501714795496,-0.2972734537710496,-1.9848502746576016,0.3618629848518066,-0.018948391423748986,2.0666090050348878,0.11133121313099831,-0.6465919644364536,-0.9206582730041242,0.993026004179628,-0.04749926549643306,-0.22160439519659905,1.2853517343075471,-2.48234113061741,-0.016442279802443265,0.7890644531110714,-0.4966913594772273,0.06093703427387807,-2.6066440997533933,-0.3354427074204343,-0.638869197074273,-0.5642580569525687,-1.4279270487061846,0.5689047818511812,7.504418423988584,-4.3184061803793945,-1.4071275582076828,0.07507628407954212,1.3038948010383506,-1.1715058287728526,0.45184158655051987,-0.6701517239259739,0.6196092308474165,-0.4649156179913138,-0.4945175747669265,-1.0924473376740786,1.2221619204647696,1.1811543235133517,-0.6094797046112175,-1.4687472914282063,-4.537639238977302,-0.8727126540173902,-3.504501244262962,-2.2200003807173094,0.24621842425268825,-0.5631940200138174,-1.319788608514432,-0.7651930327694578,4.150633285995447,0.6099760393335794,2.056335653166987,1.0990811834049994,-0.32477730849442277,1.2383287802840968,-1.1998223694167522,-0.08406338545274383,-0.32232919558010165,-1.1198636773815656,-0.10624278091859266,0.07837500101285025,-1.371967516197919,0.010832721340894013,0.04085692302376571,0.2202254904841981,-0.428460049724957,1.6034969268619133,0.5796801420112514,-1.0431085029474696,-0.5974964612642532,0.9314330482771678,-0.6511631727111116,-2.5859958969818795,-0.5127750926240735,-0.07815634389543488,0.4449785804203348,0.1592625101490638,-0.04921909768163026,-2.406408382263046,-1.08249748073362,-2.057301047027862,-0.954788719910572,0.054804021440186465,0.4697060686271514,1.7815201944520631,-0.3874054446629472,-0.46076296378952974,-0.6978304135994821,1.2125781263872812,-0.1724610681711289,-0.11104945950306572,-4.333561492126297,0.9323252213565006,1.4407927984132056,0.9995273543872312,-1.9125465939588417,-0.00740872693457093,0.3715886730955996,0.35438154953911244,-0.144819814591812,-0.7821947995868235,2.838207232481639,-4.395417089672939,1.4453141429902008,-0.38757817893501345,-2.062268935356969,0.6264886210690517,0.7371688590976763,0.19282490088078597,-1.1755848292064714,-1.5796944376768942,-4.064338995585924,-0.9816992137502337,-7.2034196251143054,-1.3548684001070843,-1.2318186347274185,-2.295296158310577,-1.9661213468576981,0.2132745508141602,0.830218651019162,-3.919743867622643,1.8123962032191616,-0.5030819335564917,0.027957698882950282,-0.035924001446902554,-5.119951577113099,0.7227431110125675,-0.19515953411015247,0.5848831743524364,0.814455882930025,-2.1426604601868138,0.1745027856776835,-2.0010433986902867,-0.4917388196802173,-0.14571772529503418,-0.3418720802723264,1.3116499450129373,3.830174863693666,-2.434102592003429,-0.1680138308158117,-1.754121469402756,-1.0980018535873564,0.031218488085348096,-0.04739062843018728,-1.767422246258761,-0.42305438235447135
2021-01-01,142863,149821,7162,6.4,119529000,-2.5,14,5.5,25.5,25.3,98.8822,235463.08421340212,636381.6217132844,1897212.3351370704,233721.16027772805,1022229.5495868935,29.93,12104,142.9,212888,14200.118703307677,899,1624,1506116.0466146003,1856,187569.12583492702,245430.3936993038,126.5,128.9,262.687,270.387,106.147,106.281,18194,48.988666660386066,77.18887334392238,16.719,4944600,827800,97.68225806451613,0.088,1.054,-1.7021155064563358,-3.8710726898554793,-3.1350195264972007,-0.6409993078440845,2.760467957903745,1.1106763366473213,1.5802931570833916,0.6163673789024696,-3.79500513181787,-3.1400093086997045,0.2792019046406308,-0.5441077038475599,-1.9352450837151138,0.44301056735434996,-0.392742021434264,-2.162473715717718,-0.7571174404948422,-0.16309684359120638,1.5658963987468735,1.193281289355303,-0.5250815936184515,-0.6625026340548499,-0.1441220340866284,0.10254471706960529,0.31185163002600036,1.0229284631233821,-1.0483506899219075,-0.30028831523072175,0.7832659044623734,0.6793733400302865,0.042084046779952373,-2.0632394999181716,-0.1023678846559513,-0.23949299277207323,-0.7880800695325927,-0.7273735419100877,0.12596349827535985,55.76056941928676,-4.468699916300363,-1.8607256693825447,0.6418081377432717,1.2802051758326427,-1.3367556070305084,0.04426337417606263,-0.2760518404397295,0.5426707353824085,1.4218906313800945,-0.7709459770683603,-0.347103555245058,1.6707176357698872,1.2090465293092725,-1.5145201747651065,-0.0751378587997637,-4.8759944702944,-0.10695041598927024,-5.608190007449584,-2.510257203318486,-0.09021497227275582,-0.7504017412648033,-1.2669355949675156,-0.881044236450197,2.625226106384229,0.8331429264177194,2.887727400329513,1.1013119793694006,0.5501757435755871,2.100728442779506,-1.465320061114245,1.0084966820584629,2.6661549911922116,-1.6806129656026123,0.4043226625782696,-0.29417415798113755,-1.1810576448757224,-0.11546801986280013,0.024107097441070986,0.16243149934208148,-0.26059183877335496,1.6820761418010806,1.0765331592859941,-0.09083352222220066,-0.6361911815738304,0.0677040264056465,-1.07453827502984,-2.193860699882186,0.670997635389551,-0.30282902630848213,0.9285401154514036,0.2892276652752299,-0.055158684082979206,-0.5770429739190189,-2.2864131471516442,-1.9948783009429563,-0.4875740101065508,0.24393218848707168,0.8983188642538678,1.3907381633155547,0.5286784698155563,-0.7019089144245747,-0.3343810529766793,0.6096949850818364,-0.25850414478262645,-0.9087231522197462,-4.885254935539948,0.21587566993260823,0.5826716485611745,1.3836956605014952,0.39145039463000664,-0.016617984884640825,0.5479258600391432,-0.07746648719814615,-0.10531122749947566,-0.7291234397108459,3.9686970449382892,-3.7168799842418934,0.8536203194346134,0.4123537534604804,-2.490644853332718,0.595032968794168,0.49486229238414065,0.3858203746945927,1.5019386319605337,-1.7438863612305737,-4.399798459950118,-1.6120408174570957,-4.245300326087726,-0.735948458671011,-1.5771987193908876,-1.8687956257471063,-1.8800137258836314,-5.37512715693845e-4,1.4653405019019183,-4.894404477957028,0.9517486352630842,0.7505431631516544,0.07833157806182212,-0.0454245621346767,-4.6303840662153135,1.525867928122184,0.12123534055050926,1.3466629365447291,0.7107155992755597,-2.039073293562029,0.26095424039413617,-2.2307032701361926,-0.36657555954462584,-0.05947287175201012,-0.04247194912798788,0.5856386485905475,3.208345642396009,-3.434640783190771,-0.272941582744443,-1.2113226049763124,-0.7407881181129736,0.010468774791525874,-0.8615245449075809,-1.436165127249213,-0.2643300668677662
2021-02-01,143380,150234,7827,6.2,119330000,-2.5,9.5,9.1,29.3,16.6,95.6149,236080.7511737089,639673.2394366197,1905160.4051713394,226013.1455399061,1033339.9061032864,30.05,12046.9,142.9,206728,14069.014084507044,772,1398,1478569.9530516432,1703,183901.40845070424,244057.27699530518,128,131,263.579,270.793,106.5,106.501,16697.3,55.436619718309856,76.09050233328408,16.146,4431750,755000,103.21785714285714,0.0775,1.2625,-1.6152310246881376,-3.1659757605998085,-3.006199527951206,-1.1467849599616724,5.194707194435432,-0.006748011959604013,1.9773631779701453,0.5799116991494866,-2.684511698931057,-3.093489077769398,0.17336658310704955,-5.142195939145415,-2.3249592709168168,-0.3096695597770469,-0.5511950721157509,-2.975552283754876,-0.9325809974085439,-0.040726483512658895,0.7809514865814253,0.7956159834087638,-1.076753206087476,-0.44533788507256256,-0.5008305156779292,4.3495913985286405e-4,0.7716483954496889,0.4743792550775967,-1.3873794096564995,-0.853816779564889,1.041082655527146,0.08093254448275043,0.011761017016973827,-2.200822205710769,-0.4348363304043847,-0.03494902917801217,-0.6653537159111289,-0.3577247622266898,-0.6327879120930705,-254.44699822032285,-3.51014360502177,-2.130903618753024,0.7605613819552424,0.8488108518475017,-1.7623563507396958,-0.1575387163397741,-0.17439573025499025,0.8876042297720708,1.4907294036693053,-0.866736960390505,0.46934023733646785,3.3642060719177285,1.2809138008818888,-1.145101753244178,-0.3884499140533439,-4.468193282473298,0.34018331071239716,-5.030676336719968,-2.4726962664746925,-0.042337081041684974,0.29715036659314964,-0.41690989342638973,-0.8850845654238757,2.043477125046754,0.3583630848610882,2.1812490596215,0.9934691915460668,0.7579214221815673,2.545046441398438,-1.7930061058500222,-0.07726698629175789,0.9204801100571578,-0.7171516702198537,0.3331709260492112,-1.3541200795912685,-1.4545171387532034,-0.14202883368552388,-0.0862646442653171,-1.4763141444051846,-0.11345071198340924,0.5612337260237963,0.7231228704265612,-0.44397770566908035,-1.210917492774581,0.11762023392826543,-1.6481454085288911,-2.8504628780133685,0.43020982843097716,-0.10459148328408237,0.07244882505192143,-0.1163980330201017,-0.25116552952953297,0.61354004149872865,-2.6326046068067708,-2.3446844373810163,-1.283519142443959,-0.5381964044280653,0.8535332271344537,1.4162561569555787,1.1215529583006971,-0.24005816592328474,-0.23013887036867225,0.30567424843710467,0.5155906173125987,-1.0186128643328982,-4.376550009560406,0.15400667870942905,0.19320157959698625,1.9154284433480047,0.11144802686833373,-0.015873421466069834,0.20636260214238034,-0.12764954959286387,-0.03538342441207817,-0.6380426906667289,3.3536200717651696,-3.0468867642916804,-0.2771771789244008,0.774523996704261,-3.764070868513052,0.43525115296510863,0.032815281888779996,-1.049465661035641,-0.38434802556817865,-3.0681646662041038,-4.901034114144801,-1.39407170833138,-4.057920370800139,-0.10341768162899909,-1.7893295582536874,-1.3493122242558115,-1.4494611727189897,-0.421899646463538,0.927255209962063,-5.849405325140771,0.9405677351966575,0.2712828307814269,0.2107250775206834,-0.010549020619438243,-5.198433477629934,1.2232284431232618,0.4611973405099411,1.609949600522536,0.6155415934204752,-1.966036516655628,0.10152509219111938,-2.6756244056496996,-0.8504728410622442,-0.20439830227844083,-0.18620385924079425,0.24772884899111264,0.7987770010523458,-4.117864346349708,-0.24733866819049896,-1.5089776504844188,-0.12301462116894607,0.005625145754461038,-0.4217439330570442,-1.4381712684308623,-0.188293617968852
2021-03-01,144232,150666,8499,6.1,119262000,-2.5,25,11.4,37.9,26.3,98.3856,237081.28607992225,643253.871877744,1901123.1181189988,228296.93425747755,1041298.7837913575,30.03,12117.7,142.9,227800,14674.55676574439,852,1688,1503770.0599697349,1756,195346.27384310722,255405.6831131952,129.9,134.3,264.961,271.459,107.054,106.933,20520,58.22295290227362,84.48846332619189,18.451,3975250,669250,110.58645161290323,0.07,1.5925,-1.3740300514921795,-1.2209029441156487,-2.016548667476515,-1.579192827367034,2.2769504091636312,-0.0028555148667136414,2.211637082282974,2.2626641925817568,-2.1742530171623766,-2.479162288772173,0.17707627944686752,1.2875181438209116,-1.7639212180705026,-0.6102560414721823,0.7382766565827102,-3.0418594288334013,-1.865630979881294,0.03875095667952011,0.7411445027344246,0.6441984665048995,-0.6694492113799357,-0.3561976930146562,-0.47372870043387766,0.08610656399973901,-0.01091003180170539,1.4750535611124342,-0.4807833661468659,-0.3290478972225548,1.9822991747502634,1.530502718294546,-0.053719849963505845,-1.8804403273771262,-0.43057679307562857,-0.015663352436467933,0.39635957590354054,-1.1450396341618183,-0.40743324628942074,-990.1986013224465,-2.751058101491854,-2.4693948870105467,0.9948407601892558,0.74598529167336,-1.9051957283763268,-0.1200680427248333,0.03457213095392215,0.7415142964968026,0.8567750085677844,0.9096544083024121,0.22307242559055135,4.291843440300752,1.522019230898021,1.669049072795657,-1.1831235751078972,-3.371328889359191,3.112870301416435,-4.244090475106122,-1.1696366993860579,0.026277908265599982,-0.46312261298901,0.2601871516548902,-0.3586370858114555,5.283089094932239,0.5983761673261636,2.7361308550380836,0.5201416218128728,0.6858086918155598,2.256377511711741,-1.9056116975508262,-0.6191016202044076,3.299138014341099,-0.9464575301849376,1.6389967357362865,-1.4212685653669377,-1.250062673918899,-0.16978868680962172,-0.09085093965429157,-1.9824850805099006,-0.03886121991219528,1.6778339226781416,0.6309419372576491,-0.003927573058260199,0.38844918429127917,-0.0885727958900158,-1.6649218642477985,-2.4116432084942474,0.2514788304851081,0.18724599879498557,-0.29504867948946184,-0.4480152332604772,-0.3755765031941933,0.6964609406060035,-3.471830726940334,-1.3657395605497482,-0.6336294328866823,0.29589004636519634,1.6265644266438102,2.409690859623561,0.14343007519180573,-0.46828865566976824,-0.42083150121267116,0.038087985425708466,0.1500761055212511,-1.0565203962835281,-3.9691273143991426,-1.1236996214386556,-1.1165442817199391,1.1681374582947386,0.05926944535605416,-0.006772903007086825,0.4815624848093262,-0.1638444841663751,0.05072617170261399,-0.06143489446546385,2.8170463702058197,-3.008859203984508,-0.24541259404335056,0.5669637678295756,-3.060480878447347,0.1314979801198873,0.2651078530040605,-1.0382184298016266,2.376728965137469,-2.415223320335396,-4.804793185663414,-0.0901667783061531,-3.6545344802745396,-0.21420404515956887,-1.9433733668697049,-1.037703985245586,-2.751751412666291,0.9173915929819488,1.4486797593602383,-7.070551698259475,0.6937386605332806,-0.293278013857175,0.05089370336673958,0.06247136037879499,-3.27903655634227,1.4161620041567546,-0.00188703565841166,1.030130650923574,0.4079537814679918,-1.7846872738036201,-0.1326375095100904,-1.4970559415622657,-0.07921616528981384,-0.17308735251841417,0.6406239601371168,-0.2707309806331319,0.4278785318259987,-3.261996089721915,-0.020499204304595564,-1.0249397530429096,-0.22064499163125093,0.0017282935659669884,1.1000292613346758,-0.7708359521012327,-0.20602966313935464
2021-04-01,144587,151045,9346,6.1,119308000,5.8,22.6,28.1,48.8,30.7,98.5587,234731.17879908567,643971.2687468639,1892868.961636287,229042.53935215302,1046165.1396606516,30.22,12284.2,144.1,228405,14790.741325800516,817,1489,1500081.7707075027,1710,194139.4562247951,253379.54617257338,131.1,135.9,266.614,273.66,107.618,107.558,17420.7,57.35100076195432,88.05814417725571,18.574,3788000,589000,121.96366666666667,0.07,1.646,-0.9320656317401793,0.5646939016797853,0.5499583909602861,-2.0624570913096414,0.8543409289100712,0.04796977609618079,3.008070353297382,3.373549822497004,-1.6228257216353406,-2.1354462116955073,0.020808335820820856,0.1690905675032623,0.048289812093173096,-0.5159929554078078,1.1890004555767506,-3.1768988176688064,-2.4955650217544396,-0.12655027228651355,0.6308262498799367,0.7163395132787915,-0.5797181061829522,-0.6053422265316963,-0.5890444472347136,1.8582063522416192,-0.1311888925637318,1.0797888656485413,1.0759044146823518,0.2254601486517558,2.4117721315463942,2.458761043510945,0.12091025114490152,-0.6074883556641928,-0.5050249891706762,0.1435836253491552,2.156257326091619,-1.3107624214209461,-0.055799344017913984,-11.962917570465576,-1.276744056153876,0.029245871127763876,1.540672979240451,0.8908554468179662,-1.2811324024373012,-0.5732240126374876,-0.018138124949138235,0.7564453181316494,0.50592563000973,2.6846004488384194,0.03146353078555005,3.2309810406744806,1.453117612268042,6.045307896451788,-0.23411590434147564,-1.2526921843651835,5.930121052866677,-2.8224741326379696,0.6890113109518496,1.0454341644457101,0.07294803647527756,0.2262459103076503,0.33642340009930394,7.132601976411082,0.3931160327847891,2.6127513322170794,0.37471187387885074,1.0391483707943034,3.779238246237805,-2.007783863189341,-0.9818906305547567,2.3832905103114084,-0.42912067150708616,2.267184463486589,-1.6907487445220941,-1.3243777462133803,-0.1926075125725166,-0.15555395951992354,-3.401394721078745,-0.2172476881598825,1.1385864459758142,0.1476611245279148,1.4337250761903981,1.051656878779098,0.21717888488543294,-0.8530574002997106,-2.6185180413883087,0.41218683330181444,0.0730497699941801,-1.0152134962598702,-0.5510549287473238,-0.9275522050656607,1.0323234334772913,-3.7329814808943067,0.8909771934614126,-1.2003360130032088,1.2292142042315546,1.933341722591955,3.4510888018848687,-0.6428725025619229,-0.32768846565764115,-0.5591315609979122,0.3269759595574046,1.2220730101717114,-0.9391700627200585,-2.829797709888746,-1.792053373125387,-1.7032576053665607,0.7358407082260638,-0.2826949005992877,-0.007242280244810502,-0.3467911239305284,0.938502062903806,-0.06138484265454814,0.358653607385438,1.3450469370210782,-2.0883503520103357,0.10838706765518229,0.9477992815907996,-1.9912183792707345,-0.09168822661591046,0.522237909252267,-0.6335811996514212,1.1215158276908228,-3.0088198999643767,-4.914476335381703,-0.04784666358970611,-3.9120465586618347,0.44848081880951784,-1.4374729229639567,-1.2170959004863502,-2.2383883924140457,1.5144060741598937,1.0364661805807065,-7.616241041205171,-0.3790713149281459,-0.6320348125494503,0.07684833249452493,0.027074064820946653,-0.8743405643957228,1.386157618477761,0.1850607644126155,1.4584779937171979,0.16781758313537123,-1.696159020517062,-0.2631771624759628,-1.480020499160097,0.4819624291096532,0.0035173508499346928,-0.02183004919512412,-0.9842811137675479,0.5715001950349373,-1.028867957384852,-0.07883581791475654,-0.8300310700056593,-0.08962350890948555,-3.186683345225235e-4,3.6948067301005145,0.2258526426850044,-0.2997887295078786
2021-05-01,145065,151546,9954,5.8,119380000,5.8,31.9,23.6,33.7,38.1,99.4333,233888.60642477465,649337.6473307142,1892880.3700909272,226868.50011555353,1052431.7078807487,30.41,12405.3,144.1,225529,14766.350820429858,717,1600,1503634.8509359835,1705,195734.6891610816,255671.82805639014,132.8,139,268.383,275.465,108.175,108.099,16922.4,60.24497342269471,82.76727538292948,17.519,3621600,469200,128.69193548387096,0.06,1.62,-0.6732526274269168,0.7232856492300989,0.5589638671150682,-1.0448632747119233,1.6755820948704387,-0.050723009159252104,2.2567808095347495,3.3385474130080897,-1.4784931219003905,-1.883254040702241,5.38005101817677e-4,0.7378452228283662,0.2965931993733645,-0.5453758968547859,0.23025004154288206,-2.790486572594529,-2.765914823383424,-0.5719655935697605,0.22953488059985636,1.4368432942204905,-0.4227186242843116,0.47829834217554973,-0.5562593589437049,2.774123882195892,0.04261463828667179,-0.7198225175994661,0.9217589992729466,-0.3746076226130355,1.9646726506140644,0.9926154872501547,0.04836388550487598,-0.26108168019233563,0.45127335669144714,0.21919728936143537,1.7158404073585007,-1.086674940086664,0.6489131190898015,0.7623380026487413,-0.6483357832906765,7.381454394613127,1.4882540707233642,0.3235663970554023,-0.8019291989976346,-0.7827823166566327,-0.32976523672853086,0.37283432654621723,0.3009821356327952,2.5427489924767595,0.02196041776638853,1.4409079171243278,1.144299964504442,5.899256757412615,-0.09248927570099252,-0.6974894582521481,5.439097851044639,-2.279812024825748,1.0952033203585891,0.4634219824383087,0.259471014046974,-0.15445110084714944,0.856264648369734,4.573287543323812,-0.3290978100666822,1.9457336389262292,0.3410881367151107,1.6951308909557845,3.627547828153177,-2.0299688945322347,-0.8349684914704624,0.01933350269351551,-0.12623696523149905,2.4444424653505052,-0.9256780763117142,-0.6869646329594334,-0.06285839567730425,-0.07685683256318207,-1.5902926116093372,-0.05771859227642216,-0.54151015130397,0.00874573751474963,1.1250317342177858,1.6302412946751101,0.6652712229942804,-1.257351736471291,-2.340280644606344,0.362971996458702,-0.19672551658765947,0.7839313804515304,-0.44810849489681853,-0.3791821669091373,3.2919898721043808,-2.85684991098927,1.572797574157087,-1.3923260731849285,1.5045765608250525,1.6476215250085002,2.9994835256889063,-0.9123593559562259,-0.35749448658562055,0.058515037843912696,0.07248611831623837,0.46807975865679907,0.9146673770493584,-2.346862994694647,-1.519745602543729,-0.9838463808158694,0.2624473415906936,-0.1623210827729332,-0.0043744960223821225,-0.6041623280130529,0.5910155759125811,0.08359882259483546,0.10592398314352812,1.5539950137488379,-1.7447029056999068,0.07209731582021603,2.4340135503930247,0.08140352642604098,-0.03658889876851272,1.3885561881444521,-0.3071628180429621,-0.4310527189249799,-2.125860528470722,-5.411387022785761,-0.31119269730403304,-3.673890671422442,1.162092808838858,-0.43295334823125625,-0.5969820564102133,-1.7522079717392542,1.2012490409544752,0.5127910141082904,-4.141877866703951,-0.39438114464267005,-0.47556289424823356,-0.08386412262808682,0.1039934769302818,0.21983105371358672,1.2622688457287317,0.4245044706463549,0.7998683128112843,0.18773718087835184,-2.2559104997291306,-0.07007466197398417,-0.8033898589541907,-0.03361358675250221,-0.02188487701403174,-0.13869541075745276,0.332093777569347,-0.21378102368824342,0.7511681503019113,0.15761742541865137,-0.3333077662300444,0.2604083588463728,-0.0014189108063666692,1.9361931523153137,0.7808587238029585,-0.7159827311067145
2021-06-01,145820,151721,10319,5.9,119592000,5.8,16.7,29.8,32,28.8,99.7987,237480.69143067306,652979.036410445,1901442.8878174925,228719.1982346451,1060144.354542111,30.54,12522.2,144.1,226100,14887.550570062524,714,1664,1508161.0886355275,1662,196884.88414858404,261320.33835969106,134.2,140.6,270.654,277.651,108.76,108.603,16838.1,65.63074659801397,84.7619562339933,16.056,3298500,409500,133.375,0.07250000000000001,1.5275,-0.5205581770814913,0.7625626011933356,0.6722918511625503,-0.2684696417918214,1.6878553820919326,-0.1491108421759337,1.8167059364076712,3.369776018732516,-0.8899448213925142,-0.9397417706311177,0.013508367742788817,0.6470703702877083,0.390998328911512,-0.9591409028065491,0.3088616259555433,-2.134016522761864,-2.5712595222692154,-0.6743282438147647,0.09033748518511266,0.9516739991589581,-0.22282625315336532,-0.19965290092219307,-0.3809197696881085,1.3180846155673864,0.16687014173985187,-1.0067419882568371,0.9567057228015325,-0.24543343346486812,1.428555109610155,1.0087592952925197,0.22102280612553293,0.752565949955289,0.40083275290852616,0.26892157615726225,0.9360767853682018,-0.6569193112542839,1.2003048739147273,-1.9064083670994807,0.24853084803021225,5.996533988273618,1.5365582108229552,0.15862306507750285,0.16214171480337788,-0.6729886311715985,0.041578512505740156,0.28582831389307817,0.08329322449599891,1.88439643439798,0.7433069337647541,1.3451136568998299,0.8298934805208161,4.670311159401388,0.2778775419286607,-0.23831078441422868,4.459688198539629,-1.5131173503360171,2.27682419039762,0.3993020720192864,1.3065910784539807,0.18007098935195848,0.722748328177669,3.167090234330941,-0.4701421650591391,1.4964331212164121,0.3802052628264751,1.0400621519836273,3.0145070379369474,-1.0541280607196588,-0.871839297715214,-0.19447462749355035,0.2678916561959092,2.5032046823406717,-0.4661769997325582,-0.20684846657942296,0.02575986586977368,-0.06986808210513121,-2.320350999938139,0.007002656249561337,-0.8428203228014332,-0.02722558173702847,1.6330603922852882,1.007837988132505,0.7865763689436953,-1.5674568433186364,-1.4322263519259992,0.1457510732538087,0.39939005392403787,0.8023012415164874,-0.0038666037730706515,-0.00426275582340465,3.763452481365416,-2.217352918640127,2.261635547843503,-0.9959153688113028,1.186038771608878,2.402646022737404,2.914174389691096,1.3549057519775416,-0.383638663210114,0.1766302235258131,0.26519937617131373,0.6498380477184498,0.6128882859890143,-0.13304317459318507,-1.0015261850685617,-0.814748866804217,-0.1234656361582953,0.5679230956221186,0.0018387257658072015,-0.24766534286052605,0.269252206561212,0.14202952857419782,0.09026610783426363,1.372469079815138,-1.0425960073681895,-0.13008496294116534,3.1676005075775473,-0.2580516090533485,-0.18704193216971138,0.616281451021166,0.48370816039159903,-0.8010496557616669,-2.2238539823933037,-2.7773493624808387,0.8519430629823905,-2.5979364440700543,1.275459930689501,-0.803335312210565,0.22501913325180647,-1.9088064607867772,1.3836445245218778,1.1667737026780296,-2.3505382414321967,-0.46653411225790337,0.14870942744507754,0.04188453824156918,0.3128435516914845,0.5341074172803988,1.4345846210363962,0.19921036231649483,0.8067515290923726,0.25605699287234923,-0.3544932553191466,0.0064337434355241805,-0.2991283237005975,0.09726976727469275,0.06856297047341126,-0.412227874506959,0.14438866781892343,-0.48522373507551114,1.6590374202452525,0.797599839566976,0.2845680324170558,0.23489081096229236,-0.0026828141893660853,2.2835749265569567,0.9463011399504473,-0.6439680432935938
2021-07-01,146762,152812,10983,5.4,120165000,8,35.8,20.2,26.7,31.7,100.2519,237438.67613677966,657285.641063191,1912147.444476065,234447.5360620927,1062942.0809841107,30.66,12639.6,146.1,221335,14863.897634912499,745,1600,1520762.2464670131,1666,198143.80903565936,259866.73500768837,134.6,142.1,271.903,278.648,109.256,109.058,16949.3,66.34875887823094,80.9570157050335,15.187,3006800,370000,137.35838709677418,0.1,1.338,-0.48992128626575715,0.9655819403235794,0.8620396746819073,-0.5872726665382387,0.8539237869098161,-0.06667385396635445,2.392418312064816,3.3760236054534034,-0.8986929324883952,1.9200601340498327,-0.029022503818141716,0.08911185347171661,0.12019231465913498,-0.9485699674721697,-0.44816897751242407,-1.4397424437839317,-1.6798182163931092,-0.6869686181314121,-0.13923551215439606,1.1486901548034187,-0.3674165731004611,-0.15628259357544974,-0.10653298726767409,1.1182875215403794,0.0597068439940041,-0.9703521924943468,1.3251325352998726,-0.11580196118762984,0.8181018626686716,0.2770085655767174,0.34432043691893854,0.46962753263672224,0.4263699708248689,0.26913893393445315,-0.20408973918414056,-0.529720016505062,0.39614607937582225,-3.294335193529621,0.836857688234322,1.094971629481361,1.092278132747182,-0.1796982727950903,0.08132295165089871,-0.5994608967582565,0.7700742896054888,0.19492427275508503,-0.09441190635106271,1.6826463150022122,1.5823305948936477,1.4780693466677906,0.3355787306218528,5.363861889869765,0.8768716864470014,0.5388304196860713,3.7081051923667063,-2.009224978315203,2.613174568976053,0.2531753910279628,0.7310300430489879,0.12405734173574565,0.4653224889636498,3.622444698151119,-0.3852318994155707,1.1495326479666144,-0.013159114102099984,0.9400899588947949,3.2325593621441064,-0.7964661052593067,-1.449463716513053,-0.2925141408885144,1.385997375192397,2.447007669763642,-0.2070247741622205,-0.2235385885291754,-0.0065593505595782494,-0.05652506962675595,-3.1683278517788196,-0.2055381929517751,-1.1720958360767326,-0.3827323744708543,0.08661439893983493,0.6257451262624402,0.7540364019439012,-1.6510228349028337,-0.910921829218347,0.4504870134940443,0.3143032345670787,0.3811259066885338,0.04746558846529667,-0.18047564971898591,3.1276358083152958,-1.8763838931589971,1.7884426753244071,-0.5039562996597904,1.5459326380024767,0.9045583003666922,2.66222102775159,1.5470635365492793,-0.519580421243229,0.08206261997019233,0.5146755594751834,-0.33760612268769524,0.16304145849069399,0.07377906515358872,-0.8350006359729478,-0.9665292237216327,0.07254468174362072,0.5826781630722502,-0.004703591014130553,-0.8766834637745735,0.18009241218745678,0.025774746281399363,0.32035742558845576,0.9276728478776557,-0.6309965367130866,0.028214945433646388,3.4473750571608046,0.38381748216991496,-0.5645376841379909,0.7498148301803524,0.7943541027200839,-0.6703899373537552,-2.139676092698426,-0.614481878232358,0.6147329657397379,-1.2488369757940259,0.4278328143422985,-1.0955975838498258,-0.40367140158506815,-2.240080893232312,0.9867814699742686,1.1390039362283098,-1.574387944117445,-0.34326657078413575,0.4262591786002502,0.24063548803198728,0.2406712129554258,1.1240072479717482,0.7028945988222202,-1.0499989748018348,0.2704101050240145,0.23993531908742494,0.26060450760790405,0.23121487462936782,0.4094492512447677,0.263607752623407,-0.021515987498159188,-0.07648207152915476,-0.09804532549966793,-1.0284855009648708,1.9397231013337242,0.5908298645767809,0.45924417182361577,0.26950489894426644,-0.0030336125106775126,1.2661354901838913,1.0754364948609219,-0.6756450261548469
2021-08-01,147314,153258,10872,5.1,120762000,8,20.7,28.3,17.5,25.3,100.0437,240975.07157576087,663169.0282108795,1920582.4220993493,231784.1968014297,1072736.473548881,30.78,12692,146.1,222071,14965.16950234331,688,1596,1518512.1359665918,1740,198831.08120429635,264866.78702336014,134.3,142.4,272.676,278.997,109.674,109.409,16917.1,61.75574885569962,71.02177264947794,13.874,2782500,359750,139.12935483870967,0.095,1.2825,-0.19507619267945495,-0.13053200875721305,1.4848712364668857,-1.7157378365296319,0.6141176252729288,0.3134091659017617,0.8510398391462405,3.9754852574052233,-0.6967613374119558,-0.69127140529237,0.01098317717367567,0.4763455346991739,0.17617357425385086,-1.3684136837337726,-0.5359644565069356,-2.4383480159280055,-1.7376660591056072,-0.5890959739322306,-0.35630669458494885,0.7484769342953975,-0.4942971429278,0.07130178300231561,0.4433578169983916,0.9977255843738471,0.1241543197796828,-0.7466159541141716,0.6672801781628735,-0.1447411452922056,0.8108837046907938,0.19171810632590167,0.2705713641997045,0.8897345576502784,0.18522438706252345,0.18548709582622316,-0.8971136181351873,-0.3188722361068311,0.07763530942396529,-2.126335579067935,0.7655650211796023,0.01624487636979164,1.1047747568312598,0.12107676519381143,-0.05053728074119205,-0.7457654281149317,1.2898992426983988,0.11860717559088309,-0.6575674323573082,1.3927057815550024,1.7934283752108595,0.9487251452075136,0.6398388936746124,3.641305540659084,0.05138946759611244,-0.037808313541908556,2.0683699059815432,-2.1080629655063374,1.2395086160361288,-0.07656828557185277,0.03563019098927335,1.2595928828864087,0.2986673704100738,6.729376915597831,-0.045531256096649514,0.7274714322008101,0.045959929726453096,1.4874098110771299,2.5816781304902516,-1.2494858419345927,-2.36892142798313,-0.6207623701732342,0.7613445992578778,2.501549989655132,-0.3295078063691849,-0.18827005629358418,-0.11143392986869738,-0.023949150489555177,-3.2254686431190085,-0.113685633948189,-1.110740349380169,-0.4981412812830809,-0.742338137435106,-0.40513493787256605,1.0166407497854801,-0.8958217661589395,-1.5561241154891412,0.3617698829858052,-0.10985377791251458,0.25946452382767476,-0.0515550761270874,-0.28806629472498996,1.9858286947290849,-1.5072765089581848,1.2531954334129785,-0.6232033497273686,3.719795914293621,0.6865114717609291,1.7997760360303543,1.267964542701742,-0.32656159985768446,0.07427581700091655,0.8990330101564432,-0.35717738183987213,0.54561630049679255,0.30829830696986105,-0.349168583459769,-0.6741630601239613,0.7179869600643768,0.5287171164075867,-0.0033916110055453746,-0.6525487576444674,-0.6972713162631341,-0.031378885402808324,0.6306713135451582,0.7810451097199024,-0.41474754398044417,-0.10045969239019928,3.1328331949796038,-0.2173166038611079,-0.9478542622219736,1.1360574143681752,0.8358840720337934,-1.0848260430771577,-2.164236575269361,-1.9108342815912012,0.24648112541887376,-2.7671565902159942,0.2752839441593124,-1.7888179840566707,-1.2826961408920714,-2.8507433558253976,1.0809186006989604,1.1401705481979512,1.5546029287095435,-0.3279583827270598,0.14482913030052763,0.26554554592983587,0.2195454269713955,0.4135459833596065,0.9533190272997737,0.05930082489374748,0.2535953403640902,0.300372486139477,-0.07500303843667336,0.26324581774745315,0.21103963750235355,0.46027320633302626,-0.07576732982539357,0.7008415246001534,2.683139612301969,-0.7628723313852542,1.8640307953640003,0.5890229773622205,0.4158711966330018,0.162318003419082,-4.1866998460466547e-4,0.9435446049455396,1.1411277133682758,-0.7365771510648004
2021-09-01,147771,153844,10834,4.7,121476000,8,28.4,36.5,32.2,23.7,98.8579,235556.28260355888,670384.6083937691,1945506.9987507472,233262.44615300724,1076073.7590199392,30.98,12779.7,146.1,222581,14985.913444935199,733,1576,1520923.5327262483,1649,194579.85713506732,262214.40645618626,134.9,142.8,273.91,279.698,110.034,109.641,16728.5,65.11623679953469,73.30475876058904,12.731,2722250,354750,143.12333333333333,0.08,1.3375000000000001,0.01906385759230952,0.8964957928275661,1.208689915697368,-2.428853511594399,0.7225434577771882,-0.012802638744834088,2.028988567087409,2.8401849291826653,0.2636729978797822,-0.26180713748298623,0.23928222131451274,-0.05986566408277037,0.08446987130790241,0.08104089316202852,-0.3088650015280624,-3.6046349816959666,-0.70479080163829,-0.2755166328343691,0.26153231020279005,1.3034723911812425,-0.46826616586089664,0.1693564937617716,0.05066171596264662,2.089702245112944,-0.7616641042827552,-0.5565813468466367,1.237190209478223,-0.1418384047173853,1.068175398157397,1.0228784347807747,0.43288635533988723,0.9793949298156309,0.3753239484516118,0.4179592465445493,-0.5068811399561561,-0.5911418669347717,-0.02382384281455471,3.1029497155300962,0.9228388877895366,-0.030010544537349578,1.0145624533523891,0.6350818535396506,0.30871585830109527,0.07941814654107908,1.4823775283066793,0.5129934060494965,1.09777410651374,1.752460894291953,1.7057851232440449,0.5953036180045503,0.8489590218369341,3.606082316190616,0.6075818369856114,-0.43492543093717956,2.6351633093388465,-1.5611276169027313,1.5530971703510055,0.11206478928886661,0.57414403787293955,1.5553538892510346,0.745746449583679,5.763912973266562,0.13563245890016307,1.2353147045129131,0.4243133793206955,1.447920472736899,2.8659514182633163,-2.061410256430176,-2.470716174765395,-0.2845273864510322,0.9048944100437891,3.776751658567352,1.1070161084717054,0.011029129626477018,0.1758040006897147,0.05634799347702338,-2.300703682824685,-0.03818641093269133,-0.2673957857752656,-0.00828823961137052,0.65826630206657,0.0736138066356926,1.434473911779776,0.2409979292742199,-2.2776671828732353,1.2404608582069263,-0.24850729934084279,0.906204836581166,-0.08539767536625696,0.1365615539823793,2.6734594924243993,-0.5306704744386513,1.0125555372639712,-0.5375264587407121,4.35811854573678,1.913217545969321,3.133994437764978,1.0399678043032003,0.25760597407953606,0.1757360270657603,1.8906983168781903,0.3662110309433105,0.09613873280560734,0.4230261526567721,-0.21651459963595485,-0.29091292527862406,0.5378764634338778,0.20494389415615052,-0.0025074027876752906,0.4749500179021017,-0.003342841566460612,-0.0853078839726613,0.5131538249382298,0.7037908440676814,0.21163673090718654,-0.6603912160398395,0.9597583850262205,0.3152553353603787,-1.0902624082079941,0.5561722489836468,0.33792073776988124,-0.7976817861712979,-2.34240776906832,-4.614884210863604,0.03311729828399098,-3.3160577649037126,-0.058967237057948686,-1.4669963995863375,-0.22035522414648487,-2.414597746764425,0.440041589719746,1.1721675445756754,2.2992258171920015,-0.5179942320563609,-0.33951413308283157,0.24860504565216987,0.4056294146121735,1.082178716975991,1.175795103372296,1.2379647625031784,0.8808644472542759,0.2568649394054044,-0.8330752466461723,0.36603886435088245,0.035011541557515326,0.11114383277207347,0.26314101676508633,0.7447361936782361,1.6022448968784009,0.11803096069489136,3.250777150219238,0.6293401193634627,0.6937609372192002,0.1229515438659948,0.0028226362042398138,0.892321451850039,1.401806481232222,-0.6454797550094741
2021-10-01,148572,154468,11238,4.5,122155000,3.5,18.1,38,21.5,33.2,100.1861,237928.17031111754,681105.4332713386,1964165.455516089,235837.20048392046,1075562.0158538127,31.14,12934.8,147.8,223675,15081.165020494393,689,1587,1524662.7904877122,1699,206561.81722973584,266193.2792835088,136.9,145.5,276.55,281.668,110.762,110.188,16733.5,73.56313537133674,73.12168584392238,13.156,2357800,284400,146.98290322580644,0.08,1.574,0.24822411886968426,1.3848844946351624,1.5074676715730595,-2.0999119501466077,1.0513187564783295,-0.367555648506837,2.695294138693886,2.4648019328534927,1.2739169420682885,-0.5487274182796715,0.2343183938052827,0.7069954021239511,0.08358624705775596,0.29673607552080516,0.455843732175527,-3.480073640679466,-0.29100841171857006,-0.020229423990080632,0.194870583689085,1.6236198566788989,-0.4454904486526764,1.1578062564455927,-0.6068989815581677,3.6547594133810493,-1.0718190452662602,0.10089792071464086,1.0178969727816576,-0.0452542988130804,1.0925693535530607,1.0416090643681981,0.48180311816851107,1.2162588380879789,0.5515540891227727,0.4851751165589152,-0.08302078111176832,0.08288485670139702,-0.005357156885735278,3.3899280005072256,1.271089267570194,0.06831754139809436,1.166882732252934,0.6457728598756703,0.07210963985274867,-0.16793642470325487,2.5779706044158543,0.6235612675566565,1.7634405949602423,2.0959646538893932,2.007983011339532,1.2737807855469878,0.7693358773756412,3.192775823159164,0.669622152742616,0.33428797536425536,2.90868934518341,-0.46401902529977895,1.403589566544326,0.45610553657789,1.025961286181295,1.3761417119176622,0.5748952920880666,3.7290708699061947,0.5527779737899573,1.4955197230292363,0.7611113983080001,1.5361283509236126,3.014034173207749,-1.7145665909791765,-1.3293895683081074,-0.1987125864204482,0.26976946742591296,3.90878161588688,0.8233597492998705,0.09839475341183451,0.06892594316896916,0.08218490180887686,-1.7700371592127784,0.029049356607431544,0.22602933319734128,0.5982434486357462,0.4083226633089627,1.4031153594180588,2.190289723123104,0.22501761974432521,-2.133096529888682,4.979518336722603,0.06771385104848582,1.4312463792271974,0.15810643289810883,0.45018540365238496,3.5944367256621543,-1.0817715990414853,2.3133840167887634,-0.3167368660469227,3.333301425567375,1.3150464749433541,3.038253309216756,0.1744687931486518,-0.7700167447509767,0.3280059773598605,1.7952363246878633,1.7757188133530606,-0.09099398085627075,0.17164981312831087,-0.30569422549892705,-0.011981360044615407,0.7425159857066358,-0.027897729184124604,0.0026139208058603694,0.6792768507813005,0.38320294019161016,-2.5499573935937537e-5,0.5374352445889202,-0.39713578904526586,0.5700066588665651,-0.10735112463439918,0.7937372172302966,0.28492024244848113,-0.6864549772513598,1.7752191700603586,0.526462639995855,-0.5050395474378665,-2.172602541494804,-3.9957048025127255,-0.08143759400921459,11.38004342749008,0.9891743988372342,-0.10545978315398023,-0.16853462873167874,0.35743319831272385,0.665558213326007,1.4163960009612755,2.275150543419536,-0.0893992639589301,-0.5403098925596435,0.3155815991706157,0.38846240361017337,1.6543341178352013,0.7320334719890914,1.7714529318166687,1.0291536232021201,0.4344130643020262,-1.4233593491237966,0.38009133054616584,0.2908475847439346,0.3749318552041536,0.3829521505161399,1.1657161630880304,3.4588447513437885,0.10526657769414048,3.2817150809941085,0.4074367367838594,1.262076886561977,0.047892812821842816,0.007565902780753731,0.8126889779617018,1.889598257914048,-0.5317060553969167
2021-11-01,149230,155513,11199,4.1,123013000,3.5,21.3,32.2,44,39,100.8654,240941.70403587446,686959.6412556054,1981020.9493321949,236668.16143497758,1076966.8161434978,31.23,13042.9,147.8,224034,15111.928251121077,782,1707,1553245.7399103139,1770,207325.56053811658,279469.9551569507,137.9,146.5,278.919,283.406,111.5,110.77,16686.4,70.9865470852018,68.75267542725572,13.37,1920250,236500,152.915,0.08,1.57,0.5352044266443042,1.5454874370231138,1.7507017604770674,-1.9227779326183982,1.4614977094653505,0.18169664096967728,2.3385430480199405,2.161725767787829,0.719136292154131,0.5814221453943011,0.3798534682092459,0.31581001369759604,0.7207347188663585,0.9107107950404131,0.6277163614329485,-2.7056049738871537,-0.8949725016731499,-0.046170831057285935,0.09364480289425524,1.365626787523438,-0.3106455971708883,1.3046930894274553,0.05871647088622105,3.378106333600479,-0.169337674267005,0.7420396924789556,1.3252763820540023,-0.041347942456708975,0.8861256331816033,0.9436902847271823,0.40247362617193655,1.0551097423426847,0.8476351851941153,0.6682328202906459,0.20922107139936402,0.37053756992599096,0.5201557728200709,0.7906625535835898,1.607330578971864,-0.22286237725223632,1.2036024535726872,0.7696620271583325,-0.2454501674566748,-0.1566472108814264,2.464160670337495,1.1188608714988308,1.8965575212846586,2.1707921418619867,2.412223527483608,0.7774560066780873,0.8856066739426606,2.655787846817069,0.7924069426652617,0.9666630154580215,2.4858660620349187,-0.2302250558430339,1.6586958175656836,-0.3076598833176579,0.9634219179560403,1.428273634643897,0.05246727002211371,3.009079562179935,0.9720263312211984,1.980046421977978,1.1939334661647505,1.81173569382755,2.2985068137427622,-1.4530733882116227,-1.536693688706432,0.21961215136157775,0.8847400374129436,3.308017641552344,0.3527731994449871,0.20100689837497915,0.25315279105787597,0.12106541908400452,-1.6152977495903378,0.10055546507562028,0.7569231185389239,0.4625681335122994,0.5511467637626839,1.1406693998045065,1.5211553928144659,-0.4738207033803048,-2.0234496016086876,1.0792350248112998,0.009846225674760649,1.5226772673644093,0.6634322090289503,0.6311964090228395,4.413867602334947,-1.4906200442307684,1.0026663985781272,0.42651809715939093,3.2856474769313446,1.6401857743660768,3.0007264572553596,0.8400657268726617,-0.31835320512079496,0.6868722638641424,1.984608779930408,1.6650985285121316,-0.24528062327267783,0.14792701345539994,-0.22571356010114904,-0.10941493968128224,1.1049682182378793,0.4568406449936574,0.009713657766538843,0.0816607800274053,0.599040773485058,0.004233706830663078,0.68576982435689815,-0.7890799334613587,0.5802080935200569,-0.015324852277735328,0.8378626898446264,0.278735967447335,-0.7237981018378473,1.7463234382358779,1.0686323077878361,-0.2932404786743464,-1.8429179395994761,-4.428874828407529,0.9472936630633008,1.8002184908957861,1.6948378161082422,0.3123871754359777,0.29474713367105493,-1.2424684640851889,0.9773253503590857,1.2168544055279944,3.5366650601566314,-0.5134215790715899,3.744670530025133,0.3827428395830859,0.5047077304032972,2.4590359254197702,1.145392874304469,1.9263653093393973,1.4108248835883554,0.6201762190714528,-1.1949398255206152,0.3366495544054328,0.1858990919561777,1.0211796043136718,0.4141737634726681,1.6316639505656936,1.6284562354234038,0.3634751449952749,2.752878605969501,0.9318471706256335,1.0860492792787841,0.4548875079885106,0.020515785351811946,1.0783916032288179,1.8781762695900968,-0.21339446672073062
2021-12-01,149816,156053,11520,3.9,123960000,3.5,34.4,23.1,17.1,32.4,100.5726,247334.45641807275,700517.8668520648,2015065.072130585,239453.25382606447,1082559.2070665206,31.39,13131.3,147.8,220740,15055.574867859275,816,1711,1570848.820315355,1886,210704.06717116348,280127.6394719719,137.4,144.2,280.845,285.18,112.191,111.418,16610.8,63.917783066377865,70.88687681614459,13.123,1716250,216250,157.17225806451614,0.08,1.466,0.13177986510508038,2.9352139322520783,1.3315704012125593,-2.1490321919852495,0.7731892329315413,0.6559864399626276,2.0515675138562535,2.340387568026549,1.5003124313393348,0.2605920226890761,0.49425324539404175,-0.08132064118108512,0.9516710130040859,0.9137750727157675,0.8383127563437889,-2.140721472454354,-0.5298207101456668,0.2369601389340036,-0.35507839109959594,1.2540762295124823,0.08128266219301329,0.7442783640452186,0.15879728007302515,2.776545150270881,0.1970602557858617,0.43929599278867615,1.2939115363964393,-0.082609969350791,0.8469186233123172,0.9485392613992284,0.4297162825649755,0.8000857817722828,1.2895294832027848,0.7156766729391382,0.36605001772943774,0.04019518754136206,0.08429375240037033,-0.8851312110622652,1.2284053538047928,0.24324163474910862,1.1422098104007676,0.8191110510511663,0.19355995687567287,-0.3043324563062396,1.5263599904764025,0.34781671371479334,1.2698100851440464,2.0705402545982343,1.8408918434357897,0.7004952491274498,0.8712260721268842,2.031510451412789,1.7411687658633817,0.4675779634327161,1.652027163266368,-0.24735386653268085,1.623206416316357,-0.7695411052961717,0.5533244137345189,2.668630619224683,0.05053368631831569,3.1276236848962586,0.31612494425653676,1.0325517243411881,1.1167951865618293,1.7490722810402373,2.1632815833147907,-1.333651753475196,-1.86710654824376,-0.07136296661756324,0.7859389141617992,2.5920642467961574,1.1294574382190394,0.006091981176919792,0.5397454178005772,0.1823278147358201,-2.4088610956451246,-0.20940240115429679,0.5073590298863214,0.43817080654169455,0.6049228309939102,0.46194542812017153,1.3274809408890098,-0.5352568442646222,-1.5889199504117886,-0.38055236758120425,-0.7928193328872062,1.2521936214475478,0.13325289807303015,0.3633290630439133,3.605035033912309,-0.6979763025329914,0.8676685739976906,-0.255569603202441,3.6246781113958053,1.3820260100207007,1.962006099682945,0.36646689212944045,0.36692958982995044,0.47387414760345153,1.8937316162831042,0.9960594499784331,-0.25303408968021895,0.22388736849788982,-0.15674651655857932,0.012628675355311139,0.940838967618456,1.2374257380891818,0.003539037303198795,0.5711918348335688,0.32149291320551177,-0.16048557118513504,0.9885157947439103,-0.8056598299431651,0.3309679302616549,0.34580237123154384,0.40559856057780025,-0.6122157587318002,-0.4769231199227425,1.0234981677054875,-0.16669911935792817,-0.03465099783267505,-0.907791798906313,-3.9953975916692945,0.8360410595817338,-1.240804041396433,0.8811036828191019,0.5704429271914447,0.7173795305394777,-0.6855629026753457,1.436504824869268,1.2313776264942562,1.764685474434133,-0.41916317264805003,2.0994728329527526,0.4393316670412814,0.2541091485837914,2.302821721765936,1.5569776637811532,0.9127422741201391,1.2140194178396142,0.18927738235142744,-1.3296205202554048,0.3418866199138151,-0.13955694923083284,0.9334931750722744,0.25118736830068356,1.1179435675987666,0.957415283585696,-0.6297306188080367,2.0970399775773885,0.7603152140479192,0.8220366501887006,0.041633295610110206,0.014491189775397303,0.5318782313718761,1.5047200704570276,0.4444204223771803
2022-01-01,150006,157081,11210,4,124431000,7.2,10.9,21.6,18.3,21.1,100.1856,249035.9469881654,707037.8086077744,2045895.9951934274,241288.0634723638,1088805.4607508532,31.6,13116.2,149.5,223509,15064.75776782944,809,1693,1602555.7377775807,1923,205933.2476397323,278852.0012410797,140.1,148.2,282.543,286.757,112.805,111.976,16206.1,73.77332565045876,65.38887334392238,14.886,1703000,239200,156.49806451612903,0.08,1.7650000000000001,-0.6473813793573914,-1.9566323610602985,-1.7235687799087756,-1.7705481956421691,-0.2980177508154879,-0.25308160781732475,0.09383510328742023,-0.40900419142917166,-0.37022514951993063,-1.7049021023527706,-0.5131180142208187,-0.4918518995457866,-0.725808933132599,-1.8637013040788462,-0.361397112805194,-2.1036973786588904,-0.7528194261522027,-0.05282007991914435,-0.6014220766133574,-0.01708766997304551,-1.271411286613348,-0.7643468974119333,-0.20809409983718108,0.697285336214816,-0.20053529905689574,-0.4471828674278282,-0.5015522037304113,-1.3112516554397278,-0.06302837864612983,-0.8130802370183089,-0.3599603602168548,-1.3500980167935097,-1.760229348312029,-0.09520533897017033,-1.7705232437811356,-0.30854420163027857,-0.5568207889754708,-0.6505499978213488,-0.687636233150224,-0.07593032265780186,0.2037834592560749,0.206069430000039,-1.5822600628033234,-0.8148450408789942,-1.205992195698199,-0.7441743080307943,-0.6673923572336701,-0.5251136719910494,-0.43506681045704776,-0.5107928608023595,-0.07672409853506626,-1.3850762355802857,-0.05623217344781108,-1.3657881581227547,-1.8744531234263744,-2.5869217987574205,-0.7429558754173649,-0.5540237222566895,-1.740172519113071,2.008971884564373,-0.5423271053660372,1.793658501917175,-0.5579537075377192,-0.4778145754827575,-0.0034309233717676494,-1.0900377501757121,0.25678548699842196,-1.525071239228783,-2.2323919396454186,-1.2443325695554983,0.750105580669322,0.36277691331232376,-1.0943187808937154,-0.6344420293744046,-0.14140902192622226,-0.10873666566538047,-4.901869210737983,-0.3206150065702333,-0.5887805446711124,-0.30683874203427686,-1.8222138942276631,-0.6952938026115263,0.23156264403157228,-1.735320593277635,-1.1937256349065355,-0.6766654354260639,-0.8323865167576007,-0.7320311624170304,-0.8192934969291481,-0.4835931652712229,0.2339740144409934,-1.283788654295214,-0.1645979879866736,-0.2644282364680865,2.107656695044964,0.31404940762474703,-0.7397486937826395,-2.0441609053770478,-0.24198681250947565,-0.9023253768866669,-0.1219011560837944,-0.3131727232835867,-0.9094638337443733,-1.3598561638343392,-0.16518177555508898,-0.09809489603314805,-0.14299926301455812,0.22487154575902518,-0.012995493592826753,-1.1928262939675167,-0.5394703168695063,-0.14794034984198495,-0.12510128048308958,-1.3285858943489672,-1.1972412585478105,0.7348140522496099,-2.244254449193938,-2.51382173776775,-0.7929630126884655,-0.7572869331030009,-0.8427300808180985,-1.780239089217253,-1.7982829426724571,-3.539607630758118,-1.457050742786238,-3.8085162956000382,0.050179335626298054,-1.438467017139256,-1.2444928943708293,-2.7510771531735654,-0.6111303156339388,-0.9554323904543629,-0.27933381264032653,-0.7252745913339962,-0.2535921691045983,-0.23225684039515923,-0.1088067907349098,-2.2029929998183317,-0.38803142034575805,-0.4453673534556031,-0.8143265534248557,-0.5807085332471231,-0.42878267472244125,-0.12015224084078713,-0.858473525823613,-0.44578041570248106,-0.2485298791519847,-0.6280243529189142,1.9374922669176502,-1.069656566524242,-0.6871283796184066,-0.4382467585044669,-0.3152985600137766,-5.955401670175183e-4,-0.004189564342521182,-0.5622479690959505,-0.8483916434114235,-0.1965118677437357
2022-02-01,150825,157654,11698,3.9,125015000,7.2,-0.8,21.6,15.9,22.9,100.8064,244146.9626600629,721712.1555287254,2072883.6720461408,240362.73585321358,1090588.7847996405,31.64,13187.2,149.5,224289,15075.217456442615,784,1730,1623385.7108864821,1846,208709.7143763605,281083.2723779644,142.6,153,284.5,288.273,113.471,112.468,16207.6,80.76072300411559,62.09050233328408,14.198,1634000,219000,159.195,0.08,1.935,-0.4899642785036029,-1.8846389905505834,-1.5082534174049387,-1.3223931849532988,-0.7351024084500185,-1.2949206736140175,-0.4335487711415569,-0.8246644181189788,-0.14280208064928687,-3.216724431243167,-0.46919604967345585,-6.081301444088768,-0.9341182760046453,-1.927969674457573,-0.7117862428841504,-2.419284325682277,-1.9102218883723214,-0.09422148065141206,-0.8040904973355191,-0.5899495061244772,-1.2876033938351157,-1.5160041040377183,-0.6655492271666413,-1.2075333532759371,-0.7116792915706044,-0.5434414664361598,-0.937408956249318,-1.0483468907670106,-0.11856400586739187,-0.6943270410062328,-0.571553042124654,-1.2121285305842333,-1.2596420268148838,-0.35680232577225773,-2.0656901483021612,0.2976325304831508,-0.7164721664741501,-1.231997686460098,-0.4632196653508677,-0.8681165220329858,-0.2857565330940658,-0.2745962152995306,-2.194872458641896,-0.9969846725065892,-1.4175195518207375,-0.9322500708319256,-1.4877225954976363,-1.4139390756926469,-1.2846766533098315,-0.6666020476928639,-0.6706847311816051,-2.4172164462808485,-1.2738799185225358,-0.46211145797414105,-1.8054826745100714,-1.9796141271115346,-0.9088002144432125,-0.5641163933425497,-1.785721217278034,-1.178513330330039,-1.4029591911746473,-0.8115072056327886,-0.6691595861295405,-1.612050363875286,-0.22333547104805276,-1.8013580422152038,-0.9233161196618975,-1.8652504053469068,-2.083223571990854,-0.8889720997064734,-0.806785939429025,0.2071551847765581,-1.5575543983767546,-1.234683866021419,-0.3611167775954009,-0.15058999941203421,-4.406698767875055,-0.47827874217112526,-0.8485881457871529,-0.6722349320976618,-3.15778896607394,-1.4279986756623482,-1.0814602774031536,-1.1492495427043579,-1.6199650654656492,-0.7034879239728071,-0.789273748369034,-1.437616875086796,-1.7041853403656875,-0.8240166897752765,-1.9104736213324216,-1.3847571003388546,-0.41977939346480087,-0.6883301264728037,-2.5235970672042973,-0.8773451422338507,-1.7774128413258576,-2.482541673459743,-1.9190782829720325,-0.48506917248113407,-0.8109777443411035,-0.6158030949736544,-1.938718156042236,-0.9774314550929153,-1.1787011097884608,-0.7865930098755063,-0.4417014053566014,-0.6508535004131004,-0.015412241246045169,-1.8539733331795691,-0.6333848004866895,-0.08961914791423842,-0.1503850746972722,-1.2079067017804512,-0.8899557293211482,0.13497738752994226,-2.3296605799767227,-1.8655946850386809,-0.9261047985915243,-1.7776677315900156,-1.7828203145419674,-1.5830595452824139,-1.8398571366131582,-4.514437043035026,-1.6892375856797917,-4.52096657092714,-0.44066534836769045,-1.2465752895723126,-1.3435964637866373,-3.115613396975721,-1.173473859485933,-1.3855125708639242,0.1601793545573204,-0.8086919377717522,-1.7682732393892047,-0.5092690491294634,-0.4728597941745044,-1.4025545993405624,-1.1246887615135992,-0.6968638389254525,-1.2187275414307681,-0.46265588437745486,-0.1040453488866174,-0.43540120706562935,-0.9342510714582264,-0.8280907519551693,-0.3672241972868483,-0.9497835111810383,1.0867981874645705,-0.44925170405960346,0.24920859382664515,-0.5950168768421868,-0.2956779362763646,-0.2263075564911126,-0.011666256653517755,-0.82514403982353135,-0.8217535120586882,-0.4775562038712589
2022-03-01,151315,158238,12301,3.7,125613000,7.2,0.1,32.7,20.8,37.9,101.3907,242470.88731446944,734287.0122041776,2108983.51769572,241381.50940429285,1086597.2446688623,31.8,13233.4,149.5,226307,15154.495977076764,710,1700,1640096.445325809,1899,217167.9668731272,300628.11765630875,146.8,159,287.674,289.056,114.469,112.914,16127.2,94.78548777398248,58.988463326191884,14.221,1543500,215000,160.3758064516129,0.16,2.06,-0.0875070593311037,-1.6057177989689335,-1.9008325673458886,-0.5069768901729922,-0.5022684164545823,-1.1110434124431465,-0.06798154663011265,-0.653144736291185,0.3456501362716968,-1.022504846031478,-0.5842329562368622,-1.573371399817842,-2.1836284717257892,-1.9466139434746015,-0.566021711312108,-2.4920538282553966,-2.3739335980134175,-0.08527078903068752,-0.9259044711556222,-0.5353355382223409,-1.2332035312097573,-1.251412654145301,-1.175752189674507,-0.7722052716525727,-0.6677045864711361,-0.448645787295791,-0.6567663518318951,-0.30481493351549677,-0.33016360496179625,-0.8584169947489574,-0.5733099565435135,0.08487668593127046,-1.144487298314174,-0.27572420809136977,-1.9706423054684268,2.0369305801074358,-0.15845389468017904,-0.6426958828261696,0.4690285981716809,-1.1306246320700097,-0.09870065699280263,-0.41229748018428386,-2.327019574761167,-0.9900799012552515,-1.4062903178953767,-0.7006857208704406,-1.0174397092344054,-1.1505452201734618,-1.1337062909094064,-1.3467378283821287,-0.7486003871483355,-1.5020841299170142,-0.4770181252702066,0.17669652052679533,-1.5312628668179578,-0.9968840728840929,-0.27850190920640655,-0.4406328524319827,-1.9554358437797776,-1.91572681499013,-1.3469842509831715,-1.5980183647435413,-0.8446032358378639,-1.7280683069997298,-0.5862072691570482,-0.4162669493874505,0.3175466884326439,-1.8585014485756686,-2.6766927814195913,-1.454503304801064,0.5081760936291773,0.6484583568175128,-1.1727262220478687,-1.328500720841652,-0.2810476579421194,-0.10748595650951169,-4.1272020906450075,-0.34201570032383877,-0.7771434156253355,-1.2399737700979583,-2.896605221457678,-1.1742909308037812,-2.026622700733119,-1.4216814369326973,-1.590464578253828,-0.5014418264340045,-0.7188589383691335,-1.4136240704007812,-2.015647610493953,-0.7728931122473491,-1.3815994927832786,0.5429645811352827,-0.39978091465211063,-1.0225394443296114,-2.943391584641876,-1.0274735122806975,-2.1614104848594544,-1.0248632896725203,-1.4155608788897565,0.7339524537754025,-0.839994903680477,-1.0122046280849872,-1.6007290325147674,0.4216331230889862,-1.5226634500327736,-1.5258513789881174,-0.4373222013139404,-0.780852853673452,-0.01842769452755872,-1.9866082681344,-0.5479778412684022,-0.12546418158079678,-0.09373233231631788,-1.3493351934122721,-0.1626275071980989,-0.14977442120726417,-2.7443568138186123,-1.3891562538504156,-0.8315895444846969,-1.174883203571917,-1.7780363206797467,-1.584273586349464,-0.4405898922508932,-5.058820104281844,-1.7613110127641805,-3.595226486453931,2.597159731779657,-0.8190245105946952,-0.7237249862577653,0.02828418596608501,-1.0913830074869557,-1.236861993863543,0.7405698338911415,-0.9405717746304249,-1.6352825647360187,-0.5436710867266328,-0.5563685320808488,0.1107777032641404,-1.7064774925443496,-0.7886494046492968,-0.9538725301535134,-0.4593797989402069,0.980833975159224,-0.5930536564018447,-0.38457242321328433,-0.603422007813318,-0.2940132748226958,-0.7595685178710484,0.4621359619536785,-0.5876825109232472,1.4269591207925978,-0.49154807067762474,0.1597109548450479,0.03966118502630905,-0.011083036406030942,-0.9256499698372107,-0.49655425332102016,-0.5813465978081254
2022-04-01,151623,157852,11861,3.7,126298000,3.5,20.3,21.8,16.8,21.3,101.44,243142.7028533603,748551.545134655,2125625.9965280103,242564.3660941365,1088383.6184370972,31.96,13252.7,151.6,228788,15233.599275337074,612,1807,1666330.1745462148,1849,223398.25105389682,293430.12925478176,147.5,160.6,288.561,290.514,114.812,113.307,16125.5,88.64927011113821,64.95814417725572,14.615,1432400,213000,159.81633333333335,0.33,2.692,0.25139450357894416,-0.6715378013062293,-0.09301917076848655,0.03145373832334783,-0.7563241495660226,-0.6665681043245906,-0.32803829268525014,-0.3704941572881395,0.3279224791834638,0.9259164359228553,-0.4357565155004458,-0.0712238184351271,1.1366417915568343,-1.0815530010808465,-0.8375555548966075,1.099137233005146,-1.4716471694938826,-0.16380736573355098,-0.8388704350330302,-0.4426443001409473,-0.08726069380518695,0.2510108681757605,-1.0801918113432143,0.16427180884918494,-0.4606120075810078,-1.2864055526586522,-0.2697307789867048,-0.20933442083222764,-0.3499143820067674,-0.9888965195055973,-0.7244690097367459,1.0494188442667918,-0.9463909724539764,-0.05018066069810599,-1.0341722050868416,0.3096591335281468,-0.14089370048825342,-0.13555338115752721,1.3254955723898387,-0.8082487727018455,0.07116399000861794,-0.2609879452142714,-0.7340008517777885,-0.8711247288535673,-0.8779239192639362,-0.40290859321447875,-1.2891094011980657,-0.9550620546359173,-0.6510168989700997,-1.3529331659288146,-1.0372312531974552,-1.0227299354026187,-0.15609614609344716,0.9596377903580652,-0.9662191454204602,0.43151545636844396,0.32380053576194473,-0.7668131967741905,-1.7255096284334706,-1.111441091548324,-0.6674384005865616,-1.881863266477114,-0.8900811184948382,-1.143239574565597,-0.7076046816268727,-0.7524281768793181,-0.2947961075857292,0.43189178880437057,-2.177573324637836,-1.4808311442601847,1.5316232626220074,0.37524570262083956,-0.6636520362064827,-1.1485712245839381,-0.19958538278472268,-0.11062418710562837,-3.359603738073231,-0.17474065497578864,-1.605887097696906,-0.42445496727593796,-2.3710782117252767,-1.6345343920252062,-1.7976411713673777,-0.832774795314243,0.6300756555978523,-0.45055870100432077,-0.5053338610256268,-1.2084370441118908,-1.0793798608386302,-1.117878186893086,0.17550722498155527,1.1728339614205892,1.1339629935345679,-0.6285570222254073,-1.2554551415402455,-0.8620703282964606,-1.5466454015316258,-0.029926071329631383,-0.20258087979828715,-0.2535652725611605,-0.6510878913326045,-1.6102369232823448,-0.36142229164493284,1.1148302819112965,-1.995722863068269,-2.04741007414133,-0.7578828736492208,-1.2235269704255036,-0.00798044285095119,-1.139509230006932,-0.6889492925066606,-0.09584995120370671,-0.06051436743490224,-2.2746342632947565,0.6135821856322493,-0.15747161268281062,-1.4999290407711148,-0.600210427818211,-0.2780500644086159,-0.7501256565452368,-1.628381287372594,-1.4168603018692687,0.9027546705899638,-0.29093728445814715,-0.7734058626995335,0.9663330246472754,2.6936552417232953,-0.34720831634869803,-0.2579700536650231,-1.0518498943252719,-0.9815158749095573,-0.7946205910417352,2.4323376475170755,-1.0430788275102412,-0.44171627852694445,-0.35670924723380404,-0.4460994042923522,1.6088301256955329,-2.518783314554865,-0.40330947758856334,-1.3074813760952866,-0.2399435464167354,0.42927285216497396,-0.5011602855498569,1.1147583850899552,-0.38256672652488816,-0.28259282308252326,-0.8192679553432253,-0.16370458199004906,-0.9547801085219918,2.7707286403449944,-0.299594081166163,0.7078479621745429,0.11058601516578996,-0.010617114095967207,-0.6508412943230977,0.437316579010473,-0.17029414689416392
2022-05-01,151924,158393,11535,3.6,126601000,3.5,-4.8,20.2,4.7,13.8,101.3335,241281.10798528456,759580.1774507682,2142154.80661836,242052.369616966,1085363.3412681238,32.1,13289.7,151.6,226520,15212.72451850249,639,1546,1665409.218783813,1711,224447.52218134605,293546.8513308807,148.2,164.9,291.298,292.063,115.525,113.703,16103,94.82795931616532,58.26727538292947,13.291,1367000,209750,160.41806451612902,0.74,2.8975,0.28978204526153495,-0.675936713940252,0.11610711532176989,-0.23053248787965497,0.04812206138659372,-0.7417798349441509,-1.4114686080593477,-1.4337149725381013,0.5397164432155076,0.06104484505293379,-0.2957283629682211,-0.1439729980283333,0.03205776271183792,-1.172713651511188,-1.5465575669483527,1.832264465934971,-1.2929820024045886,-0.4328067480476235,-0.7629949238478538,-0.46888119016498225,-0.275881958694818,0.11928979470328807,-0.7376719645524707,-0.8635416061299414,0.0025957705058542286,-2.032295599681558,-0.9176136046037078,-0.12831576152124097,-0.78729112128995,-1.2129166261769977,-0.5226910277913296,0.269372936121657,-0.5934937064994746,-0.35238567500866,-1.9227090424188202,1.125766147398455,-0.472094499080623,0.020646235559567586,1.0586346702707161,-1.357689403572586,-0.1375055442805873,-0.5765396552691302,-0.07881356013391243,-0.8450008418106073,-1.0788898234536568,-0.9131334844274943,-1.6985297638936372,-1.4478066702491688,-1.326492022334811,-1.589383537332518,-1.377393017403791,-2.0243168913440805,0.2904899637050258,0.9629251334731223,-1.9008801331189826,0.2763122978102015,-1.0723547472464576,-0.041150166401011254,-1.1981705105603302,-0.33487657134526316,-0.44114074887241006,-1.2635400324749815,-0.9278541944731526,-1.7786072673781048,-0.8751598731978896,-1.9459184534262135,-1.0630289570960032,1.658004818947866,-1.2430720379167723,-1.3301949865089568,-0.5193079891633696,-0.46760018100841777,-0.6085072330458685,-0.7563453001359021,-0.24612494431838372,-0.18428867059918325,-3.543928613608199,-0.19629879051617427,-2.346546834504164,-0.5849096506461245,-2.26525213931011,-2.8065181945661077,-1.1974359893263116,-0.879556052802414,0.5911012748569962,-0.3485579209768943,-0.24718066791629306,-0.8339154244695771,-0.897079791887805,-0.9815919730892135,-0.36939605557162297,0.8084315660566189,0.6748202299148816,-0.46417506234441314,-0.4668016290364801,-1.4297949092624127,-1.5798039205152425,-0.2740329775737135,-0.2666344769378612,-0.20171899321481984,-0.40208825651554375,-0.5242028281551695,-1.0102415413157515,1.243357249238841,-1.063685321836596,-1.6376650009529699,-1.6132254756991133,-1.0173105973885024,-0.008068434681656043,-1.8716525360466,-1.3871125138632951,-0.11061612502046671,0.05962094697861612,-1.9656803898761817,0.8207919716640821,-0.5282468062030022,-1.596973739215787,-0.693730553568252,-0.4648358847491259,-1.5938881270873169,-1.5669508684524471,-1.4141330889348738,0.8079732895221864,0.5165777490872073,-0.8520910366266186,1.7516736132457045,1.7934276878826514,-0.5619469609572282,-0.06349495530170467,-0.25473389953686826,-0.9023251806142814,-1.1953756782928104,2.0285524280839646,-0.9679598620659722,-1.323487466941881,-0.19465194031911504,-0.41787179735323743,1.1284338440972113,-1.330891504270552,-0.6562832397228747,-1.4566774107158422,-0.5992014415759616,0.7382755078223682,-0.3276775242793983,1.0027953695419907,-0.40551921114313205,-0.35790436429361433,-1.3044232473582984,-1.4636367218896082,-0.9275844582576599,2.13759429149917,-0.19920612811712632,0.6680345952106982,-0.01612693515088329,-0.012621278227617912,-1.045341630071561,-0.11202816500360846,-0.514490749415812
2022-06-01,152358,158085,11283,3.6,127139000,3.5,-1.1,14.5,-1.9,9.2,101.018,244142.56074349696,765323.4794835302,2154459.3398294766,241019.22186594422,1082632.589722046,32.19,13339,151.6,225834,15222.483238738661,564,1556,1646349.3887069395,1726,225131.60376549666,291585.0751899038,148.5,166.7,294.957,294.05,116.638,114.376,16062.9,98.45847836897066,49.2619562339933,13.821,1365250,212500,158.609,1.07,3.125,0.14127501700743014,-1.3200029929998935,-1.5163775984338028,-0.4927934559230365,-0.29044926501540347,-0.5514047264253142,-1.631606076339361,-1.737106052086962,1.3880556560143447,-0.3672991962452653,-0.1208127720489532,-0.10780146683823244,0.3127880951585127,-1.5230228780054718,-2.0300156857802354,0.9005081612954872,-1.3579728741069232,-0.7985748344945032,-0.4889715930119405,-1.041024852900157,-0.7755864343991468,-0.8637035966924638,-0.723969490160386,-1.5626807421505113,-0.4112854883342733,-1.8995528031958777,-0.6340196282246796,0.13526872237066495,-1.5065933547633894,-1.601248104372355,-0.3957033430880999,-0.3854567555850829,-0.32922762453907195,-0.46800696704116135,-1.7477216478490418,2.8258161934921997,-0.284590127805302,-0.6753735351639757,1.0870511206495295,-2.0336636448748493,-0.38847831266150373,-0.6576813656950348,0.059967894741594814,-0.7709600338629391,-1.1074878896244598,-0.9410869312389026,-1.6066554548282561,-1.7702460897034618,-0.8355695946921281,-1.3768726834587823,-1.454717436322527,-2.178405517153045,-0.6375642099611767,0.8319212036886463,-2.3355245510831923,0.27624704208756906,-1.546529296932447,-0.15859705159957824,-1.2780978067153073,0.09401422104036561,-0.29535723744287934,-0.5897211025630759,-0.936327336367778,-2.3554143696921774,-0.7735878638125867,-1.8565614294008819,-1.2668263250252756,0.0840918085253769,-1.1530699027581912,-1.076256163406454,-0.9247372697949017,-1.389151089231109,-0.9343472357106428,-0.5893451894373181,-0.4293958118076196,-0.13875397817727536,-2.042474070617427,-0.3014531038162732,-2.567850025372432,-0.8852728324506396,-2.1642098215315437,-2.8535444369826544,-1.612069968633009,-1.7264913313459815,0.3956421817038703,-0.4514640745713013,-0.31557494551282816,-1.2992612616181276,-0.6281972823630199,-0.8590400095347597,0.34736175052803825,0.7154043035158676,0.5427825968884632,-1.3375852619526032,-0.505976947351235,-1.4333174742941608,-1.8121148923050503,0.7212450527667796,-0.31122478775355394,0.7664413434790764,-0.6319575408193671,-1.1921940963285478,-1.1153423115179015,1.055337760859843,-0.9554651698742711,-1.012925439402693,-1.781521168076491,-0.41300328855094554,-0.002839906907719363,-2.539072641733402,-1.4782166191983197,-0.2505591610454319,-0.2719757955391411,-1.6218713373766345,0.9156134386246739,-0.8430918476353678,-2.07638833432404,-0.5897482974002075,-0.3635378330269816,-1.8273834575120458,-1.0156789636995847,-0.935043713383093,-0.027177690220345864,0.3593042026206574,-1.5486973944210074,-0.40100535707201224,3.3958695783006636,0.37788252506936526,0.7098774534155381,0.45584104427354794,-0.7288082621977353,-0.49496364663896636,2.052370699427362,-0.9176768881239419,-0.828880668185887,-0.13186189729721795,-0.16505976371330427,-0.33145841049364416,-0.685064665325449,-0.7563803236784512,-1.2220092587962337,-0.5625467898082008,0.1359698120111504,-0.3676768916112741,0.6043566486373433,-0.6372411791641075,-0.3005525834062688,-0.9825659893123933,-1.481310395786392,-1.3178725374169973,0.5286734473840877,-0.08700074282352385,0.1252929587107307,-0.12615466742763232,-0.010291539188557176,-1.4440243073587637,-0.4495698852702255,-0.8195407458776561
2022-07-01,153072,158307,11576,3.5,127548000,7,2.1,8.7,-8.1,-11.7,101.223,243897.42006842094,770296.0619389357,2161468.916443115,241675.02636520308,1089381.8967512925,32.34,13517.9,153.5,223642,15236.172201215799,535,1382,1649523.7115346692,1707,227348.64658624204,283795.9033190147,146.4,160.5,294.913,295.088,116.631,114.628,16270.4,87.12949387384144,51.25701570503349,13.87,1392600,218200,155.66870967741934,1.622,2.934,0.2573590202775845,-1.574111690791947,-2.1743925843376832,-0.7728490758902874,-0.4318342393403092,-0.5845129505181973,-1.5344742434720882,-1.1711898747448217,0.9510841736434246,-0.7193765104668726,-0.41938306196759184,0.081835903868258425,0.3424748100094381,-1.6054910898426815,-2.271955798199996,0.5883696488285473,-0.7500270020160782,-0.7389812739030146,-0.3055075453525393,-0.9004149176278857,-0.4111802855236367,-0.5527054452727759,-0.822923040095347,-1.1808935681078228,-0.40177349732337947,-1.491213344350914,-0.26558504853901405,-0.3498033470037487,-1.5107696927632517,-1.204540390052371,-0.41964786674662813,-0.5411666033542284,0.2466279228662226,-0.245453636747288,-2.0065542483197767,1.8346193377687976,-0.06608430721863794,-0.27724153172578697,0.7884214215805834,-1.30541518147829,-0.5257282283535708,-0.3675869523441046,0.426221053515642,-0.705397089312297,-0.8489459198031335,-0.7526005534739947,-1.6266853038210838,-1.673120175546412,-0.7767819950994016,-1.291330816755039,-1.1292877619370165,-1.6518692329655427,-0.6423740333604282,0.3020872750422675,-2.4517886591077676,0.5961687112907612,-1.3438543458437944,0.09664879292846061,-1.3006950030387592,0.2983177443654613,-0.544584999319504,-0.6199175643074089,-0.5868970701693146,-1.6806150320774884,-0.2708486449107534,-0.8138742892117693,-1.4222754722641466,-0.49032852139569305,-0.709975441532342,-0.8356651179635528,-0.6952053805246968,-1.4676489675363866,-1.0109999591061143,-0.6393441787231413,-0.18457442484038034,-0.1412991912647561,-2.109796366653578,-0.2913677655908685,-2.164985200570332,-0.4472614929357106,-2.6334892291427656,-2.9594964135605073,-1.1069459601971607,-1.9693154807999105,0.6646537675301718,-0.31819946636387936,-0.1975646261217108,-1.3599875478683383,-0.7012517133394082,-0.6975459109761251,0.26833486814014945,1.0783669929579234,0.6674555075098774,-0.8054148491704567,-0.8114672690310077,-1.3299250043970363,-1.7696622698572475,0.3754104800880215,-0.5120074623784789,0.5241148686252748,-0.5439786947387242,-1.1710476194870363,-0.8325706897797666,0.81315732950874,-0.5116195750788198,-1.062089957018557,-0.9833532581107269,-0.3692720798947863,-0.003238369223963785,-2.121947372092779,-1.4796811116441313,-0.108129748021741,0.03210244792485338,-1.666311387458616,0.8262057224578814,-0.7771409812746716,-1.9170104232757978,-0.3338532589894514,-0.1728834435269793,-1.6730985466074617,-1.0677039853544152,-0.5656057431531418,0.09763898028584074,0.719074366360641,-1.1322760794933047,-0.2945705998438976,1.584842082316267,0.5518936314228284,0.15549400155340018,1.141834888649964,-0.7017081879552464,-0.7749146280105155,2.4012150552415394,-0.6324650767469415,-0.1590061052890513,0.03619663406245845,-0.20073712100783497,-0.6383495533286976,-1.1204105271383409,-0.8951478591144264,-1.2999402477089919,-0.2249222958483293,0.5432708184381728,-0.2211186882095377,0.4840352701374404,-0.5419587755422891,-0.2654802804951799,-0.6290325772916983,-1.4741774263476122,-1.414446201102612,0.1987407358982356,0.10813327018458431,0.09329001240141335,-0.08000877559416675,-0.008638525658001208,-1.6996356111070916,-0.6336380882298897,-1.0923366080711936
2022-08-01,153362,158744,10092,3.6,127913000,7,-28.4,-0.9,4.1,1.7,101.0963,241430.96549129585,777624.0637504702,2174638.8091361197,242504.01860528745,1089759.3966961934,32.44,13608.2,153.5,224864,15319.00885803208,634,1532,1639985.1226102123,1565,227049.48869660383,283914.4635589452,144.6,158.3,295.097,296.535,116.956,115.276,16367.3,80.08994835664694,58.92177264947794,14.184,1417250,216500,153.44774193548386,2.33,2.8625,0.284103571248417,-1.235278867178336,-1.153993510157536,-0.6405938762479768,-0.35855812123815445,-0.8464663806774632,-1.5743957064634444,-1.1046552311016338,-0.5117295495236109,-0.36038309752890213,-0.2860982803636609,-0.17343131633051115,0.18367507741591302,-0.9094710074777129,-2.1363689484575237,0.6116238429426208,-0.412748388504467,-0.7204990290263599,-0.3076680720728333,-0.4382005646278317,-0.40507800902788205,-0.6129345076640583,-1.236315140385643,-0.9517235203234172,-0.13927334561526092,-1.5033189510186677,-0.18299993019124927,-0.6458757844071789,-1.4857695776760413,-1.0717048878988924,-0.5067135021259231,-0.6428250701612742,-0.15774956270552867,-0.07377536467844663,-2.0969864651510433,1.1584482635757072,-0.5738223575125402,0.45231939448319497,0.8669568131970347,-1.1071809820223406,-0.7114757215326242,-0.4631382874732965,0.6418057423065309,-0.30411658428376953,-0.36737179726400643,-0.5711637518343501,-2.261029901047637,-1.1002215580722539,-0.4230029708739904,-1.8203065060551393,-1.0293062323313975,-1.3909969446496842,-0.5037676753906088,0.14522689909408573,-1.660366561996995,0.7613839611022868,-1.0609181958718137,-0.27501290412230833,-0.8387870730929593,-0.015073260191610042,-0.6507025300994298,-1.295780108954363,-0.713283505600693,-2.041307955998104,-0.7398765555941739,-1.2914369210569057,-1.7988708092498926,-0.1619999409122772,-0.9382754861043471,-0.8181448408275291,-0.21679764624779702,-1.5654732420396202,-0.9729163934615401,-0.6674073427448862,-0.3307824846143904,0.049534555157323024,-2.248977751573059,-0.3525573601565667,-2.010853764200256,-0.9654089636586296,-2.3652007709997105,-3.1693057321338842,-0.913004033182973,-1.4987512215072667,0.6451214096766277,-0.19559003092169072,-0.823302290647916,-0.8532129715099431,-0.623176100602292,-0.6747561723352227,-0.3953858275760054,0.7288426560669242,0.7118594264581829,0.06477287485794628,-1.7189990771697816,-1.1086398052032662,-2.200946389993418,0.8437367241128491,-0.6258240499080363,0.11681328620598481,-0.5053064591985621,-0.9035715744037395,-1.1593030644345403,2.372254446753734,-0.5243142809968326,-1.1708356283737849,-1.3561456896506499,-0.17726768964406275,-0.004881845589345731,-1.6776242852407373,-1.3236635498562317,-0.08404885964162437,0.07364007328737905,-1.4861924977803007,0.6480846564348794,-1.737028318541369,-1.324800352830975,0.3543004782563035,-0.15298265424063537,-1.9879227668508974,-1.398341628861325,-0.7323254412303822,0.7460382062863045,0.8357994779043395,-0.862808706555962,-0.1913762555978749,1.1530664934266819,0.12654524641205595,1.2276542429529833,0.06558452627691443,-1.6271994269372778,-0.5889169779310444,2.82116544261819,-0.5661134917899183,-0.7758973097062705,-0.12291532132390352,-0.1932897629759938,-0.9221641080180789,-1.1593591049959922,-0.6951551498790987,-1.1842733763933844,-0.5049996278049014,0.9549104558831336,-0.18770438128250902,0.5990349495548923,-0.18593640259802902,-0.30099909916703593,-0.9100647414033904,-1.267232744739407,-1.386364081609876,0.6371932700512103,-0.13457491236423838,-0.13078210981067226,-0.16432637756879856,-0.008363673387294131,-0.7201973375920514,-0.2629249619298211,-0.8785795701600021
2022-09-01,153582,158814,10800,3.5,128252000,7,-8.9,1.9,-8.3,-14.7,101.2918,240630.13862027245,777511.4806894377,2182940.5653912784,242815.51660972473,1088285.8627770063,32.57,13708.8,153.5,223336,15329.851496536623,552,1481,1634040.7766824856,1586,223550.1103338985,280555.67388878,143.1,156.8,296.349,298.226,117.371,115.788,16423.8,71.78945395370236,59.10475876058905,14.12,1394500,197500,150.59633333333335,2.5220000000000002,3.464,0.07616802128925584,-0.9818265016907057,-1.0761986183760235,0.4257820014301814,-0.3661258607032199,-1.592154526298605,-1.7869222844352302,-1.2566136917466264,0.10650518977324076,-0.41742251339569586,-0.5219530604380452,-0.8846885874485436,0.125138472267195,-0.8107522419989371,-1.1692760338695098,0.680084771074627,-0.9411666205538756,0.055330993626097544,-0.4615840579302898,-0.6705647121080588,-0.6938345300521181,-0.35387656242249366,-1.0801792515284319,-1.038409465927923,-0.9399787157465612,-1.1433480256196893,-0.2967944164797983,-0.7423921997116907,-1.3462024718043784,-1.1105308168122026,-0.37437194418735437,-0.47166525171451495,-0.2620409255397915,-0.18998748309056257,-1.4988693905501331,0.2848467070098333,-0.7821008530085423,0.7097412599879536,0.8734907139811372,-0.8143329283941507,-0.7339519035969927,-0.8910786846982126,0.37630513306184465,-0.6442728870353482,-0.7163209997748105,-0.9225075355879063,-2.2304052330221094,-1.2579331217780063,0.0502436107650365,-1.8707317175394336,-1.2651236232991716,-2.022467955674911,-0.2949102104922961,0.5556937891787952,-1.0982442305489535,0.8469121018085162,-0.8081965361502984,-0.30235864002384133,-0.7229688713147887,-0.15921197567271445,-0.5625766145319053,-1.322865120202899,-0.69478014492757,-1.8987186223359003,-0.8622858295711209,-1.9878640227845605,-1.708428913298031,0.6228468323507311,-1.4849638884054557,-0.8302548187587615,-0.7400900611986381,-1.639178736144751,-1.003827078470968,-1.0342522605857485,-0.3108690363936474,-0.011161945642598124,-0.8691325288383308,-0.39997034517316404,-1.8459762160714754,-0.7635109305684127,-2.418971087457718,-2.68418981402506,-0.8636977727350166,-1.4286679611366335,0.274900734582935,-0.12577051378378765,-0.797627220362029,-0.7875443879371326,-0.8078895802802405,-0.854786918384352,-0.8094977407084395,-0.029179710991290048,0.3010305903086838,-0.6363910051382564,-1.8108590944750778,-0.9541127389306178,-2.146877429590054,0.5047197633771541,-0.06617728902884008,-0.27794109278693624,-0.6694566055707935,-1.1958589245067992,-1.2349453719427739,0.4842809250497654,-0.559035710860488,-1.076191584980456,-1.0750808923687847,-0.4135476048500571,-0.00330020550626098,-2.1245754721251866,-1.1555064254170422,-0.11482739113813485,-0.04056347010275308,-1.1120683117627936,0.7615315941934875,-1.6849652665770556,-1.4477207422266076,-0.2915218459416081,-0.5665029313692285,-2.070919335772394,-1.3522430996819408,-1.105559169579053,-0.1272656399947969,-0.3512386026297321,-0.4436834361803357,-0.21598026583633997,0.36757591789562266,-0.6242753629141702,1.997944878885642,0.9165104857913248,-1.8958342875651288,-0.7767303834780706,2.008212868988515,-0.372926317785757,-1.1473295126638854,-0.23635336069863713,-0.3047614010756843,-0.045877183310133775,-1.2777989818687037,-0.9721094257089058,-1.3663209039273836,-0.6709270531566843,0.38000686361968894,-0.12234537454445422,0.05840152712470055,-0.008567252071799035,-0.24363137145472136,-0.75743290811067,-1.112491062130068,0.07025011420372591,0.8642784835588551,-0.3968934016688609,0.1696928891324463,-0.1283071241000861,-0.008057124787315491,-0.37696922977774366,-0.020472587942873377,-0.455034305412017
2022-10-01,153939,158671,10447,3.6,128503000,-1.7,-11,-0.9,-11.5,-11.6,101.2529,243447.62082446428,777984.0398917901,2186784.0991178104,242556.3310407992,1088594.7133201605,32.7,13686.5,155.3,224381,15357.660767136762,586,1446,1623459.3237730986,1583,220502.20914356463,284103.4947718349,142.7,156,298.007,299.399,117.919,116.204,16476.3,74.24588064688471,61.32168584392238,15.099,1411400,202600,148.51580645161292,3.08,3.9725,0.10448069731698678,-1.417877205209955,-0.8809381246358101,1.5385683324715784,-0.4929315874352177,-1.2413719160625294,-1.7194426721824176,-1.2641628106664973,0.3534099369447188,-0.6506323775496693,-0.4769825822036827,-0.5080230604024262,0.15174588838329656,-1.0551649109774246,-0.6972647852303359,1.3275465908835882,-0.4214249362063536,0.08246232077702634,-0.2561595132531855,-0.49472527659828897,-0.5106041286995899,-0.28524411259175886,-1.030112616789442,-1.1573762456162575,-1.58211807155848,-0.773306354718811,-0.3263252995460514,-0.611933339769604,-1.106460125965493,-0.8776753995353356,-0.2710763695167526,-0.07138449681294148,-0.3739697468472091,-0.37127847661657687,-1.9549394160961593,0.8548100448438524,-0.8901791702755415,0.5526545422585359,0.6490520759183299,-0.25327335912785215,-0.4052950408219443,-0.6628831660216891,-0.06259854277518152,-0.6536919412379447,-0.7738948046876711,-1.2124250110735089,-1.72772396803446,-1.1196980501455052,-0.022639413647713314,-1.893129962567429,-1.0527035470146604,-2.4865603302278805,-0.027117464721789074,0.2410871601975447,-1.6306607318414303,0.9879083415202503,-0.7969955999020194,-0.09416208632539792,-0.7261876504487474,-0.12373440312708635,-0.999798078867018,-1.1087275524636375,-0.5243611017794156,-1.9387270946345132,-0.7460530870297181,-1.5272660474498803,-1.3586913323298,0.7761192300077295,-0.5955360462008424,-0.5537006771250174,-0.48512573729081987,-1.4594441503214504,-1.4232547119869587,-0.7005687194301814,-0.12315774313225362,-0.0692866435004,-1.3927015131192608,-0.36629331325871534,-1.430324338191533,-0.3952079548728364,-1.7905996671539486,-2.287790847045547,-0.8611344147892749,-0.9675327491605471,0.4903752843556468,-0.9311862882171481,-0.4002312386393755,-1.0058047160597132,-0.6632901390849699,-0.9180306218723457,-1.6385045161138672,-0.3178346626518644,0.47131841092147997,-0.9200934820391041,-1.0692121805374835,-1.1120893042407194,-2.0748830660598356,-0.6253190620731627,-0.60916744133799,0.3478940375735205,-0.7355137150276615,-1.9691556318435133,-0.8189916274327071,-0.01451264135028564,-0.3521012478372532,-0.68168471251983,-1.256604326075273,-0.6176599592813264,0.0010480243236645878,-2.059856489363165,-0.649081603358375,0.030983063567857103,0.11919234144595123,-0.8480898976322845,0.8157609943245362,-0.7626451106354182,-1.6505302479780548,-0.9701527993710656,-0.7296338750412312,-1.6462774902169266,-1.503982174290235,-0.922082465026277,-0.08447814274999157,-0.518123185371947,-0.5472557777202495,-0.8990937290760278,-0.18723574134993895,-0.7155652938724881,2.7152578207494487,2.0265273381391142,-1.1841105554541747,-1.152018321643834,0.7219314050079613,-0.633926232451574,-1.3056955663530496,-0.08738242750172656,-0.3438296358033453,0.6670185092418583,-0.865353291915241,-0.3284393897343625,-0.9659616151660297,-0.4649215810003302,-0.16468541186023314,-0.25688821885187313,0.06691070784657348,-0.016008072423305496,-0.17837652527941644,-0.30763427497037943,-0.4920453825867169,0.9253547819592489,0.5302673197575686,-0.6725190066765703,0.09560030655002881,0.08233742251435304,-0.005605768410483382,-0.4401506083346224,-0.3265972407421631,-0.39653901237229855
2022-11-01,154242,158484,10632,3.6,128772000,-1.7,-9.6,2.9,-13.4,-4.5,100.9552,236073.0477737177,780923.5011503586,2187113.7489049574,242961.6659899851,1083419.6102314251,32.82,13681.9,155.3,220712,15316.686967113275,592,1434,1623644.9451887943,1424,216456.8953850318,269413.9937745297,141.6,155.4,298.786,300.325,118.224,116.539,16502.7,71.36452835295711,58.052675427255714,14.583,1458000,210750,147.735,3.6950000000000003,3.935,0.05720560231060663,-1.7623738764774488,-0.9012547526470168,0.45236791061977766,-0.827938166206025,-1.02508116470179,-1.3609069480022196,-1.7103228959508727,0.2006010124246816,-0.5013539652645016,-0.49034976622705034,-0.02716430499842266,0.33078549971595483,-1.6824708515272426,-0.37627231374881365,1.859611165598991,-0.07880044881319588,0.7008553612183996,-0.2493378952594579,-1.0250159621333423,-0.6112348329643659,-1.0566879036355301,-1.167162288437329,-1.5222907930505094,-1.0964936600128343,-0.7451312248552495,-0.6429821869216029,-0.8620914028558467,-0.7999742563932908,-0.9791162536758696,-0.4594553377321041,-0.8712103345027234,-0.570653768094216,-0.36320674355337135,-2.182725836695615,0.5838941487547493,-1.0574261709893649,0.2296013971624264,0.29143338111058587,-0.5781605326984496,-0.5009029226043072,-0.743656047790323,-0.4228685724914988,-0.732131780955699,-1.2031329095896808,-1.2446684719745031,-1.470303157554779,-1.1350009037449311,-0.08061171819291602,-2.214782879690404,-1.3000075206351238,-2.2200654159579196,-0.05168935285984142,0.3115056419429945,-1.2903931112067417,1.0737651380616757,-0.832281332278957,-0.4959082570559976,-0.5877082930706621,-0.09933370810363358,-1.179641303783109,-1.0200180882752183,-0.7398853225908661,-2.0653695573467727,-0.8616273323236676,-2.0140737219780904,-1.511260294100265,0.35355211879532794,-0.24868206251942246,-0.6857723278008478,-1.2046421086765406,-1.9829117954566626,-1.8317066158876485,-0.2375097041757041,-0.24148827564104935,-0.006462919531609513,0.5704798509646425,-0.5411080374628279,-1.3340845621339008,-0.7032277151007875,-1.7656702179757582,-2.6819454951538546,-1.039580322551327,-1.294851353759699,0.47700402503658107,-0.791047621086146,-0.5701401859670222,-0.8906877572991764,-1.144661740012456,-1.0307230003101138,-1.9811568422909553,0.06384406403908366,1.6245613267079366,-1.0997554553794004,-0.5623578815769837,-1.3725135556401244,-2.1550789473083047,-1.446360875344894,-0.09574885639338164,0.16578578900387075,-0.5954592312940514,-1.2402966767606318,-0.6088514012880137,-0.3201844737089487,-0.6097649277690201,-0.6709683833604814,-1.2962818279799757,0.08046190632217284,0.003708711162889642,-2.5115443896579723,-0.6231263929205604,-0.03757788049780671,-0.07261482694109628,-0.9454929651809122,0.44428466111132114,-1.752449415645392,-2.096211141829046,-0.5038349330460722,-0.5868601763033487,-1.6380283232399047,-1.6863092961515693,-0.6094934800050914,-0.32775286351024185,-0.30547199123584645,-0.883810566643123,0.5152503325111562,-0.3164713133773812,-0.6213635319380725,2.5212139701609093,1.3024712564110472,-1.462647476852347,-1.4740800951326023,-0.09487492770119874,-1.2228934531860989,-1.4737269052220385,-0.15682028816558663,-0.3543119567242125,0.5075939924533655,-1.1519647002135818,-0.9084207123763072,-1.0279290067042939,-0.4318887590613684,-0.1845029533714417,-0.19724631003362542,-0.277130531074798,-0.0788012483919178,-0.2669536799686914,-0.4785280984007873,-0.8600146186967025,-0.1126465186402558,-0.3467517955621655,-0.5050133867917895,-0.13171812931842108,-0.603171748652927,-0.013073139576022819,-0.23406459909460217,-0.6239391354561868,0.6878182155879564
2022-12-01,154342,159202,10902,3.5,128963000,-1.7,-9.8,1.9,-11.4,-11.1,99.7664,247802.06784700634,780738.1065008786,2181380.638493398,243205.1628598459,1091141.539397216,32.94,13699.1,155.3,218103,15303.165968374105,615,1296,1627649.0066225166,1398,214189.41748884987,271945.53318015946,141.8,150.8,298.832,301.394,118.384,116.952,16578.2,64.56953642384106,60.086876816144596,13.874,1566000,208200,144.4206451612903,4.058,3.638,-0.2841110651747693,-2.083338054860721,-0.9176244781939582,0.24189701469071012,-1.3716385572568828,-1.2117705242741152,-1.7232019782482797,-1.599433752759429,-0.5330351495430335,-0.9747330462743908,-0.523898308498571,-0.6427646861539971,0.37598766951530793,-1.9509804312054282,-0.25738261234940585,1.2771320105718833,-1.186113177166122,0.26868497332243996,-0.8049199364945228,-0.9455474128127105,-1.0090502375300867,-0.6530632909634215,-1.9731456233259321,-1.5621169879297143,-0.6411739302934485,-1.0938740606494028,-0.908938435755916,-1.0835173749423868,-0.6757388321445629,-1.4106997505838834,-0.5956973780004393,-1.1079462382561776,-0.8429792390223794,-0.4539741539543578,-1.6426261816789622,0.4474754146795618,-1.336248657748662,-0.8939981636513166,-0.2056103148398703,-0.27069675180884806,-0.6319443017821185,-1.1634088634752737,0.0849828456564986,-1.1321211206405375,-1.2755618367677317,-1.465462286461372,-2.249131177229491,-1.8192371808734036,-0.7478079279776221,-2.4425855138979466,-1.1598587376101939,-3.010910577337928,-0.6482196429811121,5.127830922048124e-4,-1.5260781713745548,1.090566813883419,-0.42162516071964834,-1.7174315841081134,-0.48846880371259477,-0.3048357522786792,-1.012585616240262,-1.1864451014065056,-1.1397006516560357,-2.303937976643964,-1.3792622349276789,-1.028243884828462,-1.6108685250018455,-0.03552921082846034,-0.2982775566884553,-0.9680823589737658,-2.0760782855375264,-1.9359289940368951,-2.231249475486444,-0.7603795013697516,-0.4033798233415689,-0.1369748864389065,-2.585773173702841,-0.6740437059588539,-1.7222828573070272,-0.8391801714676463,-2.0960511847094745,-2.588266198079825,-1.0720362108077301,-1.4979849034257104,0.33209139566196805,-1.5726749887164202,-1.1013021154653537,-0.7249108034740822,-1.289967878083574,-0.9740349497550611,-2.2356531160076973,-0.1999707341689924,0.13229818314789818,-0.5290289149469083,-1.0194583833860786,-1.4622393117625916,-1.817466545606404,-0.1768234893379996,0.38396304531183695,-0.06551697802271915,-0.8842507076249468,-1.1203620328263084,-0.41739693989657956,-0.7749629535566287,-0.749023620035775,-0.5977623410270625,-0.9576697012890291,0.5023335005526172,-0.006911339130357424,-2.805711642639097,-0.8119969422457805,-0.286008145330692,-0.5178082051818278,-0.7592867869534571,0.11809866178070548,-1.816776650021926,-1.276371871561861,-0.4659915357086006,-0.8493019615043349,-1.306278326433177,-1.7412273561529752,-0.648518377253754,-0.616663929436215,0.19690723757868434,-1.007301615427072,0.09388143675818887,-0.30939721176494556,-0.8275553334901569,0.8781853909304492,-0.030453618107555716,-1.5978724336977081,-1.5084876916175225,-0.4699513294436118,-1.578102488822398,-1.5004406549498555,-0.4262836816974485,-0.5619317480008237,0.17322695083975112,-1.6194116122268882,-0.46416520961475466,-2.154332172413357,-0.8352717203923808,0.822355767902131,-0.27680938286424855,-0.5564914437013029,-0.08355279061747056,-0.6404686578814194,-0.557788742544184,-0.7190364623593696,-1.3474197124359377,-0.5285969054300433,-0.6393846926685607,-0.5149634152187665,-0.8041776563247934,-0.018965683868797153,-0.28031657400492566,-1.1771812974055322,0.39524052434680523
2023-01-01,154776,160173,10318,3.5,129150000,2.2,-20.9,0.9,-12.4,-4.7,100.505,242714.54737938798,770509.5027642878,2176579.9941000068,244024.43327899982,1088651.2964425548,33.02,13839.4,157,226434,15501.100673847652,653,1358,1644808.3483170613,1418,218015.76232166562,273643.4824984456,141.3,151.1,300.42,302.642,119.018,117.505,16906.9,65.6371305180729,63.08887334392239,15.657,1604000,204500,140.58225806451614,4.33,3.535,0.24393140344460304,-1.1950897222881356,-0.281148363427134,0.5449231098933937,-1.3741568324523254,-0.7181144577506772,-1.622160922836295,-0.8793793565805771,0.16701643513272615,-0.7893973132606064,-0.5373004239663624,0.06868527686199047,0.8409750504826567,-1.2675188787471343,-0.054882071740138635,2.0100798927601935,-1.5622227264412003,0.0870696984403417,-0.7463919527918517,-0.1616380635317446,-0.26697737760675744,-0.4056188903679718,-0.61419909884959,-0.328923937189484,-0.5760831795269955,-0.4314427097982957,-0.43636010549606785,-0.7164727233730666,-0.6309520296426029,-0.2120747070263535,-0.32233583937701205,-0.36518607811648723,-0.0772642621042116,-0.36094776710966125,-0.7909650711821761,0.21511795824393823,-0.574701705775102,-0.17023764388329385,0.46703670698337224,0.189089140729608,-0.277270754727362,-0.55639294859333,-0.24766507929582504,-0.37345558340679225,-0.1911864847777673,-1.2286697860287616,-1.2056870178774808,-0.7010146138601754,-0.35152960578975145,-1.9492730656756523,-0.7890538494054379,-0.9988722190963889,-0.32953062362181446,1.0797602810124438,-0.7027942117179787,1.421912476040251,0.3557131358694599,-1.0118805965659963,0.06633417587970368,-0.2884255100720441,-0.40349708343385127,-0.5406781610269898,-0.599703815605069,-1.6434534338104672,-0.41228411944004134,-0.029457384388580088,-0.8957602347947428,0.29061954674977747,4.542463019883678,-1.1665604759507346,-0.8154183620192919,-1.5783691847750418,-1.5422244845935726,-0.2759468366700785,-0.18015367158459725,-0.12513943046934228,-2.3156011756337516,-0.20493715774284407,-1.2147558258219626,-0.5514853009517202,-1.1010504638018002,-1.1141749915307748,-0.9154590016951475,-0.9861795423355226,0.6443379059257727,-0.6758160017627672,-0.6971977301748532,-0.1928086213423908,-0.6718487990960577,-0.5370422340430279,-1.5480092727690324,0.5331451934291119,0.24568725638698224,-0.520911713402874,-1.0251908945995911,-1.4744051050899785,-1.035615731835338,0.48301304751850993,0.7770868208563325,-0.26023863772030076,-0.4641436479858534,-0.7461755128081459,-0.32197762345259157,0.402323273292869,-0.5906639164156299,-0.42909139605048946,-0.8551146395656686,0.01648443443982519,-0.00429760459362953,-1.8874357162229431,-0.6634642214054252,-0.1473270115882014,-0.039447662564995996,-1.2961349322604263,0.6179828606047898,-1.659861872458422,-0.9909922029550355,-0.6508335136279162,-0.5584881554569181,-0.5864755637733228,-0.9849606246295278,-0.5209207098472333,-0.2563194660182118,0.7222995858743256,-0.3910998408106291,0.12380198993379839,0.1772489402232847,0.1420962359335177,-1.2092866766591133,0.9570937536206922,-1.0061678012171231,-0.6696776308675821,-0.24096436737956645,-0.8056198064986959,-1.240522458796338,-0.2280290885209782,-0.3652933070660035,0.9539067790787354,-1.0050147769020668,-0.7270959940640239,-1.0541242246161253,-0.5014631571338412,0.603613449362481,-0.28888122007416106,-0.04523728828050833,0.009884344963914398,-0.25829001639142696,-0.5896299947572339,-0.9840294517548263,-0.507372805682536,0.34174391197841136,-0.37429232566879816,-0.02898716794772047,-0.3994385984747264,-0.0111028820220336,-0.49873946184399853,-0.025761297106588015,-0.09773507234868965
2023-02-01,155066,160457,9857,3.6,129300000,2.2,-9.8,-9.2,-22.2,-13.3,100.6416,235147.31630490327,765515.3348021681,2168808.3434622693,239568.89979810503,1085425.8643366368,33.15,13889.9,157,222973,15491.124161214384,633,1395,1651331.5852524524,1605,212762.10741482297,268000.90475751663,141,151.7,301.45,304.123,119.369,117.929,16998.2,64.363444445375265,66.19050233328409,15.47,1646500,214750,136.57357142857143,4.535,3.7199999999999998,0.172957892223344,-1.8381095156956044,0.19118886974319263,0.6843450431455053,-1.9415830634163491,-0.7468984772204393,-1.3603948102845573,-0.48097908121485017,0.5989555159458747,-5.913197987506003e-4,-0.48943275186800933,-0.9356788359316675,-0.04588869830911926,-1.036045676913885,-0.22885190745459252,2.030402396266366,-0.7852620692183557,0.1275534193803532,-0.2615540314495364,-0.4044225758973525,-0.048454886564298076,-0.8474619891833365,-0.7789365186397595,-0.8945851937481877,-0.5694915482195355,-0.24648366307476352,-0.3017066504726992,-0.35434395830918014,-0.47671174875675937,-0.5598429561968782,-0.21212483061054682,-0.28714428862479763,-0.11240367371169237,-0.4725931962420052,-1.3407940891738905,0.06530176584400546,-0.6618248870324109,-0.3248145914662446,0.3502195510452267,0.20234017465931442,-0.5370553936192757,-0.7167737983594894,-0.3374560353224349,-0.4318301527555819,-0.4932239834235447,-0.909661132225811,-1.1554385662787598,-0.9141816969431743,-0.33854318489680163,-2.168861811167893,-0.8595709233044981,-1.2622456763235672,-0.5919595673198612,0.45682777760358584,-1.4891309532635313,0.8782017454476951,0.09751628817058529,-0.5483017075032302,0.15212470586160978,-0.28229223667840736,-0.39914832798816974,-1.4577966610359305,-0.40336378366791986,-1.7570298659424648,-0.5944487515839529,-1.1712575584899048,-0.7776810673194293,0.24371789950576597,4.253762331849138,-0.8221784809112196,-0.09470061903610066,-1.5449522229887285,-1.3215363718947712,-0.5522220077034561,-0.07820582027307423,0.025540018007706562,-2.3875904503725782,-0.21631244927851964,-0.7424044615359009,-0.43153263787567947,-1.948782073186803,-1.6411044559087253,-1.0732850376831793,-0.960580687259616,0.599100271815021,-0.3410504215425698,-0.49192620642905344,-0.6321128156942531,-0.3640845789156617,-0.788735571657212,-2.0605727092325954,0.4483286258648798,0.2865054503831428,-0.8791596607465635,-1.0771910566596319,-1.1520189831775345,-1.3129059725024617,-0.1208758121810414,0.6131054014364329,-0.3386939139754871,-0.6269670898498044,-1.0149852803365709,0.8772210798650927,0.16980900434883944,-0.6251285518165968,-0.55660531252115,-1.3478600920366441,-0.7347181618255456,-0.004974928676055177,-1.7816203602320704,-0.4844534142314528,-0.09974172307713423,-0.19155840515781497,-1.0130454612600268,0.5597725544796405,-1.8984141214993704,-1.7509750324305917,-1.4695238736144864,-0.325775186871603,-1.3752139518968372,-1.0385928130493989,-0.7412364580468696,-0.14808829773916732,0.16917365353598154,-0.9141642698296586,1.3015052405396872,-0.2937714757476501,0.22999792734506594,-0.9111882447495435,1.3028319908192152,-1.1137292725233285,-0.5087987610766305,0.34708953528452885,-0.5338648746727588,-1.1721540633890395,-0.13821478642591206,-0.31565399828548957,0.108465546361442,-0.8143954425255606,-0.6662413939192696,-1.2313276828086204,-0.4534939261221039,-0.42925382949931545,-0.250460668339176,-0.6111300871074823,-0.30865066358640186,-0.16306996598300727,-0.8188058454467051,-0.911828357899831,-0.713002580305133,-0.11714154129627777,-0.5374370144239458,-0.16120593680779363,-0.2774027027750677,-0.010699798089339243,-0.7378871522521818,-0.10227950897129898,0.13441720258576492
2023-03-01,155134,160848,9655,3.5,129376000,2.2,-10.3,-7.6,-25,-23.2,101.0205,241989.99481336478,764286.6703475046,2169870.119017478,240741.85614616273,1089368.2343689871,33.27,13935.7,157,220353,15493.315933008753,639,1366,1673469.5243353578,1472,217099.16511904166,262373.4711974435,139.9,151.1,301.821,305.147,119.538,118.315,17098.8,61.30268199233717,61.588463326191885,15.621,1683250,229000,134.95225806451612,4.640000000000001,3.684,0.20861455851553196,-2.0018003875633177,-0.010652131892054016,-0.2253691608418586,-2.0317177060719627,-1.0591409661569626,-1.8802748918188994,-0.7114196292328602,0.8362773709149502,-0.36913819316743346,-0.5846969806252398,-0.9173157565916695,-0.4488122327553728,-0.13571414374086366,-0.7893865763809972,1.4419866196958173,-1.5772424840192736,0.015573108217004096,-0.25347095431347166,-0.6329471273681139,0.10403760692201652,-0.8917797852161563,-1.3404293001349332,-1.229119615568215,-0.5043124473780347,-1.0818536949087925,-0.7511822118667849,-0.4896573982232091,-0.890490719975258,-1.5437488269378628,-0.4532607665189083,-0.27756828885164225,-0.7821549052687505,-0.5578621418187669,-2.1206939016265705,-1.3488207432742523,-1.0647649373354606,-0.23496466745866199,0.4192557833326601,0.03231305001872761,-0.7153933223814715,-0.9049920705837947,-0.5794131980361015,-0.6490820877363013,-1.0821991461106322,-0.9705551857180916,-1.5656448180920255,-1.5931457160184443,-0.6701943183861943,-2.069802080584095,-1.6008429511774787,-2.5969919870147877,-0.5689608886220648,-0.3546132221797429,-2.2140010340932132,0.7827779344121588,-0.5067243087436164,-0.5259671877472837,-0.27999923179743896,-0.5279403460366631,-0.613231125836197,-2.2440252097947586,-0.5466221596591201,-2.579059454133702,-1.1348928940135463,-2.043882094455832,-2.003998973092843,-0.16392729724964866,4.033935970584097,-1.2728716498932704,-0.8959520849536714,-1.5661536060781656,-1.6450631369363238,-1.2257751224721596,-0.3790468409253435,-0.13088185729866386,-2.1504291448912323,-0.2957645528673977,-1.5721841439750843,-1.1074248800766737,-2.493523465556908,-2.210697528501332,-1.608517812477671,-1.0141797340998366,0.21891498612151972,-0.22804400245112597,-0.2522830050281486,-0.9038286456046886,-0.6792784204295342,-0.6164233697734565,-2.4343793714636224,-0.5836753306105873,0.1537170681678129,-1.2757516571963123,-1.132748777970574,-1.999784630440861,-1.505279140561265,-1.01084636927918,1.2170699023302398,-0.9558470102273725,-0.861362869997539,-1.845820186889824,0.7240267718291546,0.4685522667860536,-1.6141653001107343,-1.412258974452294,-1.7559291765984963,-0.6693140768585806,-0.0031288074277423233,-1.9690236287147105,-1.0844303443475052,-0.04124527283932082,-0.2735171948619567,-0.9082918007240907,0.395820811000192,-1.8880451507344302,-2.1966155857491,-1.2098700580387909,-0.6608232582159959,-0.9350007477801798,-1.236006858092473,-1.4481357457540098,-0.7371094670540524,-0.2867674353496952,-1.003074903402825,-4.184223749760993e-4,-0.8746635319441673,-0.7323274515753613,-0.8248501341424568,1.3768147681386294,-1.6603028272147216,-0.8278723579792457,0.706614768920515,-0.7678240535319387,-1.7938993349477523,-0.12813210213237894,-0.34854303126609226,-0.6698435503584849,-0.9291740216988538,-0.6205076704628594,-1.456525301505272,-0.7301676771572989,-0.5387994874783764,-0.4289414168945809,-0.8626989582805153,-0.6789349440076032,-0.23345974901017968,-0.960448678587619,-1.093119598844368,-1.0552685698253255,-0.705048365023094,-0.31897506457520897,-0.38471665529324806,-0.05965315519193739,-0.009009737855798094,-1.2597138339300782,-0.8972429839846774,-0.3128328321616078
2023-04-01,155375,160927,9966,3.4,129467000,2.4,5.6,0,-25.5,-19.5,101.253,241905.44472326202,758306.3084092671,2157587.4474858395,238419.02110028264,1093349.7844953358,33.43,14016,158.7,221398,15541.179314886913,656,1343,1691454.8440613253,1482,211396.320164067,268926.4783119774,140.3,151,302.845,306.534,119.951,118.734,17135.3,66.23537944660737,63.45814417725572,16.41,1716000,216400,136.025,4.83,3.4575,-0.03240944835235914,-1.4615230593860506,0.4482057942598854,-0.9450022574267045,-1.889248136301115,-1.4203975888844333,-1.7488306779812797,-1.7663121560986472,1.335640424637475,-0.7171638506470106,-0.7821417006770401,-0.6522344714554038,-0.25224257367223524,-1.6919020176311972,-1.1581179082448134,0.6768235694390108,-1.4076087874328687,-0.28845456951718396,-0.48207089326352753,-0.4796915743994661,-0.7876768147163604,-0.008961180122744956,-1.8917031882407864,-1.010083353042759,-0.8492037714915873,-1.7392329475102477,-0.11319493486383896,-0.7420897805192831,-1.1675050609259676,-1.7299939851871309,-0.40030706290257473,-0.7337855944117204,-0.7858907702535449,-0.5351427961665185,-1.6312766983763778,-0.7999066197066587,-1.0217295668500732,-0.1557383780688032,0.5650457606023405,-0.28794145555578354,-0.7939495845325287,-1.3429495655059818,-0.49379232157159203,-0.8743651489197511,-1.4593272255971461,-1.2807004574418637,-2.5241684568049787,-1.3240811973912718,-1.1562944416714265,-1.9177003116174445,-1.8981386264426698,-3.216782946929502,-1.1283652758861533,0.6623802430931516,-1.8189617264348805,1.0546220478827517,-0.7586458880201506,-0.8472891407168521,-0.36916307063817944,-0.518702065721476,-0.2875815276785584,-2.452189031510048,-0.832807193925293,-2.6738263150073225,-1.5348838303590706,-2.2864907483375565,-2.2207930018575612,-0.07819978135000245,3.1598431933330575,-1.4920629543119444,-0.6705689541391041,-1.7137913056715404,-1.673847286202116,1.658505171729142,-0.4209493089543693,-0.1912467852191421,-3.085684536980814,-0.3706690630235069,-2.161762823763507,-1.037527442043937,-0.6768940869660902,-1.945778345245889,-1.6538066238177298,-1.9458174813917726,0.008936482045413563,-0.3558091352650681,-0.2368534909057771,-2.1111153122715947,-0.7783876766443195,-1.4284656781717489,-2.384170158267268,-1.0558780984142304,-0.3295786389175233,-1.428511801627204,-1.0189954540460144,-2.2034829130729454,-1.2670171984557619,-1.6434121673006108,0.22718381185722009,-0.7264816081125993,-0.7897221125100453,-2.6422771852521656,-0.009882661399030906,0.3200674415668053,-2.0868100965865146,-2.0805606696658896,-2.2945096794638906,-1.3561343474871226,-0.00413752465214594,-2.2958801203756063,-1.2713736045897726,-0.09186289607957138,-0.3347300326270217,-1.808435238030019,0.6760816088010859,-2.7646373696124424,-2.0647176860780294,-0.7770899951246218,-0.6324329050331514,-1.5481363901510783,-1.662755369476186,-1.7591171976121296,-1.0445080621946625,-0.6696516364215721,-0.2958398606909098,-0.882747026200746,-0.5928584894168408,-0.7799958349885006,-1.0258419683882396,1.6631788659811924,-1.79990129128695,-1.0862649865399416,1.3599906678168225,-0.8623342190694269,-2.350263595755667,-0.20461384855125664,-0.3570381053448682,0.35140180716764796,-1.2398370139946033,-0.5455148065691637,-1.7411976979047925,-0.9412229344768245,-0.733353293182796,-0.5306572788077789,-1.0130932036246592,-0.7036208031884734,-0.2778319574511749,-0.9494296141820939,-2.0842271347896277,-1.156655595276319,0.16353013899978336,-0.6961595645419651,-0.34101602422165633,0.021454867868139247,-0.010977705694381385,-1.781929252988389,-0.6739429351218877,-0.5400720272946425
2023-05-01,155655,160812,9368,3.6,129827000,2.4,-24.6,-5.7,-8.1,-11.2,100.9286,241121.0986267166,752659.1760299625,2148146.7668296797,241585.51810237204,1095254.2655014563,33.5,14083.8,158.7,222165,15534.415314190594,736,1609,1709448.1897627963,1579,210842.2804827299,263265.9176029962,139.7,147.9,303.334,307.652,120.15,119.083,17196.7,59.57553058676653,58.86727538292947,15.931,1724500,226000,134.68870967741935,5.035,3.565,-0.25760692171833754,-1.8970058270276617,-0.39608510347885967,-1.1254456113991795,-1.4738512917294964,-1.3992855270556455,-1.9556029170418892,-2.556782689369495,0.5095352649545163,-0.27413540148227294,-0.7570309091429929,-0.1401698118339677,-0.004889860101472078,-1.6645245354136813,-1.891500992946644,0.2743157810563156,-1.330055482188423,-0.6693632020376162,-0.5235969750886412,-0.6337194847530211,-1.0299492873370415,-0.524827429446062,-1.6841183529967692,-1.1832376789285952,-0.7902152096699916,-2.053887750392162,-0.5381975238938599,-0.8308436093874165,-1.2744150412503032,-1.6749286641406274,-0.3759925201837983,-0.6390150833783902,-0.8820805752651378,-0.6802456910761613,-1.7293350070843518,-0.8446006159890943,-0.9140038508957702,0.555897180739416,0.273625796285551,-1.4274172642979406,-0.7605020324790243,-1.3155372935838971,-0.9853850993307476,-0.9382299478104061,-1.3433303171252444,-1.5091191386808602,-1.9967373752445559,-1.4170602377378854,-1.561589377748449,-2.0914855730658033,-1.9244434656497966,-2.950176822060752,-1.4371099854672338,0.13783129571347735,-2.571103479656814,0.6849364956387705,-1.1800764807258743,-0.15014090287599974,-0.5701786886420267,-0.37832936130307404,-0.3342327104670375,-2.048423349940904,-1.0055235317713596,-2.9077739787702206,-1.613769701649145,-2.2955400742993803,-2.5928129315483583,-0.1020904336507326,2.5087077361724415,-1.1708130410209217,-0.7759703242262252,-2.3887910123570433,-1.38031810148083,0.6790650848209739,-0.6847372810177057,-0.2357128599174735,-1.6826564934209205,-0.37771955959287656,-2.619068963984771,-1.0243973850282504,-1.3422934091778391,-1.7343370787844827,-1.2434913651024277,-2.1618726030433058,0.020193653032861122,-0.29351281892591563,-0.14573056942932203,-1.6311749862964608,-0.9475761870325126,-1.3070104236915827,-2.8041723902535733,-0.10842463896390474,0.08655560058484352,-1.7491662607900123,-0.9348785795011096,-2.8061200604483303,-1.9063201024712741,-1.884824317466805,-0.8564692377216979,-1.2615346061216814,-1.188413826520755,-2.4301755416238215,-0.5631928215840778,0.08316675414743885,-1.34489967615883,-1.4632778263485324,-2.1792303225819243,-1.0483351749548155,-0.012195119096990144,-2.250900042004099,-1.6228530873180866,-0.17276011802513652,-0.39669334889271934,-1.3575807402377842,0.4469414716495977,-2.253658709667631,-2.2236500717069734,-1.3039704082764048,-0.9890126386317285,-1.7712002504789683,-2.2875964611752946,-1.4657783994945783,-0.9082645355557594,-1.0358672906282373,-1.0154786292069797,-0.7471603619236622,-0.9226925018594367,-0.7584806007509514,-0.29041532513948565,1.3098135718695203,-1.8123529137514869,-1.246862018506673,1.5228628059614482,-0.6693909817008669,-2.076815513593827,-0.30216722024666176,-0.5340503555856514,-0.353554364804623,-1.2025502018835301,-0.2799222132517834,-2.035697033523758,-0.9258916810690071,-1.220894137472926,-0.6033471208356327,-0.9504919581685032,-0.5406015681015277,-0.31793803528048675,-1.2671839579795499,-1.930487633371924,-1.2910184319394022,0.1865354534083349,-0.8188911413135858,-0.3694016010848313,-0.21227941353559607,-0.010432639738204769,-2.304928914755087,-0.7502485382461329,-0.9171214449616695
2023-06-01,155880,160973,9180,3.6,130310000,2.4,6.1,-1,-12.1,-15.4,100.1196,252323.00425835693,747316.7370858893,2141546.1942825997,241802.45540346482,1106975.238443085,33.69,14177.7,158.7,222726,15583.262084021615,687,1420,1721797.3088512397,1447,209486.25787547004,261282.15557529323,139.4,147,304.014,308.322,120.469,119.39,17216.3,58.3137570661332,63.461956233993305,16.606,1760250,250750,131.80566666666667,5.0760000000000005,3.738,-0.1388667152365205,-2.1291816064985793,-0.9499439095708918,-0.9799219067587651,-1.0892441203660002,-1.1963516618961567,-2.029408258808808,-2.3999639437312434,0.1442035552547314,0.14912378443332938,-0.6839766636785535,0.0683187086922782,0.1525842576454845,-1.9252276200360292,-1.7137768937669666,-0.4320740132189446,-0.8998102546646055,-0.4934152948689717,-0.45117222031906257,-0.4701327326619407,-1.299258721913119,-0.6151401281391577,-1.2238515345354797,-1.0459199174150942,-0.274750234242986,-1.750432743419643,-0.381885312540208,-0.7383395074139467,-1.628995699072272,-1.6810003369726445,-0.45799099866960635,-0.7511972202460673,-0.3824153052162768,-0.5651871686989931,-1.946780890921641,-0.5766251817549054,-0.8346037816228137,0.03192493856165548,0.127367569844402,-2.2492497463004693,-0.982049707303525,-1.0190413561286484,-0.945379117966324,-0.6554017148742123,-0.9744573574332143,-1.0209595356172487,-1.9265789553091421,-1.1926579963908908,-1.5291551914643355,-1.1661880088486614,-1.7877319226042034,-2.4964769668046363,-1.1420669289395233,0.27114550738610216,-3.0521747699709727,1.029515895752345,-1.4798865346522592,-0.28352887859073916,-0.45605791631241105,-0.36102165003110315,-0.2343527629852515,-1.2873469902219943,-0.8791464504105923,-3.0207721188128542,-1.0043170312195118,-1.8053453911277473,-3.525502727345987,-0.24749517564737114,3.387150960651986,-0.7046823885357533,-1.0392079550303956,-2.529286259213149,-1.2552326731357575,0.4657106987794671,-0.5233184897381841,-0.14805597963210662,-1.5325411870722978,-0.023284379571503033,-2.055445139718207,-0.7759796339946305,-1.6734029162116832,-1.6240328642499804,-1.1636437576959628,-1.5491697782556233,0.14030621631013454,-0.6552047042163076,-0.20808842978086559,-1.1242247792374973,-1.0481913789861044,-0.838373150704457,-2.471557596915918,0.25605211102082953,0.12077001568088695,-1.6561150518595362,-1.1217354428146096,-3.3247465850483233,-2.0580170759495076,-1.834651174707354,-0.5606219428229847,-0.7978772327192051,-1.164136140475725,-1.0275098310897484,0.889284503293104,-0.24922598150889386,-0.774184958995804,-0.9125739256930019,-1.7453325898219725,-0.648867983642439,-0.007865844616653109,-1.8562630784875032,-1.7475843396438555,-0.19895682750190433,-0.34217229117979914,-1.1805729419114477,0.4342705948502488,-1.9575842883716392,-1.861684959818412,-0.8749566823661062,-0.7076723105131861,-1.356817543130761,-1.6441413070797393,-1.1819031398519442,1.4957173968453406,0.14920694606024024,-0.7062596645220947,-1.2917113559790403,-0.94564097303433,-0.9303859767709223,0.8594743001320887,1.4340940985251442,-1.187996458714209,-1.4346487872214737,1.1845167726774393,-0.7380996029135923,-1.4532033783775105,-0.2946492588884511,-0.4781706985971546,-0.40773764688729475,-1.0994298727289669,-0.3747224155393028,-1.3258746316291539,-0.6061429694169544,-0.3677385689859301,-0.5238948688817487,-0.7940560278556936,-0.880425337718598,-0.4274176699021634,-1.1488067623723668,-1.2183306264828462,-1.4099996371167947,-0.15173306479837492,-0.8432002445814744,-0.29717178453287624,-0.0611440092673824,-0.007968257559420345,-2.8923089854235355,-1.3478854963795088,-0.5058676143850774
2023-07-01,156043,161246,8657,3.5,130579000,1.2,-8.6,-6.9,-16.1,-15.6,100.9067,243168.30698052354,744459.2768247284,2126842.398813311,242155.0987919441,1110827.7297337635,33.85,14268,160.5,222720,15657.631812415533,727,1464,1727607.0211513427,1530,212374.07447328928,263825.48276634025,139.4,147.5,304.609,308.96,120.607,119.556,17250.6,63.07262430870513,71.2570157050335,16.321,1777200,235200,129.42548387096775,5.0975,3.9,0.04306241167572667,-1.1910758488275068,-1.127333062403858,-0.7822190228520682,-0.6914549724395471,-1.469351531029576,-2.1327266444246997,-1.4685634690709832,1.785547857511548,-0.46234593357577314,-0.5408545099218827,-0.029323608707339847,0.5681233289326304,-1.8771861900340054,-2.934258177436875,-0.6268411817819156,-0.7201789486952047,0.12039803542258161,-0.5130138891353894,-0.6411139573319778,-1.291138045622823,-0.28848617542889515,-1.224274941186816,-0.3566365090928819,-0.054360189715936376,-1.4055165610882692,-0.39951562443196575,-0.7567678065551381,-2.1220560533528956,-1.6010806092058192,-0.3941937349172714,-0.6918156503071013,-0.5567682709632473,-0.3305364259467752,-1.4031399282110728,-0.14941361192531327,-0.11665857173903998,0.19815338184422612,0.13669538240844947,-1.275070447559457,-1.132063531561993,-1.1898166406127166,-0.22472519564185017,-0.7040596957229504,-0.5603487688797822,-1.0266582369752797,-1.8297343561373867,-1.0760494362069297,-1.5388655337847468,-1.3303628799026153,-1.4645593230004312,-2.227656383596318,-0.9400172355221745,0.21646474306614738,-2.494333421418208,1.1977617417926394,-1.1105126500507674,-0.2822026227433122,-0.7622804340916448,-0.8073649744125209,-0.32996618169858954,-1.2521638675211595,-0.8000252065884936,-2.526822301472301,-0.8921930787822533,-1.4651950198001849,-4.312261708770512,-0.25760299420078386,3.9617690689931373,-0.623460619108162,-1.0309703134233985,-1.734929668442255,-1.1996803851009654,0.3038828099910317,-0.411733335312897,-0.07849123409477073,-1.8278375893734826,0.6445229444215052,-1.825388266644634,-0.684904120285923,-1.8356643881485308,-1.7846206790121077,-1.4407098957302744,-1.8094475035184323,0.12814253690052252,-0.4616199340388747,-0.19759664789373052,-0.913861804312805,-0.8038878778671745,-0.7590822922238875,-2.1502032501142034,-0.2091094464009473,0.18998804757446514,-0.9001684576116425,-1.7154504195183056,-2.5238993025974676,-2.034703905822139,-0.7094918648533097,-0.12214076545171783,-0.7835633071010762,-0.9389583708455052,0.10040085007078386,0.1989324229839535,-0.19711802551119795,-0.7769099869682241,-1.097473967775218,-1.8615518179213182,-0.9142276656032094,-0.003254968012445637,-1.5333494802139558,-1.8756862262526435,-0.0998469160426504,-0.2607661140088769,-1.251640631106591,0.4941882420234707,-2.0945983769679937,-1.5684927312767192,0.01694645920284805,-0.5911754061646346,-1.4082109669077485,-0.6976939909154298,-0.5345304585013474,0.19491058035843006,0.5973610757684986,-0.8518263923697135,-0.66033505462549,-0.4676553243865812,-0.42713503046132684,0.4093916141129574,1.4945142155503737,-1.1555189969955142,-1.2850139448404245,1.9584355053575995,-0.543468642656673,-0.8430449021974554,-0.23023912488160655,-0.424347433789315,-0.5304898955030374,-0.8779664599644782,-0.47759317625952274,-1.028967471704192,-0.5881035975563472,0.6670794533522759,-0.40588764338559896,-0.7260141037806548,-0.6861665252176897,-0.24278617035838335,-0.8918213059637483,-1.6920548421014239,-1.400181330267328,-0.25795709813632417,-0.5749830375215804,0.26155383466964893,-0.12902824286628592,-0.008241693502240258,-1.740399895502964,-0.6628902456551271,0.3658206390039567
2023-08-01,156261,161485,9254,3.7,130695000,1.2,-15.4,1.9,10.5,-8.8,100.8393,239008.0185169877,740705.1335041746,2130404.7000192115,242183.18591386295,1108326.0312474167,33.89,14337.4,160.5,223716,15667.768868314457,645,1321,1742954.451516905,1596,215908.0763825742,263919.1535091345,140.3,149.2,306.082,309.58,120.97,119.689,17275.3,67.2811440853104,70.12177264947795,16.071,1806750,245000,128.5041935483871,5.33,4.165,-0.6088858147762525,-0.3719666629415405,-1.4402339392173464,-0.7001491183574624,-1.0470184610891777,-1.8508427260780165,-1.977725909242641,-1.4906596446905176,1.915803379804122,-0.5817537358612845,-0.8656479476975805,-0.6425775545831883,0.17678511699307875,-1.727224473656736,-2.662549351933361,-0.7651576353928028,-1.256173081126232,-0.40814592816175227,-0.3275020414372974,-0.7426990623941708,-1.368040030180546,-0.23971900966993864,-1.4593815628099487,-0.9244299195448573,-0.16129992520370096,-1.5248351406741678,-0.5717035492195954,-0.8993427668589273,-1.8503559429207947,-1.5892197200290186,-0.47152891915428774,-0.8748883201771442,-0.8019364582404304,-0.6651431468112589,-1.4928547520790147,0.2641952500461005,-0.25344824207609334,0.32112954561233564,-0.07256422805909424,-0.6996377976049971,-1.1838665253361624,-1.7742825801079145,-0.3972762704803732,-0.9338142658018781,-1.769068517625268,-1.0749835477517244,-2.544148502807325,-1.2502641311832028,-1.6646205227950026,-1.5206012704432617,-1.5230705955244752,-2.1938015541073814,-0.6626853505795489,-0.20294862679177203,-2.0123654872782546,0.5552596947187748,-0.6506167266822342,-0.36347321926377824,-0.6594270554005777,-0.9223538531730192,-0.8420819738690957,-2.0516356523610284,-1.0470553194566632,-2.674712271031161,-1.377672638382559,-1.8524961614721271,-3.591715495224682,0.02530572535435487,3.103779752752021,-0.8148678025137313,-1.8071774359293216,-1.9544004716781083,-1.3841824817438824,-0.585019554447862,-0.4726867127739699,-0.2388008306059688,-1.466929088219282,0.785606183598906,-2.3065565415725935,-0.9318368904218589,-1.6481953255044366,-1.9904512109945665,-1.8197966828924004,-2.451166527833336,-0.2753021239482181,-0.5244882444141251,-0.34391172623226635,-1.4235843475518413,-1.1547312667947438,-1.0775522742719734,-2.5229120683848927,-0.5662289127758261,0.3629272454833964,-1.1705368562747964,-2.2691192537943374,-1.897122978677825,-2.285695784444934,-0.49414407311420694,-0.34941978614587715,-0.8605544202622784,-1.0315819308044727,-1.5814395712170919,-0.6672653455084657,-0.5156800624029719,-1.075161307520654,-1.176250861345205,-2.324274361369202,-0.527744343921237,-0.005680450807409567,-1.645198776991729,-1.4691006787462386,-0.19881364065117887,-0.3234805625728944,-0.971148004976318,0.41482946351556954,-1.983339071136551,-1.2581137734622159,-0.44097388675654636,-0.807685698896697,-2.309228816273515,-0.7158633095186002,-1.048517034949554,-0.737929113905617,0.1875411396061791,-0.9784909118007449,-0.7483562532542805,0.14947934726319587,-0.24075630879914037,-0.8501882592498692,1.6692848790533823,-1.3672122608663517,-1.6240396649423663,2.1249833866912367,-0.49352569946902697,-1.188509332679243,-0.39082073619319824,-0.3548101701401567,-1.6224519254250735,-1.1980209541166218,-0.2570338244102523,-1.9082381236699368,-0.8318404901957346,0.47258718101229463,-0.4355089834749874,-0.5491300469079776,-0.523857310276723,-0.30221187835683666,-0.9686093638846952,-1.93841970674015,-1.2501641897525682,-0.3196778536152701,-0.7257686339137682,0.2887720751471913,-0.14055615050906747,-0.00739151784694506,-0.9170507090770815,-0.8625103622019943,-0.5991692686233663
2023-09-01,156417,161451,9259,3.7,130732000,1.2,-5.3,2.1,-15.2,-13.9,101.0211,245619.71355389192,738904.1253840008,2134608.398195832,240287.7638590336,1113586.8356682232,34.01,14398,160.5,224360,15687.90716444708,682,1369,1743694.1500094715,1530,217426.43243643912,266098.3865787068,141,150,307.276,310.539,121.419,120.058,17282.2,73.654040965582,68.30475876058904,16.209,1800200,218600,127.03866666666667,5.33,4.336,-0.395699997409777,0.21654718728839414,-0.8482795753346002,-0.7198395433065189,-1.0944975357693125,-1.7140120411619102,-1.9286769470117078,-1.5058217822727258,0.431281791719442,-0.7352058638870435,-1.0748165168276749,-0.6485902565514586,-0.23458427564000828,-1.544984706814114,-0.8009227337655322,-0.424526091066181,-1.1764648918031124,-0.2005841874163264,-0.32774521717938454,-0.8650354019692988,-1.6746103793309974,-0.2209267255356302,-1.631660426562825,-1.426304405953826,1.2233771831514941,-0.8878971127655161,-0.5900023633510825,-0.3818666219610792,-0.8022529485478115,-1.4359728918731403,-0.3515246348199597,-0.9512463117408316,-0.7828861472082491,-0.7595201172360915,-1.01659325303412,0.05609887403333397,-1.0770196373449634,0.1594016063752804,0.003827199419993153,-0.5971600525600359,-1.0892259584597102,-1.2574659139083921,-0.8984465705397929,-0.6294818392351025,-1.676407415962946,-1.1662129881149872,-1.8010861729554115,-1.145120984945423,-1.3257766055676492,-0.8760586694669863,-1.5837440621498884,-1.5025346364811996,-0.9091175682261075,0.034303987290903455,-1.354427414646278,0.2664347847091361,-0.7515217125268242,-0.4914350237183262,-0.29487137721815704,-0.6256119899732038,-0.4044848822915595,-1.5115647436686266,-0.7629391361337003,-2.741687122147469,-1.2451528187986,-2.1165953945562923,-2.866130441806426,0.773062597611799,3.325206285157043,-0.3751996392839673,-1.6971064099201598,-1.348854634302203,-1.0256395841271995,-0.715227396119752,-0.49273683790421197,-0.15382526840383026,-1.593078808810335,-0.051311542453284426,-1.3793394763680153,-0.722879698047132,-1.4297927310695069,-1.985582080110394,-1.8211303121660039,-1.640086244221582,-1.0427901579730383,-0.38307361094166814,-0.036869086860203515,-0.7614232660998261,-0.7895903332492318,-0.9864640305531702,-2.2513083152778397,-0.9201523556695191,0.35055853539996923,-0.7741116044305296,-1.6566580590524944,-2.173447160814458,-2.500469143669674,-1.16574835904546,-0.3785974274902234,-1.0271126056739928,-0.743228681867791,3.0971474734852844,-0.6592409703114989,-0.7574772630855982,-0.7635884572495352,-0.9911781456231183,-1.8227846473087395,-0.4993140609563051,-0.003226582443634833,-1.9277151365681637,-0.8014565112189458,-0.13133565675538805,-0.3860274029227738,-0.6513038187475698,0.4646170526583418,-1.6678151091089137,-1.2529328159285251,-0.2504150893897902,-0.8482812102385173,-2.3799133634897016,-0.826066825421398,-0.8313222799059786,-1.0061281070354207,-0.4134256325081412,-0.7472844688458199,-1.2597689508302865,0.18005825256316668,-0.11534210975315436,0.9104887470319641,1.523539236155011,-1.2087996854737542,-1.1921866063810522,1.6492286450470803,-0.45514551104373313,-1.4837045701604776,-0.5016431422346191,-0.31249094080069323,-1.520565664593648,-1.1181817850736178,-0.37385264209022356,-1.5254904470026325,-0.6735806722362587,-0.4486549489433811,-0.418248315655435,-0.6012346943689768,-0.678516676563486,-0.3450300053020123,-1.1416799756996634,-1.9443465580294756,-0.3646023007781542,-0.45882697485757723,-0.7924911899846977,0.1395287053872171,-0.16291887834084437,-0.0060699479562983175,-0.5461461409203753,-1.066807306278074,-0.42301546448672805
2023-10-01,156576,161198,8580,3.9,130703000,1.2,-6.5,-6.4,-14.6,-25.4,100.4689,235402.19288136708,734947.8120575548,2131283.907213074,237943.26824931678,1114448.8163050278,34.08,14438.8,162.1,222995,15729.97267129828,689,1380,1761214.6455500314,1524,216864.77231569588,269676.665239867,140.1,148.6,307.696,311.457,121.484,120.241,17341.3,70.49487998419546,65.22168584392237,15.738,1810250,210250,124.93612903225807,5.33,4.7825,-0.3805692429237448,0.12579114473434594,-0.7701760653810763,-0.05155101242101367,-1.30645423815589,-2.1299136701702435,-1.633417885981042,-2.05365876673993,0.2532490103533146,-0.9268631265807824,-1.111028880826067,0.037966819581234094,-0.14488694666730426,-1.5408317059807273,-0.13002770792346016,-0.031069911958054083,-1.1021490585027034,0.03584953814254925,-0.2886972113840288,-0.9096186649287311,-1.409836562438701,-0.631904883150234,-1.0076794696048779,-2.1139013411512573,1.3367777666372536,-0.45638976239692514,-0.5922628163202359,-0.38762002452206074,-0.7264495283887606,-1.4153417207150174,-0.2876884613990463,-1.1184367427406072,-0.6706012779454088,-0.7065524655001005,-0.8531742745376116,-0.030510728598814246,-0.9244760960370738,-0.032867089143429645,-0.46567952429567083,-0.1352385393362707,-1.1169173283546436,-1.1904003879399965,-0.8989405467622302,-0.5616833913550129,-1.7245868548017198,-1.1471993769630955,-1.5096181494151169,-1.1269582183798075,-1.3014845678445395,-0.876977000285195,-1.471463565728485,-1.6548605705258852,-1.1913819697336363,-0.5949107062496941,-1.5914725951318298,0.10792520640245042,-0.851185760222047,-0.06688060367113502,-0.5122247357832677,-0.6601834319022113,-0.9980456764432066,-1.1133184385910941,-0.4897474579249064,-2.561083749901617,-1.0603823093222284,-1.7548739605118815,-2.7896858256799604,0.9173101874937114,2.7797706127175577,-0.2613624522383068,-0.8528549615193135,-1.9573737566415506,-1.2159162254910092,-0.905780409543681,-0.3900092748453055,-0.06400916927570688,-1.215324258449888,-0.12595342748317273,-0.7746307949573362,-0.704218095213919,-1.2724386619107844,-2.611055483321219,-1.7874277256166797,-1.2144793765257864,-1.0404467467214273,-1.214021206774404,0.11382581383274655,-1.0958687742163804,-0.9384501204658926,-1.259626114926572,-2.9825368287726692,-0.4867706291644041,-1.2341164182875344,-0.7125703914712631,-1.6355569488885167,-2.3025745723394295,-2.6585141570890007,-1.6314784430428397,-1.2056758524614344,-0.8795007420438798,-0.8970751107556417,-0.3138824216543674,-0.4674774211885046,-0.6580694137880063,-0.6988045475155321,-0.6601154379826922,-1.6156972119133686,-0.6056913513935175,-0.009292918036733122,-2.147600186400468,-0.8608370980891692,-0.03618310268775304,-0.30230925431364036,-0.5115254867895266,0.40265214480994305,-1.8682081312188312,-0.9780393437111706,-0.45458251376840453,-0.9600897570396484,-1.6441748667628944,-1.0996170494084518,-0.5553387206856774,-0.8630821618575627,-0.18811012804786917,-1.0709098467369154,-1.4413891472308156,0.32766642175447575,-0.16911859162279377,0.13990075615388528,1.6906002720331916,-1.2568815819107342,-1.0972886807544113,0.5765176049968911,-0.5075255593347795,-1.52633402626329,-0.35636187732877295,-0.34301568743372973,-1.1291850417052567,-1.162965385595648,-0.5472305851950395,-1.4644569788722086,-0.6364724298281297,-0.875326057118073,-0.33750878042757226,-0.5893889161053315,-0.7644930753840988,-0.28730543915474044,-0.9979333568747928,-4.487242348207125,0.46954725794781593,-0.8896305852810773,-0.9325523814527046,-0.2193050773441966,-0.4699755899504257,-0.0036566789727563104,-0.3303549164054148,-1.798795912692332,-0.33403057562545757
2023-11-01,156703,161863,8602,3.7,130808000,1.2,-6.5,-6.1,-3.9,-8.1,100.8639,245750.78399578578,732871.8526993325,2126342.5534848897,239669.7752133868,1124476.3072769626,34.17,14515.8,162.1,222402,15786.012362852181,607,1522,1786378.639098549,1513,212259.96559472565,265153.5479410336,139.4,147.5,308.148,312.392,121.493,120.374,17427.1,63.946070967051604,62.65267542725571,15.782,1801000,218000,123.25533333333334,5.33,4.5675,-0.07277791889789124,1.3338180741213073,-0.16283125634063708,0.886860511098492,-1.5236499546090756,-1.4432185455049844,-1.2343089405350312,-1.625150099900625,-0.015269710579149151,-0.8961069297685756,-1.2062105935161658,-0.08036775288221824,-0.15790000467118584,-1.5160160747341072,0.1759524451208599,-0.3820628043856271,-1.0252830808740465,0.1466226626234898,-0.1567990058059269,-0.955646447467701,-0.8333240925267875,-0.7049451836364489,-0.9992922781924397,-1.5465313359516721,0.5802154371191814,-0.03922938109173002,0.297114947299834,-0.16651211645052896,-0.2513975735395666,-1.312696138639659,-0.09599674509829541,-0.9020406235803459,-0.5873563846596681,-0.5069895889172406,-1.4492152872896344,-0.1896624599286885,-0.7161017680459957,-0.2325230101739395,-0.6780534945777649,-0.1426206314718336,-0.9282975143029613,-1.0573044734302166,-0.4948286398144821,-0.5309925668173614,-1.5852794841812377,-0.9835508414107749,-2.2511450324660336,-0.5861450053234388,-1.0768184345693221,-0.298206613487433,-1.0289086462694994,-1.10489774611798,-0.9873931712794112,-0.4856598804233589,-1.109178734286313,0.38317202005540885,-0.6625786543000386,-0.6370523303669298,-0.319424597675313,-0.7343828384032117,-1.3421652875062968,-1.3464357950536188,-0.24677077230217148,-2.375377404378347,-1.162448639204508,-1.3684305681309277,-2.5329003543358874,0.7840109860560113,2.222762444667288,-0.26309169043557257,-0.7099690868000188,-1.680103843538263,-1.6618135736510355,-0.25100251123754674,-0.24623749078079638,-0.012150156435869638,-2.0598659102569385,-0.18597882894093282,-0.2892108818885686,-0.2674297220450918,-1.1016619029204187,-1.6445467763720605,-1.1662936358855034,-1.5218141171385378,-0.8899783782797283,-0.7593915164827906,-0.3149621363434814,-0.8090222770849279,-0.6811766234004872,-0.9717028836587126,-3.212418360149322,0.2070717554585301,-0.9952158314677886,-0.6217075177834841,-1.9408753594037318,-2.108804523654255,-2.104001054780453,-1.862345490291616,-0.8144692577532002,-0.7506545642158433,-0.49047166112161095,0.3486993858402857,-0.07359889960749645,-0.5297063336125424,-0.6496012352776317,-0.43485819804783055,-1.4972672533364118,-0.14020849037120003,-0.002034748117333325,-1.721479295418442,-0.6276863660037202,-0.054130521075234715,-0.18877201803586413,-0.48925730718234484,0.4990954387106156,-1.6883602461785514,-0.3098521105661765,-0.9854273034176408,-0.6032271151885602,-1.1803375700280831,-1.312065587174924,-0.529861805831346,-0.8589864859297991,-0.37916070984057276,-0.9458400968898873,0.7860751628851776,-0.22997619147545095,-0.854827150429059,0.19657132255745588,0.5211843271737462,-0.9170818681004971,-0.7058631807268928,-0.34984877669446734,-0.79585601702264,-1.5581281094388126,-0.24580688450031352,-0.3741637601977888,-0.5438670247673059,-0.818683686692572,-0.5412836462260894,-1.2661663688675624,-0.6698265060824931,-0.730820242672871,-0.2857643032608711,-0.8681631196481788,-0.5799137778614016,-0.2825708888259273,-1.2394459501229032,-3.0476053219892028,-0.06345129198375436,-0.9515195564800448,-0.9520272555585555,-0.30297773537819656,-0.798728586272909,-0.00396137416207776,-0.08115880204768278,-1.8684328247061277,0.28416123266094234
2023-12-01,156857,161058,8520,3.8,131090000,1.2,-13.6,-15.6,-7.2,-21.4,100.6031,250143.0215354266,736412.9541344731,2119037.197989499,239201.8740752918,1137819.3325661682,34.29,14588.2,162.1,222282,15850.320565510438,634,1504,1787642.6105540032,1501,215951.01101430214,266323.3601841197,138.4,146.5,308.741,313.195,121.66,120.592,17481.7,59.09912871938189,69.9868768161446,16.321,1796400,207800,121.27741935483871,5.33,4.066,-0.5863616941046356,2.1975768470797012,-0.5006774336143575,1.6909192761869005,-0.9266363957902763,-0.8438999787356045,-0.8946062031104182,-1.2255762316793037,-0.40211567687689914,-2.294335185999735,-1.2863869054920716,-0.8288480165106303,-0.4512012076771701,-0.4965350391010234,0.3802340406441686,-0.8729044775923527,-0.6970300152410756,0.3880950308076489,-0.7732115860592785,-0.6582164993099631,-0.47982626468104467,-0.3404472566154518,-1.4790763995908438,-0.8102665190352593,0.0742888695794701,-0.13721283434203516,0.7475008155633223,-0.18871395571673671,0.043207253770785124,-1.1158166071072966,-0.4648716711011907,-0.3381475978025952,-0.783890772556254,-0.9021396902682932,-0.9472753087741048,0.03268563250532392,-1.024704570298377,0.02870499005755707,-0.5373906724820057,0.20805240903437286,-0.8762572704776846,-0.9128913220945822,-0.874129990266914,-1.0549826502478934,-1.3235755114253396,-1.182809544279488,-2.287623820884257,-0.588112601914871,-1.1859520074693477,-3.0590219979614064,-1.0675812469857968,-0.8759530862378537,-1.1723855722053205,-0.20460254508627093,-1.5745253706105486,0.4963038483788338,-0.796926909330915,-1.3825492622247806,0.5344251316475831,-0.5529598337663452,-0.6693412525224339,-1.2059713547748727,-0.22267167325818374,-2.1681015327800113,-1.5404918872645519,-1.4851393213584592,-1.7826679596060824,0.7213372021689072,1.9138240193698968,-0.4388218129580957,-0.7836317449186023,-1.2926687300017383,-1.4399481607223812,-0.48396744321510293,-0.0816899104882744,-0.0237979075319523,2.6029132601158813,0.18323033982405956,-0.3722227800402636,0.03710525102800085,-0.5279707751585201,-0.5131847766268164,-0.7969563699640182,-1.5468585172733265,-0.09907481799016572,-1.2656258833297256,-0.864322190685893,-0.445758463496342,-0.6140749184756489,-0.5730359128702956,-2.0501745861900584,-0.37783111469875114,-0.5379315788447363,0.4712598829525752,-0.42449414644768774,-1.7809769484896592,-1.1815266342028705,-1.1740116836875176,-0.48352658201627,-0.6033355784373577,-0.3814117873006093,-0.2192708669944651,0.10122531802237486,-0.473166044593978,-0.39100674270058167,-0.4179777412400311,-0.737165846655117,0.5738540974602617,-0.002049910309135505,-1.3240539309030652,-0.7588073269127651,-0.18710711563268684,-0.5598899134604153,-0.3446499080299427,0.18303635442068342,-1.5970226195548016,0.10276812727448943,-0.7040039477788126,-0.5301519358662649,-0.9275836667719114,-1.0865092364518811,0.05968524194505455,-0.34940793488557775,0.4956565955580506,-0.30273340711180124,2.3008893481918435,0.2570954589046941,-0.9546731329819732,0.8116489647659854,0.49507135170464556,-0.9901875875700074,-0.7177817010007664,-0.6297285762630564,-0.4615699486129199,-1.2389536091836393,-0.11943722299787973,-0.25095186479632486,0.03013966691369434,-0.5648790933332801,-0.17995315243874793,-1.7088853292962642,-0.44303941291197174,-0.6526892586720441,-0.4480263080076245,-0.7096378117567067,-0.6829203162357814,-0.14902389181041326,-1.2577621560302745,-0.9028537369883923,-0.7475095115395594,-0.6399107145901878,-1.0678729878254043,-0.6272543040877233,-1.3999725907971543,-0.009577016311557076,-0.06287564294613772,-1.6126015431667016,0.5362255660695404
2024-01-01,157032,161133,8378,3.7,131330000,5.5,-29.7,-8.4,-14.7,-27.2,99.2223,229578.6631759797,727674.8752352123,2113342.0415429487,236466.4975865172,1129546.75611552,34.47,14637,163.9,219716,15792.604107011372,683,1378,1793040.1701709891,1548,214034.19782377486,266333.1424363904,139.4,147.5,309.698,314.319,122.23,121.217,17575.4,60.66432136136791,77.18887334392238,15.558,1777250,211500,119.37774193548387,5.33,4.06,-0.4676918509107106,1.8252617496833454,-1.1413822504473485,0.7673470818380055,-1.2787750885871123,-0.7977832352013019,-1.9924943550814271,-1.9396874084093219,-0.5161317117813259,0.07137834674522184,-1.166636693869913,-0.474456496673958,0.6334817332005649,0.46751193589326623,-0.27981662960789316,-0.0527319056386469,-0.6184723450043355,0.1654655998703055,-0.5502996802927242,-0.43862976253392866,-0.3457647821324363,-0.6423770490945477,-1.580196804412277,-1.2870406412444868,-0.6830302990965638,-0.19865244828087641,-0.42568359557059476,-0.1611897020505614,-0.07630664618556496,-1.2316919401410042,-0.11753000040885621,-0.311606789589183,-1.0225542719382863,-0.5294069147589775,-1.2307780487108477,-0.2508563525020216,-0.911638922143283,0.10130633375937617,-0.33499981572332943,-0.056354818829501725,-0.9757351469290444,-1.1464228553108882,0.0219980480276992,-0.38184515022941884,-1.0100954219739273,-1.1239577316426028,-1.8883027828072365,-1.030941941884196,-1.129143157158092,-3.059987742545793,-0.7458868359855338,-1.268124784299851,-1.2427114578477927,0.08515991463629524,-1.0473633234616628,1.0050055107609215,-0.8522671364296767,-0.847677151521278,-0.5742924976273011,-0.9946807654009868,-0.08022796562536345,-1.223182614613357,-0.004586779229840166,-2.0129254355547914,-1.028320560960816,-0.9429179701136108,-1.871546298445308,0.649248978454788,-0.2634171933531985,-0.6763380759074948,-1.529435701430556,-1.7468412575633774,-2.0723571551121465,-0.32616516515184285,-0.24545062935672787,-0.0753596319163636,0.6662462068791922,0.05977621629472597,-0.4311745017259527,-0.13795628052210332,-0.8611568157212132,-1.2965058387421664,-1.0522902398899352,-0.5311009549394118,-0.0326701200882875,-0.7832705400906511,-1.0219321296227941,-0.8431403390409106,-0.8321211321010049,-0.8136420763560689,-2.3250898519281824,-1.1343370292544783,-0.37743774388904827,0.2539683308175987,-1.2151927716393909,-1.3060527047049535,-0.6876218859073028,-0.3978031747740939,0.01303063724209434,-0.8213109111683179,-0.39170522875677677,-0.5576091431855603,-0.10720649082094622,0.26974197313087284,-0.5278587565957347,-0.42941668671344685,-0.8434449057798014,-0.3951326309716389,-0.0037487101666316613,-1.1778549651264811,-0.5140894575980383,-0.10053162908454746,-0.3154611533828437,-0.9627721410343897,0.20025954197769236,-1.5774667377454918,0.4567440086696947,-0.1526475063167281,-0.6810882715182872,-1.3179151307989247,-1.0806627206504458,-0.4103693211838282,-0.5503633393062142,1.1025768432732574,0.134474634421189,-1.2266708915282254,0.48461286084494803,-0.7024004684411138,0.507842781259308,0.02476060644373826,-0.9974549932599547,-1.0597909056587465,-0.5283694939567186,-0.5762147315575217,-0.7505068268714704,-0.12775332438109627,-0.34190764735178464,-0.7636063091389667,-0.9568157868816738,0.04557931857882808,-1.5167494024497106,-0.35637537438931105,-0.0010846382401707648,-0.16618279405363914,0.04808529965033599,-0.6889071328101197,-0.18470870849629814,-0.36378115548312856,-1.0029362675755433,-0.6077925640200006,-0.6916721900872228,-0.772262347611842,-0.5005672285800394,-0.5710998451547757,-0.00785252818821172,0.04485683537030804,-0.8735254323780438,0.2734340662342137
2024-02-01,157238,161083,8440,3.9,131223000,5.5,-7.2,-3.2,-1,-21,100.285,230528.23047684302,728159.5132057619,2117217.1091759056,236180.03556338605,1124484.9018744188,34.52,14749.2,163.9,220371,15862.004274131716,653,1555,1811550.759392486,1570,218993.7845641854,270587.6115434183,139.7,148.6,310.967,315.564,122.598,121.537,17596.2,63.01081583712622,76.19050233328409,16.255,1793500,210000,118.20586206896552,5.33,4.175,0.0870658623426379,3.658310996930507,0.6374490752595933,1.2025647890946196,-1.410309234183899,0.13455961601583502,-1.0518347312248697,-0.9613247276580581,0.1245682083160616,4.250112423692308,-0.7763976560307129,-0.24839542160408135,0.1897108067093747,0.13897320294596588,0.5558358627932861,2.5453776540290267,0.9041192099813196,0.17070119804505426,-0.2032119043232683,-0.16206739562980757,0.26554042075549966,0.34438192388247235,-0.07610076097998265,0.3610820439063203,-0.5105476929796706,0.3458775220929659,0.361024712719618,0.5936416536696231,0.17439394142953363,-0.25281894831928586,0.15491245123319414,0.42051831177300436,-0.26365754891855236,-0.2929656513774293,0.10277259656357693,-0.15748322001513,-0.5976113498143761,0.04556171498358506,-0.05081723857247322,0.6479520891326244,-0.7157916818002912,-0.41887143449350184,1.147600738130657,0.08148264312163235,-0.5717544597201746,-0.2858341172870969,0.07753061378665618,0.07829079965322593,-0.10277970876420806,-2.5973621769860977,-0.5132943833063819,1.5728939161870303,0.08779710727339286,0.3376783161059963,-0.08656660077015275,1.0066694825159974,0.4545280570272383,-0.23333871461870515,-0.0155791400771977,0.04658346358693641,0.3917945243986928,-1.3149973476858803,0.5780300745914575,-0.5333582349059703,-0.5214163150850359,-0.5464171923944906,-1.5744943246848908,1.3336285229191902,0.9320301779467037,-0.08316325723410288,0.2540659239992224,-0.692957610295982,-0.4451723731725991,0.5630984520079105,0.06359625514187085,0.060822417091640414,-0.6358021950140891,0.004333756998304371,0.5634016678201821,-0.1280711940311252,0.8001164612895416,-0.4644930353910541,-0.4686068367029727,0.18897022691239623,0.3466834341536933,-0.33046026119286254,-0.26271345514620276,0.22772003272847083,0.19429668740700248,-0.5583071873160859,-0.8460069389034378,-0.36707071835648886,0.01286523754144994,-0.10334276226418755,-0.012115431778820464,-0.5533265916820341,0.01800362203155551,-0.7296676527903387,-0.9442190739339736,-0.7056538884258151,0.20418073407040233,-0.17143852699293496,0.4775814856630641,0.38830924589009586,-0.3732390490799201,-0.39334009996952224,-0.496471544105442,-0.693494799015681,-0.0025376664594939646,0.012310440462399866,0.4581850340343997,0.08047866726895991,0.07508935509556731,-0.5980414426405241,0.3146246705807683,0.08990732479007302,1.2085169722445768,0.4631733732875692,0.13741714279304693,-0.47793891103585745,0.21802635912138577,0.18713508686062216,0.6039453742250771,2.3050469640863347,1.589642221403008,1.305630261390483,0.5042752734089642,0.3254695524135085,0.20996929348330962,0.0030831994364162673,0.6738576280203572,-0.15642521179730745,0.3273577972699765,0.01611009359122768,-0.6748448755318723,0.07422422101011344,-0.28769811241121185,1.2715584053005353,0.16950886965684872,0.9560341647998033,-0.95424655470818,0.04133085140629176,-0.2947168520824734,-0.15101563129925266,1.0903637073914414,-0.18299139645169094,0.023677298194653404,0.08706482942016122,-0.667568699452416,-0.024427151215313612,-0.24078322180873227,-0.38209836695942256,0.015407954280024047,-0.006053132777463048,-0.005529689447817516,-0.36077495926682634,0.11795621108600333,0.5215797410069728
2024-03-01,157466,161462,8206,3.9,131120000,5.5,-4.7,-1,1.8,-14.5,100.4575,233605.06510183847,721677.042864806,2108764.237772975,235189.9413189421,1122744.1928509893,34.65,14832.8,163.9,220154,15915.245696451504,681,1297,1799535.9157333507,1477,215773.98852387068,266103.967879842,140.5,148.8,312.345,316.792,123.038,122.009,17617,66.06089175701815,78.98846332619189,16.21,1799000,215200,118.57612903225807,5.33,4.22,0.28303177506137284,4.080552467496592,0.7906123240480722,1.0693836260997827,-1.3681476382822482,0.13394199768581053,-0.4907792108618105,-0.8938159437023615,0.5359354482829926,0.6738951430000265,-0.6487348458757538,0.08708544044377951,0.3503788399123417,0.6104767264418325,0.3470325528477103,1.6379945225628145,1.6363830990184056,0.22134274217207484,-0.09661270159068959,-0.29992167320964824,0.35632440083244776,0.9790222840637117,-0.08795350968633932,0.27354700239104773,-0.5280732408659536,0.38446271826855216,0.383210250384967,0.38527385726600716,-0.26547882074243545,-0.48525330115230636,0.1935385535419696,0.7212796482906529,-0.26384821777273504,-0.07810211827958534,0.5124443763022781,-1.3230917688421069,-0.44286704776476415,0.24780664386287274,0.0868264044301899,0.1377842480045828,-0.8202883615942865,-0.44708001156405414,0.5611899631148538,0.3902761222857994,0.07029398177083715,-0.009258599177637928,0.15710447410300335,0.15503325975333368,-0.22607109330697434,-1.4173414492496132,-0.5502967900323203,1.1697917055585623,0.9451477729873548,0.23506603122984518,-0.6029225123665555,0.5873064621838283,0.6641744717582333,-0.26907171143042624,1.1393330906530303,-0.11981602054234007,0.39432722721120983,-1.3268622246962194,0.4064319727046082,-0.4617291499527228,-0.5633726635785815,-0.3873695606750695,-1.5719011150247688,0.9815919099912397,-0.4361159558169107,-0.7151857360302089,0.4487204404930052,-0.6304439662639005,-0.29112391100189844,0.20109916973092046,0.18606854073117557,-0.0018825520834115797,-0.29726290117230375,0.01991641388865576,0.2946183269394511,-0.5321278976272927,0.8733179723058353,-0.5205505336576386,-0.6338380337786639,0.08242921098241765,0.033933610999819286,-0.0674458769245853,-0.21230353370738622,0.06588025397155578,0.006174932362460112,-0.46060539743689666,-0.76182581040179,-0.37312559105510873,0.05483017596592228,0.10532378250347472,0.05908739880758592,-0.3893882276641413,-0.016723852823084556,0.043340458421203445,-0.8065470141014883,-1.081190982368865,-0.04443248646396186,0.7993716157331044,0.4743027542483167,0.44381401460619896,-0.5776523908527568,-0.8600252853887166,-0.2916236925180435,-0.4229478126850793,0.006352744840915016,-0.3361437060966443,0.5242732864356342,0.1063471820420185,0.09610720791135943,-0.4792873900127096,0.48496742523362657,0.3434694453885476,1.6303486571023853,0.9358727288334187,0.3553654480008786,-0.30937285740207265,0.5525578110726634,-0.2046061657055179,0.38670421029122054,2.2283701865099492,1.0951186902649734,0.9719355802629214,0.38297280470668527,0.6517999349322139,0.6410139545455616,-0.8084937230065262,-0.10891693503722971,-0.04066885580349547,0.30787883261158955,0.10205269873048783,-0.6094820464967119,0.2183339173370478,-0.11164499997456173,2.0896039633478054,0.06662507913511029,1.2720568167485429,-0.3553649396557621,-0.1076081233074799,-0.5567293846420683,-0.07759178056057382,1.0217786431653173,0.12869675051875243,0.024159540274766463,0.28755108904284643,-0.37646214554895757,-0.2272556079935431,-0.24876593496818522,-0.18382742363429783,0.021218560547114566,0.01906636499949969,-0.0038856737848997226,-0.6439175255483188,0.5033788559849304,0.5709229212063905
2024-04-01,157530,161438,7529,3.9,131164000,1.1,-19.7,-7.9,17.6,-7.8,100.2434,232665.53700715903,719963.3536293689,2108828.9531735103,237565.77293843898,1118907.743572697,34.76,14874.9,165.4,219665,15944.171038016557,706,1379,1800446.7289871173,1456,216961.1078230272,274419.69823497464,141.7,149.8,313.023,317.649,123.341,122.304,17638.6,69.19840118046716,76.95814417725572,16.458,1783750,210250,118.51366666666667,5.33,4.5275,0.07073496032900156,4.820634411711656,0.7917132562728469,0.03066592752252226,-1.4838050529515163,-0.10634489240482829,0.06396802445174878,-1.073695657925437,-0.16480843492090366,1.4346130676596924,-0.3239863718152769,0.3031500777670657,0.3874304320795207,0.3575183672512885,-0.1588542501260727,0.47910454623293897,1.3239472786779964,-0.07145557770286923,-0.15422235935019787,-0.43247217242652314,0.31556344740676384,2.3293565429241996,-0.3058981750399363,-0.3116648447641075,-0.22676055329208517,-0.6584984522741041,0.5562078208336854,-0.2789707230182259,-0.45651535221501655,-0.7272256349009436,0.12177854407923233,0.8209679029922872,-0.09525571366023534,-0.12772504759754347,0.7321534040819486,-0.7924520920039879,-0.3600798597392906,0.15492754948839407,0.6621473333439563,0.034087031288842676,-0.8180936666787345,-0.8328069499391902,0.7420966680541633,-0.06610409278087176,-0.33389466110935645,-0.2380135279625471,-0.25047492454563025,0.7031845967836048,-0.3102603248992565,-1.10208810112942,-0.6975450663366473,1.7176368409269052,0.5188557967150155,1.045789776215624,-0.1465046869574452,1.0856718414316981,0.3694312600086315,-0.32460121979364,0.7720924978123339,-0.40258899253112573,0.6067588359682727,-1.7561433078596083,-0.025840063491917812,-0.7413300783478205,-0.462539050979813,-0.04529432487599234,-1.3912386103992183,0.7664355044081859,-0.7278805095632231,-0.5748511557431654,-0.162344523051405,-0.6468905392666116,-0.3183716630853305,-0.3577163738313628,0.1617258434374888,-0.06835298744455345,0.30047952591017235,-0.039757533975153636,-0.9275944480434823,-0.662884518648028,1.0278678145793223,0.38073555698566336,-1.1601964281195878,-0.4730913329752536,0.025516604220134163,-0.1655071498525358,-0.325401148532135,-0.6919381125981647,-0.298847208035659,-0.7443570248311883,-0.7335176068743134,-0.3811376699828492,-0.33922072115881874,0.0955576754834786,0.2856900603838807,-0.4853228240347149,-0.7010686578383857,0.30637869730017386,-0.04937255508013047,-0.9531003875729211,-0.2628757900748281,0.19839210528409498,0.16075903662346713,1.1331680489390534,-1.3669572313742409,-1.2892848169655646,-0.7805968376538706,-1.1154883562595375,-0.001329673635022582,-0.537855174434711,0.2860851522800597,0.04293348821879655,-0.08075410263730237,-1.2232656884380506,0.5383776422737535,-0.2544427436119102,1.3680156298907595,0.43443863549435935,0.12690889830574775,-0.4390267818930349,0.3238701831571839,-0.47830450485503956,0.5916915592626251,2.140072564999396,0.5522423324843553,0.7752145565959713,0.07652620947101334,0.48656638296919585,1.3012106380260324,-0.38982594857297836,0.04668105075255329,-0.26249305228526176,0.27872706534467073,-0.4427694366499323,-0.6370137949833824,-0.09823264370451117,-0.18003481568814297,1.7533220688170477,0.278077974621116,0.846298253496704,-0.36727398474903056,-0.15257946123602087,-0.1332266870698706,-0.10615824621951918,1.230544001102804,-0.2700639613891277,-0.03644160538514225,-0.564650055965198,-0.5524734658478694,-0.5391774033483344,0.5032409467657418,-0.3278554711354403,0.1862949706823936,0.18005743647003847,-0.004844627329686575,-0.5928370138427899,0.504353582030399,0.19642741201746278
2024-05-01,157608,161180,7782,3.9,131365000,1.1,-7,-9.1,7.5,-0.1,100.863,232536.40107662874,724057.1391510199,2118079.2070774236,236274.60518208647,1118952.881278983,34.89,14962,165.4,221210,16018.095145442163,670,1329,1810199.5978856569,1405,216024.5808606544,273016.9925738561,141.5,148.8,313.175,318.095,123.348,122.383,17713.3,64.87336641048091,68.96727538292947,16.361,1798750,222000,115.85483870967742,5.33,4.5,0.28514742844496344,4.463018441407368,0.9865455334659686,-0.2644687049632597,-0.9402991123587291,-0.2840052938982291,-0.11409886967946845,-1.6108831560947914,-0.476873970891158,1.5243651180499915,-0.6331542409699527,0.055731812215759687,-0.11483133842542,0.05192871988435374,-0.556848434516776,0.2951244842940002,0.9101983602517911,-0.16044105964430205,-0.051830560296893764,-0.7331089155701558,0.048544053377797804,0.7191158241879448,-0.7462991780132647,-0.4724611399976357,-0.059213417873491596,-0.9334984498773764,0.44227903314972467,-0.26383289613679106,-0.8168742715524714,-0.6115152058882943,0.16775897865857764,0.3938020001724312,-0.41716156666340404,-0.12349594887580867,0.6026742433920179,-0.8763614583488424,-0.1622403262819546,0.4739118738118095,0.4214957406315877,-0.534401692932351,-0.7403025110270028,-0.6627568600952044,0.5071185015134009,0.13066709728730444,-0.570816738200814,-0.2997018674892116,-0.6166820142884207,0.6254687105197382,-0.7021122185424888,-0.6865864292434334,-0.7163966071348812,1.8459066283794854,0.44436926973634744,0.9377980251157788,-0.17256885681830783,1.0675005277126954,0.17128482707240544,0.1414617941870326,0.3954286317271499,-0.022727426972254265,0.2633435448746056,-1.0573841429353348,0.030443641734700617,-1.2868763457266104,-0.346420233793132,0.6769760853327506,-2.1493301467893913,0.9893891532174152,-1.1055091687764123,-0.5012032371469212,0.005881084341825641,-1.2146912413175077,-0.2647494719782591,0.5156153965654897,0.1680039128390016,0.021108961331806095,0.1512389266416928,0.0019455978330701325,-0.9580531338781559,-0.3471416552549057,0.5564185960589905,0.10866577115209006,-1.0158045600336363,-0.642281798065707,-0.23518543340367687,-0.11184189294380988,-0.34129641496963964,-0.455300040591985,-0.17400221033073252,-0.5748984486372314,-0.4704738358064099,-0.1400454417187101,0.055687978659706386,-0.20929089150829797,0.44890043185676276,-1.0116878253765271,-1.1071915327476134,-0.27941867105752594,0.6140562855205561,-1.2770112012286554,0.12632573162529015,-0.8690692361975229,-0.41620347499975324,0.7233163155838265,-0.8455427075956398,-0.7501909900413277,-0.7532577303959306,-0.6747962694725013,6.837779091155898e-4,0.05359889941941336,-0.5758147163608099,0.04658215732454903,0.14642910026997052,-0.7449845489553221,0.5619242104016579,-0.2403767277474505,1.0311508811421328,-0.14353318497355827,-0.11028071668297365,-0.7348249031635313,0.08014071170604115,-0.33149346996857204,-0.05366339262218152,2.4081805963149407,0.7726248103384586,0.9511621859944184,-0.19894470071271222,0.11307036455813035,1.1594862306513034,-0.2184734541273864,0.41015716988650874,-0.21121075536875852,1.32562250344871,0.0845036677159584,-0.6849183705785465,0.016518676281870655,-0.12810151646067588,1.1486320053686991,0.17767386804214455,0.7009658188493291,-0.46806819623160834,-0.21227838800226903,-0.3152099907175499,-0.00406726089336278,0.6431461627998092,0.1506006539261201,0.012685437988169585,-0.06909298082338289,-0.6282296045674205,-0.8992175218812491,0.8204544360032585,-0.17334171272565035,0.23248230675183698,0.13353547071447774,-0.004893739441065096,-0.4886248219690012,0.5617986598525081,0.08154272923022969
2024-06-01,157695,161152,7416,4.1,131469000,1.1,-6.5,-4.1,2.9,-8.9,100.894,227562.1463667344,724032.0870332445,2119975.2991284574,237824.49267033086,1110799.8283942724,35.01,14994.1,165.4,221199,16063.348416289595,683,1318,1812094.1565011856,1459,217969.22429354294,275719.40844591585,141.6,148.4,313.044,318.39,123.539,122.677,17751.1,64.57070236929229,67.4619562339933,15.79,1841000,234800,114.22,5.33,4.3025,0.32209173893684195,3.063463653621957,0.6732863381085125,-0.616806177414825,-0.8777575200513152,-0.4967601126422137,-0.4274286388537909,-1.2675591521319225,0.4392529012643456,1.013340101436661,-0.7257712543013952,0.686256486549353,-0.15329408452517676,-0.8832698744193179,-0.9798765817857582,-0.6922058205800492,0.9101406063028864,-0.3830744740023324,-0.03231188446903723,-0.6975524213511985,0.13003176258277352,-0.06441783359950533,-0.7003294699092238,-0.9437342137813682,-0.22080371344308766,-0.5582040516443144,0.2173258403996303,-0.4386613040836768,-1.3571340524780795,-0.5050007256179597,0.2674232689816765,0.4144045769755002,-0.2762118072826163,-0.12560376949510235,0.5440160614651909,-0.6131105718752855,0.4274884375907331,0.042242402457424943,0.34344868474011697,-0.9488798896959147,-0.8468753786875385,-0.3992805223660775,1.0899000137551706,0.1035715497655013,-0.5804116892100201,-0.17983401762741097,-0.04590787141392545,0.19005069336312944,-0.8903818337949965,-0.05064289175093499,-0.013913428335161229,0.7132658261951941,0.16403475179267746,0.6291170914433364,-0.11718175391444069,0.6357586343225328,0.31840844150375985,-0.031012635648437748,-0.014688519881118961,-0.1030912573803188,0.25072193257369685,-0.7772579894654196,-0.06528688919449789,-0.9227350406922883,-0.39245176773602847,0.4556076951379993,-2.5030626457469243,0.3091137264912504,-1.3182682983491867,-0.22930165534928962,0.21321421377184155,-1.3375936910577793,-0.12216576099075507,0.48213438740552783,0.07495802739000747,0.1914393948660591,0.4412714261004376,-0.03831420042752647,-0.2612495422420857,-0.11302684733329528,0.5479227138411502,-0.44225691732439226,-0.7687609884090478,-0.10218398672617818,0.0998794718376598,-0.3473737972880993,-0.4202068822091432,-0.40391667781218477,-0.14684954434801742,-0.21630733646678107,-0.46162699220506487,-0.15136924216883,-0.0273854864934397,-0.3434156779828101,0.21171422904153,-0.538754553208715,-0.7263785761415159,-0.33858312903419713,0.34016236289387747,-0.7906944839334789,-0.007494184648131295,0.48528549069092886,-0.5364430858609106,0.48167006369295007,-0.7345168133504184,-0.6995236261395138,-0.3012252748163017,-0.5759887197921889,8.375394708828929e-4,-0.06805872588976278,-0.21318901733263287,-0.17126137166757943,0.11152755836205124,-0.6004420985924913,0.2778632013868762,1.4440533806166362,0.8605748834418749,0.3913006461748557,0.10587523950391879,-0.8058250749164741,0.13847683552720264,-0.05583903226610128,-0.2667537878222061,1.3334495769021426,0.8160237710665094,0.4403996227820849,-0.24176150238906685,0.10232722885766606,1.0085986805770422,1.0153131771829693,0.08517871698709094,-0.1515762894294576,1.185380696763712,0.08865413144024213,-0.25012768331859037,0.016610186278885216,-0.13810910222754133,0.1350828891431319,0.0487914760744145,0.26564972716632695,-0.43453850717058956,-0.11566637745165738,-0.14385199991320385,0.007281870296824333,0.4382651621156495,0.10810552340326346,-0.03240210167321339,0.2673333600689476,-0.26894806481636674,-0.5856150224953016,0.19334394924754236,0.025664011877040406,0.21940379386513287,-0.03890939028204242,-0.0028531255754273657,-0.3402560032360663,1.1201410096395077,-0.38883160368808256
2024-07-01,157748,161297,7426,4.2,131589000,1.1,-16.7,-9.2,9.9,6.2,99.9757,236983.57794013058,724720.3724057671,2119953.6205605236,239784.70291588543,1110051.238119868,35.08,15046,166.7,222865,16122.632055343634,732,1269,1810662.2163315446,1448,219253.89539018556,281483.9658628047,141.8,149.2,313.569,318.94,123.736,122.911,17743.2,66.10848904118444,66.1570157050335,16.337,1864000,237250,113.66096774193548,5.33,4.2725,0.8149861056295249,2.4402671276691614,-0.6474538515794844,-0.6344138837619377,-0.6525295763930434,-0.04757228409728912,-1.2125569899661799,-0.817545771885773,0.8916133641945428,0.4338346548038373,-0.8359887070027099,0.368294111686548,-0.13854955094278135,-0.991714464484316,-1.247021614877069,-1.014953298374469,0.19911267139224267,-0.26377451787936523,-0.16139837878938829,-0.45255897077712476,0.7961879072742588,-0.3649899099974299,0.022706488733088517,-1.1526714703971113,-0.09114573060187042,-0.593993740464201,-0.24263627104859353,-0.404006961035574,-1.8422328093147167,-0.45950008403795073,0.19061827292498346,0.37338203476575277,-0.2642117986807858,-0.006874920686842769,-0.022579981520640672,-0.4024086365369921,0.48907692772312417,-0.07261399656407869,0.2117727319652102,0.05865966511006759,-0.9310826859132216,-0.23641933763350567,0.4166717010564498,-0.057406580196752835,-0.7329411672495499,-0.06253915125585079,-0.10893176605256395,0.08160343100204512,-1.1895857493304405,-0.12368638399302188,-0.023114016816153347,1.0334785693157833,0.12640476336072887,0.8691448706545428,-0.4029695230226422,0.12290274041590074,-0.8119172984278443,-0.0047917072856960945,-0.1207413545633609,0.09388891407299059,0.012268129541959815,-1.282651257729926,-0.24693095244041965,-0.5936244063241497,-0.3420214687911382,0.6269638316066436,-2.496630393059483,0.19030825852834987,-1.3189436812694133,-0.21855206335379013,-0.14077972336063227,-0.9654911087510335,-0.012353190882617299,0.0912094718752923,0.01482197618838045,0.07051885536428118,-0.07605190577148496,-0.14233977601739964,-0.052635901050100124,-0.37987550679941173,0.19812228857168612,-1.470612757407339,-0.9810362676313646,-0.22495187021835508,0.4128414505579113,-0.27296691250828653,-0.5830552942801447,-0.9010023999566199,-0.5000885382914415,0.013696347538065272,-0.8959603181271503,-0.6561455066130701,-0.3897901366477521,0.171818562085295,0.013059068265964605,-0.7811914204384818,-0.9762040108249639,0.14019126391589257,0.5304552242237388,-0.7252226876965354,0.27216526021625265,-0.1273991948214544,-0.4717295877884273,0.06338978485693905,-0.4482887358414774,-0.8575174647253201,-0.5003080159517334,-0.6677853584443717,0.0015638622530451275,0.8095353707018611,-0.20452659643906596,0.22008362829183759,0.22369791358111654,-0.6857662347191017,0.031790109250519116,0.7594405548982682,0.9207839181335714,0.1341599523504598,-0.030866557715785826,-0.47176739037473714,-0.26037828707779737,0.13337156367110262,-0.24699897627084078,1.305598694042792,0.2921175627010076,0.18430751942207332,-0.3526476408801335,-0.11393056870876997,0.0659667579356928,0.81204176386591,0.007156408426136059,-0.4478334171327382,0.14148629836301677,0.6488516933535465,-0.393100951544781,-0.09682344745515943,-0.1468247582203573,0.09031832989724811,-0.11565682237932859,-0.32501337833612026,-0.44990886829263377,-0.22562882424592923,-0.1074214765334182,-0.06442469427291996,0.4378443280812172,0.39368756932122984,0.01376641245915416,0.09808356467852275,-0.15142002774174554,-1.279225369058788,0.31120219029119023,-0.13548891179743963,0.1384869150190468,0.049964399758694496,-0.0011000525858248884,-0.010890534419473854,0.8261315006525043,-0.38029202311470106
2024-08-01,157757,161429,7520,4.2,131635000,1.1,0.1,-3.2,-3,13.6,100.4309,234020.77666298058,725198.3630507955,2124440.075885059,237548.1277595267,1108956.404523404,35.22,15123.9,166.7,221943,16144.532605800354,687,1394,1812895.4144435746,1492,222621.86311940526,280061.1838016289,141.4,148.2,314.062,319.75,123.889,123.128,17752.9,61.8941148931705,68.62177264947795,15.978,1854400,230600,113.3558064516129,5.33,3.902,0.711994665916503,2.4705109791387168,0.2612384667380122,0.1298319196884391,-0.5668571358815742,0.7776591746879187,-1.3922588443697035,-0.7165852760620729,0.8762450766173528,0.6847875103565321,-0.44474286089515763,-0.17206139286745206,-0.06865615108091044,-0.5645925015018636,-0.3531715569220919,0.014940769251670158,0.44710972014737826,-0.25784339500483106,-0.13235038109089253,-0.24120090971197405,0.5509392062076578,0.21591651992922167,-0.3910686136269381,-0.5793575760115752,0.4418953075944508,-0.5359670105682178,-0.38688622177944243,0.1371731240597984,-1.476724896202705,-0.19043302289090425,0.12998053078008912,0.2789457047843573,-0.17522594704404149,-0.040570117368737064,0.4396055887900699,-0.2215298729392274,0.11836330480541414,-0.06306224334953324,0.28603933433558104,-0.3359001112339582,-0.5797663582502214,-0.3561735869917488,0.13293549203321606,-0.16632475457744367,-0.6122607550766158,0.03153324319438349,-0.029398322442420948,0.0711200284956817,-0.6891161513740516,-0.6288533110166099,-0.37466244467663906,2.0347437358868814,0.34544522528243976,1.1726586421592131,0.3472981965766484,0.15744385788434898,0.21062638570344772,-0.1835538069953095,0.2550862798618293,0.05044121779765057,0.438820020699144,-1.4863810097207837,-0.14311448026558682,0.007167389070015765,-0.3214745048997154,0.3742654182231019,-2.5041606542860464,0.5056858104904158,-0.9258421087572972,-0.1825724724944502,-0.9914924244900614,-0.9551713446190095,0.2608298088439782,0.6110997531929404,0.03333005514331594,0.05632577978866125,-0.045676908296163075,-0.08410623915751868,-0.2645272711111693,0.24077614214966034,-0.05700755357646761,-0.9993011923255369,-0.5175299078378747,0.2539934498690581,0.25638174811714887,-0.16491183079724378,-0.8157139796143114,0.0048509470643656755,-0.28063826780851076,-0.09286659765980694,-0.2852014511401556,-0.23398525078960966,-0.4511822318082888,-0.13410013410288024,-1.036795121072606,-0.48713010596248996,-1.1388263082960712,0.47050066431641024,-0.38490888575039806,-0.879895136131238,0.15280861960993955,-0.16503730146976484,-0.11103765492112876,-0.06293310728703018,-0.09291812952439704,-0.7131617309305704,0.6889161211065252,-0.332202149997463,0.0023203390722647344,0.04262302964796646,-0.03788797761932945,0.2881891127673771,0.18753277102744786,-0.552001095493728,0.027871427570997975,1.157938821200016,0.7690214336297123,0.8922691591498616,0.3120074301155044,0.10495650921782858,-0.1921043723997449,0.25803562446602857,0.5532269741974107,1.4913505339665196,0.8774761286015519,0.3593311793133781,-0.10832452147553061,0.12448570091102605,-0.5941522336432115,1.183932157724857,0.48954278904044557,-0.02840091940325827,0.6033002759897668,0.42759003054862116,-0.3895918776784392,-0.06469249719720119,-0.28545065547673565,0.08943373361520951,0.009763171230990955,0.08906603601328346,-0.42910839535169076,0.10799673317152499,0.2709757685576622,0.0727108113986752,1.0731378916260745,0.2964189886441653,0.104698334242573,0.24074312888387045,0.1950107636671569,-0.9708483830783416,0.4432782389913077,-0.2798395163394696,0.13290502631530196,0.11520722523609306,-2.3301614135047357e-4,0.3581494499155443,0.6718094689703986,-0.06103360045008778
2024-09-01,157912,161813,6943,4.1,131614000,1.1,3.8,-1.1,-1.6,0,99.8084,235550.5621597242,721399.9226829032,2126646.347576912,236577.42985084243,1109354.5633194805,35.34,15177.3,166.7,223382,16226.603524370992,715,1357,1822672.4332334655,1421,220104.8613124577,287194.3558519377,140.9,147.3,314.732,320.732,124.164,123.466,17769.9,56.570342450307656,70.60475876058904,16.341,1834750,224500,112.41733333333333,5.17,3.7225,0.28893486881486136,2.840757261047648,0.6128884425538762,1.4762551662833456,-0.4722922580047009,0.8498656895157145,-0.10178121440153629,-0.009278383849203363,0.6086551478123062,1.3540353874453135,-0.32877687157459634,0.430220168020735,-0.056528350146781974,0.33591398621830304,0.09021730232895545,1.3227781725536505,1.2490678296133229,0.13756423059051387,0.17429567635059742,-0.18082219447929151,0.681527170290864,1.2037862766226386,0.14914180899564147,0.3771219483854884,-0.2947829651968184,0.25244744845747347,0.3246407724067699,0.7163693536855867,-0.7583781462199816,0.19064669639782625,0.29798150753516106,0.31498620966338847,0.15429876679916205,0.048745718816144167,1.3482856038738473,-0.35434563795067864,0.08741788012582061,-0.04518862213222273,0.34298855448287424,0.4376610218142812,-0.4928358183347951,-0.33446322631759523,0.5442312586278367,0.12391234515609215,-0.5244778913379412,0.19071305056431115,0.30066942574873484,0.41112267953312215,-0.0498539084232097,-0.2697395436208514,0.012033557679296451,1.5736907433733485,0.7203366308479818,0.9570423202466792,0.6504174689893285,0.6149688892666729,1.046939435014226,-0.02453186459496552,0.9968315714227436,0.045139439863930236,0.49099916606199,-0.8319071384414682,0.07601688653224647,0.13346107948433783,-0.4474588440754832,0.6447255960524012,-1.8303812435915214,0.9232196008373958,-0.7192568718760141,0.27721200203616,0.260439512870033,-0.7880826948694402,0.6497395879523538,0.4329934002071765,0.2607485091392746,0.17621813203476666,1.123231634470097,0.2153764443848452,0.3621108735743249,0.8249349160835868,0.6814239145847637,0.02415354123324421,-0.8129936415160538,0.2952817448586348,0.10357338553218604,-0.08872228926249416,-0.4860242573401479,0.7978511508460778,0.6025363651570648,0.2468082119336083,0.11275706675127985,0.6537340699308041,-0.3298716649016586,0.386620189789715,-0.032414628732682055,0.004066924126078737,-1.3161872382804145,0.2891359392525746,0.005690925239653666,-0.4574567706722937,0.5317347263469647,0.0809005999267108,1.0337055280680763,0.3726162648049773,0.3948041014000199,-0.26401324984971686,-0.0674491080138516,-0.20763427759434924,0.004228289342095685,0.6614448120715181,0.4162319728756723,0.18006430035665327,0.09580840264724705,-0.16455215420669508,0.5111094404215426,1.380058296484139,-0.2329041370167447,0.8148173470650342,0.5154459329094623,-0.07825719781788623,0.47639500310291394,0.504792133063487,1.095347694518061,2.9123406980638618,1.2840400629237074,0.07209543064315305,0.09647116899983331,0.41979926539103657,0.4893913234640014,0.7496954431967445,0.11075437537543666,0.08054676859170147,1.4785473131756004,0.15965917538623417,-0.5613287312879259,0.16692500330129664,0.014418819275451942,1.5127711649888493,0.4984323647624436,0.6476864226132603,-0.13919053682647486,0.16469517916394244,0.1859722959071292,0.175131850019869,1.1156545651060576,0.13352702610661066,0.12757473258588822,-0.19464155045978204,0.026676874750446635,-0.6957533220769396,0.3661675208152976,-0.04240338329913451,0.33160151716232217,0.12061495114989321,0.0032195603049008366,0.4229042428544968,1.2355625811437105,0.3238026357328766
2024-10-01,157945,161444,7379,4.1,131602000,2.9,-14,-3.2,7.6,5.1,99.4695,235566.37267659485,721368.901312513,2129249.555672346,234748.66258614874,1111119.411377255,35.46,15241.8,168.3,224404,16246.566099571064,632,1370,1818419.3615756584,1435,216727.71378540332,277604.5431908365,141.1,148.8,315.631,321.731,124.494,123.832,17810.5,57.82607997172554,71.92168584392238,16.493,1870000,236250,110.05096774193548,4.83,4.0424999999999995,0.035949393439942016,2.8997108073066302,0.920680231730193,0.6791159687191534,-0.6964510778938661,0.4179687898905409,0.1607942198512013,0.5742080607507482,0.15417128536892033,1.6362677290637946,-0.3699710047514966,1.0016476232377434,0.09453543441600132,-0.0038994448568082296,0.45742348153999074,1.8724427186825983,1.1340335701894084,0.5353256280494406,0.2788383217329026,-0.4636816756675877,0.4089870650253642,1.0441960594852127,0.279977744878195,-1.0605885767761958,-0.7468012315318318,0.6880372153162271,0.3355847873348621,0.670834174542549,-0.01835674374562078,0.1959778652247505,0.3004857461590554,0.32927701988387975,-0.039422417438876534,0.05729053039277895,1.0360977631505237,-0.37227400155437107,0.25389677989202575,0.12708348094240718,0.3869579465562584,0.6998719091805045,-0.5202189191159093,-0.19647863664787427,0.8445229700259793,-0.03045767367540012,-0.2433764976359505,0.35897335668779984,0.7518884412482868,0.33914018239410143,0.08668783512854977,-1.2076731374644847,0.22883681146990817,1.888223527308015,1.4690295534971292,0.5533663000444967,0.46170828843576733,0.22796616315665613,1.8952855150961019,0.29308588952780895,0.8259017843037414,0.20037332212788064,0.2990146558326589,-0.4056188179967606,0.12762594572999617,0.09448923169758049,-0.18966549903492763,1.3507383799612123,-1.0147521435950762,0.7439797535896678,-0.6518937227367402,0.3902821457747984,0.5968235882128861,-0.06514844974198673,0.3438559254310245,0.2990029002728661,0.08337685099199652,0.09843061068646856,0.28342743597417813,0.22591155014841005,0.4578186778916674,0.6179718048428925,0.12417194651052028,0.2563095983774483,-0.6139561863254159,0.4047486526546697,0.20075690227640194,-0.4246983101066506,0.2750965623980449,0.39437215966847106,0.2853991659212181,0.48821660861809124,-0.27764921590041425,0.7964664476576243,0.6489669746459819,0.1747364359220303,-0.47868308584820973,0.1853182585217443,-1.2191147208547357,1.8090641277326367,1.113894323436297,0.020054307263175152,0.5033934176561755,0.9174051501158623,0.9220305895101092,1.9169392462948545,0.1593862225182833,-0.1648275505747422,0.3393721531743495,-0.18840901267562557,0.0016855381704266492,1.2719361652258963,0.5507708586069866,0.36710816466781765,-0.0115235851267968,-0.04284523499872171,0.311286204655874,0.9843415468425227,-0.1744820763381,0.5418006050122862,0.4313374225745096,-0.04150810852675403,0.19615785652813286,0.39031380637465757,0.9010696747295261,2.988875146952604,1.24575013661814,-0.2186646191967691,-0.277340386270143,-0.1398419858139765,-0.16456535773200004,-0.7639040299804947,0.260543064351762,0.1362011266381456,1.412064069115477,0.43252649277766814,-0.45067108759706337,0.24896661364344605,-0.11298408002346619,1.1998549291754872,0.9716252432180733,0.6408204782786919,-0.1377308389778249,0.06651456873176635,0.5606734127158656,0.2622378130138798,1.1367656770320334,-0.0706758986402198,0.23532062572856108,-0.36113920726879994,-1.4906417924356248,-0.45680596688611086,0.26937532815525755,-0.009469258347595691,0.3629152488527692,-0.2980766066956351,0.007039573954227113,0.3904598998683122,0.737740812755506,0.7308674455825915
2024-11-01,158079,161159,7566,4.2,131704000,2.9,16.8,3.1,-1.5,-2.1,99.2925,231343.82246042506,720956.8587177162,2127236.180672992,234343.7342041288,1110712.709708995,35.6,15315.6,168.3,224894,16298.210001845357,669,1300,1815381.4677824401,1512,221968.59680512207,285958.42326115037,141.3,148.8,316.528,322.657,124.637,123.962,17851.4,56.122981137222496,73.15267542725572,16.908,1873800,219200,109.49466666666666,4.672,4.342,0.17884891210869475,2.2101879938493014,1.5209595531097928,1.0972260871946555,0.11976935637377921,0.5945664675224533,0.5574356666096223,1.1978448333099694,-0.03935323961371125,1.0174639849551232,-0.09421069407098272,0.6733978063215397,0.5150184785436849,0.1308161170777965,1.3667136322849187,2.1652538236742305,1.2811364336474735,0.27848401053138677,0.38945324362555467,-0.2111348870209502,1.0318275520319717,1.3372371040078541,0.7349117076781856,-0.5754344886058776,-0.039662797839177276,1.1424693638445242,1.1066420097409144,0.7378414362599378,0.9205067513926939,0.715123695244032,0.10057431577404179,0.20444946822953022,0.1654032798961672,0.11872447612604449,1.2858376949071637,-0.3424285089110978,-0.1725564433535763,0.16783308527005547,0.5354914851208359,0.6566307099893014,-0.5503505563342455,0.1983236946158571,0.36724424113233023,0.010598920663622243,0.3683459275254692,0.7991515789191235,1.1515987945373811,0.7144238451335588,0.8267528583082814,-0.578764830454024,0.14715644347109322,2.3773517387299328,1.843123744152946,0.5755816991576234,1.3665599624735265,0.5016594800671601,2.289741921699654,-0.27811817033333236,1.1039402008822268,0.5904435145876288,0.4133163337764849,-0.20366027434700076,0.536601796573537,0.656025454478051,0.04858582737116855,0.7394217209693263,0.048909800201223284,0.6296228485054598,0.21786393862945533,0.5552712220638771,0.8421683366243305,0.3533762724421883,-0.03548697948361043,0.51972980496407,0.13188093866185754,0.0887433666425401,0.7384317740736747,0.19514253401197035,1.2126675556337059,0.5314922270976089,-0.649987141576181,1.5672578545982288,-0.1690451645625022,0.9176843973474733,0.4718908349366847,-0.3495961417092059,1.2265095912903714,0.425962569418759,0.5096758669454825,0.4637908697128328,1.1847282152188519,0.8458563010204065,-0.06109500074386043,0.5177433552035711,-0.7150493087593074,-0.36336447754745055,-0.8327130100415632,1.410218703899965,0.043557474467067786,-0.3740537469476168,0.39992057788106444,0.26043206489231685,0.8513227980563747,2.455282803061052,0.47573748338237787,0.1279819780481871,0.8127859776243382,0.637066787402546,0.007314534089594933,1.7796488230950613,0.527438837461918,0.3945358502669923,0.07563465949421741,-0.1965471623282792,0.6135225391608684,2.0068492721958124,1.1574339664518192,0.8182043843570661,1.2094779479659596,0.07700435186648395,0.6155579330597002,0.9051274385540568,0.5563304576589972,3.431529612040679,1.1363408168541007,0.5486088363266852,0.2142335582473395,0.29942515178856965,0.7006210081868817,1.4919327869844923,1.0001802833671878,0.6897599986536936,0.2602419417544576,0.03209496330248535,0.5051774671063124,0.288787572887489,-0.1726943819508567,1.719524337083898,0.7411293554029876,0.6243591609217751,0.4805580462617039,0.14431922527476868,0.2376892831555253,1.8868786275236805e-4,1.3068838777139027,0.08578405241791748,0.37962234941591294,0.1575570592856084,0.11969077084097797,0.1082771588947204,0.7213030948750533,0.42644542178713846,0.4536343859749665,-0.4311733194393824,0.012831093034019457,0.6346154448818834,1.1637929260362507,0.6583591226883206
2024-12-01,158316,161586,7295,4.1,131861000,2.9,2.2,-7.4,-9.6,8,100.3273,232486.25769129212,713482.2650205235,2100510.2097744616,235545.1715888269,1108508.6294497475,35.69,15370,168.3,225836,16414.197585194313,702,1494,1807361.2366877634,1467,216537.9783803679,294030.1970731083,141.4,149.5,317.604,323.259,124.979,124.196,17867.9,56.105425711519544,74.2868768161446,17.301,1861750,222750,110.26935483870967,4.5,4.3875,1.6020548416733211,2.783556291466422,1.6338959493406962,2.190103337037109,0.14466704073828615,0.7276814074690862,1.1527811130641834,1.6631777123220344,0.3371638881025298,7.418630707644249,0.36468722385418517,0.44688318233197505,0.9637721462602747,0.2017557771002215,1.7555449994383099,3.25443281997209,1.9374186229388728,0.8080361792270647,-0.01710776927073173,0.4284845718530617,2.221980947956955,1.2600077291105187,0.9119805677038034,0.20831842568644024,0.33841327828670736,1.5764530490976092,2.721375880695565,0.691894237786028,1.237722311043284,1.0659512076561595,0.27504382099180263,1.0232690639084243,0.8832940112793051,0.747805736132451,1.6686359100943997,-0.25462251187116913,0.344995888531834,0.3401171615091782,0.9845125464229098,1.0613081918663636,-0.30316704451229043,0.8079092267989918,0.5113839329957556,0.09059247085757327,0.7881666214797247,1.2245806646461599,2.529862928606868,1.4725881350956966,2.1138643269387796,-0.10007804190886346,0.4432023637897463,3.2344499512172726,1.8913532435088534,1.383825453142029,1.4704343002149332,0.7820979107570648,2.402589586677753,-0.7124752114522002,1.394696017428157,0.28298684988572,1.8833464255962828,0.0043022228510517044,0.6726075783845316,1.8690223863994309,0.8484330429183882,2.0638922461604206,0.17720098359576353,0.39673909669713003,1.9063323024925742,0.6964365404562026,1.129118277360354,0.629366666813674,0.26772634220984337,0.9195459691976104,0.4448051432733422,0.25750285608838713,0.7653775508981113,0.4386018248947801,1.8707090206193677,0.8080855748754254,0.1535805965363967,2.2644782484401995,0.27129267843207616,2.0709405342866574,1.0007891792102777,-0.6340272693419138,0.7986469001119316,1.1807261795583386,0.8129678772594827,0.5294928038868381,1.1939666452679163,1.1200741485748362,-0.4762278513322283,1.1731537669609189,-0.23194107772806824,1.0162185096769518,-0.2280062609992838,1.200572970985021,0.4725517863691389,-0.11290052809534133,0.30843412311527907,0.9771799562412241,0.9405533083511429,2.3009144968615414,0.8112799989599003,0.6378065214850962,1.2339406180554169,1.210971226819464,0.015363726198708866,3.3064652747022985,0.8664996774198783,0.096960260036703,0.5351407129003196,0.1546147347481332,0.8460919568905491,2.3883882517474766,1.2128873420058908,0.6974711913839368,1.3256260613943414,0.6668244557115746,0.8587412392774884,1.380520523578258,0.9228672588599842,3.3561205727826375,2.1021974289162153,3.1738811648440075,0.8163894711698952,1.0181819404625572,1.6437428029637366,1.8292558438407667,1.0944737058844074,0.3546743102354364,0.4038854784047485,0.1983098508380958,0.9051594990995033,0.31765576037504284,0.10777432487577507,2.326324556821143,0.6178428239352456,1.3307505864216895,1.289424129726378,0.9737473129248727,0.9125844835600434,0.06637911756266159,1.537849777566866,0.40594429283806627,0.6970152708501783,0.7432639706176705,0.7713289994862683,0.15359701996822794,1.363836045563892,0.47767901268440055,0.4377017451986832,0.9915415749727549,0.023114813467904182,1.413668118455026,0.8750874677070899,1.3004016664566955
2025-01-01,158268,163831,7431,4,132001000,7.3,-7.4,3.5,32.9,6.3,100.0647,232181.442707129,717618.0262643821,2111393.1742729824,235547.01515743483,1105142.0461340966,35.84,15431.6,169.6,222993,16315.332052273616,665,1353,1802828.1652407567,1463,219130.58038383952,318562.874251497,141.8,151.6,318.961,324.638,125.417,124.587,17889.8,60.39053716800752,69.88887334392238,15.95,1867750,215000,110.15322580645162,4.33,4.622,1.1461703533777623,1.6418375474076523,2.4677068123359933,1.3707494463721759,-0.23967080864845092,0.890427654489268,0.6788605213797936,0.31624136591340124,-0.5725479300621896,2.7414861875545586,0.21708629997341725,1.1074935909021806,1.5285074489442054,0.42629010688698243,1.459655572293879,2.4324890483569757,2.6885426677297093,1.3097456503524934,0.6820813753978449,0.5982785491372777,2.059429902762779,1.2442865558709968,1.1491113151798489,1.0661514007029453,0.34261065661200546,1.0867305383904946,0.13043213654533198,0.714945773437676,0.48702377774198524,1.0693365009670839,0.38507060764172346,1.4182331177637082,0.8106605609492413,0.7443208867716034,1.2145220746884007,-0.2600014328046117,0.6686081561590147,0.11520465876729978,1.113072394466926,1.3012543847371283,-0.10666029953661003,0.834111375368721,1.0833071086147188,0.18721301904220736,0.7601252429875442,0.9612982895982962,2.551627799050247,1.2609777077079904,1.607100118388348,0.3935783204814569,0.5907530190857884,2.8878068249453306,1.5050792629078762,1.2625660912002001,1.0633339026966244,0.9603209976765628,1.2241744937677035,1.0011204915240932,0.7873396924479085,0.8830400299233083,1.175525955224675,0.9521973411028453,0.25292418862550464,1.9447762813008482,0.8825770043495382,2.068114438633074,0.434606198559229,0.21738699863431754,1.30777627481654,1.392469230152465,1.5485154052969305,0.9844832957545174,-0.2743894180920511,0.595154433804893,0.5163620247565541,0.2198599070609356,1.3671157580261721,0.43364561418798653,1.2830543480886956,0.5334848856081228,1.5042411278827108,2.566623011462446,0.6474646980491171,1.7104920307848084,1.3188860248679657,3.900536171623745e-4,1.3086058537940175,2.477908570169981,1.02841180482092,1.2338836837427545,1.55798491114482,1.1570787187527927,-0.3380135828721791,1.504360507759942,0.41605249449344034,1.190246995819768,-0.1035453977910536,1.5564906322550878,0.09963857215865968,0.3639758688499842,0.7115180982121495,1.7730302479684001,1.2540833906284716,1.6569993514166066,0.6971935198006738,1.0047435452492341,1.2479462147453688,1.2636954595718952,0.016593142583754546,2.7664926550997513,0.8124959392483074,0.2906912203050814,0.3309452843042281,1.4760617583557,0.6698167364387598,2.363512060486967,1.6501362832958664,0.8422577901619713,1.150522393164515,0.7592097812059033,0.2915903250309762,1.9403234260812567,1.605355160309966,3.7180176573479002,1.5992763003858275,12.41242754452419,1.2475809567719152,1.358238304949809,1.638906060983114,2.8520894092864024,1.0734151758047452,0.6174791543203144,-0.16340520598292532,0.6486620745141595,1.2690222994398104,0.33027209054955003,0.45067081997567565,2.1651813604986825,0.09685881737416625,1.8905700588048044,1.760409572030304,0.92034006811226865,1.2158919075413737,0.17438714669500202,2.3199530449560535,0.356571934417434,0.6677488409148541,0.7832018493328037,0.7607489931906777,0.7917306162780829,1.2999086912450863,0.6813923761878484,0.3226048374919565,1.0429039405870404,0.010207024941920504,1.0206138808917968,1.1168333745382384,1.3937086723501804
2025-02-01,158310,163338,7242,4.2,132015000,7.3,4.3,5.4,13.4,10,101.0993,233467.8091819474,717228.2621643728,2109374.7917404375,237275.75225736768,1100790.1779687263,35.94,15509.4,169.6,222590,16295.77274640449,641,1491,1799390.8879376752,1446,222784.92070425104,315755.1163030789,142.1,152.6,319.679,325.465,125.921,125.145,17910.5,56.805457389950845,63.990502333284084,16.419,1860000,225000,109.30357142857143,4.33,4.455,0.2102034427610245,0.7095440897448909,1.649320624068611,0.740920508381714,-0.010684608371286116,0.8998528958374282,0.6754080000232945,-0.7146922513802879,-0.3988107063929252,1.5551228612466563,0.9817065310392181,0.31689537861840217,0.8305996478736646,0.5593458533165021,0.9480687938999868,3.186141247598587,3.035025192586203,1.08128321042339,0.8639579465718652,0.3558819360550854,2.0465187150104676,2.1861030431430835,1.2398096352053625,1.668170125175184,1.578287850874858,0.5302177150924611,-0.05793615793782189,1.0241610371204481,0.170401567087793,0.6996010012522651,0.42527923980158394,1.0404733892066613,0.7381728044520287,0.20960312762824035,0.19320769792149414,-0.2654827231012159,0.8358695138556208,0.17226633663236834,0.9648124527474975,1.0621677508577487,0.03133490356326687,0.6167823623568532,1.0199476359186055,0.3308150106884128,1.1788953565937164,0.7169453572928324,1.6155444587563765,0.9145709716190678,1.3915081555576396,0.5856723287861832,0.8636252328562467,1.179650086031166,0.7911596884297734,0.3370831663700989,0.38311792803626804,0.23784108836029638,0.9427578365359356,1.6106563421567377,1.191232659275597,1.5366926371658374,1.768945920941593,1.5395615230866087,0.047758261643664666,1.5083109094598754,0.485628324182257,2.665223224498915,0.6123155680427399,0.3004196626308583,0.7120398708291465,2.354516770573841,1.4111852829859746,0.9750713469620786,0.8809593987338302,-0.14766312086996733,0.309132770099559,0.14595835545705854,2.5712095545185316,0.2535433512992252,0.6116866268294963,0.5251942201147244,0.32133147098667625,1.423299177029816,0.8763854280903767,1.9063002464318026,1.8912437150324395,0.3611570598257462,1.3467499320439837,2.4988038805680532,0.9740337016473437,1.4242157410529757,2.4001320737180167,2.130348748821824,-0.04227108755650026,1.4196100631578794,1.798297779326283,1.4183217171062559,0.23696342556480815,2.1558681562659663,0.4285225447794773,0.8212221338391694,1.0613446806287787,1.7158434045993283,0.9674218723921064,0.503509265233814,0.09367498731433796,1.7735181948478953,0.7385596653090053,1.8400701391308507,0.007455019718017229,2.416914097256471,0.6989234129821271,0.30957143479950744,0.31230313569523704,1.9630432022352509,0.5222935935463396,2.45422695771426,2.5619336790966596,0.4689420396483582,1.3864400686289842,0.9303636132347672,0.8015470412915151,2.913096468033505,1.9327257846783508,5.277663055494741,1.114690269605703,5.592962448395927,-0.07203486841454138,1.263720285842839,1.8846282778977366,1.7240343848583328,1.2330843021631799,0.6097282989904651,0.49438094997612925,0.8163625941412216,1.7887055708019022,0.29300586675158324,0.5039326347354821,1.6573442445903028,0.033307307758486504,2.4866045696207846,1.3125668509954707,0.563791726773449,0.960419917165083,0.206311251412498,2.6786114064859317,0.24261549522803189,0.4685612379312757,0.5544991181028952,0.26994467116484877,-0.020564994480342512,1.0223523792227667,1.63596928481447,0.4382142181797104,0.5862115992102059,0.0035501445748114977,1.5946461234060914,0.6583398595175302,1.697564371643746
2025-03-01,158377,163509,6952,4.2,131962000,7.3,-15.7,1,10.2,4,101.0404,251081.85578961574,719679.0560659356,2111053.860832543,237778.00716208384,1117849.6280004128,36.11,15591.7,169.6,226195,16422.769392016897,656,1346,1791521.426699804,1492,225001.38953954628,330592.8966738393,141.6,152.5,319.785,325.69,125.941,125.267,18029.1,54.184102079545184,56.588463326191885,18.35,1865200,223000,107.76193548387097,4.33,4.2825,0.3400624096210831,0.5811312606485947,1.5383894184176397,0.9074556314731278,0.6818815020833061,1.294484904736531,1.3848173844203777,-0.6277987428680938,-1.3524964147892893,2.153039730351694,0.766340583294639,0.2528219503534847,-0.6167302292415465,1.7053703011458388,0.775883628094259,3.003170929883893,2.3196484295438653,0.4850049896249311,0.9383958712987178,0.5931245056829026,2.387913211298885,2.835380352141611,1.3048678909309466,1.5776463647524979,2.0680684572832186,1.1386139546991425,0.23403466330205297,1.136540574100632,0.35291085883927165,1.4224559816042486,0.1888163689324267,0.8190962801421535,0.6552801980051189,0.5990867045154763,1.8368549898906839,-1.556083968248956,1.3674929406252259,0.15998701881054642,0.7986563827615207,1.3918415945652014,-0.008529036021994894,0.6082219857300133,1.0127433537740085,0.4072508331483195,1.4779651958190605,1.3590624240721039,1.6569154822949976,1.6625162516485685,1.748304776723509,0.8929472628041931,1.1189997759953367,1.524157861793655,0.8130032751934846,-0.20435070149932494,0.06214977814480615,0.3967043553432414,1.4501732060817174,1.1453786728430828,2.333738865674232,1.1556979756712233,1.4618647366757922,2.0147142207804882,0.44081724236851444,2.4542969039993543,0.4902762811623371,2.7768911754333123,0.8582504014367501,0.48101372373089796,0.7544859046633675,1.7755118534024505,1.771791541686348,0.8433290723331887,1.7163228305090308,0.28355962841005355,0.3337612687098928,0.21278255688763834,3.606983161501259,0.12918740006100526,1.3244924578677313,0.7700545985945835,0.10084095184454715,1.6402183959927197,0.4772551142181781,1.7966364969979436,1.943724642857446,0.34573135306497177,1.510307494782532,3.117896148063577,1.2399101517768547,1.982581071567521,3.5977804033933944,0.8915909983462338,0.07124727356303125,1.727758079383181,1.6415255893678837,1.7545380831591872,0.08399916972207522,2.767919931750379,1.5058136160842197,0.24054314633099222,0.6154738080422703,1.22164246514493,1.6092886376566364,1.37845629968818,0.46428798587109843,1.2894891300648392,1.5264190090919774,2.3913012391700574,0.008148165885869562,3.101643745707792,1.302029216142735,0.27291760360697975,0.34110265654504585,1.0497729206510957,0.6138636716811254,2.343567946688985,2.5743405501369936,2.111759632740444,1.6090615289182626,1.3192422244145974,0.8044034805591173,2.289971434765289,1.478471220277737,3.9585661675286907,2.0141673656854047,3.66155067462627,0.14816557791593096,1.1773096038666948,1.4882387153096241,0.8846220582880086,1.7239614162275163,0.541315883444103,0.6138984308082029,0.5415293098590389,1.9098236457585198,0.255136802798576,0.46176253349704205,1.5938696833402206,0.6327178649723973,1.8909370363018196,1.1851260392786405,0.8224300571124546,0.4216311987517836,0.11685866348000717,2.5534081328404006,0.4118951069520532,0.3798872095942711,0.5496710179479283,0.3317794655401698,0.24099536528506438,1.4395095811549397,1.0112174584280575,0.6859761591650181,0.44791478942076624,0.002152330384391857,1.8222334709893313,1.7403034057006106,0.9248242414278262
2025-04-01,158485,163898,7098,4.2,131939000,-2.9,-8.6,0,-12.9,-1.5,101.1279,234030.12286959967,719760.602457392,2107663.6695471574,238069.7582243361,1115892.9845422115,36.12,15599.9,171.302,225550,16445.818470075308,701,1400,1794537.4554102258,1445,230359.096313912,278191.83511692425,141.7,152.6,320.302,326.467,126.15,125.502,18132.9,50.36860879904875,51.95814417725572,17.583,1874500,225750,106.76066666666667,4.33,4.2925,0.2020357779789722,1.0121525651146461,3.1395629338127207,1.415138266590534,1.7898227083618241,0.8455920885402394,1.201719364571024,0.17444640928461713,0.6492622245565735,1.5424613838368637,1.0737551771412273,0.3979629668941892,0.043528608238378036,1.2158876042466609,0.7174545285928461,2.188587865503088,2.3332614712658137,1.185495635514687,0.7679097025283089,0.6941677199157358,2.434780299253918,1.4184529632743796,1.4920159291792143,1.4620297134301605,2.8629062524067654,1.4223560973957097,1.018297817046689,0.7404377237343274,1.0160459350235718,1.7046713116964283,0.2362232052009956,1.1437625677839693,0.4255870964192764,0.6929169081642276,2.061906591524143,-0.9261841711428442,1.4391219794224377,0.1369530657502976,0.7516384070835984,1.564845560875092,-0.044307591382515527,0.5941720259781339,2.0620531292357227,0.40886601018779073,0.8812457126560781,1.2849173016488227,2.0877479384294086,1.8943729654039216,1.7416797996709177,1.420074929964095,0.9039773612424515,2.3719196407383007,1.2199734240157611,0.5130635777592036,0.32181790394019727,0.39757870989983085,1.6433721349207526,0.4546944583816379,1.6787171148872302,1.0013855212944507,1.0635862785677244,2.1742661689998783,0.1700062665173093,2.0888755698173975,0.13999707905069014,2.444712879911977,1.49161182560717,0.5584324630910539,0.952064802867145,1.1234401193912313,1.8952754477177927,0.9276274774806648,1.6832747067848735,-0.24879093713773373,0.38545871982051005,0.28322275650810846,3.6432211205366505,0.22926031357069449,1.5461066038810625,0.7720793337990551,0.22341463573399656,1.5304535373826234,0.13624055917042646,1.2608566793611529,1.8635027481465116,0.2766765414356881,1.4906421806238404,2.799068893291768,1.736016785229443,1.0979626054751908,3.6831064819912744,0.5784370085762978,0.12969044811838926,1.6793301484921528,2.502306064095524,1.2734069761015996,0.23990164203193878,2.486523889319249,0.933651410764452,0.6453573887994712,0.4056093081104463,1.4196669113956055,1.8499420016791333,2.0516727242115596,0.721075347744303,0.16812528233234741,1.3754017794290534,2.648297564378776,3.5192585977156466e-4,2.894428499267201,1.4595691910639697,0.6379673427240057,0.16079900533135683,0.027118559499846127,1.0200658368387068,2.3278688173431683,2.9224551303157753,1.921943743264392,1.5931247604165146,2.0810296461266615,0.3067129894028216,2.107066670428029,1.570317519313552,2.5894397245194196,1.8829510733246684,2.168009673861455,0.8281743811915807,0.9907747385224404,1.0317993076161525,2.2602557310839604,1.8174974142421159,0.5813245310083835,1.5670706548325806,1.3132542865827892,2.4556547927972643,0.5841009277797353,0.3548300084381227,1.6663915294320102,0.546218229680123,1.6916567634470248,1.1765762955430528,0.4714473783912376,0.5410766874504078,0.34375130238623536,2.033226063942408,0.5222508925974821,0.2138938320334638,1.2933170482184728,0.27271875053745337,-0.019282895214859177,1.5300099426182538,0.8594292763726914,0.6105204445075244,0.20683188796886437,0.004886992561045131,1.7706549015759039,1.5681907361176526,1.2278842859517705
2025-05-01,158498,163244,7310,4.3,131915000,-2.9,-6.9,1,-0.7,-6.1,100.9655,272249.5648045577,716197.9743630321,2100365.0422106823,238246.5579996835,1151811.9955689192,36.28,15615.2,171.302,222854,16422.693464155724,622,1289,1775934.4833043204,1416,223317.77179933534,276133.0906789049,141,151.6,320.62,326.893,126.38,125.79,17980.9,49.192910270612444,52.06727538292947,16.043,1906600,231800,105.88645161290323,4.33,4.396,0.4086697263368278,1.6156902317461914,3.2930521572419313,4.570438500909048,0.4051182781953631,0.3677176800107261,1.2659997025978615,-0.8242305511428648,0.9112448957858951,1.6847856620434238,0.7307644462987237,1.074444236176614,0.4456862654603959,0.8409098299636557,0.6751750310371736,1.6104240278209632,2.888940610614722,1.43586262005579,0.27826652076422864,0.5806305458185385,2.129726977448462,1.1515013641341134,1.8096217224436015,1.037073698091991,1.3512428767722624,1.1349536784800403,1.4481775896710871,0.679372744581694,1.2013721087903675,1.38983707405863,0.15923919386695015,1.236594841607119,0.6518463402806912,0.5416025602648198,1.2558507261193301,-0.9557072038250082,1.060688099626222,0.07068596022468607,1.0703381134505994,1.4617785316935286,-0.2333747946887392,0.96706782205308806,1.5170056299704102,0.49676790982154995,0.9550852153675203,0.8762098367872516,1.8726488937427517,1.68887573560724,1.5500904108788485,1.378535357164168,0.5880460065361178,3.7852556840417106,1.269855582871436,1.5251371215966434,0.6066318255060643,0.3159915253172074,2.257090638084985,0.5450305115035159,1.4573047802094334,1.461683325604051,1.111968552136748,2.215567501206444,0.6441612563331098,1.36290797578097,0.45084715959811017,1.9021124457201224,0.9695076638572901,0.47880632465536616,1.2125278408751796,0.6809703777642073,1.3593623770771202,0.20191326864934656,1.533787176823514,0.9672370405583961,0.2945776808301218,0.19406437370014099,1.3980516592383718,0.23691849652824676,1.6765425547439377,-0.4828809610435275,0.023941283654766377,0.5512870822567711,0.7638106463436499,1.2916122586248855,1.4244616965970511,0.6814394179240858,1.1414643818216026,1.4554613342884108,1.4318668863878854,1.0327362392047243,3.2153243514265784,0.5596935670330804,0.5529493847683606,1.720913320849938,1.2172211576785965,1.0122037760772802,0.15921805396740252,2.2779723125935396,0.7553693207522322,0.2557404371537374,0.9688128788624821,0.8857320775789496,1.469369040798549,1.3321328455997257,1.221573660616603,0.6977491207414575,1.4943012166385163,1.8907865704894862,0.004651208479334839,2.480797371117717,1.3998649486460824,0.4939340956869343,0.18909967082686446,-0.1760817430791801,1.2495681043147946,1.4671387274248255,2.7237968742852128,1.2465778711572202,1.9412744113248994,2.219565073802886,1.4539361071994144,2.195318847753364,1.7513268605815815,2.328204862429036,1.7541983360761968,2.375397966318955,0.2777129883445071,1.0346596252849987,0.5594030635175218,1.3252134935010844,1.5960910320945947,0.5990405144358757,0.8258007678774812,0.7535894451699525,2.0235109550387747,0.3965073388499228,0.31794255479564126,2.3403572738739142,0.1247614304665146,1.9052816906155117,0.84825151174508,0.21115187363481663,0.484654941214916,0.4302408170708622,1.7317878101600697,0.8361958067859806,0.16429250183825744,0.9404793002417939,0.09716242181022934,0.6366741627631618,1.438614485203866,0.7944019504780512,0.6036083327348793,0.17767437474294495,0.0034138115190957947,1.399682854395517,1.6637377033323002,1.5783629028799158
2025-06-01,158478,163327,7204,4.1,131914000,-2.9,-14.9,1.8,-1.4,12.2,101.4785,245978.87062796368,715336.547186038,2097673.468980776,239288.95481407258,1159153.5627214126,36.36,15615.8,171.302,223835,16465.130224154393,665,1379,1765556.283187237,1399,221746.3686357432,268058.19650789397,140.8,152.3,321.435,327.658,126.743,126.121,17962.1,53.786007905762055,59.961956233993305,16.282,1950250,239000,105.30233333333334,4.33,4.3925,0.7140673658825386,3.752349876009141,3.5991618685205147,1.4091376987833917,0.2550452954435046,0.7593401482941671,1.4746468273418776,0.3143470537326849,-0.4441801850591365,2.009014868756775,1.3101713945573448,0.7473355772159458,0.8242555955331794,1.8354731094791628,0.07976289883521052,1.2780649879739494,3.721735811689521,2.3470912488350604,0.6093578624619543,2.0936445461089583,3.5339245977402847,0.9945093234586193,2.076743112200673,1.5863605337900868,0.8036885385232152,1.747396721164928,1.4762282169125494,0.596834303981145,2.2188706772311644,1.702809889587091,0.29351633584252435,1.5109410303340818,0.9642613142185074,0.5403046068667733,0.7565782464318951,-0.57858477425971655,1.37761424502008,0.11609114280285779,1.1382152982906621,1.767810618061839,-0.19552393461480538,1.0361198485663508,1.8151036893931087,0.669807229360407,1.194569054765441,1.4277654089330127,2.542666121964417,2.1490533007488613,1.4746747469876864,1.140389940637501,1.5572170509086847,5.448911874131911,1.903734302786596,2.3004898558508518,2.3863049168202415,1.2436861857920853,1.9054879288563342,1.474607890585606,1.7814046361955698,1.5186882030738509,1.2420991122964375,2.9631542723705646,0.9645888736576972,1.832955048393393,0.8732130668702605,2.468457507134414,1.7215818308110125,-0.18575719002685195,1.3654408528261939,2.0752193379038557,1.0245414878782138,0.41352996730216113,1.5064746201112555,1.6624621831045652,0.41414564936375553,0.24543216292979225,2.315559368046815,0.27431863668171363,2.15667631884313,0.1965555848964231,0.20028420233613603,1.4162467505095453,1.3812525483068305,3.7493728401354365,1.2529685802389985,1.0398623798631705,1.763081539574565,2.9145836970105186,1.4778305868165549,1.1700538467086143,2.2208257796758546,0.8676894072275984,0.762727883020132,1.8361329183798085,0.9298889752666564,2.523581764367856,0.7505202692693179,2.9192256253736746,1.4111382696434793,1.1721027834959958,1.975367595910455,2.9105680032148196,1.334613309593488,1.5134796813226448,2.0808276736756834,1.3724616300440076,1.0593861497620127,1.6447385684585476,0.0039069502594854906,2.834415366290614,1.1593967731263468,2.1535884445190847,0.5855521459955852,0.8286546732030244,1.3128495860209715,1.0282397092476023,3.5612591285104807,2.13070591777489,1.524769575374961,3.536071426866714,2.1985597537308705,3.0956240833085693,2.2297029974070317,0.5926472239232088,1.927917258815846,2.074492645177715,-0.1521834059392333,2.5226815235519346,-0.004010680735243392,0.9955763978487082,1.6519982126503867,1.2059193956092107,0.8745278505624283,1.6028062475422309,2.2061367672383687,0.47687302233272744,0.38373954910444363,2.674607465032323,0.38741027063237626,2.9044843799836166,1.1639101050327652,0.7213801019824939,1.9405972017321973,0.5270623095433387,2.34650474731755,1.3915354555088602,0.260699802264541,0.9767130269284549,0.9421616485195763,2.267018025146882,1.4788816043155573,1.2470465448778147,0.46259306393828564,0.3746533960852511,0.0076607015626381425,1.8078216217380927,2.024630973729591,3.7678010791017944
2025-07-01,158542,163140,7089,4.3,131991000,1,3.1,8.3,11.4,-3.6,101.894,238683.0497794581,714339.9495904222,2097257.255778804,242577.18966603657,1157267.643352237,36.47,15758.1,172.659,225918,16546.39256458727,648,1432,1766409.1052299936,1400,223827.97731569,282951.3232514178,141.2,152.8,322.169,328.682,126.96,126.43,18040.9,53.86735979836169,61.45701570503349,16.998,1947250,221500,104.30516129032259,4.33,4.3825,0.7601610378601628,0.9244023459201814,0.5900179716927269,0.6170612973038303,0.49057016030145384,0.6068993189310095,2.4375841587183102,-0.9510158136662455,-0.33139592816195523,1.1515823478169693,1.0724137463438854,0.38199500624907573,0.6147692584793882,2.2651658195585296,-0.06902590141652398,0.2087814222409426,2.0341993042461968,1.496095039093334,0.6503131305443371,1.8198403594062391,2.2195200907820665,0.6522444159594469,1.1570574680840349,0.7577102048676155,0.8895501172010876,1.9629825955549844,0.67370671662568,0.20541631051845038,2.034001778348837,1.496394150054584,0.19396351554249286,1.5405944820104036,0.6591346551730203,0.5657935618271765,2.3187606511027856,-0.2896519527674702,1.353587655749134,0.05496374159861056,0.9138115721934247,2.2705838657232347,0.9299780014753786,0.28445332465651113,1.9692108342396932,0.7350323811998926,1.1088906232164224,0.6856393275989856,1.375210198269646,1.403681352474353,1.0684946933815853,1.8183097651062856,1.2637017199992715,1.5752664475570852,0.8028223705981778,1.1234020431808205,1.6652598431918264,1.8095568734093876,2.2359052368833887,1.194655717360166,1.6615301762512653,1.0803060682235344,1.180834789321748,1.6771550539061462,1.0045362625597787,1.516207376312129,1.2310050341382732,1.4247715130758565,0.7612114431173099,-0.6022360442966196,0.8064769529313356,1.87692177050286,0.4776662887987203,0.32556957785808033,0.37727667694790007,0.9092466240880577,0.3025154822699868,0.21843068107613225,3.66913182482917,0.17355673672023042,3.454443624127111,1.1153544411799627,1.8362566131617448,2.866542771232324,1.124197152719443,2.5087601961690726,1.0225843708609694,0.7589736376706764,2.046051839277842,2.6655548487556247,0.9910870434208318,0.9347645486347632,2.0113814028998562,0.7850068432441769,0.5237893334500479,1.130710784442133,0.8272749297005101,1.392286620802667,1.5357508929462582,2.2291940040638742,0.49068804000062516,1.3852642591302715,0.542006246914982,1.6596478520237394,1.5815653031650052,2.5394551203616653,1.4412264432185296,1.4376933564479308,1.8300014081332188,1.7156378108343788,0.0013707736109997142,0.9317182803026214,0.9720074802540365,0.529738541324396,0.4517234601713394,0.8875616041194012,1.2898086518327443,0.9956322701167764,2.941479932597916,2.3849610480984285,0.784365841656155,2.126189922806286,2.343197442775352,2.044403789501855,2.231233010698166,0.5396423954342687,2.405368651067646,4.71933810322993,0.24804857361681953,2.894180082481912,0.6415200101663234,0.9991803094894087,1.5569275579748587,0.3652003159655879,0.6885742356597243,0.6555550915845125,2.1920719650466096,0.34036273237862474,0.41123022711636614,0.6335811593538093,0.3885175231325166,2.1039572143200305,1.0941827237452646,0.6046728600949541,0.7822722734146064,0.39065376365733606,1.1146658915047718,0.943529373433304,0.28950694949719347,0.6012000772571295,0.4513127305470187,1.6748137707135196,0.6693508264868572,0.7496073050005486,0.21014229748179317,0.2214332099687601,0.0051198994208441085,2.417604440022938,1.3224922641768075,2.2427490007413775
2025-08-01,158472,163370,6919,4.3,132040000,1,9.1,17.4,0.7,-4.3,101.6247,245212.22690957083,712830.2420400179,2088134.9057789827,241585.16179208594,1161794.4427423344,36.62,15841.3,172.659,225814,16594.628141374622,698,1291,1761309.7342351896,1347,223689.44089620007,270543.54913467355,141,153,323.291,329.7,127.293,126.714,18076.9,50.95331243666187,58.92177264947794,16.9,1941000,229600,104.76548387096774,4.33,4.282,0.6560259472071714,0.24265856877152414,0.1617375163028484,0.7792505381200316,0.5482894971830273,0.07119698825057641,1.8122393750156227,-0.9946199691275729,-0.631196486359168,1.6757474751322192,0.788541128565341,0.3825391623847156,0.3013512694811169,1.6627111043267675,-0.1607833114835856,0.48073062178262144,1.032997485441638,0.7249677513661424,0.2487154828523396,1.0569958454222879,1.8750431739296416,0.20193468844397552,1.4680220102279482,0.2533434071261283,0.2057423780851845,1.6303348513533178,0.2644408062745039,0.22231514376979644,1.18932354828513,1.4124546075849174,0.2568412360451458,1.370997833094435,0.26879212519860524,0.5430327049509341,2.7380672251287335,-0.5332044146523474,1.1859220427610897,-0.025800022253009283,0.7071965167449168,1.903540742868674,0.8680737651363019,0.6135970950232502,1.3247016867342105,0.9820943538500735,1.1553755414701996,0.7294550253528891,1.0146941615678444,1.0816373428603177,0.74091592896474745,1.475215570484872,1.1172343480486844,-0.8055430254222568,0.8167677244497796,0.44566087316766745,0.23639460223316472,1.2503751540339214,0.6806978613861779,1.1592221694972444,1.25817338200008,0.4937754826523153,0.5913489073845623,1.353000327608803,1.0482776929351474,1.7735537598052629,1.5003666081254514,0.9842856432906341,1.1407366845574864,0.21195154544450673,0.7843854860292491,1.2401885781182536,0.15307449836422063,0.13205720941810833,-0.3512641995815943,0.20252250353766485,0.11543134262467193,0.11076786726131763,1.9552645825419275,0.184518469596781,2.449301018965269,0.8008338033388447,2.6477476656103796,3.0964581177268515,1.5027230068168318,2.484392984330718,1.201430618054404,0.9153118299579464,0.03134295378210401,1.0835700942845234,0.6901574589407659,0.7082853736170912,1.74417559334677,0.639989978322753,0.6254994211549293,1.0384755623307216,0.3376109459914324,1.4472190662273177,1.859183200924001,1.424352905716418,-0.42951777051869283,0.8730902229398343,-0.49279747185460626,0.6700915989612429,0.4790009471471189,1.144348796773163,0.382211194633128,1.0286998658394995,1.634338217378428,1.4107590874359468,0.005084799662088534,0.8208648734837528,1.7451807759432552,0.2528582843462311,0.35624292093480164,0.8922507975070635,0.783257235592586,1.0485822380578467,2.1185450228499336,1.4119240979483283,0.8055812723883826,1.5583877249221296,1.9207363431261442,2.0508713996953283,1.3728114475529347,1.0940117951199786,1.2771149163248645,2.847239278282609,0.6566813932850325,1.9488152949231237,0.4268146727676175,0.007958503850177732,1.1527575688051621,0.45560663830130566,0.6845737592128004,0.7308438431245472,2.3403341247983365,0.32427249499296973,0.5873371524718839,0.7480569920684517,0.8250472156562931,0.14331231371769104,0.9084583844732714,0.578105656716163,1.1920909793851846,0.40275857835656054,0.15346548844147806,0.6735800392062549,0.3948964233152559,0.6799125771910877,0.7362091801474255,1.2867145549677963,0.7910167821091637,0.5691035000537533,0.41646482318299816,0.16724057622582128,0.0034393545911093264,0.5822857871097237,1.3840424431008427,1.1432714308825456
2025-09-01,158548,163656,7169,4.4,132128000,1,-7,0,19.5,-0.6,101.668,246148.48188050932,714226.8364348678,2095931.9655282248,241171.40058765918,1167589.4221351617,36.7,15911.2,172.659,225814,16613.04603330069,714,1319,1759685.7982370225,1444,229071.1067580803,275606.66013712046,140.8,153,324.245,330.418,127.625,126.954,18094.6,50.115572967678744,55.60475876058905,16.985,1922750,234000,102.79733333333333,4.2524999999999995,4.12,0.2006922034746831,-1.3551965015287957,-0.08520470422709762,-0.1738764482004329,0.5164855266044057,-0.6871634537159186,1.0531198921520548,1.2598098719820154,0.14448167029814887,1.490309769389028,0.7584289927920211,0.5019263721514184,0.005810646399120772,1.258818757347948,0.6123475745207367,1.520874631508965,0.0101173804729055,-0.08710280413335679,0.1752158818586255,0.4326887307454587,0.8470660603575499,-0.677262666113283,1.2865941544840664,0.16860814765988985,-0.5256967036728588,1.0554363065368282,-0.09161201622603572,0.312601635186926,0.3404045306815825,0.8527592726084805,0.17710837634806156,1.2262649076805694,0.25689933314041,0.2752326262874152,0.667338783842551,-1.001286311000537,-0.04185761733726957,-0.163503431539696,0.24110531268124383,1.7697971188481978,0.2513866089527064,0.6415927219414871,0.41209622583817374,0.45002631073118715,0.7929926440919122,0.4662970494450443,0.7844062654472421,0.11174194319685786,0.4802260494951403,0.4821664022385142,0.7951300165724028,-1.4116074717440987,0.33887967914949624,-0.23616640457535668,-0.5636906535081835,-0.012074027130937297,-0.4288130491502917,1.0515575907295982,0.6119541370958356,0.2700483106868676,0.3835057194648193,1.2438682242445158,0.5836410109264848,1.3349986543680175,0.741915290253493,0.7376322302124885,0.7114903291998703,0.9639331601960415,-0.008429962092891796,0.8941211090675855,-0.9440414685734587,-0.3708506967626955,-0.018190582863885325,0.6868325162446156,0.012301912889870965,-0.014062509458092022,0.5250696536820932,0.2461786118012074,0.9044033144018463,1.2138747103735228,1.5985004338326678,1.3732885136788957,1.1871378836676714,1.0695911255324952,1.246227831042043,0.4452826503322526,-0.20352562415389377,-0.529111746474396,0.8921840763627255,0.5429447372001943,1.1292949070837441,-0.3061005963764178,0.31422764755663846,0.19370391216631414,0.6585651908973399,1.0049451302165466,1.9297276510446164,1.1964144712108074,-1.719412199723967,-0.5598621417387266,-0.5503765972581993,0.48589473027131824,-0.521820538928139,0.40762470149829205,-0.3992457221198545,0.4589070613125247,0.9975845587154442,0.5672787716733231,0.0029574278197321657,0.6032599005789763,0.27853014679322885,0.15769591854945056,-0.07221813492517938,0.4916111426722052,2.4726288977929836e-4,0.2893365492279642,1.2005188216944964,0.6326121240439602,0.791493760927181,1.124474500515618,0.44240979465895813,0.95092331183774,0.7635084283396627,0.8550354595288623,0.14450913500164364,0.8762344279011951,-0.05182964720922943,1.3112784169770866,-0.7591993984961903,-0.41397991153595975,0.32461315656818424,-0.025573254839762964,0.41791945708553807,0.3679806706650932,1.4833882017219038,0.17533870688803205,0.17771818479350368,0.48441692826644633,-0.10818469885484638,-0.48490934916988054,0.2131246416854641,0.44761114942602065,0.36435009588477024,0.27761180745823755,0.1800252066913857,0.22995572420222662,0.3209003920448856,0.03463080444561898,1.952470210939884,0.7886529596685289,0.2592304859119115,0.4978225300003655,0.16391413518826511,0.05316345619280344,9.076312673867949e-4,0.07734459259965586,0.5053567927920392,0.5168800196794939
2025-10-01,158408,NA,7170,NA,132148000,2.1,7.8,3.9,-10.1,3.9,101.2195,240531.47312525907,714373.8611569472,2101786.1296452917,241919.5908376411,1167801.1433397722,36.85,15920.7,173.945,NA,16648.106294625053,652,1273,1752657.7566453693,1418,235517.04452143176,264746.5023343839,NA,NA,NA,NA,127.871,127.243,18037.3,47.6183028208116,55.021685843922384,15.845,1947500,226750,100.95322580645161,4.086,4.068,0.006913542301674485,-1.3232262806150596,0.10307596709039793,0.5492607886081754,1.6746968966004276,0.18615455884785417,1.1327039090213513,2.372598365057386,-0.6011746172237508,1.566152813909979,0.7171642380481011,0.2761048819680451,0.021105972009585514,1.0086568494290509,1.1743061726605788,1.638469895569416,0.15494492549954536,-0.13448873331803562,0.29212808508261,0.21349341911633005,0.8478570386654314,-0.48926311782512866,1.2301537511893321,1.1868541965139923,-0.3626757936582848,0.3714605508162071,-0.1437778133263777,0.2768076601057186,-0.1784075327479325,1.0069441500223142,0.014638870266964914,0.8598865134091096,0.2508977161332575,0.15783006688888673,1.0281683022533021,-1.0820698132309159,-0.0021282628973256896,-0.1895261558554456,0.30470719966616455,1.7732275248668004,0.48515185841602143,0.6293129571223621,-0.31435850894537376,0.8264093473827976,0.3685186621953355,0.29299030537041104,1.3106575965878133,0.9541705426842935,0.30747228907933016,0.7962483359840767,0.5832378380548064,-0.6373731253275315,-0.22181527844658624,-0.19762654465221272,-0.4082606301040823,-0.5322114157704602,0.23601155380991276,0.30317952394272035,0.09960710476597215,0.16987520285905863,1.1766963823284466,0.5957986582447768,0.6113359082990277,1.5482357945173002,0.4745667550201234,0.32798569547505557,1.216137434123386,0.19051622972760826,0.2534618204158041,0.6533718072276148,-0.15389642631256492,-0.14235677261562119,0.10618367831806663,1.795195383172018,0.032982656066847284,0.06756793771021914,1.7486412981731498,0.2435210329136274,0.631792845253182,0.7927533863083207,2.106985917015727,1.0622740084586422,0.17015401683183784,1.5969911349931003,1.2962461682179593,0.47826851994833103,0.18818947712814174,-0.4212207716044988,1.3234934225471409,0.4186637328691286,2.1065648718043644,-0.010350303039451685,-0.7174617689821559,0.21053403179811078,0.8310449360177885,0.7186960139518671,0.8865797490846508,0.48514196598824516,-1.2949341160915278,-0.9623626811897001,-0.4306343526944836,-0.7958155702167847,-0.5947125420765083,0.19462991995114332,-0.8819598091970745,0.10507214524368756,0.917382149985024,1.0492414293262438,0.004345606029664049,0.8764414765214041,0.8103504090514265,-0.633362366141259,-0.058921055652313876,1.325217841346201,0.21002443160547812,1.0013259816020554,0.9980835689963751,-0.011803582826742522,0.7971198158186064,0.8323104021913759,0.5241330441901404,0.7585946004996611,-0.11200106081268124,0.6568862182672048,-0.377315553943102,0.23306442303960095,-0.5118721935960217,1.5162759575375642,0.2888341548070283,-0.6438550297179538,0.21748947889248518,0.508388641174672,0.8253819402179438,0.4879040587664064,1.0319851529493034,0.24810165887880756,0.26778333617104444,0.6015278582502119,-0.3049379364077436,-1.1021307477921458,0.6241074787206706,0.230710847233561,0.7030584680680811,0.32391885626376526,-0.28879999318978966,0.2718923167686239,0.14804843889375793,0.33682830332878116,5.327015992131723,0.38584622142221164,-0.16820877849693702,0.12306247525828833,0.014370400982310058,0.02630470309377441,0.0056722929242690725,0.4697175741420201,0.1750868252600073,0.35233915100755947
2025-11-01,158449,163760,6846,4.5,132222000,2.1,13.5,7.7,0.6,-5.6,101.0344,253062.7692115613,714552.2504525876,2091038.2658915955,240693.86353704977,1181502.4346089019,37,15960.8,173.945,226023,16664.585804357328,757,1319,1732884.3872900931,1414,225906.73575129535,275744.4284911668,141.2,153.7,325.063,331.043,128.152,127.469,18035.1,46.86622136213248,52.35267542725571,16.006,1932800,222400,101.34166666666667,3.875,4.0925,-0.1630742704114427,-1.1420310393437834,0.641637168069089,0.012875912764584926,0.8283919488419075,0.34989510529938966,1.748252696779344,2.729334220606651,-0.3186508420515644,0.6426736503244777,0.3151449199139286,0.37186911258645633,-0.16309867671556744,1.3836358628272014,1.4657252890366088,1.298969737279112,0.015516873593292308,-0.5306030052473516,0.29457887211730477,0.08927058177191675,0.6265963225059675,0.23585941976226715,0.5970707362849935,1.402346129470023,-0.16758194422060627,-0.06709056230146059,0.7089986939288964,0.16499159401338967,-0.08002625038602758,0.6406262253251861,-0.1397664409922854,0.5741959345235074,0.2988353602218895,0.07728605193115438,1.474779892680266,-1.0219030777852496,-0.09804502040240451,-0.12780619160091952,0.6803262198296876,-0.36414196840809854,0.61644668879454,0.4253447259063829,0.6901814220046887,0.5988275358944407,0.02748403484571461,0.23328821446904505,1.7091512961447823,0.5871728849291232,0.07620653756161383,0.5451064452949905,0.46472953258960764,-0.24163754532907042,-0.29956775670013885,0.2503281990085083,0.07606891055637048,-0.4312757289658721,0.3774139512900747,0.15070008407165006,0.09276619782615925,0.6692925240688744,1.0968520926596852,1.4340653308397213,0.46272867771845455,1.988325649525688,0.296795337440023,0.30812652145977115,1.20001575365783,-0.45698811979044773,0.14396764052286848,1.176008948325616,0.12298860338978594,0.12779834815008362,-0.1746956196749289,-0.0014298294885174126,0.02570985362675584,0.07877317221824136,0.8928069707639464,0.026517052731706715,0.10456395108932337,0.7072997181473976,2.566967691145174,0.6076447058911488,0.26796961060147134,0.022544068321139105,1.0584564555013647,0.7119701204880379,-0.07966927042077597,-0.8812465127466126,1.2032083768841197,0.5960076819121665,1.0363090355125426,-0.13581980599102603,-1.3888890093301451,-0.26511619295946853,1.4134851487720999,0.5154533032525542,1.0138183951558062,0.34430770608306566,0.34761092847030806,-0.0919562177714079,-0.3678624324419155,-0.1110577387101456,-0.007812638504884922,-0.2106649908296169,-1.0682237679781088,-0.2869817127363419,0.5437975948606508,0.5045219078879862,0.001409307390975395,1.4147794283825064,0.4890067908793729,-0.05615721992014861,0.022191728013200577,3.6186466887214164,0.33899666028648207,0.7849093967606612,0.3551438606978042,-1.1303801349229934,0.5152929271612754,0.9011509498956543,0.14799537568437626,0.7720808631425651,-0.04649553789269997,0.9596691541777652,-0.4279950891275627,1.5280866505350912,-0.910887471651789,0.8794534485837358,0.2934494484681494,-0.26206950768595005,0.32340738491716975,0.7494560955912558,0.25930484219988653,-0.3230595493343526,-0.1696216365944362,0.1643345398210423,0.34999710502165904,1.6730561271851747,0.20414841967841862,-0.9719006891226808,0.5200849342876053,0.21524915395531716,0.5578891592789551,0.277480226164463,-0.9118576674492398,-0.12127912207022433,0.21522102621733635,0.6335779818080703,2.4940778997106885,0.37330347179574885,-0.1968853580571887,0.14176002574505026,-0.20057580086866636,0.27248873920872313,0.014949653438794683,-0.009410655815806291,-0.5456830591758431,-0.016595701767918396
2025-12-01,158432,163992,6550,4.4,132259000,2.1,-3.7,-5.9,-8.8,5.2,101.4941,249923.78048780488,711135.8262817323,2073613.0032619033,242860.25385764064,1188581.0726729715,37.02,15967.1,173.945,225352,16679.551393728223,723,1378,1723459.2770034843,1482,221878.11100049777,281047.7849676456,141.4,154.6,326.031,331.814,128.576,127.886,18018.5,45.086174713787955,53.1868768161446,16.4,1889250,219250,102.90483870967742,3.7475,4.1425,-0.4589375085913244,-1.994700528334048,0.48678279541494257,-0.7382974780325368,0.13096134527477774,0.14830729374294624,0.49913227296776314,2.282298991097147,0.6877791241579209,-1.0155497971976697,0.54228419673453,0.6390281879128529,0.17917223319462752,-0.018710768956198477,1.2724234405335981,-0.5461670868682929,0.5267186812747927,-0.40161453202651887,0.08028474752350716,-0.24956632006197976,0.12030863234106612,-0.3118106539726408,-0.35603993207751733,0.08839991874626342,-0.16963963244887553,-0.8861882982850678,1.6755468692228406,0.2790016515254315,-0.4258306990165402,0.2986901201712104,0.08510911484918678,0.12077232187494662,-0.14433150470773526,-0.16871568506951234,0.6437340036455501,-0.7721419495265592,-0.27024085038211587,-0.14487241697214495,-0.08676903619750115,-0.8634755804042209,0.6425895882145944,-0.08060507287483727,-0.5285443246708567,0.282866690680213,0.04092093479308229,0.14483697712689456,0.40192766563800314,0.623616586725028,0.22213359103703936,2.069350832392638,-0.045843332077150085,-0.8485351093445634,-0.3155993715945878,-0.25421452214969736,0.09451823153949512,-0.35775658227819157,-0.2710769196632883,0.5577524167391245,-0.26860882852664025,-0.6471158881452281,-4.849421939889762e-4,-1.0855474227922055,-0.28444660212312817,-0.3005628972121473,0.23351496193536034,-0.16510238004561742,0.3361172849383061,-0.7824233844297221,-1.1923417646448589,0.3846299496250391,-0.30235815514241293,-0.12923008808049646,1.863968957640069,-0.08259579983951817,-0.3454939415803129,0.00785997297453391,-0.06580466161347424,-0.010438326874250314,-1.0139513359920378,-0.8946302947295225,1.125960927808896,0.050500287550224225,0.3226101772473509,-0.693277837046115,-1.0249632461155735,0.6842553520407008,-0.9043083685804119,-0.6710451538696934,0.5238305633844295,0.543502666608538,0.2473149307265632,0.02420688586251157,-1.3574227164858912,-0.8746062468383667,-0.2800893851736048,0.18412864591306174,1.1933285185235438,-1.0452493339569835,0.444754472666553,0.21536648504101338,-0.6232378671299746,0.15971171278695154,0.031109488048487254,-0.3667215272546809,-0.9020012715842038,-0.7618600684543229,-0.7380744484493353,0.16919501136108375,-4.6651194024387713e-4,0.9130640450085065,0.5254103318889847,0.5080767312671474,-0.06503515511019518,0.722765530571326,-0.24570552043981003,0.23881356302543433,-0.4003012231741297,-1.3201437359747126,1.0491212265076155,0.18401618216311016,-0.41837711449870024,-1.3057411459584132,-1.093089728616261,-0.5654042862746873,-0.34593131446687425,-1.5001690696146106,-0.7063047551507293,-0.062335973557559446,-0.22610719710740923,-0.4085921323435246,0.36320794968887893,0.2416473893449844,-0.02624781378869143,-0.4633410174922678,-0.18028942382172397,0.13327363295638378,0.2836783665997708,1.1734101099849177,0.11399174037943723,-0.33122094699642624,-0.07448773059530449,-0.015170744030815982,0.32502500483667585,0.10273167354493556,-0.9222454914525138,-0.47708978118022705,0.20659702873257663,0.12430625821845782,0.1844557495527826,0.5065415506439441,-0.5778420959741338,0.31091466026711917,-0.4297874010490793,0.38658808578876036,0.011269520484006547,-0.12080617010160567,-0.9250849981677103,-0.6473547731719211
2026-01-01,158592,163097,7240,4.3,132270000,1.3,7.7,0,12.6,7.3,101.0388,247998.4188865551,706774.7610891082,2070338.604262764,244219.2477310247,1192072.731218465,37.15,16046.3,175.258,224902,16647.186935662634,576,1385,1701739.9998449888,1393,233501.7787526255,274323.9577439681,142.1,155.4,326.588,332.793,129.023,128.455,18134.6,46.534338838811685,54.58887334392237,14.999,1852800,211800,103.26774193548387,3.64,4.206,-0.5607566380259572,-1.4210044276089144,1.134768434732549,-0.4999380927371314,1.2754646049327785,0.31446519465730216,0.25859865038047214,1.3467096056519146,0.23133801844508506,-0.38371100273256964,1.5954307698764807,0.8113104075050843,0.6038654364102297,0.10267869514377131,0.9297624234573745,-0.9767645155076617,1.3146234202187181,-0.25629709861935385,-0.12781306261629644,-0.3653724215114352,0.02434352163284232,1.2991511632471504,-0.37126634962174987,0.23546031290877895,0.3244120972654344,-0.6801330633813315,-0.16106155848160644,0.27739610282048155,-0.3029171390196876,-0.09078775472752987,0.016874153139305653,0.2580237297385444,0.9587155804682054,0.22728283118196566,0.31161301545513326,-0.6409050092815259,0.31741303382913105,-0.03744918523839704,-0.10309004831693462,-0.6913111807767823,0.5037352322213882,-0.14276922962097052,-0.25114348331871766,0.4112805554409579,0.27840729726106617,0.08194387026132056,0.27242952299313217,0.511235747530216,0.36214540141325074,2.1116796064234693,-0.08601516737831512,0.22263278120092383,0.20222529927515634,0.05436377135579085,-0.0728127465535352,-0.05993230155272795,0.25950854110875343,-0.042517692850303615,-0.5599857018530969,-0.2038124535629843,-0.09389931017381395,-0.1439762885040474,-0.20699992751617427,-0.07303839509335462,0.05477875241511059,0.24935349580588256,0.4884183514077911,-0.27778192118753,-0.956776756853202,0.43348999878088273,0.735671656502493,0.030588640341082225,6.56258191398892,0.33462303646741165,-0.3570114272198875,-0.044977024271936394,1.4162479076790202,0.13312003734471195,-0.3965820025605042,-0.5932606492551353,0.6082292753935272,-0.4288214004007142,0.9856130731729301,-0.04983164022856408,-0.49970361164695976,0.4635757138340485,-0.8770015768093075,0.10309356772907957,0.3002689910427302,0.19779904451887378,1.9242128144770254,1.812710237513881,-1.1265153054110988,0.33818716797462317,0.3158918312760955,-0.14039690558684792,1.2257654275239063,-0.7346751363694194,0.774074737527397,0.7394179802053061,0.36765645033030797,0.2623599593221925,0.8345939990718739,0.3019681155208498,0.06903918757135093,0.11256052127523739,0.31582224693147587,0.5411551394619425,2.934437467718085e-4,1.5744479055858613,0.4608081766925315,-0.2984324616918466,-0.4021703370062545,0.8427427447637976,-0.11282491338443149,-0.08921105050514237,0.4714591538075771,0.9502179005898169,2.393370775930132,2.0331409551931974,0.9131906145256841,-0.42642866404340923,0.5854468220823104,-0.49617624936515425,0.8096529109683327,-2.2903453492464347,-0.8111571420268806,1.240038045914485,-0.4871331809136008,0.07551748246497916,-0.12505813810655386,0.22103133496823754,-0.3480300040511516,-0.3476856294798537,1.6459718331686133,0.11841420671237972,0.08982883145843076,-0.25462413275961915,0.3037393860609255,0.3566722304019949,-0.2690980389309134,-0.15367962418350375,1.238525132557922,-0.1154885957552407,-0.21727129719361193,-0.4826478798955759,0.02049169388978569,-0.023333426876369127,0.13537028809584176,0.39299188987460526,-1.0927620594211378,0.02731420947680528,-0.530095495229129,-0.10055406923395463,9.238621920384885e-4,-0.33040035816466945,-0.3584923519141105,-0.2899186841955242
2026-02-01,158436,162912,6922,4.4,132336000,1.3,7.1,4,16.3,-9.9,101.9053,244121.84747450578,710552.8064907094,2073461.144139971,247047.60728429278,1188279.9774585261,37.27,16068.1,175.258,226372,16683.31544940134,630,1346,1690365.8357714666,1540,242110.87008545693,282638.43321316363,143.5,158.4,327.46,333.512,129.539,128.961,18051.9,49.79967422938267,55.89050233328408,15.893,1852500,215750,104.57428571428571,3.64,4.125,-0.1686269827666244,-1.585006659690389,0.14800576229044415,0.22038138736885624,1.4507582680675266,0.09824211426852646,-0.5281770278980298,2.8343211173403065,-0.5623406089690799,-1.8903127359180067,0.7935890577653236,-0.7141695794597762,-0.3628530401890419,4.554075396342264,0.8652550286511111,-1.1782665699712542,-0.8747269373602257,-1.4746095289186512,-0.25686720174048394,0.2753450190292956,-0.5700412826480932,-0.337986812247025,0.16835929727606017,0.8680177798667243,0.376743396580154,-0.9797567100218132,-0.6230624900628451,0.16600696326653583,-0.6298796361589807,0.19948958010057533,-0.23000029505925898,0.07285450629573058,0.13274290134135522,-0.015344301965167671,0.5894254102223532,-0.7051240344425284,0.03755143494968443,0.036473372395102205,-0.6564447123057546,-0.5952408417164706,1.1669384192902577,0.009400791485384216,0.14745371118252504,0.3412581229953402,0.230936757129299,-0.2709267701660268,-0.584026246557932,-0.49539366172809407,-0.5914174349644077,1.8158039545354714,0.006239496252511733,-0.5182064042690273,-0.7339009185429848,0.33501444110347833,1.1145052999083418,-0.5194664135851729,-0.2782632509171685,-0.4517033308287198,-1.036650600724861,-0.7536978847193698,-0.37364160847320294,2.496674454497348,-0.42899732230872023,-0.11674357891414895,0.15447351539614396,0.3974113099724135,1.035367197660063,-0.3865915835057099,-0.6385607981770473,0.13199549760204665,-0.022911238129455377,-0.7187984570893313,2.6881323159988253,-0.5852486062789948,-0.2808278003799874,-0.1817227954723307,1.2574914944331488,-0.033482383974324244,-0.6719185025601879,-0.42647605216149603,2.293414894694489,0.48572121644746824,1.0718762748020003,-0.23115844612590122,-1.121229188026727,0.07956486805006632,-0.7363746664997975,0.064291440370118,0.04428223161974024,0.05393372614946676,2.043840943525368,1.0176348958665256,-0.7910978733192048,1.7444699484135153,0.2732338424727417,0.3230747679591729,1.1076713714107995,-1.2642337137381132,0.16770515688933949,-0.262516458633789,0.4712664595365113,-0.4968067839860055,0.7324492124219336,0.5891958914138073,1.9833298116749691,0.44517425863023635,-0.30477728255017184,0.5330429991280766,-0.003351351343017077,1.142110012972026,-0.09195606062334619,-0.46317917831784766,-0.49133079108230665,0.7412347067021927,-0.23923760829491367,0.3026042956648089,-0.8716115744879271,1.6422867794331129,0.17999682316574483,0.8183178313572541,1.2092133054950411,0.5474825838263948,1.2713224117860813,-2.2089304555801377,0.12572399505697837,-2.1142679652652756,-0.8814725798269148,-0.039013829879544805,-0.9446135211049431,0.04972117260837603,-0.09960354924157297,-0.5851034750608198,-0.6259029278594884,-0.7535088503246333,0.07335892538286135,-0.28463380910303776,0.08220216363807295,-0.2593399339867096,-0.46689832324540587,-0.7112793710498191,-0.14545614709797183,-0.1276742231698922,1.3854422045757653,0.1644955729642402,-0.14720484000302986,-0.585668392156015,-0.035370343491192995,0.27402375290376235,-0.078173289349425,0.16837528530997442,-1.2296517884626115,-0.15486682140927344,-0.24794461537412535,0.05963538492587063,-0.004270145457738111,-0.6324891898689631,-0.20349660752844245,-1.2295546179830883
2026-03-01,158650,162848,6887,4.3,132397000,1.3,-0.2,13.7,18.1,18.9,101.7336,245765.05141752877,716679.8309854835,2081052.0792244913,247357.80618544054,1182699.7845141601,37.35,16133.1,175.258,228286,16728.679554918217,659,1522,1686616.8723112198,1363,246284.97810633192,287432.03760649683,144.8,161.1,330.293,334.165,130.403,129.343,18030.5,70.07507495993191,52.88846332619188,16.66,1821500,208000,103.86258064516129,3.64,4.24,-0.19165763598977179,-1.5843267273693904,0.5568764013708688,0.6099543530012523,1.055019802473054,0.16621701143852233,0.11837375728807367,3.225799571798742,0.029160144584495083,-1.0103196066662818,0.4493680550468352,-0.5055034316781721,-1.699437726947813,1.1842793063185761,0.8760900507747624,-1.1823169290116702,-1.3048579626238987,-0.34933554606595946,-0.1940070332051003,0.40400599347923255,-1.0335127864837133,-1.419857937868148,0.24178869139912898,0.18897031361359157,-0.7848906409857399,0.06802372145911575,-0.4338148854107695,0.0733867325867532,0.810735395310058,0.7261757605280024,-0.080677491126262,-0.10551369853687542,0.3573077634903429,0.013994154080940705,2.2503505599452334,4.015727573103241,0.30516666589036395,0.022248116602787193,0.11414069486875637,-0.19143875547095882,1.348670468580777,-0.028863020976166796,-0.3406940651018261,0.09656344965085416,0.18728516834069212,-0.377248052636166,0.40539013697940907,-0.05558749826668691,0.3278394591867937,0.43142597189200377,0.3316604275739392,-0.0689561234601147,-0.1610667320722266,0.46968932679973835,2.2907122378890894,-0.5802951704215386,0.16577851791833137,-0.36600242496295493,-0.7021436508963919,-0.3601572347948101,-0.3015102006647143,0.10799271689549703,-0.04672916218480423,-0.5584001033229045,0.7101416416484378,-0.22936433192882616,1.714348576309691,-0.29981124734079606,-0.9998182309332003,-0.14286760741555032,-0.06233396505355021,-0.2663844516335728,-0.0683904707936174,-0.4353514200193842,-0.2704199657183645,-0.1591985331436223,0.603161128956963,0.08753755865749462,0.5010542658438627,0.3083072453011024,3.1431876468828395,1.3328591247352723,1.0319501267986275,1.565316929300799,-0.5896015981509808,0.0857014802263242,-0.4645133741861257,-0.19774322105670392,-0.2755064326796379,0.03938511815981747,0.4905953073406396,0.04631004634777753,-0.9922497955663838,0.5543806885068718,0.7257005847358999,0.5620426728295874,1.2902785235930025,-1.3306020460075474,0.8247312639748237,2.2117188535816092,0.7168993287652713,0.014710770281977169,-0.38445407222497774,-0.03687182610632336,1.3519248872568668,-0.3404888881627036,0.3977135176398195,-0.016979459294686906,-0.0014688935202135174,-0.18498559525599778,0.27548215622910105,-0.44828984837303965,-0.28950451826236534,-0.42827995812651565,-0.31108983257172695,-0.7841505097147381,-1.2632250044874038,-0.8218379702536485,-0.572129349476158,0.6560328885928345,0.729024830907069,-0.6154330536780613,-0.30952217224974754,-1.7392215219444878,-0.4940505601620631,-2.095011754530961,0.7342336840517928,0.6321323526300173,-0.8114443056849314,0.03325540382746203,0.7200347983976397,0.31706101975438433,-0.8691940161681099,-0.16942011622907285,1.1893374394443759,-0.02012256852669424,0.04306035766339596,-1.010934752790459,1.031734290749487,-1.1198394388605766,-0.1719726066386727,-0.2861624640718715,0.46945126328971176,0.06044664029655876,-1.1388761560928087,0.08141746077711118,-0.12945954969043774,0.43167484666441847,0.020982747919600888,0.7921376428368159,-0.7559929983721596,0.15722380643004197,5.401561977178971e-4,-0.07522509267051405,-0.003452862526855663,0.40457952478623205,-0.25555368693760794,-0.7642166238233312
2026-04-01,158798,162622,7585,4.3,132502000,1.2,11,12.1,26.7,1.7,102.5783,265580.46828463644,718366.349487575,2086764.558775174,248016.73972477205,1199209.5978494952,37.41,16178.4,176.754,228364,16762.253142516765,641,1414,1655820.719991447,1423,251930.56679852767,292315.9164846578,148.1,166.8,332.407,335.423,130.946,129.681,17957.1,76.61173308081194,49.55814417725571,16.636,1787750,207750,102.67833333333333,3.64,4.3075,0.5182227556896617,-1.842322907294125,-0.7940584221410113,-0.8537574050341477,0.297219293283797,-0.037212218448631366,-0.8004104314990045,4.308704364128194,0.18326990516674732,-2.818788871526791,0.22239263325865463,-0.6473271563546649,-0.669978175063269,0.032086903491655605,0.7334128147244231,-2.2442566020871664,-1.9406645040807522,0.022627589569313277,-0.4474387482874183,-0.3492355982555462,-1.178063789897631,-1.831522744752233,0.09803621634225669,-0.916812993712588,-1.0925348646463433,0.5734013836317905,-0.6239810751305056,-0.012796475025142164,0.3047217061642983,0.39972721169139575,-0.18315926895560344,-0.24273625321130662,0.08514115473949216,0.2715945987079037,0.22337759502290402,3.5150832302618022,0.5724070530159059,0.05413941146119987,-0.3604570815499327,-0.5888440114261745,0.5117896125139678,0.5960846203969286,-1.1550499817980342,-0.1257028020227227,0.43575065549389447,0.35460357865968367,0.493414472575861,-0.18103001626033738,0.01787158247118788,0.4297702178072187,0.5624884585441955,-1.414912984981191,0.2635731064019628,-0.9107532079402513,2.793722464753956,-0.41140262148418366,-0.3400069067663641,-0.30692422447947637,-0.2178187904436572,-0.5398171953571134,-0.49401346151315223,-0.9078528658241123,0.08776951253090005,1.3277303147839579,0.35787761252495254,-0.26295050865446257,1.3260302145095468,-0.9217128587841964,-1.5429741607241132,-1.131763437488673,-0.45391541325612655,-0.047191291853297505,-0.34324597889757663,-1.038290570890786,-0.3645496184321885,-0.1354097812730328,-0.12983136815314322,0.03991007919980169,1.0337775794395443,1.2119711179839623,0.180425420581358,-0.19887901497708185,1.498337718454291,1.568764719447797,-1.15472945637271,0.28998790530805313,-0.9944295474254002,-1.770074844497573,-0.5200494906856017,0.21804353333374127,0.19243492704402826,-0.9677469436955046,1.076963670012379,0.2536020043784237,0.6330912101245925,0.5861157005990341,1.1084564626967144,-1.4906739794719348,-0.6879678369381341,2.023560984329102,0.3083518725502577,-0.003390846974237542,-0.6976997752060407,-0.5840740602692116,1.4972600731518475,0.8079381153288413,0.7176166674712691,-0.36562785721310875,-0.006244590844311443,-0.7328191182474192,-0.16589112332956482,-0.13867923271401833,0.17037592808730218,-1.0115283798901797,-0.2631816716617879,-0.9937236470031273,-1.6021502001334802,-1.3928654679359287,-1.282629576022882,0.09900512295505459,0.45207982734920227,-1.4717632939594996,-0.858181414210477,-2.5665345239715265,-0.7604867320889671,-2.7011179249411654,0.9328566392662728,-0.22305427902206793,-1.0902753662482865,-1.0839933627171086,-0.0013219648002058511,0.26437494954900287,0.14842012700610577,-0.4724542087236663,-0.39520958081409796,-0.2390347471113926,-0.07613778541553048,-0.4403355260096605,0.5885579388164646,-1.670700589536821,0.5563146543493667,0.0774044212440604,0.032471909330064844,-0.18000134038359056,-1.6287512547162275,0.1916323484868018,0.04701499207491597,0.13463819765871934,-0.29076894223096444,1.0574819080901297,-0.3682228892344776,0.3257487401995695,0.43291507533526064,0.04589066121132731,-0.005123444082831048,-0.1476128032212156,0.8351524846469105,-0.585097001687615
2026-05-01,158861,162771,7537,4.3,132624000,1.2,19.6,20.4,-0.4,-10.4,102.6396,253725.60345351734,716781.9359153645,2082117.8181019793,249465.70803185992,1201580.0753936889,37.49,16234,176.754,229413,16824.344865324983,630,1182,1648017.8756004134,1410,243189.48744451877,300762.2970754545,150.7,168.8,333.979,336.121,131.576,130.147,18000.1,77.62053870006687,44.66727538292947,16.744,1777800,211600,101.94129032258064,3.63,4.468,0.16129120478791786,-1.9243799615591748,-1.8660632878100618,-2.196444472298034,0.3892335794357966,-0.531294848973273,-0.25492655411330944,3.5147672791320503,0.37736195305609066,-1.674901174527175,0.1951171691608924,-0.6612042161914574,-0.5465571040570923,0.714132187766918,-0.6634662363766511,-2.2649110661708707,-1.4156194650401468,-0.3243890256374412,-0.6059352797233675,-0.22632823220470363,-0.931508635369183,-1.0005589086663391,-0.36074048082457144,-0.4748082948274485,-0.3579838893007932,-0.27281692421740933,-0.676592789255557,-0.045302746295375056,0.07964368243001724,-0.40982715045603335,-0.23986751334176998,-0.6451622773733219,0.007767109065486112,0.321909298740742,-0.12163078624543099,2.2552720960394264,-0.2833115356942213,0.030604510749091995,-1.0689391596363917,-1.4300237713380166,0.24641428270851118,0.08664964605102535,-1.0875939017210878,-0.1287187584524588,-0.12261092147401936,-0.015236692064653808,-0.12389439864142394,-1.0608988002090782,-0.2536733295944414,0.09096239145662978,0.15044351312431797,-2.2226281410417057,-0.21223729347642833,-1.161528648914734,1.1602395333855027,-0.04187233157700762,-1.499886877730034,-0.36086200826190123,-1.309334296557162,-0.675768049769765,-0.49604518577015344,-0.5805123663870374,-0.1909673952443047,0.5001338949265819,0.09790360536766278,-0.6029127388745341,0.8895328339345405,-0.822914917187729,-1.4575176502730185,-1.5007020436772547,-0.2612750385806087,3.1771199854867214,-0.8724954093234357,-0.5585374053032127,0.10339184521239544,-0.19889677363597819,-0.7084880064625476,-0.02800714261339099,0.13267333200966233,2.21622928503388,-0.47158916312580706,0.14348365322613407,0.0995379638135859,1.0184193924332265,-1.4926701349988531,0.03048331430233684,-0.8846696905122527,-0.9401366729807349,-0.7242668126463633,-0.25640078544549916,-1.6520943861259059,-0.7245428622420353,0.7719955211510813,-0.283864523884378,-0.40368318272195075,-0.47231654151954616,0.7953962118201342,-1.1829775385438637,-1.1352121819359249,0.45617079984263365,-0.6128135514141806,0.39798547791097943,-0.8853086721631629,0.2783609735556817,0.30278141777416057,0.49970918535773956,0.07003697162443787,-1.5014747476829409,-0.01324808260125481,-0.9090550133063036,-0.3365090296050109,0.04104104998576462,0.07799554873597066,-0.9837417385575269,-0.6964787115060513,-0.41133555736032634,-1.830082362585922,-0.25751709450324933,-1.3522763643274405,-0.7061762279620685,-0.13930627986164396,-2.1573909758343595,-0.713576179501116,-2.468172656163895,-0.718119663201469,-3.298649899792601,0.11018662628925235,-0.23936808503624607,-1.5805551531405135,-1.3376169123675499,-0.4292629206253521,-0.12964025426750475,-1.6327417989043065,-0.038152451318389353,-0.28482958245709694,-0.3700489154553228,-0.12967120590149522,-0.43070070096548213,-0.5037521306997744,-1.3873669541468148,0.1420167032529825,-0.14200083730154756,-0.9469841904297742,-0.23066405572320592,-1.3676630320331677,-0.11902549444477264,-0.11184969382935658,-0.1846729253046952,-0.09685872715978423,0.454957472456601,-0.8153921688601822,-0.4185396847987584,0.3167667656005814,0.10473864991945449,-0.005939107360179825,-0.6937914367996861,-0.5357743631385002,-0.8101954648128494
2026-06-01,158892,162264,7182,4.2,132719000,1.2,5.7,11.9,10.3,-2.6,102.842,255434.6006968217,720165.9896237466,2084010.592899649,252174.9052900634,1209867.3300165837,37.59,16260.4,176.754,231107,16898.839137645107,678,1439,1649016.385960108,1374,241403.83708369467,295553.5776773624,150.3,167.6,332.568,336.065,131.454,130.338,18054.9,64.51686521520837,48.7619562339933,17.221,1809750,222500,100.76833333333333,3.625,4.475,-0.4454555659597767,-2.5201374031125203,-2.055444220618405,-0.979545031946226,0.7508296111423948,-0.6254232285501677,-0.5732867014762651,-2.012071714272798,0.4546732429275558,-2.275792663984644,0.17143938427879335,-0.017032831141512703,-0.44085649858798986,-0.24740333700565448,-0.7950945903845499,-2.3913437355041935,-2.689191594153267,-1.5015875078068741,-0.7199299766951506,-0.37052741420535157,-1.2477030756464909,-0.1438134322356449,-0.5062550789733911,-0.23798319192887535,0.025191469201810618,0.09056546603303614,-0.9804022538545046,-0.3860170120828846,-0.586032214866806,-0.18352407841149335,-0.4191263671111011,-0.9765504993797329,-0.13667928109601443,-0.17451328610920486,-1.3520394732396845,0.716182238656466,-0.051718729986534054,0.018446818658895418,-0.9606155486666086,-0.6385242703217672,0.3923071537869612,0.03275666471598211,-1.1547182448921207,-0.23205889411097666,-0.35682213745698144,-0.25027520438244205,-0.8306244571628492,-1.6511664402729669,-0.7492696085658834,-0.11369091394385361,-0.3289172761386638,-2.752761464548115,-1.2952762441437886,-1.8149995945641402,-0.2611199888620395,-1.2559466641639252,-1.7509121592143986,-0.45971829997695385,-1.5771537910830806,-0.8612458781595411,-0.943806634756901,-1.5090930682537065,0.2503627014670835,0.1558930223002005,-0.1437635425571217,-0.8053737863764259,0.8924507097362722,-0.6400315000057191,-2.1890972183139126,-1.458798825962725,-0.2808778967978112,3.256210479929861,-0.9446842061550095,-0.7387675800856607,0.5142275954294099,-0.23172264371741477,-0.34343730452520044,-0.14729550539703795,-0.6713153415562833,-0.0359375946231973,-0.07064253959971782,-0.07353546178559016,0.166936721704147,0.08091576212365444,-1.1505747924700553,-0.03943039316723352,-1.0609532907136618,-1.2087648409849405,-1.2860369078982572,-0.10650737421982127,-1.883499782715896,-0.6205118465384024,0.5122270285718897,-0.9702478869479576,-1.203328252843012,-0.04757556756999988,0.46511269374076686,-1.0953009490885492,-0.09756594081686196,0.5825007033812603,-0.8996099923431816,-1.3712411027510554,-0.6559472159837519,-0.9840239491394086,1.0916199282397776,0.4890327354395918,-0.8964661805442834,-1.4544508699356793,-0.0033387918293096086,-1.0853470669208254,-0.7201417127828903,-0.6080392737887252,-0.04850698052702991,-0.6060905277973467,-1.2057604730293687,0.34748703810739967,-1.5571767606230782,0.6060308710665544,-1.1665721491146366,-1.3306219049571393,-0.13748947873028283,-1.7518989989457605,-0.6821063020796204,-1.946047748094226,-1.2899788386595126,-3.040930269160365,-0.2700741316928974,-1.1108394972178122,-0.9797193494629531,-2.009750338073455,-0.9847549942968633,-0.71970752121997,-1.7398750168287573,-0.16997432395253578,-0.9593343205180169,-0.33413923694186215,-0.25376058978770655,-1.884080345083435,-0.6564947197750844,-1.2314833446858313,0.4720143070162242,-0.4256975906523466,-1.3308141646064298,-0.4131965787277686,-1.1327837412592379,0.6524133516767351,-0.24239296691109802,-0.17340562658634426,-0.2842467436360304,-0.23691499828021756,-1.0438593619872056,-0.3593046373443144,-0.3945575164890362,-0.0741159222459441,-0.006378562833370467,-1.0881648536184856,-0.8465677472038619,-1.798683635258764
2026-07-01,158913,162177,7271,4.1,132765000,NA,15.6,13,41.4,9.6,103.0454,257781.08598728536,728285.9508275166,2099465.1424792605,254148.21622524856,1215476.3441921936,37.65,16307.2,NA,229697,16900.022026599017,607,1309,1638764.5356565067,1433,236005.89401408183,303282.7227914537,149.8,165.2,332.813,336.789,131.659,130.658,18122.5,61.11241920415619,54.95701570503349,16.757,1790750,203250,101.59193548387097,3.63,4.578,-0.46633748116824847,-2.6715473324951793,-2.8864089212962925,-1.2460222757417814,0.020578282227498714,-0.6942183637336755,-1.0834870454172025,-3.528165706384168,0.17387583453241043,-2.4944935127602683,-0.28724539189748527,-0.1821407834076392,-0.22892615061876756,-1.1764433032969184,-1.2433976038748775,-2.3657127306290904,-2.4681571719629503,-1.4898272439909905,-0.6190601993191523,-0.4829362423021929,-1.8134409544904886,-0.13850213453973334,-0.8773145305254657,0.48610533509718346,-0.5325351655997506,-1.3934916680576839,-1.3323041013201622,-0.8285929761463542,-0.5483128533352108,-0.9898360948132058,-0.33433409110234513,-1.4327297580356275,-0.4345509355427883,-0.34935540246074354,-1.8695574269306958,0.05916135360725502,-0.3678466097307293,-0.010361550768569192,-1.3652566250057732,-1.3088078980607463,0.042589046139541197,-0.13794689084219047,-1.3279407379425963,-0.18184019087440834,-0.4040771419434558,-0.7212575142835191,-1.889676086088507,-1.6057007799441645,-0.7357670459468042,-1.1472464264236713,-0.38268414452520644,-3.8895166575150424,-1.4969331198416738,-1.300261936222035,-2.009435389942343,-0.796123630215126,-2.3120103417637154,-0.197286827033397,-0.8130537791004283,-1.2039666592274545,-0.9762760180935595,-0.3303046514653664,-0.38751551761404013,-1.1121964426554214,-0.548161667882385,-1.783827928961506,1.59823883476333,-0.6255381463808455,-2.5091567381409647,-1.6911663227263143,-0.18489939900879257,0.9167415792105075,-0.7429465637004151,-0.8703882821484937,0.22352350900200071,-0.40195297797455326,-0.9676356934911524,-0.4211934466571401,-2.167243478280752,-1.367180032653024,-1.2396122533653957,-0.19959433999342627,0.1428427176608614,-0.7394031075108424,-0.985171806194478,-0.22328697947094686,-1.4039630302922423,-1.029320364550842,-1.4388333423694184,-0.7468221218230248,-2.1027924363588446,-0.09748564559862255,0.6953145584739774,-1.0276071268324591,-1.4958280101391481,1.3011552676726614,0.11065103265401333,-1.8395565829700635,0.15184885009491508,-0.24805893323623532,-1.1528490456270402,-0.5930398570981535,-0.5000751334598418,-1.9071919541698896,0.7490654678103144,-0.3576191262691787,-1.0407573787985718,-1.892578310575313,-0.0031575843179777164,-1.4724538067097765,-1.5869839751010217,-0.8690506866676228,-0.28687372280472995,-0.9053812294713962,-1.33963301390569,-1.0597969261888125,-1.6963750289109167,0.12057112572821685,-1.3373040346930491,-1.3255281159413606,-0.5796827300603845,-1.8085176165463581,-0.7536276518500781,-1.6073497162536796,-2.2669827741088606,-2.134347112170731,-0.8847011494335021,-2.208877217447133,-0.6414863551868352,-2.5622101203150667,-1.0694167953723819,-0.3026882541862702,-1.6948451677730783,-0.1160885323491606,-1.0521374527124783,-0.4925081993615489,-0.20449238399422334,-2.312542321213228,-0.5313201641342683,-2.515515947061863,-0.7522965679285389,-0.5238710834061989,-0.9244200819070416,-0.29597840595597313,-1.1683907409387813,0.23236229048730764,-0.45712660062995186,-0.18884634357483,-0.5665002764542443,-0.026964690522442235,-0.6183539655934853,-0.6346765444707657,-0.6554397018590343,-0.1053462223241408,-0.006295887262562306,-1.6417067602756348,-1.3062172066823752,-2.5685177823029592
2026-08-01,159075,162746,NA,4.1,132803000,NA,20.6,20.6,47.4,3.7,103.0682,NA,NA,NA,NA,NA,37.75,NA,NA,231630,NA,NA,1275,NA,1394,NA,NA,150.8,166.2,334.131,337.765,NA,NA,NA,NA,NA,17.19,1778400,206000,101.88193548387096,3.63,4.68,-0.6105888318383895,-2.232690435162088,-2.0731817674153064,-1.230100178037258,-0.2996443572883774,-0.8641314506794245,-0.46115966636381567,-2.6779686937581935,0.9690162669220087,-1.3075041456362206,-0.2484584053198736,-0.06462956750352103,-0.049148024856885755,-1.3918747100234523,-1.143665148275646,-2.6708469151581906,-1.3673419366472526,-0.9759564539976955,-0.32126764820653264,-0.273886673365146,-1.5526689931901754,-1.4042072322460446,-0.6357394531915527,0.4728565081302549,-0.21087860703643924,-1.0041436853756232,-0.6915624411580773,-0.3190276528969155,-0.451696564230983,-0.6354543104314107,-0.0966051657727616,-1.1643988827038396,-0.5163187758040524,-0.126283985189998,-2.3251282591539506,0.11881078038869486,-0.5637032384458135,-0.06881389157884431,-0.27031136520446397,-0.8909237886285235,0.00715335443087701,0.030780074205209063,-0.5982042046938755,0.037624683376050704,-0.019173004250249485,-0.32038343336431807,-1.1022588940148719,-1.3064794931429835,-1.0321410064655705,-0.22212526444444677,-0.02855709759299103,-2.1415773394014987,-0.8457224287763544,-0.7047724204039834,-1.2902005695858063,-0.7987838991053073,-2.0337484784342212,-0.5978437608771486,-1.1335357243859068,-0.6988311455104363,-0.9456797349201829,-0.2744945458807857,-0.7897545548878866,-1.0942181992998217,-0.11807671201362595,-1.673675638815537,1.4272412134586434,-0.7531990373091221,-2.8112109292163003,-0.7566960605426656,-0.3789416529247459,1.6976391021677335,0.80645425861383,-0.04399716096108453,-0.09308597885796416,-0.25801809840740236,-0.09589186041049967,-0.329258038937848,-0.8329544972759853,-1.075903533358912,-1.3630334995789182,0.3430481111426113,-0.10669290781430216,-0.9340330345171063,-0.7236152413212104,-0.13614437149853123,1.2424192750983891,-1.192430064254471,-0.6628545256614017,0.03894466177011898,-1.1848605610738758,0.04142651019987611,0.9543706827176571,-0.9557873059940801,-0.27945385390434396,-0.36477393787716916,0.015223902481649891,-0.8545755967613585,-0.03876903697273638,0.2679070137290859,-0.7448522659415556,0.06304061676652206,-1.4362244432866722,-2.1158788082972353,-0.36012195819207976,0.25953778448571735,-0.809555560751591,-1.5786476482760656,-8.328114360846708e-4,-1.573577874700002,-1.1909184838018148,-0.6940580859775992,-0.1741510770561615,-0.8216569858274143,-1.3699696221810085,-1.0322347431196108,-2.184733111296466,-0.7202433207098246,-1.7348653453143255,-0.5275155474496914,-0.8185915854994106,-1.577552904405644,-1.4524407007907252,-1.5217868517271664,-1.3877572764219428,-1.5974885730341635,-0.9832302729734574,-2.2434681450256453,-0.7046839990125158,-2.3897308621512128,-0.5756512274248252,-0.07185663044242657,-0.7852120464093983,0.20534046464870825,-1.4216909170483643,-0.23538324425262855,-0.11884166603884212,-1.9941062665944014,-0.7090711073606524,-2.2888696539896385,-0.12005006742710725,-0.21838383297919234,-0.9647170898173011,-0.13842410565441918,-1.0762434929816433,-0.5004462619781425,-0.36678345354083225,-0.3453476089009412,-0.0517059132977319,-0.47573822699520923,-0.5400588951402073,-0.6502260616053428,-0.49867882248525797,-0.09097678446054935,-0.0033080208184542007,-0.900743682105179,-1.0826796478098781,-1.1914076173671138
2026-09-01,NA,NA,NA,NA,NA,NA,7.6,18.8,37.8,26.5,NA,NA,NA,NA,NA,NA,NA,NA,NA,NA,NA,NA,NA,NA,NA,NA,NA,NA,NA,NA,NA,NA,NA,NA,NA,NA,NA,1730000,201000,102.70909090909092,3.643333333333333,4.883333333333334,-0.7060033623434144,-1.3628885321994206,-1.6321851155422733,-1.9463469611330946,-0.9110053281111729,1.3041985254390078,-0.29103185329482345,-2.192704459004941,-0.7036946045146254,-1.62260809191844,-0.49638155874857354,-0.47657137520540754,0.07867569350395631,-2.252967470528513,-0.34951580296049833,-3.4950252388400473,-1.4636775254786534,-0.062105329340768733,-0.5476359973473927,-0.8346929040656116,-2.1893840636600435,-1.6763977622351132,0.06602050423369157,-0.6710183161101552,-0.975093423161695,-0.256300954885393,-0.9760302652353361,-0.894944332947284,-0.35635114222200964,-0.7490474478770306,-0.18734935215971613,-1.0289843527156906,-0.46353385492754945,-0.1880355481716852,-2.471172733158043,0.8546069588881023,-0.4105823006924517,-0.10907865218257096,-0.9163708432890182,-1.3309278340400499,0.6184557504709516,0.16917990275564618,-0.6765630628067373,-0.1347492521569074,0.24490871395903055,-0.4160776239953391,0.2947495808296102,-0.9641273795757623,-0.6037873564719425,0.7809603916445131,-0.1727409227154946,-0.6938848559932915,-1.1418029005658556,-0.9256486243827179,-0.41913957609346053,-0.7805510382056794,-0.8604383608004225,-0.5284812064389222,-1.1376316749106758,-0.7757690238724317,-1.4114732610843235,-2.1425837604993134,-0.36608176335247394,-1.4700779558455777,-0.0648653094648518,-1.9535595853964811,1.613542436828123,-1.3705848602518838,-2.1166814512007117,-1.2459523190777744,0.0803780818511592,0.7980014783093842,0.3705144166243663,0.03613504358474249,-0.03163402234036454,-0.20077660918702867,-1.6977332597162336,-0.15667608636970026,-0.9057949930026198,-1.7049783128544862,-1.485747244475125,-0.30683914779818605,-0.4389527072655985,-1.6750066946785052,-1.0206009751522307,-0.14978509825175698,1.2900506191740162,-1.1684517064219888,-0.7710420683259257,-0.4321025929499465,-2.213604786411202,-0.5291102595481311,2.2731143410587973,-0.9352484472109105,-0.8106804148591049,-0.5099723603294498,-0.267376846015201,-1.0867666864440646,0.04238770081762999,-0.18093821177737004,-1.4623834912138207,-1.4343403568545003,-1.561145608502388,-2.7377080924496564,-0.794973678892746,0.4617639838616986,-0.13895665943429114,-1.9031536223691263,-0.0021931993700331906,-1.3778426008584004,-0.45072960667027445,-0.5414493229571695,-0.26377667508555186,-0.9717439945866816,-0.1076678229227539,-1.254196792409029,-2.6983965824053655,-1.7764880075217773,-1.7005856323887845,-1.1500715293115238,-0.7122529749459798,-1.6239940291406796,-1.8719050108126636,-3.862803948181303,-1.3263438896390154,-3.5673250074396976,-1.171877412682964,-2.298358672630976,-1.2490014969651728,-2.4286486206628286,-0.655789666388196,-0.17467040529884945,-0.6548625774866454,0.6330739449629088,-0.8176589232642003,-0.29094871238136627,0.052024739731696495,-1.942677655736259,-0.16954067543683893,-0.590281304025161,0.8031501678745046,-0.0907470183572474,-1.4193615521943213,-0.16720557860473637,-1.7054371484590547,-0.565221850879385,-0.4181162555280316,-0.313737979918229,-0.06663529259231683,-0.5339496420175982,-0.6803944328268823,-0.6188925589482626,-0.39399312343481374,-0.26481371355955746,-0.003001907600792544,-0.05928436861247413,-1.1574748761277975,-0.5286058928685798
